'대여일자','대여소번호','대여소','대여구분코드','성별','연령대코드','이용건수','운동량','탄소량','이동거리(M)','이동시간(분)'
'2017-02','503',' 더샵스타시티 C동 앞','정기','F','~10대',2,381.98,3.45,14840,109
'2017-02','505',' 자양사거리 광진아크로텔 앞','정기','F','~10대',1,29.17,0.29,1270,11
'2017-02','511',' 서울숲역 4번 출구 옆','정기','F','~10대',1,111.95,1.19,5140,51
'2017-02','304',' 광화문역 2번출구 앞','정기','F','~10대',1,64.75,0.76,3270,44
'2017-02','309',' 광화문역 6번출구 옆','정기','F','~10대',2,62.72,0.67,2880,15
'2017-02','313',' 서울역 광장 파출소 옆','정기','F','~10대',1,213.11,2.23,9610,42
'2017-02','110',' 사천교','정기','F','~10대',5,417.26,3.25,13990,126
'2017-02','316',' 종각역 1번출구 앞','정기','F','~10대',2,35.78,0.32,1390,16
'2017-02','318',' 광교사거리 남측','정기','F','~10대',1,20.39,0.24,1030,16
'2017-02','111',' 상수역 2번출구 앞','정기','F','~10대',1,17.46,0.21,900,7
'2017-02','335',' 종로3가역 15번출구 앞','정기','F','~10대',2,108.96,1.09,4670,41
'2017-02','339',' 종로4가 사거리','정기','F','~10대',1,11.4,0.14,600,5
'2017-02','340',' 혜화동 로터리','정기','F','~10대',1,53.66,0.63,2710,19
'2017-02','341',' 혜화역 3번출구 뒤','정기','F','~10대',1,28.57,0.26,1110,10
'2017-02','347',' 동대문역사문화공원역 9번출구 앞','정기','F','~10대',1,30.65,0.5,2150,25
'2017-02','349',' 사직동주민센터','정기','F','~10대',2,134.48,1.32,5660,83
'2017-02','353',' 재동초교 앞 삼거리','정기','F','~10대',2,108.51,1.27,5480,37
'2017-02','117',' 홍은사거리','정기','F','~10대',1,291.34,2.44,10510,56
'2017-02','356',' KT혜화지사 앞','정기','F','~10대',1,9.31,0.11,490,1
'2017-02','358',' 성대입구 사거리','정기','F','~10대',1,23.68,0.21,920,7
'2017-02','359',' 원남동사거리','정기','F','~10대',12,399.9,4.22,18180,132
'2017-02','361',' 동묘앞역 1번출구 뒤','정기','F','~10대',2,126.41,1.06,4560,38
'2017-02','113',' 홍대입구역 2번출구 앞','정기','F','~10대',8,674.34,6.59,28370,185
'2017-02','348',' 독립문역 사거리','정기','F','~10대',1,90.92,0.95,4100,20
'2017-02','381',' 장충체육관','정기','F','~10대',1,48.15,0.35,1520,11
'2017-02','114',' 홍대입구역 8번출구 앞','정기','F','~10대',1,27.17,0.32,1400,36
'2017-02','144',' 공덕역 8번출구','정기','F','~10대',1,26.2,0.31,1350,7
'2017-02','158',' 독립문 어린이 공원','정기','F','~10대',14,1760.11,18.42,79370,378
'2017-02','159',' 이대역 4번 출구','정기','F','~10대',1,27.05,0.28,1220,10
'2017-02','161',' 무악재역1번 출구','정기','F','~10대',1,226.2,2.37,10200,46
'2017-02','162',' 봉원고가차도 밑','정기','F','~10대',1,43.02,0.45,1940,10
'2017-02','169',' 북가좌 삼거리','정기','F','~10대',4,493.64,4.2,18110,132
'2017-02','170',' 가재울 뉴타운 주유소 옆','정기','F','~10대',6,361.39,3.26,14040,107
'2017-02','173',' 서대문역 8번출구 앞','정기','F','~10대',1,71.63,0.75,3230,13
'2017-02','518',' 청계천 박물관 앞','정기','F','~10대',1,154.4,1.29,5570,28
'2017-02','523',' 옥수동성당 옆','정기','F','~10대',2,418.24,4.37,18860,81
'2017-02','122',' 신성기사식당 앞','정기','F','~10대',8,350.04,4.17,18040,203
'2017-02','525',' 한양대병원사거리','정기','F','~10대',2,78.84,0.84,3620,28
'2017-02','529',' 장한평역 8번 출구 앞','정기','F','~10대',1,88.43,0.94,4060,34
'2017-02','534',' 금호사거리','정기','F','~10대',1,65.26,0.48,2060,58
'2017-02','535',' 응봉삼거리','정기','F','~10대',2,74.45,0.54,2350,18
'2017-02','123',' 문화촌 공원','정기','F','~10대',1,22.73,0.19,820,21
'2017-02','540',' 군자역 7번출구 베스트샵 앞','정기','F','~10대',1,44.35,0.52,2240,20
'2017-02','542',' 강변역 4번출구 뒤','정기','F','~10대',1,49.42,0.48,2080,15
'2017-02','544',' 광남중학교','정기','F','~10대',2,153.19,1.54,6670,60
'2017-02','548',' 자양나들목','정기','F','~10대',1,287.26,2.59,11160,54
'2017-02','549',' 아차산역 3번출구','정기','F','~10대',1,27.8,0.27,1170,9
'2017-02','602',' 장안동 사거리','정기','F','~10대',2,123.7,1.28,5480,41
'2017-02','125',' 서강대 남문 옆','정기','F','~10대',2,64.81,0.77,3340,30
'2017-02','227',' 양평2나들목 보행통로 입구','정기','F','~10대',19,2836.02,25.55,110180,606
'2017-02','228',' 선유도역 3번출구 앞','정기','F','~10대',6,418.97,3.73,16090,121
'2017-02','126',' 서강대 후문 옆','정기','F','~10대',4,84.99,1.02,4380,31
'2017-02','237',' 보라매 두산위브 건너편','정기','F','~10대',2,334.33,3.56,15350,90
'2017-02','239',' 유스호스텔 앞','정기','F','~10대',1,277.75,2.32,10020,61
'2017-02','240',' 문래역 4번출구 앞','정기','F','~10대',2,44.27,0.49,2150,17
'2017-02','242',' 신길선원가와인아파트 앞','정기','F','~10대',9,1424.97,12.85,55360,254
'2017-02','250',' 대림아파트 사거리','정기','F','~10대',1,39.64,0.42,1820,12
'2017-02','128',' 신촌역(2호선) 1번출구 옆','정기','F','~10대',1,94.69,0.99,4270,21
'2017-02','256',' 동아에코빌입구','정기','F','~10대',6,191.52,2.39,10290,86
'2017-02','257',' 신길삼거리(우리은행)','정기','F','~10대',2,129.91,1.62,6980,47
'2017-02','259',' 대방역6번출구','정기','F','~10대',2,720.7,7.68,33090,137
'2017-02','129',' 신촌역(2호선) 6번출구 옆','정기','F','~10대',1,4.46,0.05,230,3
'2017-02','707',' 신정3동주민센터','정기','F','~10대',1,201.25,2.14,9240,58
'2017-02','710',' 서부화물트럭터미널 사거리','정기','F','~10대',9,164.44,2,8650,40
'2017-02','712',' 강월초교입구 사거리','정기','F','~10대',2,35.55,0.44,1870,8
'2017-02','130',' 신촌역(2호선) 7번출구 앞','정기','F','~10대',4,62.25,0.61,2630,33
'2017-02','805',' 문배어린이공원 앞','정기','F','~10대',5,103.13,1.03,4490,51
'2017-02','807',' 서울역 12번 출구 앞','정기','F','~10대',1,46.63,0.47,2030,30
'2017-02','131',' 증산2교','정기','F','~10대',1,42.73,0.39,1660,9
'2017-02','813',' 삼각지역 3번출구','정기','F','~10대',1,110.21,1.15,4970,36
'2017-02','132',' 창천문화공원','정기','F','~10대',6,403.68,3.96,17110,128
'2017-02','185',' 마포 신수공원 앞','정기','F','~10대',3,159.58,1.64,7070,33
'2017-02','186',' 월드컵공원','정기','F','~10대',1,87.52,0.79,3400,29
'2017-02','177',' 북가좌 초등학교','정기','F','~10대',1,76.96,0.69,2990,15
'2017-02','191',' 정명학원','정기','F','~10대',1,73.36,0.66,2850,25
'2017-02','178',' 증산3교 앞','정기','F','~10대',7,557.53,5.74,24700,162
'2017-02','194',' 증산교 앞','정기','F','~10대',2,211.96,1.94,8380,53
'2017-02','564',' 금호역 3번출구','정기','F','~10대',1,52.59,0.39,1660,22
'2017-02','565',' 옥수역 3번출구','정기','F','~10대',1,528.9,3.44,14840,142
'2017-02','551',' 구의삼성쉐르빌 앞','정기','F','~10대',11,256.19,3.02,13020,141
'2017-02','554',' 아차산역 사거리','정기','F','~10대',7,157.81,1.84,7970,66
'2017-02','573',' 구의문주차장 앞','정기','F','~10대',17,477.03,5.58,24000,293
'2017-02','621',' 동대문중학교 옆','정기','F','~10대',5,156.87,1.61,6950,74
'2017-02','622',' 전농사거리 교통섬','정기','F','~10대',1,222.11,2.28,9840,60
'2017-02','138',' 신촌동 제1공영주차장 앞','정기','F','~10대',2,137.28,1,4280,36
'2017-02','633',' 청량리 기업은행 앞','정기','F','~10대',2,164.1,1.37,5920,48
'2017-02','262',' 영문초등학교 사거리','정기','F','~10대',2,31.74,0.39,1670,12
'2017-02','263',' 근로자회관 사거리','정기','F','~10대',5,77.64,0.88,3770,46
'2017-02','266',' 영등포청과시장 사거리','정기','F','~10대',1,17.31,0.22,930,6
'2017-02','267',' 삼성화재 사옥 옆','정기','F','~10대',1,132.56,1.19,5150,51
'2017-02','271',' 샛강생태공원방문자센터 앞','정기','F','~10대',5,621.08,6.06,26140,150
'2017-02','272',' 당산육갑문','정기','F','~10대',2,93.18,0.84,3620,18
'2017-02','720',' 서울강월초등학교 앞','정기','F','~10대',23,576.52,7.05,30330,141
'2017-02','817',' 삼각지역 4번출구 앞','정기','F','~10대',1,15.39,0.16,670,6
'2017-02','818',' 숙명여대 입구 교차로','정기','F','~10대',3,134.39,1.39,5980,33
'2017-02','819',' 선린인터넷 고등학교','정기','F','~10대',10,702.78,7.32,31600,187
'2017-02','825',' 서빙고동 주민센터 앞','정기','F','~10대',1,239.94,2.51,10820,55
'2017-02','901',' 응암1동사무소','정기','F','~10대',21,1056.78,10.66,45950,322
'2017-02','906',' 연신내역 5번출구150M 아래','정기','F','~10대',2,68,0.5,2120,42
'2017-02','914',' 새절역 2번출구','정기','F','~10대',2,382.88,2.78,11990,69
'2017-02','915',' 증산역 4번출구','정기','F','~10대',2,84.17,0.76,3270,22
'2017-02','916',' 평생학습관 앞','정기','F','~10대',6,148.5,1.45,6250,68
'2017-02','917',' 녹번역 4번출구','정기','F','~10대',1,42.06,0.41,1770,20
'2017-02','930',' 구 서부경찰서 건너편','정기','F','~10대',1,11.33,0.1,440,5
'2017-02','932',' 예일여중','정기','F','~10대',2,102.48,0.75,3200,25
'2017-02','933',' LG서비스 역촌점','정기','F','~10대',5,125.16,0.86,3730,118
'2017-02','205',' 산업은행 앞','정기','F','~10대',1,11.4,0.19,800,9
'2017-02','211',' 여의도역 4번출구 옆','정기','F','~10대',1,38.06,0.62,2670,26
'2017-02','402',' 상암월드컵파크 9단지 앞','정기','F','~10대',1,76.67,0.82,3520,24
'2017-02','421',' 마포구청 앞','정기','F','~10대',5,330.29,3.51,15100,123
'2017-02','420',' 서울시 공공자전거 상암센터','정기','F','~10대',2,139.61,1.48,6410,64
'2017-02','418',' 월드컵경기장역 3번출구 옆','정기','F','~10대',1,33.98,0.31,1320,12
'2017-02','415',' DMC역 9번출구 앞','정기','F','~10대',1,22.12,0.23,980,12
'2017-02','416',' 상암월드컵파크 1단지 교차로','정기','F','~10대',1,38.73,0.38,1630,10
'2017-02','500',' 어린이대공원역 3번출구 앞','정기','F','~10대',2,49.9,0.48,2100,13
'2017-02','501',' 광진구의회 앞','정기','F','~10대',11,2638.1,23.78,102490,497
'2017-02','502',' 뚝섬유원지역 1번출구 앞','정기','F','~10대',2,438.87,3.96,17050,100
'2017-02','108',' 서교동 사거리','정기','F','20대',31,1246.14,12.69,54580,389
'2017-02','503',' 더샵스타시티 C동 앞','정기','F','20대',31,907.37,9.62,41480,542
'2017-02','504',' 신자초교입구교차로','정기','F','20대',49,1916.77,18.57,80100,565
'2017-02','505',' 자양사거리 광진아크로텔 앞','정기','F','20대',32,1609.77,16.11,69390,601
'2017-02','506',' 금호 어울림 아파트 앞','정기','F','20대',6,371.72,3.67,15810,121
'2017-02','507',' 성수아이에스비즈타워 앞','정기','F','20대',14,984.27,8.71,37520,270
'2017-02','508',' 성수아카데미타워 앞','정기','F','20대',14,343.59,3.32,14390,344
'2017-02','509',' 이마트 버스정류소 옆','정기','F','20대',45,1953.74,21.24,91640,729
'2017-02','510',' 서울숲 남문 버스정류소 옆','정기','F','20대',21,1154.5,11.78,50670,366
'2017-02','511',' 서울숲역 4번 출구 옆','정기','F','20대',19,707.76,7.29,31260,240
'2017-02','512',' 뚝섬역 1번 출구 옆','정기','F','20대',19,1149.46,10.72,46190,328
'2017-02','109',' 제일빌딩 앞','정기','F','20대',28,1118.18,12.32,53060,350
'2017-02','400',' 상암한화오벨리스크 1차 앞','정기','F','20대',5,98.42,1.11,4700,100
'2017-02','513',' 뚝섬역 5번 출구 정류소 옆','정기','F','20대',13,798.38,7.27,31380,158
'2017-02','514',' 성수사거리 버스정류장 앞','정기','F','20대',52,3896.15,37.17,160190,1033
'2017-02','515',' 광양중학교 앞','정기','F','20대',8,894.95,8.77,37780,181
'2017-02','516',' 광진메디칼 앞','정기','F','20대',13,601.06,6.11,26220,260
'2017-02','300',' 정동사거리','정기','F','20대',12,544.02,5.95,25740,186
'2017-02','301',' 경복궁역 7번출구 앞','정기','F','20대',10,445.54,3.96,17070,232
'2017-02','302',' 경복궁역 4번출구 뒤','정기','F','20대',33,1641.5,16.47,70960,564
'2017-02','303',' 광화문역 1번출구 앞','정기','F','20대',14,336.64,3.49,15020,98
'2017-02','115',' 사루비아 빌딩 앞','정기','F','20대',28,1809.33,17.51,75530,543
'2017-02','304',' 광화문역 2번출구 앞','정기','F','20대',10,426.16,4.22,18180,234
'2017-02','305',' 종로구청 옆','정기','F','20대',9,534.86,4.95,21370,164
'2017-02','306',' 광화문역 7번출구 앞','정기','F','20대',5,221.58,2.25,9710,83
'2017-02','307',' 서울역사박물관 앞','정기','F','20대',13,661.97,6.82,29410,189
'2017-02','308',' 광화문 S타워 앞','정기','F','20대',11,409.68,4.01,17250,126
'2017-02','309',' 광화문역 6번출구 옆','정기','F','20대',8,532.64,5.68,24540,162
'2017-02','310',' 청계광장 옆','정기','F','20대',4,248.21,2.77,11930,107
'2017-02','311',' 서울광장 옆','정기','F','20대',8,234.75,2.59,11120,129
'2017-02','312',' 시청역 1번출구 뒤','정기','F','20대',16,822.7,8.12,34970,328
'2017-02','313',' 서울역 광장 파출소 옆','정기','F','20대',9,321.82,3.34,14370,889
'2017-02','110',' 사천교','정기','F','20대',6,553.77,4.22,18220,131
'2017-02','314',' 국립현대미술관','정기','F','20대',28,899.96,8.6,36910,314
'2017-02','315',' 신한은행 안국역지점 옆','정기','F','20대',13,458.52,5.15,22180,353
'2017-02','316',' 종각역 1번출구 앞','정기','F','20대',70,4219.3,44.18,190520,1355
'2017-02','318',' 광교사거리 남측','정기','F','20대',7,277.25,3.11,13460,118
'2017-02','320',' 을지로입구역 4번출구 앞','정기','F','20대',13,469.13,4.76,20530,173
'2017-02','321',' KEB 하나은행 본점 앞','정기','F','20대',9,539.3,5.52,23810,273
'2017-02','322',' 명동성당 앞','정기','F','20대',11,326.95,3.57,15400,146
'2017-02','116',' 일진아이윌아파트 옆','정기','F','20대',45,1821.12,19.56,84440,450
'2017-02','324',' 신세계백화점 본점 앞','정기','F','20대',36,2373.48,27.59,118960,950
'2017-02','326',' 안국역 5번출구 앞','정기','F','20대',14,582.37,5.9,25470,216
'2017-02','327',' 낙원상가 옆','정기','F','20대',36,631.64,7.33,31760,255
'2017-02','328',' 탑골공원 앞','정기','F','20대',48,1756.66,17.89,77090,534
'2017-02','329',' 청계2가 사거리 옆','정기','F','20대',22,1223.81,12.17,52490,443
'2017-02','330',' 청계천 한빛광장','정기','F','20대',11,699.31,7.34,31700,206
'2017-02','331',' 을지로2가 사거리 북측','정기','F','20대',11,600.21,6.24,26940,145
'2017-02','332',' 을지로2가 사거리 남측','정기','F','20대',4,51.99,0.46,2020,36
'2017-02','111',' 상수역 2번출구 앞','정기','F','20대',18,906.18,8.92,38470,280
'2017-02','334',' 종로3가역 2번출구 뒤','정기','F','20대',36,1114.68,10.4,44700,318
'2017-02','335',' 종로3가역 15번출구 앞','정기','F','20대',25,589.51,5.69,24670,164
'2017-02','336',' 티마크 호텔 앞','정기','F','20대',20,1095.32,10.27,44360,310
'2017-02','337',' 창경궁 입구','정기','F','20대',13,610.51,6.79,29300,194
'2017-02','338',' 세운스퀘어 앞','정기','F','20대',42,1022.21,10.78,46370,333
'2017-02','339',' 종로4가 사거리','정기','F','20대',29,1103.35,10.65,45880,399
'2017-02','340',' 혜화동 로터리','정기','F','20대',35,1952.52,20.69,89260,588
'2017-02','341',' 혜화역 3번출구 뒤','정기','F','20대',31,1081.29,10.91,47040,466
'2017-02','342',' 대학로 마로니에공원','정기','F','20대',58,1918.88,19.06,82290,589
'2017-02','343',' 예일빌딩(율곡로) 앞','정기','F','20대',34,1603.55,15.09,65070,301
'2017-02','112',' 극동방송국 앞','정기','F','20대',46,1542.52,16.42,70830,497
'2017-02','344',' 성균관대 E하우스 앞','정기','F','20대',39,1634.88,15.73,67830,524
'2017-02','345',' 서울보증보험본사 앞','정기','F','20대',7,213.56,2.52,10850,96
'2017-02','346',' 맥스타일 앞','정기','F','20대',26,1414.93,14.43,62200,666
'2017-02','347',' 동대문역사문화공원역 9번출구 앞','정기','F','20대',12,715.21,7.1,30630,206
'2017-02','349',' 사직동주민센터','정기','F','20대',37,1180.31,11.51,49620,573
'2017-02','350','KEB 하나은행(내자동 지점) 앞','정기','F','20대',12,390.33,4.39,18930,139
'2017-02','351',' 청운초교 앞 삼거리','정기','F','20대',4,171.91,1.77,7590,61
'2017-02','352',' 중앙고입구 삼거리','정기','F','20대',5,85.92,1.04,4490,19
'2017-02','353',' 재동초교 앞 삼거리','정기','F','20대',16,800.32,7.39,31900,173
'2017-02','117',' 홍은사거리','정기','F','20대',29,3400.92,30.76,132580,723
'2017-02','354',' 포르투갈 대사관 앞','정기','F','20대',24,828.76,9.72,41840,305
'2017-02','355',' 서울사대부속초교 앞','정기','F','20대',41,1610.77,15.6,67410,509
'2017-02','356',' KT혜화지사 앞','정기','F','20대',20,918.25,9.49,40820,265
'2017-02','358',' 성대입구 사거리','정기','F','20대',84,2938.32,30.41,131120,872
'2017-02','359',' 원남동사거리','정기','F','20대',39,1350.18,13.51,58150,443
'2017-02','361',' 동묘앞역 1번출구 뒤','정기','F','20대',32,879.16,9.31,40080,269
'2017-02','362',' 청계8가 사거리','정기','F','20대',63,1917.4,21.19,91260,806
'2017-02','363',' 신설동역 11번출구 뒤','정기','F','20대',18,676.91,6.78,29110,212
'2017-02','364',' 창신역 1번출구 앞','정기','F','20대',14,560.05,5.14,22050,134
'2017-02','113',' 홍대입구역 2번출구 앞','정기','F','20대',130,6924.84,67.05,289160,1825
'2017-02','367',' 독립문역 3-1번출구 ','정기','F','20대',9,626.43,5.39,23230,170
'2017-02','368',' SK 서린빌딩 앞','정기','F','20대',5,202.48,1.39,6050,47
'2017-02','369',' 광화문 시민열린마당','정기','F','20대',5,234.35,2.19,9420,64
'2017-02','348',' 독립문역 사거리','정기','F','20대',24,1539.79,15.54,67020,213
'2017-02','370',' 시청역(2호선) 9번출구 뒤','정기','F','20대',19,1105.27,10.09,43460,457
'2017-02','371',' 동대입구역 6번출구 뒤','정기','F','20대',4,123.89,1.15,4930,75
'2017-02','372',' 약수역 3번출구 뒤','정기','F','20대',11,971.09,9.78,42200,286
'2017-02','373',' 청구 어린이공원','정기','F','20대',1,18.78,0.22,930,53
'2017-02','374',' 청구역 2번출구 앞','정기','F','20대',23,846.93,7.99,34390,253
'2017-02','118',' 광흥창역 2번출구 앞','정기','F','20대',39,1872.72,18.76,80870,439
'2017-02','375',' 다산 어린이공원','정기','F','20대',3,109.45,1.08,4670,73
'2017-02','377',' 서울역 4번출구 앞','정기','F','20대',3,207.66,2.07,8940,74
'2017-02','378',' 청계7가 사거리','정기','F','20대',28,646.66,7.48,32260,776
'2017-02','379',' 서울역9번출구','정기','F','20대',2,55.88,0.65,2800,20
'2017-02','380',' CJ제일제당 앞','정기','F','20대',13,1012.51,8.39,36120,249
'2017-02','381',' 장충체육관','정기','F','20대',3,240.93,2.64,11370,68
'2017-02','382',' 약수역 10번출구 앞','정기','F','20대',4,128.96,1.17,5010,35
'2017-02','383',' 신당역 12번 출구 뒤','정기','F','20대',63,2558.44,24.11,104150,801
'2017-02','384',' 종로학원본원 ','정기','F','20대',12,469.88,5.4,23330,147
'2017-02','114',' 홍대입구역 8번출구 앞','정기','F','20대',41,1940.42,19.56,84300,615
'2017-02','142',' 아현역 4번출구 앞','정기','F','20대',25,1537.06,15.64,67460,552
'2017-02','143',' 공덕역 2번출구','정기','F','20대',14,487.09,4.77,20570,138
'2017-02','144',' 공덕역 8번출구','정기','F','20대',28,1283.96,12.82,55320,415
'2017-02','145',' 공덕역 5번출구','정기','F','20대',11,534.38,5.64,24340,199
'2017-02','146',' 마포역 1번출구 뒤','정기','F','20대',32,3088.57,29.49,127110,776
'2017-02','147',' 마포역 4번출구 뒤','정기','F','20대',36,3114.16,29.96,129170,810
'2017-02','148',' 용강동 주민센터 앞','정기','F','20대',21,1005.37,9.3,40050,255
'2017-02','150',' 서강대역 2번출구 앞','정기','F','20대',11,481.86,4.76,20490,136
'2017-02','151',' 망원1동주민센터','정기','F','20대',31,1586.44,16.6,71560,526
'2017-02','152',' 마포구민체육센터 앞','정기','F','20대',41,5173.86,51.41,221640,1245
'2017-02','119',' 서강나루 공원','정기','F','20대',13,1034.69,9.76,41990,244
'2017-02','153',' 성산2교 사거리','정기','F','20대',67,4905.59,42.63,183670,1079
'2017-02','154',' 마포구청역 ','정기','F','20대',26,1275.74,12.2,52590,368
'2017-02','155',' 가좌역1 번출구 뒤','정기','F','20대',8,1454.72,13.14,56660,287
'2017-02','156',' 서울서부지방법원 앞','정기','F','20대',6,450.07,4.7,20230,170
'2017-02','157',' 애오개역 4번출구 앞','정기','F','20대',24,1147.75,11.79,50730,314
'2017-02','158',' 독립문 어린이 공원','정기','F','20대',23,1510.17,14.55,62750,365
'2017-02','159',' 이대역 4번 출구','정기','F','20대',27,1427.2,14.99,64640,457
'2017-02','160',' 북아현동 가구거리','정기','F','20대',6,367.78,3.17,13660,136
'2017-02','161',' 무악재역1번 출구','정기','F','20대',6,356.76,3.2,13860,168
'2017-02','162',' 봉원고가차도 밑','정기','F','20대',59,2110.51,21.21,91730,658
'2017-02','120',' 신수동 사거리','정기','F','20대',31,2877.59,28.61,123320,656
'2017-02','163',' 명지전문대학교 정문 앞','정기','F','20대',1,264.09,2.38,10260,63
'2017-02','164',' 북가좌1동 주민센터 ','정기','F','20대',3,223.41,2.23,9610,68
'2017-02','165',' 중앙근린공원','정기','F','20대',6,504.37,4.57,19730,107
'2017-02','166',' 가재울 초등학교','정기','F','20대',11,1695.62,17.5,75520,464
'2017-02','167',' 연가초등학교 옆','정기','F','20대',2,167.71,1.39,5960,29
'2017-02','168',' 남가좌동 사거리','정기','F','20대',6,644.03,6.56,28270,155
'2017-02','169',' 북가좌 삼거리','정기','F','20대',16,993.16,10.35,44610,253
'2017-02','170',' 가재울 뉴타운 주유소 옆','정기','F','20대',12,1464.27,14.21,61280,298
'2017-02','171',' 임광빌딩 앞','정기','F','20대',13,624.56,6.4,27570,225
'2017-02','172',' 서대문소방서','정기','F','20대',14,1320.48,14.3,61650,333
'2017-02','121',' 마포소방서 앞','정기','F','20대',15,484.25,4.77,20620,333
'2017-02','173',' 서대문역 8번출구 앞','정기','F','20대',11,670.44,6.73,29110,228
'2017-02','175',' 홍연2교옆','정기','F','20대',25,3504.81,32.45,139850,768
'2017-02','179',' 가좌역 4번출구 앞','정기','F','20대',22,3108.62,28.46,122730,592
'2017-02','180',' 충정로역 7번출구 뒤','정기','F','20대',18,730,7.51,32420,240
'2017-02','518',' 청계천 박물관 앞','정기','F','20대',2,57.97,0.7,3050,19
'2017-02','519',' 양지사거리','정기','F','20대',9,307.86,3.6,15450,116
'2017-02','520',' 상왕십리역 4번 출구 앞','정기','F','20대',14,503.58,5.85,25180,192
'2017-02','521',' 왕십리역 11번 출구 앞','정기','F','20대',8,262.12,2.64,11360,88
'2017-02','122',' 신성기사식당 앞','정기','F','20대',35,1114.81,12,51720,422
'2017-02','524',' 래미안금호하이리버 아파트 102동 옆','정기','F','20대',3,29.72,0.3,1290,6
'2017-02','525',' 한양대병원사거리','정기','F','20대',31,3427.36,35.11,151380,823
'2017-02','526',' 용답토속공원 앞','정기','F','20대',2,98.56,1.13,4880,31
'2017-02','529',' 장한평역 8번 출구 앞','정기','F','20대',18,998.34,10.34,44610,254
'2017-02','530',' 청계벽산아파트 앞','정기','F','20대',27,494.36,5.32,22910,334
'2017-02','533',' 우리은행 금호동 지점 앞','정기','F','20대',5,465.8,5.75,24800,160
'2017-02','534',' 금호사거리','정기','F','20대',1,11.07,0.1,430,1
'2017-02','535',' 응봉삼거리','정기','F','20대',4,135.39,1.24,5350,30
'2017-02','536',' 행당역 2번출구 앞','정기','F','20대',26,1212.05,13.15,56620,340
'2017-02','537',' 한양대후문역 부근','정기','F','20대',23,1211.33,11.88,51310,400
'2017-02','123',' 문화촌 공원','정기','F','20대',12,1918.57,17.75,76530,395
'2017-02','538',' 답십리역 8번출구 앞','정기','F','20대',12,492.64,4.86,20920,140
'2017-02','550',' 서울시설공단 앞','정기','F','20대',11,993.84,9.65,41590,242
'2017-02','539',' 군자교교차로','정기','F','20대',4,119.38,1.29,5540,40
'2017-02','540',' 군자역 7번출구 베스트샵 앞','정기','F','20대',63,4224.46,39.97,172330,926
'2017-02','542',' 강변역 4번출구 뒤','정기','F','20대',15,564.68,5.22,22540,161
'2017-02','543',' 구의공원(테크노마트 앞)','정기','F','20대',7,401.96,3.71,15990,148
'2017-02','544',' 광남중학교','정기','F','20대',1,167.05,1.51,6490,44
'2017-02','546',' 잠실대교북단 교차로','정기','F','20대',5,142.55,1.58,6860,56
'2017-02','548',' 자양나들목','정기','F','20대',31,1000.85,11.06,47720,335
'2017-02','549',' 아차산역 3번출구','정기','F','20대',22,957.5,10.41,44850,404
'2017-02','124',' 서강대 정문 건너편','정기','F','20대',34,1914.3,18.78,80860,568
'2017-02','600',' 휘경2동 주민센터','정기','F','20대',12,866.47,7.41,31880,242
'2017-02','601',' 용신동주민센터','정기','F','20대',8,331.31,3.41,14690,109
'2017-02','602',' 장안동 사거리','정기','F','20대',39,2572.85,25.94,111820,749
'2017-02','605',' 신설동역8번출구','정기','F','20대',11,1863.07,16.85,72680,430
'2017-02','606',' 휘경공고앞','정기','F','20대',9,450.89,5.22,22430,120
'2017-02','607',' 신이문역 2번출구','정기','F','20대',6,868.69,7.78,33590,160
'2017-02','608',' 전농삼성아파트','정기','F','20대',1,2.03,0.02,80,9
'2017-02','609',' 제기2교','정기','F','20대',27,4505.47,40.7,175370,1011
'2017-02','125',' 서강대 남문 옆','정기','F','20대',17,641.11,6.96,29930,237
'2017-02','610',' 동대문중 교차로','정기','F','20대',1,14.16,0.15,650,4
'2017-02','612',' 시립동부병원 앞 사거리','정기','F','20대',11,572.54,5.56,23960,165
'2017-02','613',' 신설동역 10번출구 앞','정기','F','20대',7,381.27,3.72,16070,115
'2017-02','614',' 용두동 사거리','정기','F','20대',25,1191.1,13.49,58050,259
'2017-02','615',' 용두동 레미안허브리츠아파트 앞','정기','F','20대',3,339.53,3.09,13320,82
'2017-02','616',' 서울시립대 앞','정기','F','20대',3,57.9,0.78,3400,31
'2017-02','617',' 청솔우성아파트 앞','정기','F','20대',1,64.03,0.68,2940,20
'2017-02','227',' 양평2나들목 보행통로 입구','정기','F','20대',6,423.2,4.59,19790,108
'2017-02','228',' 선유도역 3번출구 앞','정기','F','20대',24,1886.67,21.96,94680,647
'2017-02','229',' 양평1 보행육교 앞','정기','F','20대',3,426.95,3.38,14580,104
'2017-02','126',' 서강대 후문 옆','정기','F','20대',32,1472.6,15.72,67760,546
'2017-02','231',' 남부고용노동지청 남측','정기','F','20대',23,357.49,3.91,16990,141
'2017-02','232',' 양평우림 이비즈센타 앞','정기','F','20대',56,2590.7,22.82,98590,997
'2017-02','234',' 영등포구민체육센터 앞','정기','F','20대',17,428.84,4.16,18070,134
'2017-02','235',' 신길동 우리은행 옆','정기','F','20대',24,1219.51,9.04,39130,269
'2017-02','237',' 보라매 두산위브 건너편','정기','F','20대',11,1092.91,9.85,42460,517
'2017-02','238',' 제2구민체육센타 앞','정기','F','20대',20,831.62,9.13,39370,348
'2017-02','239',' 유스호스텔 앞','정기','F','20대',18,585.96,5.18,22340,188
'2017-02','240',' 문래역 4번출구 앞','정기','F','20대',10,237.96,2.31,9930,109
'2017-02','127',' 현대벤처빌 앞','정기','F','20대',25,1899.61,19.74,85140,557
'2017-02','241',' 신길우성1차아파트 앞 공원','정기','F','20대',4,237.33,1.86,8040,74
'2017-02','242',' 신길선원가와인아파트 앞','정기','F','20대',11,432.77,3.99,17240,115
'2017-02','243',' 이앤씨드림타워 앞','정기','F','20대',8,343.99,3.48,15070,102
'2017-02','244',' 영등포삼환아파트 앞','정기','F','20대',22,1221.44,12.21,52550,282
'2017-02','245',' 삼성생명 당산사옥 앞','정기','F','20대',30,1588.27,16.11,69440,352
'2017-02','247',' 당산역 10번출구 앞','정기','F','20대',42,1569.28,15.93,68600,743
'2017-02','248',' 초원아파트 앞','정기','F','20대',9,901.92,9.09,39190,255
'2017-02','249',' 여의도중학교 옆','정기','F','20대',2,203.86,1.84,7920,66
'2017-02','250',' 대림아파트 사거리','정기','F','20대',2,98.16,1.09,4710,43
'2017-02','251',' 서울지방병무청 버스정류장','정기','F','20대',4,96.11,0.92,3940,34
'2017-02','101',' (구)합정동 주민센터','정기','F','20대',19,1203.75,12.56,54180,345
'2017-02','128',' 신촌역(2호선) 1번출구 옆','정기','F','20대',50,2846.86,28.75,123820,871
'2017-02','252',' 보라매역4번출구','정기','F','20대',10,360.47,3.88,16800,145
'2017-02','253',' 신풍역 5번출구 인근','정기','F','20대',17,255.72,2.46,10460,64
'2017-02','256',' 동아에코빌입구','정기','F','20대',1,177.61,1.6,6900,39
'2017-02','257',' 신길삼거리(우리은행)','정기','F','20대',42,2324.39,22.82,98470,685
'2017-02','258',' 신길역3번출구','정기','F','20대',25,950.72,10.57,45480,441
'2017-02','259',' 대방역6번출구','정기','F','20대',51,2887.19,28.24,121610,760
'2017-02','700',' KB국민은행 염창역 지점 앞','정기','F','20대',8,1220.04,11.73,50620,318
'2017-02','701',' 목동사거리 부근','정기','F','20대',2,681.48,4.48,19300,114
'2017-02','129',' 신촌역(2호선) 6번출구 옆','정기','F','20대',26,693.88,6.59,28480,181
'2017-02','702',' 목4동주민센터 옆','정기','F','20대',5,319.75,3.64,15710,156
'2017-02','703',' 오목교역 7번출구 앞','정기','F','20대',33,3561.22,32.53,140200,1073
'2017-02','704',' 남부법원검찰청 교차로','정기','F','20대',2,97.19,0.94,4060,59
'2017-02','706',' 신정네거리역','정기','F','20대',3,238.1,2.14,9250,73
'2017-02','707',' 신정3동주민센터','정기','F','20대',7,275.03,3.23,13890,67
'2017-02','708',' 서울출입국관리사무소 앞','정기','F','20대',3,57.03,0.57,2400,12
'2017-02','710',' 서부화물트럭터미널 사거리','정기','F','20대',3,232.65,2.53,10880,56
'2017-02','711',' 신일해피트리아파트 앞','정기','F','20대',1,72.07,0.65,2800,26
'2017-02','130',' 신촌역(2호선) 7번출구 앞','정기','F','20대',24,1071.74,11.14,48000,303
'2017-02','713',' 양서중학교 옆','정기','F','20대',1,221.17,2.59,11170,53
'2017-02','800',' 목월공원 앞','정기','F','20대',6,413.49,3.78,16330,116
'2017-02','802',' 한강진역 2번 출구 앞','정기','F','20대',18,770.7,9.67,41780,278
'2017-02','805',' 문배어린이공원 앞','정기','F','20대',8,676.87,7.46,32160,247
'2017-02','806',' 전자랜드 본관 앞','정기','F','20대',1,55.34,0.5,2150,8
'2017-02','807',' 서울역 12번 출구 앞','정기','F','20대',9,666.05,6.07,26170,206
'2017-02','131',' 증산2교','정기','F','20대',3,150.5,1.76,7610,47
'2017-02','809',' 한남 유수지 복개주차장','정기','F','20대',3,421.44,4.49,19350,100
'2017-02','810',' 이태원지하보도','정기','F','20대',8,661.06,6.44,27740,203
'2017-02','811',' 녹사평역1번출구','정기','F','20대',16,826.53,8.7,37530,286
'2017-02','812',' 용산전쟁기념관','정기','F','20대',6,177.14,1.89,8090,90
'2017-02','813',' 삼각지역 3번출구','정기','F','20대',5,306.71,3.15,13620,140
'2017-02','815',' LIG강촌아파트 103동앞','정기','F','20대',4,439.3,4.23,18230,159
'2017-02','385',' 종각역 5번출구','정기','F','20대',59,2747.89,26.94,116130,758
'2017-02','386',' 올림픽기념 국민생활관 앞','정기','F','20대',66,2728.95,28.6,123270,1310
'2017-02','387',' 훈련원공원주차장 앞','정기','F','20대',6,181.62,1.92,8280,95
'2017-02','181',' 망원초록길 입구','정기','F','20대',6,827.8,7.47,32160,180
'2017-02','132',' 창천문화공원','정기','F','20대',19,1151.41,11.7,50420,339
'2017-02','182',' 망원2빗물펌프장 앞','정기','F','20대',7,991.03,9.24,39820,255
'2017-02','183',' 하늘채코오롱아파트 건너편','정기','F','20대',74,3594.84,31.25,134550,953
'2017-02','184',' SK망원동주유소 건너편','정기','F','20대',52,3732.06,37.63,162160,993
'2017-02','185',' 마포 신수공원 앞','정기','F','20대',35,2554.52,27.29,117720,607
'2017-02','186',' 월드컵공원','정기','F','20대',28,3379.52,30.56,131690,1133
'2017-02','177',' 북가좌 초등학교','정기','F','20대',4,539.53,5.61,24200,145
'2017-02','188',' 홍은동 정원여중 입구','정기','F','20대',16,1593.59,14.7,63370,450
'2017-02','191',' 정명학원','정기','F','20대',5,523.88,5.14,22150,141
'2017-02','192',' 연서어린이공원','정기','F','20대',18,1898.06,19.5,84110,384
'2017-02','178',' 증산3교 앞','정기','F','20대',7,248.81,2.77,11930,89
'2017-02','133',' 해담는다리','정기','F','20대',3,154.39,1.45,6270,64
'2017-02','194',' 증산교 앞','정기','F','20대',35,1971.9,21.07,90970,541
'2017-02','195',' 모래내고가차도 ','정기','F','20대',25,930.02,8.07,34850,450
'2017-02','196',' 연희교차로 인근','정기','F','20대',7,752.52,6.87,29620,215
'2017-02','198',' 충정2교','정기','F','20대',22,905.06,9.59,41290,350
'2017-02','556',' 달맞이공원','정기','F','20대',1,123.25,1.16,5020,33
'2017-02','557',' 도선동 주민센터 앞','정기','F','20대',55,1004.35,12.25,52880,315
'2017-02','558',' 성동광진 교육지원청 앞','정기','F','20대',19,958.51,10.23,44140,310
'2017-02','134',' 연세로 명물길','정기','F','20대',11,474.04,5.15,22230,181
'2017-02','559',' 왕십리역 4번 출구 건너편','정기','F','20대',23,797.23,8.4,36240,277
'2017-02','560',' 비전교회 앞','정기','F','20대',24,1158.63,11.88,51320,170
'2017-02','561',' 서울숲역 2번출구 앞','정기','F','20대',21,816.4,9.07,39050,260
'2017-02','562',' 군자지하보도 앞','정기','F','20대',10,996.5,9.97,42940,230
'2017-02','563',' 성동세무서 건너편','정기','F','20대',22,1024.86,10.46,45220,335
'2017-02','564',' 금호역 3번출구','정기','F','20대',2,34.34,0.41,1750,17
'2017-02','565',' 옥수역 3번출구','정기','F','20대',13,2210.42,23.23,100120,457
'2017-02','567',' 성수역 2번출구 앞','정기','F','20대',57,2122.7,22.66,97640,472
'2017-02','568',' 청계8가사거리 부근','정기','F','20대',101,4051.79,41.77,179490,1599
'2017-02','135',' 명물길 원형무대 앞','정기','F','20대',17,523.53,5.33,23040,130
'2017-02','569',' 응봉현대아파트 정류소','정기','F','20대',2,86.72,1.02,4380,34
'2017-02','578',' 성동세무서 부근','정기','F','20대',53,3160.33,31.74,136940,768
'2017-02','579',' 마장역 4번출구','정기','F','20대',14,877.55,9.42,40530,271
'2017-02','580',' 신금호역 3번출구 뒤','정기','F','20대',2,74.27,0.79,3410,27
'2017-02','581',' 용답초등학교','정기','F','20대',2,41.12,0.49,2120,9
'2017-02','582',' 경일중학교 앞','정기','F','20대',11,634.09,6.53,28080,200
'2017-02','583',' 청계천 생태교실 앞','정기','F','20대',12,2006.38,17.32,74670,434
'2017-02','551',' 구의삼성쉐르빌 앞','정기','F','20대',13,652.94,5.9,25450,214
'2017-02','552',' 대림아크로리버 앞','정기','F','20대',1,36.09,0.34,1470,7
'2017-02','553',' 중곡 성원APT 앞','정기','F','20대',6,477.66,5.29,22820,185
'2017-02','136',' 대흥동 주민센터','정기','F','20대',10,293.63,2.83,12260,102
'2017-02','554',' 아차산역 사거리','정기','F','20대',38,2816.29,29.42,126830,1107
'2017-02','555',' 구의3동주민센터','정기','F','20대',5,172.17,1.89,8090,70
'2017-02','571',' 어린이대공원역6번출구','정기','F','20대',25,1107.48,9.84,42490,406
'2017-02','572',' 국립정신 건강센터 앞','정기','F','20대',15,857.72,9.93,42820,241
'2017-02','573',' 구의문주차장 앞','정기','F','20대',69,2773.53,25.3,108970,805
'2017-02','574',' 아차산역4번출구','정기','F','20대',7,412,3.33,14370,95
'2017-02','576',' 광나루역 3번 출구','정기','F','20대',9,489.07,4.32,18610,215
'2017-02','577',' 광진청소년수련관','정기','F','20대',17,1495.48,15.89,68570,447
'2017-02','137',' NH농협 신촌지점 앞','정기','F','20대',21,946.95,9.78,42050,313
'2017-02','622',' 전농사거리 교통섬','정기','F','20대',3,334.96,3.8,16350,92
'2017-02','623',' 서울시립대 정문 앞','정기','F','20대',17,911.18,9.97,42950,301
'2017-02','624',' 전농동 동아아파트 앞','정기','F','20대',12,355.22,3.85,16500,123
'2017-02','625',' 답십리초등학교 앞(현대시장 옆)','정기','F','20대',5,786.81,7.15,30880,207
'2017-02','626',' 군자교 서측 녹지대','정기','F','20대',15,499.07,5.41,23430,314
'2017-02','627',' 장안동삼거리 교통섬','정기','F','20대',2,61.13,0.66,2870,49
'2017-02','628',' 휘봉고등학교 앞','정기','F','20대',1,39.68,0.39,1670,14
'2017-02','630',' 동대문구 보건소','정기','F','20대',56,1979.72,22.75,98160,678
'2017-02','631',' 답십리역 1번출구','정기','F','20대',7,421.94,3.75,16180,110
'2017-02','102',' 망원역 1번출구 앞','정기','F','20대',61,2120.76,21.27,91590,769
'2017-02','138',' 신촌동 제1공영주차장 앞','정기','F','20대',9,195.93,1.96,8400,61
'2017-02','633',' 청량리 기업은행 앞','정기','F','20대',17,910.24,9.14,39340,253
'2017-02','634',' 외국어대 정문 앞','정기','F','20대',24,2201.43,19.11,82410,615
'2017-02','635',' 시조사 앞 (청량고정문 옆)','정기','F','20대',33,2550.3,27.86,119970,793
'2017-02','636',' 세종대왕기념관 교차로','정기','F','20대',12,308.24,2.84,12250,70
'2017-02','637',' KAIST 경영대학 앞','정기','F','20대',18,2606.41,26.38,113630,554
'2017-02','638',' 서울시립대 정보기술관','정기','F','20대',1,28.06,0.25,1090,5
'2017-02','639',' 서울시립대 후문','정기','F','20대',13,750.01,7.21,31050,248
'2017-02','640',' KEB하나은행 청량리역지점','정기','F','20대',23,851.44,7.86,33860,257
'2017-02','641',' 용두역 4번출구','정기','F','20대',26,2322.02,24.6,106100,672
'2017-02','642',' 신답역 사거리','정기','F','20대',15,711.89,7.09,30550,265
'2017-02','140',' 이화여대 후문','정기','F','20대',30,835.54,8.88,38250,267
'2017-02','643',' 동대문구민체육센터 (육교아래)','정기','F','20대',20,1264.79,13.6,58620,354
'2017-02','230',' 영등포구청역 1번출구','정기','F','20대',99,2957.88,29.82,128970,907
'2017-02','260',' 여의도 마리나선착장 앞','정기','F','20대',2,168.79,1.6,6930,63
'2017-02','262',' 영문초등학교 사거리','정기','F','20대',16,790.2,7.89,34030,228
'2017-02','263',' 근로자회관 사거리','정기','F','20대',5,137.14,1.5,6490,53
'2017-02','264',' 교보생명보험 앞','정기','F','20대',31,648.06,7.23,31220,399
'2017-02','265',' 영등포유통상가 사거리','정기','F','20대',7,264.76,2.53,10940,108
'2017-02','141',' 연대 대운동장 옆','정기','F','20대',7,706.98,6.45,27820,149
'2017-02','266',' 영등포청과시장 사거리','정기','F','20대',23,694.01,6.99,30130,262
'2017-02','267',' 삼성화재 사옥 옆','정기','F','20대',9,625.32,5.53,23830,151
'2017-02','268',' 그랜드컨벤션센터 앞','정기','F','20대',15,367.52,4.24,18220,127
'2017-02','270',' 증권거래소후문교차로','정기','F','20대',6,358.15,3.85,16580,110
'2017-02','271',' 샛강생태공원방문자센터 앞','정기','F','20대',4,203.5,2.27,9770,61
'2017-02','272',' 당산육갑문','정기','F','20대',5,655.5,6.59,28440,165
'2017-02','716','신정6동 주민센터 인근','정기','F','20대',25,1211.01,11.46,49390,517
'2017-02','139',' 연세대 정문 건너편','정기','F','20대',13,529.66,5.35,23100,194
'2017-02','719',' 홍익병원앞 교차로','정기','F','20대',6,528.52,5.61,24180,208
'2017-02','720',' 서울강월초등학교 앞','정기','F','20대',2,227.09,2.22,9550,68
'2017-02','816',' 신용산역 6번출구 앞','정기','F','20대',12,804.53,8.01,34530,326
'2017-02','817',' 삼각지역 4번출구 앞','정기','F','20대',9,1069.41,11.19,48230,345
'2017-02','818',' 숙명여대 입구 교차로','정기','F','20대',28,1848.19,18.51,79810,545
'2017-02','819',' 선린인터넷 고등학교','정기','F','20대',6,286.31,2.85,12310,135
'2017-02','820',' 청파동입구 교차로','정기','F','20대',19,442.95,4.94,21410,145
'2017-02','822',' 이촌1동 마을공원','정기','F','20대',4,412.42,3.62,15590,109
'2017-02','823',' 효창동주민센터 앞','정기','F','20대',4,333.41,3.21,13860,96
'2017-02','825',' 서빙고동 주민센터 앞','정기','F','20대',30,6155.02,63.96,275740,1256
'2017-02','199',' 서울 월드컵 경기장','정기','F','20대',7,396.19,4.17,17920,129
'2017-02','388',' 동성중학교 앞','정기','F','20대',6,264.91,2.69,11570,75
'2017-02','584',' 광진광장 교통섬','정기','F','20대',29,1292.16,12.82,55140,618
'2017-02','585',' 성수2가1동 공영주차장 인근','정기','F','20대',29,1547.04,15.88,68360,758
'2017-02','586',' 마장동 주민센터','정기','F','20대',10,367.92,3.96,17080,211
'2017-02','900',' 은평예술회관','정기','F','20대',20,897.38,8.17,35160,239
'2017-02','901',' 응암1동사무소','정기','F','20대',35,1566.53,16.28,70060,430
'2017-02','200',' 국회의원회관','정기','F','20대',13,1076.75,12.03,51930,280
'2017-02','902',' 진관동 은빛초등학교','정기','F','20대',8,829.26,6.07,26150,230
'2017-02','903',' 은평뉴타운 아이파크','정기','F','20대',20,838.08,8.69,37440,305
'2017-02','904',' 은평뉴타운 푸르지오','정기','F','20대',27,2886.02,28.29,121920,792
'2017-02','905',' 구파발역 2번출구','정기','F','20대',39,2476.37,21.17,91260,818
'2017-02','906',' 연신내역 5번출구150M 아래','정기','F','20대',47,2308.95,22.75,98040,790
'2017-02','907',' CJ 드림시티','정기','F','20대',53,3558.41,35.5,152960,882
'2017-02','908',' 구산역 4번출구','정기','F','20대',24,1084.92,11.11,48010,261
'2017-02','909',' 백련산 힐스테이트 3차','정기','F','20대',2,152.14,1.57,6740,41
'2017-02','911',' 은평평화공원(역촌역4번출구)','정기','F','20대',25,1180.7,11.17,48130,685
'2017-02','201',' 진미파라곤 앞','정기','F','20대',9,962.39,8.78,37850,196
'2017-02','912',' 응암오거리','정기','F','20대',10,864.71,8.41,36220,251
'2017-02','913',' 이마트 은평점','정기','F','20대',42,2105.42,18.4,79270,635
'2017-02','914',' 새절역 2번출구','정기','F','20대',35,2255.36,22.57,97330,619
'2017-02','915',' 증산역 4번출구','정기','F','20대',11,470.39,4.4,18970,134
'2017-02','916',' 평생학습관 앞','정기','F','20대',23,1028.33,9.49,40930,246
'2017-02','917',' 녹번역 4번출구','정기','F','20대',7,527.16,5.21,22460,167
'2017-02','919',' 서울혁신파크','정기','F','20대',10,396.67,3.99,17130,254
'2017-02','921',' 신도고등학교','정기','F','20대',27,3401.9,29.77,128390,905
'2017-02','202',' 국민일보 앞','정기','F','20대',13,867.08,7.92,34260,248
'2017-02','922',' 연신내역 4번출구','정기','F','20대',5,229.34,2.29,9890,73
'2017-02','923',' 국민은행 연서지점','정기','F','20대',4,300.21,3.06,13160,365
'2017-02','924',' 메뚜기다리','정기','F','20대',3,141.49,1.07,4640,75
'2017-02','925',' 불광역 2번출구','정기','F','20대',2,390.41,2.95,12690,69
'2017-02','926',' 불광역 8번출구','정기','F','20대',10,597.18,5.43,23450,199
'2017-02','927',' 연신내역 3번출구 인근','정기','F','20대',15,1065.94,9.79,42170,347
'2017-02','928',' 은평역사한옥박물관','정기','F','20대',1,116.17,0.88,3810,23
'2017-02','930',' 구 서부경찰서 건너편','정기','F','20대',8,422.42,4.75,20490,145
'2017-02','931',' 역촌파출소','정기','F','20대',5,753.14,8.13,35110,206
'2017-02','932',' 예일여중','정기','F','20대',16,773.98,7.3,31440,214
'2017-02','933',' LG서비스 역촌점','정기','F','20대',18,1095.93,9.86,42580,408
'2017-02','587',' KEB하나은행 성수중앙지점','정기','F','20대',18,1103.03,11.91,51370,336
'2017-02','588',' 뚝섬 유원지역','정기','F','20대',4,928.89,8.64,37260,136
'2017-02','103',' 망원역 2번출구 앞','정기','F','20대',45,2321.83,24.11,103790,859
'2017-02','204',' 국회의사당역 5번출구 옆','정기','F','20대',11,746.02,7.03,30280,168
'2017-02','203',' 국회의사당역 3번출구 옆','정기','F','20대',25,2461.97,21.03,90680,583
'2017-02','205',' 산업은행 앞','정기','F','20대',9,1020.48,11.19,48280,301
'2017-02','206',' KBS 앞','정기','F','20대',13,627.8,6.16,26600,211
'2017-02','209',' 유진투자증권빌딩 앞','정기','F','20대',9,264.16,2.84,12270,85
'2017-02','210',' IFC몰','정기','F','20대',43,2211.86,20.54,88510,531
'2017-02','211',' 여의도역 4번출구 옆','정기','F','20대',43,1394.4,13.62,58810,493
'2017-02','212',' 여의도역 1번출구 옆','정기','F','20대',24,1276.41,12.52,53800,337
'2017-02','213',' KT앞','정기','F','20대',18,870.18,8.31,35850,198
'2017-02','104',' 합정역 1번출구 앞','정기','F','20대',40,2358.37,22.33,96230,676
'2017-02','214',' 금융감독원 앞','정기','F','20대',12,485.6,5.25,22650,139
'2017-02','219',' 롯데캐슬엠파이어 옆','정기','F','20대',16,711.98,6.96,29910,164
'2017-02','220',' 미성아파트 A동 앞','정기','F','20대',7,209.92,2.08,8980,63
'2017-02','215',' 여의도고교 앞','정기','F','20대',4,656.1,6.53,28150,126
'2017-02','216',' 삼부아파트1동 앞','정기','F','20대',24,1456.36,15.05,64840,377
'2017-02','217',' NH농협은행 앞','정기','F','20대',31,2017.46,19.53,84210,825
'2017-02','221',' 여의도초교 앞','정기','F','20대',11,372.93,3.55,15250,94
'2017-02','222',' 시범아파트버스정류장 옆','정기','F','20대',28,983.75,10.92,46990,474
'2017-02','223',' 진주아파트상가 앞','정기','F','20대',10,247.44,2.74,11790,101
'2017-02','105',' 합정역 5번출구 앞','정기','F','20대',24,2271.18,19.32,83240,620
'2017-02','224',' 롯데캐슬 앞','정기','F','20대',40,1482.44,15.18,65550,545
'2017-02','225',' 앙카라공원 앞','정기','F','20대',15,551.37,5.73,24700,185
'2017-02','226',' 샛강역 1번출구 앞','정기','F','20대',7,208.01,2.08,9010,78
'2017-02','207',' 여의나루역 1번출구 앞','정기','F','20대',14,1463.5,15.36,66160,360
'2017-02','401',' 상암월드컵파크 10단지 앞','정기','F','20대',26,1444.08,13.26,57230,354
'2017-02','402',' 상암월드컵파크 9단지 앞','정기','F','20대',49,1222.22,13.52,58370,426
'2017-02','403',' 부엉이공원 앞','정기','F','20대',22,638.38,5.97,25840,191
'2017-02','106',' 합정역 7번출구 앞','정기','F','20대',42,2901.41,28.04,120830,789
'2017-02','405',' DMC빌 앞','정기','F','20대',9,189.16,1.95,8450,84
'2017-02','406',' 상암월드컵파크 7단지 앞','정기','F','20대',4,524.95,3.85,16570,146
'2017-02','421',' 마포구청 앞','정기','F','20대',88,7249.16,67.18,289490,1745
'2017-02','407',' 마포구 육아종합지원센터','정기','F','20대',7,149,1.65,7130,45
'2017-02','408',' LG CNS앞','정기','F','20대',43,1647.9,17.08,73600,552
'2017-02','420',' 서울시 공공자전거 상암센터','정기','F','20대',4,163.29,1.73,7440,87
'2017-02','409',' 누리꿈스퀘어 옆','정기','F','20대',63,3827.12,36.16,155910,1188
'2017-02','419',' 홈플러스 앞','정기','F','20대',44,4179.41,39.4,169800,1205
'2017-02','410',' 상암중학교 옆','정기','F','20대',12,821.37,7.5,32230,204
'2017-02','418',' 월드컵경기장역 3번출구 옆','정기','F','20대',34,4135.54,41,176810,1145
'2017-02','107',' 신한은행 서교동금융센터점 앞','정기','F','20대',24,1196.77,12.44,53470,414
'2017-02','411',' DMC홍보관','정기','F','20대',31,6152.42,64.36,277460,1027
'2017-02','412',' DMC산학협력연구센터 앞','정기','F','20대',22,1323.09,12.55,54110,338
'2017-02','413',' 상암월드컵파크 3단지 후문','정기','F','20대',2,78.99,0.81,3500,21
'2017-02','417',' DMC역 2번출구 옆','정기','F','20대',34,2492.21,25.11,108280,624
'2017-02','414',' 상암동주민센터 옆','정기','F','20대',18,1375.08,12.73,54820,395
'2017-02','415',' DMC역 9번출구 앞','정기','F','20대',40,2374.59,23.43,100920,645
'2017-02','416',' 상암월드컵파크 1단지 교차로','정기','F','20대',18,1205.76,11.96,51600,275
'2017-02','500',' 어린이대공원역 3번출구 앞','정기','F','20대',24,1227.44,12.11,52170,819
'2017-02','501',' 광진구의회 앞','정기','F','20대',59,4205.72,41.54,179170,1170
'2017-02','502',' 뚝섬유원지역 1번출구 앞','정기','F','20대',89,7304.08,70.76,305010,1953
'2017-02','108',' 서교동 사거리','정기','F','30대',19,1407.55,13.91,60030,394
'2017-02','503',' 더샵스타시티 C동 앞','정기','F','30대',7,290.35,2.65,11420,66
'2017-02','504',' 신자초교입구교차로','정기','F','30대',40,1156.47,12.23,52700,429
'2017-02','505',' 자양사거리 광진아크로텔 앞','정기','F','30대',9,221.58,2.65,11430,99
'2017-02','506',' 금호 어울림 아파트 앞','정기','F','30대',15,1082.15,9.88,42640,272
'2017-02','507',' 성수아이에스비즈타워 앞','정기','F','30대',19,848.04,9.7,41740,314
'2017-02','508',' 성수아카데미타워 앞','정기','F','30대',13,763.36,7.95,34290,270
'2017-02','509',' 이마트 버스정류소 옆','정기','F','30대',10,530.81,5.58,24110,182
'2017-02','510',' 서울숲 남문 버스정류소 옆','정기','F','30대',1,95.59,0.82,3550,45
'2017-02','511',' 서울숲역 4번 출구 옆','정기','F','30대',37,1905.51,18.39,79210,624
'2017-02','512',' 뚝섬역 1번 출구 옆','정기','F','30대',38,1779.07,17.06,73420,592
'2017-02','109',' 제일빌딩 앞','정기','F','30대',13,670.64,6.63,28610,182
'2017-02','400',' 상암한화오벨리스크 1차 앞','정기','F','30대',21,1231.76,11.2,48320,387
'2017-02','513',' 뚝섬역 5번 출구 정류소 옆','정기','F','30대',20,877.1,9.65,41690,325
'2017-02','514',' 성수사거리 버스정류장 앞','정기','F','30대',19,682.58,6.5,28060,189
'2017-02','515',' 광양중학교 앞','정기','F','30대',6,917,11.5,49530,326
'2017-02','516',' 광진메디칼 앞','정기','F','30대',8,493.2,4.16,17890,184
'2017-02','300',' 정동사거리','정기','F','30대',30,1347.01,12.91,55700,369
'2017-02','301',' 경복궁역 7번출구 앞','정기','F','30대',10,522.25,4.71,20330,127
'2017-02','302',' 경복궁역 4번출구 뒤','정기','F','30대',36,1083.38,10.05,43570,289
'2017-02','303',' 광화문역 1번출구 앞','정기','F','30대',14,602.19,5.91,25450,177
'2017-02','115',' 사루비아 빌딩 앞','정기','F','30대',25,1131.38,12.53,53940,416
'2017-02','304',' 광화문역 2번출구 앞','정기','F','30대',9,322.89,2.97,12860,112
'2017-02','305',' 종로구청 옆','정기','F','30대',20,638.39,6.7,28810,235
'2017-02','306',' 광화문역 7번출구 앞','정기','F','30대',12,519.6,5.4,23340,192
'2017-02','307',' 서울역사박물관 앞','정기','F','30대',19,1093.66,11.62,50070,296
'2017-02','308',' 광화문 S타워 앞','정기','F','30대',11,288.34,2.95,12640,91
'2017-02','309',' 광화문역 6번출구 옆','정기','F','30대',10,464.89,4.57,19670,152
'2017-02','310',' 청계광장 옆','정기','F','30대',25,948.85,8.47,36570,247
'2017-02','311',' 서울광장 옆','정기','F','30대',20,830.89,8.1,34970,249
'2017-02','312',' 시청역 1번출구 뒤','정기','F','30대',20,1653.95,15.91,68680,225
'2017-02','313',' 서울역 광장 파출소 옆','정기','F','30대',6,341.44,3.26,14040,127
'2017-02','110',' 사천교','정기','F','30대',12,421.72,4.65,20090,143
'2017-02','314',' 국립현대미술관','정기','F','30대',57,1944.06,19.38,83550,739
'2017-02','315',' 신한은행 안국역지점 옆','정기','F','30대',29,701.85,7.22,31000,261
'2017-02','316',' 종각역 1번출구 앞','정기','F','30대',49,3437.51,33.38,143760,866
'2017-02','318',' 광교사거리 남측','정기','F','30대',15,666.99,6.87,29580,270
'2017-02','320',' 을지로입구역 4번출구 앞','정기','F','30대',14,437.4,4.47,19210,169
'2017-02','321',' KEB 하나은행 본점 앞','정기','F','30대',11,567.44,5.54,23890,262
'2017-02','322',' 명동성당 앞','정기','F','30대',7,206.91,2.29,9880,78
'2017-02','116',' 일진아이윌아파트 옆','정기','F','30대',23,1094.62,11.11,47910,602
'2017-02','324',' 신세계백화점 본점 앞','정기','F','30대',10,664.39,7.1,30570,228
'2017-02','326',' 안국역 5번출구 앞','정기','F','30대',16,529.71,5.75,24770,193
'2017-02','327',' 낙원상가 옆','정기','F','30대',3,92.34,0.94,4040,35
'2017-02','328',' 탑골공원 앞','정기','F','30대',4,478.57,4.07,17510,117
'2017-02','329',' 청계2가 사거리 옆','정기','F','30대',50,3844.04,40.27,173540,1030
'2017-02','330',' 청계천 한빛광장','정기','F','30대',8,696.7,6.49,27970,176
'2017-02','331',' 을지로2가 사거리 북측','정기','F','30대',8,418.95,4.61,19940,152
'2017-02','332',' 을지로2가 사거리 남측','정기','F','30대',20,378.47,3.74,16120,103
'2017-02','111',' 상수역 2번출구 앞','정기','F','30대',13,469.77,4.97,21410,208
'2017-02','334',' 종로3가역 2번출구 뒤','정기','F','30대',12,427.01,4.12,17780,154
'2017-02','335',' 종로3가역 15번출구 앞','정기','F','30대',12,585.35,5.96,25640,210
'2017-02','336',' 티마크 호텔 앞','정기','F','30대',26,1538.08,15.75,67930,434
'2017-02','337',' 창경궁 입구','정기','F','30대',6,287.06,2.62,11370,100
'2017-02','338',' 세운스퀘어 앞','정기','F','30대',13,637.02,6.1,26290,164
'2017-02','339',' 종로4가 사거리','정기','F','30대',15,502.46,4.6,19870,130
'2017-02','340',' 혜화동 로터리','정기','F','30대',18,1167.14,11.42,49240,325
'2017-02','341',' 혜화역 3번출구 뒤','정기','F','30대',49,2174.84,21.7,93430,735
'2017-02','342',' 대학로 마로니에공원','정기','F','30대',35,1922.87,19.13,82570,501
'2017-02','343',' 예일빌딩(율곡로) 앞','정기','F','30대',9,190.91,1.86,7960,48
'2017-02','344',' 성균관대 E하우스 앞','정기','F','30대',14,588.14,5.96,25660,217
'2017-02','345',' 서울보증보험본사 앞','정기','F','30대',17,509.7,5.01,21630,205
'2017-02','346',' 맥스타일 앞','정기','F','30대',16,1194.31,11.57,49840,342
'2017-02','347',' 동대문역사문화공원역 9번출구 앞','정기','F','30대',8,379.82,4.21,18120,256
'2017-02','349',' 사직동주민센터','정기','F','30대',20,1251.32,12.68,54650,466
'2017-02','350','KEB 하나은행(내자동 지점) 앞','정기','F','30대',18,607.67,5.87,25280,187
'2017-02','351',' 청운초교 앞 삼거리','정기','F','30대',19,810.55,9.39,40440,366
'2017-02','352',' 중앙고입구 삼거리','정기','F','30대',3,130.35,1.2,5160,34
'2017-02','353',' 재동초교 앞 삼거리','정기','F','30대',15,521.81,5.79,24960,157
'2017-02','117',' 홍은사거리','정기','F','30대',6,882.65,8.94,38500,191
'2017-02','354',' 포르투갈 대사관 앞','정기','F','30대',13,668.58,6.6,28440,283
'2017-02','355',' 서울사대부속초교 앞','정기','F','30대',28,790.36,8.07,34820,333
'2017-02','356',' KT혜화지사 앞','정기','F','30대',23,983.85,9.34,40290,315
'2017-02','358',' 성대입구 사거리','정기','F','30대',16,589.47,6.12,26390,205
'2017-02','359',' 원남동사거리','정기','F','30대',5,151.44,1.66,7180,69
'2017-02','361',' 동묘앞역 1번출구 뒤','정기','F','30대',11,728.27,6.81,29330,197
'2017-02','362',' 청계8가 사거리','정기','F','30대',37,1030.08,9.98,42980,287
'2017-02','363',' 신설동역 11번출구 뒤','정기','F','30대',3,183.79,1.66,7140,81
'2017-02','364',' 창신역 1번출구 앞','정기','F','30대',13,1194.14,9.61,41530,170
'2017-02','113',' 홍대입구역 2번출구 앞','정기','F','30대',89,4639.98,47.3,204040,1397
'2017-02','367',' 독립문역 3-1번출구 ','정기','F','30대',3,238.19,2.29,9860,58
'2017-02','368',' SK 서린빌딩 앞','정기','F','30대',8,507.51,4.47,19280,123
'2017-02','369',' 광화문 시민열린마당','정기','F','30대',28,1045,8.62,37230,288
'2017-02','348',' 독립문역 사거리','정기','F','30대',20,1219.2,13.36,57470,320
'2017-02','370',' 시청역(2호선) 9번출구 뒤','정기','F','30대',3,249.47,2.4,10330,97
'2017-02','372',' 약수역 3번출구 뒤','정기','F','30대',2,197.39,1.84,7970,60
'2017-02','373',' 청구 어린이공원','정기','F','30대',1,13.31,0.16,700,6
'2017-02','374',' 청구역 2번출구 앞','정기','F','30대',4,169.37,1.52,6580,41
'2017-02','118',' 광흥창역 2번출구 앞','정기','F','30대',19,1209.06,11.95,51530,347
'2017-02','375',' 다산 어린이공원','정기','F','30대',2,44.89,0.5,2180,19
'2017-02','377',' 서울역 4번출구 앞','정기','F','30대',1,52.98,0.52,2230,47
'2017-02','378',' 청계7가 사거리','정기','F','30대',10,384.32,3.87,16770,124
'2017-02','379',' 서울역9번출구','정기','F','30대',5,406.25,3.68,15850,106
'2017-02','380',' CJ제일제당 앞','정기','F','30대',10,646.55,6.28,27070,280
'2017-02','382',' 약수역 10번출구 앞','정기','F','30대',3,179.66,1.62,6980,37
'2017-02','383',' 신당역 12번 출구 뒤','정기','F','30대',11,303.7,3.37,14570,122
'2017-02','384',' 종로학원본원 ','정기','F','30대',18,3057.03,26.95,116080,544
'2017-02','114',' 홍대입구역 8번출구 앞','정기','F','30대',15,974.14,9.87,42630,339
'2017-02','142',' 아현역 4번출구 앞','정기','F','30대',3,327.69,3.49,15070,69
'2017-02','143',' 공덕역 2번출구','정기','F','30대',10,364.85,3.45,14910,161
'2017-02','144',' 공덕역 8번출구','정기','F','30대',14,950.69,9.53,41060,324
'2017-02','145',' 공덕역 5번출구','정기','F','30대',8,492.53,4.39,18920,124
'2017-02','146',' 마포역 1번출구 뒤','정기','F','30대',12,1692.36,14.81,63790,364
'2017-02','147',' 마포역 4번출구 뒤','정기','F','30대',10,745.55,6.94,29850,187
'2017-02','148',' 용강동 주민센터 앞','정기','F','30대',3,225.24,2.93,12640,112
'2017-02','150',' 서강대역 2번출구 앞','정기','F','30대',7,177.53,2.05,8790,49
'2017-02','151',' 망원1동주민센터','정기','F','30대',5,466.57,4.41,18970,104
'2017-02','152',' 마포구민체육센터 앞','정기','F','30대',24,2065.25,20.07,86500,684
'2017-02','119',' 서강나루 공원','정기','F','30대',12,960.52,8.8,37870,250
'2017-02','153',' 성산2교 사거리','정기','F','30대',46,2219.44,21.4,92250,553
'2017-02','154',' 마포구청역 ','정기','F','30대',26,1228.71,12.44,53600,377
'2017-02','155',' 가좌역1 번출구 뒤','정기','F','30대',22,846.99,8.06,34910,207
'2017-02','156',' 서울서부지방법원 앞','정기','F','30대',35,5362.07,48.74,210050,1255
'2017-02','157',' 애오개역 4번출구 앞','정기','F','30대',14,681.19,6.48,27960,266
'2017-02','158',' 독립문 어린이 공원','정기','F','30대',26,2076.11,20.4,87990,453
'2017-02','159',' 이대역 4번 출구','정기','F','30대',19,1733.11,17.35,74730,505
'2017-02','160',' 북아현동 가구거리','정기','F','30대',3,265.76,2.34,10100,68
'2017-02','161',' 무악재역1번 출구','정기','F','30대',1,142.08,1.28,5520,23
'2017-02','162',' 봉원고가차도 밑','정기','F','30대',37,1524.98,16.52,71310,381
'2017-02','120',' 신수동 사거리','정기','F','30대',10,1090.51,10.35,44660,311
'2017-02','165',' 중앙근린공원','정기','F','30대',1,204.34,2,8600,55
'2017-02','166',' 가재울 초등학교','정기','F','30대',21,1588.59,15.88,68450,412
'2017-02','167',' 연가초등학교 옆','정기','F','30대',17,1624.47,15.85,68370,539
'2017-02','168',' 남가좌동 사거리','정기','F','30대',2,188.4,2.05,8810,51
'2017-02','169',' 북가좌 삼거리','정기','F','30대',18,3385.21,29.64,127590,548
'2017-02','170',' 가재울 뉴타운 주유소 옆','정기','F','30대',25,1504.57,14.56,62840,384
'2017-02','171',' 임광빌딩 앞','정기','F','30대',12,587.92,6.06,26140,240
'2017-02','172',' 서대문소방서','정기','F','30대',5,393.35,3.49,15040,79
'2017-02','121',' 마포소방서 앞','정기','F','30대',7,387.86,3.98,17120,130
'2017-02','173',' 서대문역 8번출구 앞','정기','F','30대',8,665.2,6.38,27450,185
'2017-02','175',' 홍연2교옆','정기','F','30대',28,2140.26,23.49,101250,528
'2017-02','179',' 가좌역 4번출구 앞','정기','F','30대',10,400.23,3.76,16150,117
'2017-02','180',' 충정로역 7번출구 뒤','정기','F','30대',15,878.41,8.03,34570,227
'2017-02','518',' 청계천 박물관 앞','정기','F','30대',3,230.03,2.15,9240,58
'2017-02','519',' 양지사거리','정기','F','30대',17,1839.04,18.5,79810,331
'2017-02','520',' 상왕십리역 4번 출구 앞','정기','F','30대',25,909.6,9.17,39450,259
'2017-02','521',' 왕십리역 11번 출구 앞','정기','F','30대',4,180.42,1.75,7520,58
'2017-02','122',' 신성기사식당 앞','정기','F','30대',14,1254.31,11.45,49320,321
'2017-02','524',' 래미안금호하이리버 아파트 102동 옆','정기','F','30대',12,1971.49,16.35,70510,352
'2017-02','525',' 한양대병원사거리','정기','F','30대',19,911.34,9.55,41170,385
'2017-02','526',' 용답토속공원 앞','정기','F','30대',6,597.51,5.04,21720,141
'2017-02','529',' 장한평역 8번 출구 앞','정기','F','30대',17,1247.26,10.69,46060,279
'2017-02','530',' 청계벽산아파트 앞','정기','F','30대',23,707.2,6.79,29290,187
'2017-02','534',' 금호사거리','정기','F','30대',4,400.71,3.08,13300,83
'2017-02','535',' 응봉삼거리','정기','F','30대',5,91.64,0.84,3650,12
'2017-02','536',' 행당역 2번출구 앞','정기','F','30대',9,362.31,3.59,15430,220
'2017-02','537',' 한양대후문역 부근','정기','F','30대',3,151.11,1.54,6640,48
'2017-02','538',' 답십리역 8번출구 앞','정기','F','30대',1,206.69,1.86,8030,47
'2017-02','550',' 서울시설공단 앞','정기','F','30대',18,440.48,4.3,18630,78
'2017-02','539',' 군자교교차로','정기','F','30대',8,695.09,5.2,22400,143
'2017-02','540',' 군자역 7번출구 베스트샵 앞','정기','F','30대',10,1067.89,10.37,44750,247
'2017-02','542',' 강변역 4번출구 뒤','정기','F','30대',3,251.46,2.49,10740,98
'2017-02','543',' 구의공원(테크노마트 앞)','정기','F','30대',8,505.21,5.36,23150,159
'2017-02','544',' 광남중학교','정기','F','30대',4,530,5.54,23900,154
'2017-02','546',' 잠실대교북단 교차로','정기','F','30대',5,386.91,4.26,18370,99
'2017-02','548',' 자양나들목','정기','F','30대',31,1119.62,10.76,46450,286
'2017-02','549',' 아차산역 3번출구','정기','F','30대',31,1358.12,12.53,53880,309
'2017-02','124',' 서강대 정문 건너편','정기','F','30대',9,571.68,5.29,22850,131
'2017-02','600',' 휘경2동 주민센터','정기','F','30대',6,779.33,7.58,32710,194
'2017-02','602',' 장안동 사거리','정기','F','30대',7,724,6.68,28840,202
'2017-02','604',' 답십리초등학교 옆 공원','정기','F','30대',7,366.86,3.71,16000,220
'2017-02','605',' 신설동역8번출구','정기','F','30대',20,1480.28,13.58,58590,396
'2017-02','607',' 신이문역 2번출구','정기','F','30대',7,1574.52,14.27,61520,170
'2017-02','125',' 서강대 남문 옆','정기','F','30대',16,560.88,5.68,24420,174
'2017-02','610',' 동대문중 교차로','정기','F','30대',20,1458.14,14.39,62060,356
'2017-02','612',' 시립동부병원 앞 사거리','정기','F','30대',28,1051,9.71,41960,360
'2017-02','613',' 신설동역 10번출구 앞','정기','F','30대',12,563.71,4.94,21310,277
'2017-02','614',' 용두동 사거리','정기','F','30대',9,913.51,8.6,37060,218
'2017-02','615',' 용두동 레미안허브리츠아파트 앞','정기','F','30대',5,241.95,2.6,11200,83
'2017-02','617',' 청솔우성아파트 앞','정기','F','30대',3,93.96,0.85,3660,29
'2017-02','227',' 양평2나들목 보행통로 입구','정기','F','30대',1,172.2,1.55,6690,29
'2017-02','228',' 선유도역 3번출구 앞','정기','F','30대',7,598.54,5.52,23750,144
'2017-02','229',' 양평1 보행육교 앞','정기','F','30대',6,574.09,5.84,25170,143
'2017-02','126',' 서강대 후문 옆','정기','F','30대',30,1548.82,14.91,64200,503
'2017-02','231',' 남부고용노동지청 남측','정기','F','30대',4,198.84,1.76,7620,56
'2017-02','232',' 양평우림 이비즈센타 앞','정기','F','30대',21,1281.04,11.21,48410,329
'2017-02','233',' YP 센터 앞','정기','F','30대',3,189.44,1.7,7360,59
'2017-02','234',' 영등포구민체육센터 앞','정기','F','30대',3,126.63,1.14,4920,41
'2017-02','235',' 신길동 우리은행 옆','정기','F','30대',1,20.08,0.18,780,7
'2017-02','236',' 문래동자이아파트 앞','정기','F','30대',2,111.27,1.2,5210,33
'2017-02','237',' 보라매 두산위브 건너편','정기','F','30대',4,157.37,1.39,5990,101
'2017-02','238',' 제2구민체육센타 앞','정기','F','30대',28,846.97,8.92,38370,357
'2017-02','239',' 유스호스텔 앞','정기','F','30대',15,704.31,7.46,32230,270
'2017-02','240',' 문래역 4번출구 앞','정기','F','30대',22,769.7,8,34490,299
'2017-02','127',' 현대벤처빌 앞','정기','F','30대',14,410.36,4.05,17360,117
'2017-02','242',' 신길선원가와인아파트 앞','정기','F','30대',8,325.57,3.05,13110,97
'2017-02','243',' 이앤씨드림타워 앞','정기','F','30대',21,1113.51,10.36,44680,307
'2017-02','244',' 영등포삼환아파트 앞','정기','F','30대',27,1868.52,18.2,78380,422
'2017-02','245',' 삼성생명 당산사옥 앞','정기','F','30대',22,774.69,7.35,31720,405
'2017-02','247',' 당산역 10번출구 앞','정기','F','30대',33,2249.1,25.46,109750,831
'2017-02','248',' 초원아파트 앞','정기','F','30대',4,122.68,1.17,5040,28
'2017-02','249',' 여의도중학교 옆','정기','F','30대',1,149.81,1.35,5820,25
'2017-02','250',' 대림아파트 사거리','정기','F','30대',1,35.28,0.46,1980,12
'2017-02','101',' (구)합정동 주민센터','정기','F','30대',26,1096.91,10.03,43320,264
'2017-02','128',' 신촌역(2호선) 1번출구 옆','정기','F','30대',14,600.07,6.56,28210,192
'2017-02','252',' 보라매역4번출구','정기','F','30대',5,235.52,2.27,9810,95
'2017-02','253',' 신풍역 5번출구 인근','정기','F','30대',12,452.43,5.21,22500,257
'2017-02','254',' 도림신협 앞','정기','F','30대',14,890.6,10.44,44980,212
'2017-02','255',' 도림4거리','정기','F','30대',1,51.88,0.61,2620,14
'2017-02','257',' 신길삼거리(우리은행)','정기','F','30대',27,1527.73,13.93,60030,352
'2017-02','258',' 신길역3번출구','정기','F','30대',4,308.75,3.07,13230,96
'2017-02','259',' 대방역6번출구','정기','F','30대',22,4996.35,44.94,193640,819
'2017-02','700',' KB국민은행 염창역 지점 앞','정기','F','30대',4,602.68,5.32,22910,164
'2017-02','701',' 목동사거리 부근','정기','F','30대',2,128.58,1.5,6460,68
'2017-02','129',' 신촌역(2호선) 6번출구 옆','정기','F','30대',26,590,5.77,24630,154
'2017-02','702',' 목4동주민센터 옆','정기','F','30대',7,605.76,6.48,27920,268
'2017-02','703',' 오목교역 7번출구 앞','정기','F','30대',42,2470.39,24.86,107010,843
'2017-02','704',' 남부법원검찰청 교차로','정기','F','30대',12,449.55,4.15,17890,217
'2017-02','706',' 신정네거리역','정기','F','30대',22,1058.41,11.73,50600,284
'2017-02','707',' 신정3동주민센터','정기','F','30대',2,266.87,2.17,9360,41
'2017-02','708',' 서울출입국관리사무소 앞','정기','F','30대',16,790.98,7.11,30730,353
'2017-02','709',' 신정3동 현장민원실 앞','정기','F','30대',2,319.38,3.98,17160,81
'2017-02','710',' 서부화물트럭터미널 사거리','정기','F','30대',1,21.49,0.21,920,9
'2017-02','711',' 신일해피트리아파트 앞','정기','F','30대',5,209.54,1.89,8140,39
'2017-02','712',' 강월초교입구 사거리','정기','F','30대',2,132.65,1.33,5740,32
'2017-02','130',' 신촌역(2호선) 7번출구 앞','정기','F','30대',12,626.18,6.25,26960,216
'2017-02','714',' 한국SGI 양천문화회관 앞','정기','F','30대',1,47.04,0.46,1980,25
'2017-02','800',' 목월공원 앞','정기','F','30대',5,639.01,6.19,26660,178
'2017-02','802',' 한강진역 2번 출구 앞','정기','F','30대',7,1360.86,11.65,50250,286
'2017-02','803',' 한남초교 앞 보도육교','정기','F','30대',1,120.58,1.01,4350,33
'2017-02','805',' 문배어린이공원 앞','정기','F','30대',8,297.57,2.84,12200,200
'2017-02','806',' 전자랜드 본관 앞','정기','F','30대',5,329.11,3.11,13390,103
'2017-02','807',' 서울역 12번 출구 앞','정기','F','30대',12,543.33,4.99,21510,131
'2017-02','131',' 증산2교','정기','F','30대',4,340.49,3.28,14140,114
'2017-02','809',' 한남 유수지 복개주차장','정기','F','30대',4,1095.75,9.88,42570,180
'2017-02','810',' 이태원지하보도','정기','F','30대',1,48.91,0.44,1900,8
'2017-02','811',' 녹사평역1번출구','정기','F','30대',13,1839.54,15.71,67720,378
'2017-02','812',' 용산전쟁기념관','정기','F','30대',5,330.31,3.04,13140,544
'2017-02','813',' 삼각지역 3번출구','정기','F','30대',7,433.65,4.13,17800,144
'2017-02','815',' LIG강촌아파트 103동앞','정기','F','30대',3,188.67,1.69,7330,69
'2017-02','385',' 종각역 5번출구','정기','F','30대',45,2108.97,21.26,91490,649
'2017-02','386',' 올림픽기념 국민생활관 앞','정기','F','30대',28,1504.47,15,64660,454
'2017-02','387',' 훈련원공원주차장 앞','정기','F','30대',7,629.45,5.84,25200,183
'2017-02','181',' 망원초록길 입구','정기','F','30대',3,380.11,3.82,16450,123
'2017-02','132',' 창천문화공원','정기','F','30대',10,593.82,5.38,23150,166
'2017-02','182',' 망원2빗물펌프장 앞','정기','F','30대',24,3062.55,34.31,147910,606
'2017-02','183',' 하늘채코오롱아파트 건너편','정기','F','30대',16,818.97,7.9,34000,411
'2017-02','184',' SK망원동주유소 건너편','정기','F','30대',15,454.3,4.78,20560,197
'2017-02','185',' 마포 신수공원 앞','정기','F','30대',4,186.46,1.99,8620,44
'2017-02','186',' 월드컵공원','정기','F','30대',12,1044.02,9.71,41860,365
'2017-02','177',' 북가좌 초등학교','정기','F','30대',12,1235,11.14,47980,372
'2017-02','188',' 홍은동 정원여중 입구','정기','F','30대',1,62.19,0.7,3020,18
'2017-02','191',' 정명학원','정기','F','30대',1,64.47,0.69,2960,13
'2017-02','192',' 연서어린이공원','정기','F','30대',19,762.12,7.61,32780,276
'2017-02','178',' 증산3교 앞','정기','F','30대',6,482.49,4.76,20510,113
'2017-02','194',' 증산교 앞','정기','F','30대',16,1188.67,11.54,49820,288
'2017-02','195',' 모래내고가차도 ','정기','F','30대',35,1458.36,16.62,71560,543
'2017-02','196',' 연희교차로 인근','정기','F','30대',4,358,3.39,14610,95
'2017-02','198',' 충정2교','정기','F','30대',11,679.41,7.33,31560,233
'2017-02','556',' 달맞이공원','정기','F','30대',1,180.05,1.95,8420,32
'2017-02','557',' 도선동 주민센터 앞','정기','F','30대',9,420.28,3.98,17180,128
'2017-02','558',' 성동광진 교육지원청 앞','정기','F','30대',2,41.78,0.49,2110,19
'2017-02','134',' 연세로 명물길','정기','F','30대',10,334.88,3.41,14640,73
'2017-02','559',' 왕십리역 4번 출구 건너편','정기','F','30대',27,995.75,11,47340,303
'2017-02','560',' 비전교회 앞','정기','F','30대',5,467.13,5.19,22400,143
'2017-02','561',' 서울숲역 2번출구 앞','정기','F','30대',2,64.16,0.47,2030,12
'2017-02','562',' 군자지하보도 앞','정기','F','30대',10,781,6.82,29490,178
'2017-02','563',' 성동세무서 건너편','정기','F','30대',13,626.58,6.07,26160,333
'2017-02','565',' 옥수역 3번출구','정기','F','30대',5,788.66,7.33,31570,163
'2017-02','567',' 성수역 2번출구 앞','정기','F','30대',12,410.5,4.2,18200,232
'2017-02','568',' 청계8가사거리 부근','정기','F','30대',21,847.69,8.63,37060,256
'2017-02','135',' 명물길 원형무대 앞','정기','F','30대',2,46.61,0.46,2010,15
'2017-02','569',' 응봉현대아파트 정류소','정기','F','30대',32,2014.06,19.4,83790,424
'2017-02','578',' 성동세무서 부근','정기','F','30대',34,2807,27.48,118530,602
'2017-02','579',' 마장역 4번출구','정기','F','30대',3,389.67,2.96,12760,88
'2017-02','581',' 용답초등학교','정기','F','30대',5,203.59,2.1,9050,80
'2017-02','582',' 경일중학교 앞','정기','F','30대',2,44.74,0.42,1840,13
'2017-02','583',' 청계천 생태교실 앞','정기','F','30대',13,1537.52,13.55,58440,403
'2017-02','551',' 구의삼성쉐르빌 앞','정기','F','30대',9,346.41,3.18,13740,120
'2017-02','553',' 중곡 성원APT 앞','정기','F','30대',26,3010.73,27.95,120590,491
'2017-02','554',' 아차산역 사거리','정기','F','30대',6,156.86,1.62,6950,35
'2017-02','555',' 구의3동주민센터','정기','F','30대',3,384.98,4.02,17360,109
'2017-02','571',' 어린이대공원역6번출구','정기','F','30대',6,388.95,3.55,15320,146
'2017-02','573',' 구의문주차장 앞','정기','F','30대',12,480.78,4.46,19190,148
'2017-02','574',' 아차산역4번출구','정기','F','30대',13,1717.54,15.54,67000,430
'2017-02','577',' 광진청소년수련관','정기','F','30대',2,177.65,1.52,6550,38
'2017-02','621',' 동대문중학교 옆','정기','F','30대',6,277,2.55,10930,115
'2017-02','137',' NH농협 신촌지점 앞','정기','F','30대',10,882.48,8.69,37450,301
'2017-02','622',' 전농사거리 교통섬','정기','F','30대',20,904.41,10.4,44780,199
'2017-02','623',' 서울시립대 정문 앞','정기','F','30대',12,538.63,5.92,25540,130
'2017-02','624',' 전농동 동아아파트 앞','정기','F','30대',13,386.32,3.78,16260,131
'2017-02','625',' 답십리초등학교 앞(현대시장 옆)','정기','F','30대',10,1153.66,13.58,58560,348
'2017-02','626',' 군자교 서측 녹지대','정기','F','30대',2,65.93,0.86,3700,34
'2017-02','627',' 장안동삼거리 교통섬','정기','F','30대',1,49.68,0.45,1930,11
'2017-02','628',' 휘봉고등학교 앞','정기','F','30대',9,842.21,7.6,32720,155
'2017-02','630',' 동대문구 보건소','정기','F','30대',43,2651.13,27.73,119530,445
'2017-02','631',' 답십리역 1번출구','정기','F','30대',37,3502.44,32.18,138680,923
'2017-02','102',' 망원역 1번출구 앞','정기','F','30대',50,2915.85,30.52,131620,994
'2017-02','138',' 신촌동 제1공영주차장 앞','정기','F','30대',1,179.15,2.02,8700,73
'2017-02','633',' 청량리 기업은행 앞','정기','F','30대',17,1427.06,13.55,58370,320
'2017-02','634',' 외국어대 정문 앞','정기','F','30대',8,857.38,8.92,38500,196
'2017-02','635',' 시조사 앞 (청량고정문 옆)','정기','F','30대',1,26.79,0.29,1230,23
'2017-02','636',' 세종대왕기념관 교차로','정기','F','30대',1,22.18,0.23,1000,9
'2017-02','637',' KAIST 경영대학 앞','정기','F','30대',10,419.35,4.06,17430,170
'2017-02','639',' 서울시립대 후문','정기','F','30대',2,109.77,1.09,4690,29
'2017-02','640',' KEB하나은행 청량리역지점','정기','F','30대',9,537.03,5.66,24300,184
'2017-02','641',' 용두역 4번출구','정기','F','30대',14,2769.06,25.94,111760,491
'2017-02','642',' 신답역 사거리','정기','F','30대',18,1100.33,8.47,36520,181
'2017-02','140',' 이화여대 후문','정기','F','30대',16,435.5,4.47,19360,890
'2017-02','643',' 동대문구민체육센터 (육교아래)','정기','F','30대',10,1031.63,9.72,41870,210
'2017-02','230',' 영등포구청역 1번출구','정기','F','30대',60,1623.1,16.13,69480,763
'2017-02','260',' 여의도 마리나선착장 앞','정기','F','30대',5,927.36,9.39,40470,207
'2017-02','262',' 영문초등학교 사거리','정기','F','30대',13,522.09,5.75,24770,373
'2017-02','263',' 근로자회관 사거리','정기','F','30대',37,1410.35,14.73,63570,552
'2017-02','264',' 교보생명보험 앞','정기','F','30대',14,381.98,3.64,15660,224
'2017-02','265',' 영등포유통상가 사거리','정기','F','30대',17,571.23,5.84,25240,268
'2017-02','141',' 연대 대운동장 옆','정기','F','30대',4,79.54,0.88,3830,19
'2017-02','266',' 영등포청과시장 사거리','정기','F','30대',9,336.53,3.38,14560,174
'2017-02','267',' 삼성화재 사옥 옆','정기','F','30대',8,899.35,8.31,35780,183
'2017-02','268',' 그랜드컨벤션센터 앞','정기','F','30대',8,435.6,4.43,19030,109
'2017-02','270',' 증권거래소후문교차로','정기','F','30대',8,205.25,2.12,9150,77
'2017-02','271',' 샛강생태공원방문자센터 앞','정기','F','30대',19,1120.87,11.38,49080,265
'2017-02','272',' 당산육갑문','정기','F','30대',5,763.17,8.39,36150,234
'2017-02','716','신정6동 주민센터 인근','정기','F','30대',21,892.65,9.23,39810,267
'2017-02','139',' 연세대 정문 건너편','정기','F','30대',6,282.33,2.73,11730,67
'2017-02','719',' 홍익병원앞 교차로','정기','F','30대',10,782.02,7.12,30730,353
'2017-02','720',' 서울강월초등학교 앞','정기','F','30대',6,380.66,4.19,18030,118
'2017-02','816',' 신용산역 6번출구 앞','정기','F','30대',8,466.96,4.23,18190,157
'2017-02','817',' 삼각지역 4번출구 앞','정기','F','30대',2,53.73,0.57,2450,17
'2017-02','818',' 숙명여대 입구 교차로','정기','F','30대',18,1293.37,12.06,52100,379
'2017-02','819',' 선린인터넷 고등학교','정기','F','30대',6,284.91,3.13,13490,178
'2017-02','820',' 청파동입구 교차로','정기','F','30대',9,863.33,7.05,30350,224
'2017-02','822',' 이촌1동 마을공원','정기','F','30대',2,242.93,2.32,10000,56
'2017-02','825',' 서빙고동 주민센터 앞','정기','F','30대',7,1346.66,11.66,50270,217
'2017-02','199',' 서울 월드컵 경기장','정기','F','30대',8,639.44,6.11,26330,227
'2017-02','388',' 동성중학교 앞','정기','F','30대',30,1226.78,13.33,57400,364
'2017-02','584',' 광진광장 교통섬','정기','F','30대',17,1436.43,14.19,61130,346
'2017-02','585',' 성수2가1동 공영주차장 인근','정기','F','30대',28,654.53,7.05,30480,176
'2017-02','900',' 은평예술회관','정기','F','30대',29,403.7,4.43,19150,80
'2017-02','901',' 응암1동사무소','정기','F','30대',6,353.23,2.88,12410,123
'2017-02','200',' 국회의원회관','정기','F','30대',4,687.47,7.11,30680,178
'2017-02','902',' 진관동 은빛초등학교','정기','F','30대',1,19.07,0.2,860,6
'2017-02','903',' 은평뉴타운 아이파크','정기','F','30대',3,84.74,0.97,4160,44
'2017-02','904',' 은평뉴타운 푸르지오','정기','F','30대',8,289.24,3.15,13590,102
'2017-02','905',' 구파발역 2번출구','정기','F','30대',9,604.83,6.26,26990,216
'2017-02','906',' 연신내역 5번출구150M 아래','정기','F','30대',5,322.04,3.11,13420,95
'2017-02','907',' CJ 드림시티','정기','F','30대',31,3304.92,32.46,139890,781
'2017-02','908',' 구산역 4번출구','정기','F','30대',10,2636.58,25.04,108030,374
'2017-02','911',' 은평평화공원(역촌역4번출구)','정기','F','30대',27,924.32,9.1,39240,256
'2017-02','201',' 진미파라곤 앞','정기','F','30대',33,2634.06,29.76,128100,591
'2017-02','912',' 응암오거리','정기','F','30대',2,159.03,1.54,6640,40
'2017-02','913',' 이마트 은평점','정기','F','30대',9,324.47,3.13,13480,107
'2017-02','914',' 새절역 2번출구','정기','F','30대',6,470.38,4.85,20900,106
'2017-02','915',' 증산역 4번출구','정기','F','30대',3,381.79,3.47,14930,88
'2017-02','917',' 녹번역 4번출구','정기','F','30대',4,214.98,2.2,9490,87
'2017-02','919',' 서울혁신파크','정기','F','30대',1,213.25,2.5,10770,91
'2017-02','921',' 신도고등학교','정기','F','30대',5,246.48,2.55,10980,101
'2017-02','202',' 국민일보 앞','정기','F','30대',22,1511.51,17.05,73480,414
'2017-02','922',' 연신내역 4번출구','정기','F','30대',1,184.93,2.17,9340,53
'2017-02','923',' 국민은행 연서지점','정기','F','30대',1,38.1,0.34,1480,7
'2017-02','924',' 메뚜기다리','정기','F','30대',2,84.6,0.77,3340,18
'2017-02','925',' 불광역 2번출구','정기','F','30대',4,253.7,2.52,10880,76
'2017-02','926',' 불광역 8번출구','정기','F','30대',4,324.14,2.75,11830,80
'2017-02','927',' 연신내역 3번출구 인근','정기','F','30대',5,157.54,1.52,6560,69
'2017-02','928',' 은평역사한옥박물관','정기','F','30대',2,141.68,1.32,5670,39
'2017-02','930',' 구 서부경찰서 건너편','정기','F','30대',3,28.37,0.3,1260,8
'2017-02','931',' 역촌파출소','정기','F','30대',15,885.6,9.12,39270,256
'2017-02','932',' 예일여중','정기','F','30대',1,49.15,0.5,2140,21
'2017-02','933',' LG서비스 역촌점','정기','F','30대',8,159.59,1.86,8000,39
'2017-02','587',' KEB하나은행 성수중앙지점','정기','F','30대',2,187.63,1.2,5150,34
'2017-02','588',' 뚝섬 유원지역','정기','F','30대',2,200.41,1.99,8600,52
'2017-02','103',' 망원역 2번출구 앞','정기','F','30대',10,501.93,5.28,22750,200
'2017-02','204',' 국회의사당역 5번출구 옆','정기','F','30대',18,958.27,9.03,38950,198
'2017-02','203',' 국회의사당역 3번출구 옆','정기','F','30대',16,1398.57,12.67,54530,304
'2017-02','205',' 산업은행 앞','정기','F','30대',12,839.94,7.87,33880,278
'2017-02','206',' KBS 앞','정기','F','30대',4,147.79,1.49,6400,46
'2017-02','209',' 유진투자증권빌딩 앞','정기','F','30대',8,267.18,2.69,11600,65
'2017-02','210',' IFC몰','정기','F','30대',13,572.1,5.53,23850,177
'2017-02','211',' 여의도역 4번출구 옆','정기','F','30대',17,578.04,5.64,24410,208
'2017-02','212',' 여의도역 1번출구 옆','정기','F','30대',6,249.68,2.38,10300,83
'2017-02','213',' KT앞','정기','F','30대',13,1077.67,10.1,43500,227
'2017-02','104',' 합정역 1번출구 앞','정기','F','30대',32,1331.81,13.19,56840,413
'2017-02','214',' 금융감독원 앞','정기','F','30대',1,15.85,0.16,690,6
'2017-02','218',' 증권거래소 앞','정기','F','30대',6,118.34,1.1,4770,49
'2017-02','219',' 롯데캐슬엠파이어 옆','정기','F','30대',13,497.38,5.59,24080,154
'2017-02','220',' 미성아파트 A동 앞','정기','F','30대',14,761.21,8.72,37570,213
'2017-02','215',' 여의도고교 앞','정기','F','30대',1,43.41,0.44,1890,13
'2017-02','216',' 삼부아파트1동 앞','정기','F','30대',8,196.14,1.9,8240,55
'2017-02','217',' NH농협은행 앞','정기','F','30대',18,226.6,2.62,11250,141
'2017-02','221',' 여의도초교 앞','정기','F','30대',30,1148.84,13.3,57310,365
'2017-02','222',' 시범아파트버스정류장 옆','정기','F','30대',20,1442.8,16.26,70140,370
'2017-02','223',' 진주아파트상가 앞','정기','F','30대',11,522.47,5.3,22820,124
'2017-02','105',' 합정역 5번출구 앞','정기','F','30대',27,1240.9,11.84,51080,329
'2017-02','224',' 롯데캐슬 앞','정기','F','30대',24,711.51,6.85,29540,159
'2017-02','225',' 앙카라공원 앞','정기','F','30대',45,918.44,9.72,41670,298
'2017-02','226',' 샛강역 1번출구 앞','정기','F','30대',4,399.19,3.64,15720,88
'2017-02','207',' 여의나루역 1번출구 앞','정기','F','30대',15,555.08,5.12,22050,141
'2017-02','401',' 상암월드컵파크 10단지 앞','정기','F','30대',16,1718.2,15.54,66940,389
'2017-02','402',' 상암월드컵파크 9단지 앞','정기','F','30대',25,1135.4,9.74,41900,268
'2017-02','403',' 부엉이공원 앞','정기','F','30대',1,101.16,0.91,3930,25
'2017-02','106',' 합정역 7번출구 앞','정기','F','30대',57,3835.18,35.38,152490,876
'2017-02','405',' DMC빌 앞','정기','F','30대',8,287.23,3.14,13490,261
'2017-02','406',' 상암월드컵파크 7단지 앞','정기','F','30대',3,171.69,1.82,7890,88
'2017-02','421',' 마포구청 앞','정기','F','30대',54,2992.55,28.09,120940,732
'2017-02','407',' 마포구 육아종합지원센터','정기','F','30대',12,421.62,4.55,19620,417
'2017-02','408',' LG CNS앞','정기','F','30대',8,299.21,2.65,11420,104
'2017-02','420',' 서울시 공공자전거 상암센터','정기','F','30대',11,787.78,7.97,34430,382
'2017-02','409',' 누리꿈스퀘어 옆','정기','F','30대',34,1207.66,11.64,50260,394
'2017-02','419',' 홈플러스 앞','정기','F','30대',47,2463.7,23.81,102690,895
'2017-02','410',' 상암중학교 옆','정기','F','30대',5,134.87,1.32,5670,35
'2017-02','418',' 월드컵경기장역 3번출구 옆','정기','F','30대',7,470.18,4.7,20270,176
'2017-02','107',' 신한은행 서교동금융센터점 앞','정기','F','30대',30,1768.59,18,77550,429
'2017-02','411',' DMC홍보관','정기','F','30대',14,1266.74,11.74,50540,291
'2017-02','412',' DMC산학협력연구센터 앞','정기','F','30대',50,2703.48,28.15,121470,654
'2017-02','417',' DMC역 2번출구 옆','정기','F','30대',10,578.89,5.49,23660,93
'2017-02','414',' 상암동주민센터 옆','정기','F','30대',24,1215.08,10.71,46090,284
'2017-02','415',' DMC역 9번출구 앞','정기','F','30대',16,1122.19,10.44,44960,244
'2017-02','416',' 상암월드컵파크 1단지 교차로','정기','F','30대',44,2451.05,23.47,101210,538
'2017-02','500',' 어린이대공원역 3번출구 앞','정기','F','30대',8,536.84,4.39,18900,261
'2017-02','501',' 광진구의회 앞','정기','F','30대',11,285.07,3.15,13640,103
'2017-02','502',' 뚝섬유원지역 1번출구 앞','정기','F','30대',17,765.13,7.73,33340,222
'2017-02','108',' 서교동 사거리','정기','F','40대',7,402.18,4.27,18440,181
'2017-02','503',' 더샵스타시티 C동 앞','정기','F','40대',22,1387.69,11.33,48850,231
'2017-02','504',' 신자초교입구교차로','정기','F','40대',7,346.27,4.01,17250,170
'2017-02','505',' 자양사거리 광진아크로텔 앞','정기','F','40대',2,82.89,0.72,3120,58
'2017-02','507',' 성수아이에스비즈타워 앞','정기','F','40대',2,149.45,1.2,5170,24
'2017-02','508',' 성수아카데미타워 앞','정기','F','40대',2,106.74,0.94,4020,30
'2017-02','509',' 이마트 버스정류소 옆','정기','F','40대',1,128.62,1.08,4640,31
'2017-02','510',' 서울숲 남문 버스정류소 옆','정기','F','40대',2,352.36,3.44,14830,56
'2017-02','511',' 서울숲역 4번 출구 옆','정기','F','40대',1,136.38,1.14,4920,41
'2017-02','512',' 뚝섬역 1번 출구 옆','정기','F','40대',11,185.11,1.9,8090,125
'2017-02','109',' 제일빌딩 앞','정기','F','40대',1,92.31,0.73,3150,26
'2017-02','400',' 상암한화오벨리스크 1차 앞','정기','F','40대',8,157.61,1.47,6310,216
'2017-02','513',' 뚝섬역 5번 출구 정류소 옆','정기','F','40대',10,153.96,1.57,6670,41
'2017-02','514',' 성수사거리 버스정류장 앞','정기','F','40대',18,1513.6,12.74,54910,322
'2017-02','515',' 광양중학교 앞','정기','F','40대',2,71.2,0.71,3080,73
'2017-02','516',' 광진메디칼 앞','정기','F','40대',1,50.89,0.6,2570,21
'2017-02','300',' 정동사거리','정기','F','40대',8,314.89,3,12940,104
'2017-02','301',' 경복궁역 7번출구 앞','정기','F','40대',4,139.61,1.2,5140,35
'2017-02','302',' 경복궁역 4번출구 뒤','정기','F','40대',5,214.92,1.97,8470,91
'2017-02','303',' 광화문역 1번출구 앞','정기','F','40대',12,700.22,7.14,30850,429
'2017-02','115',' 사루비아 빌딩 앞','정기','F','40대',4,180.96,1.68,7240,43
'2017-02','304',' 광화문역 2번출구 앞','정기','F','40대',5,103.16,0.96,4190,57
'2017-02','305',' 종로구청 옆','정기','F','40대',6,289.97,2.97,12760,83
'2017-02','306',' 광화문역 7번출구 앞','정기','F','40대',3,239.62,2.49,10740,137
'2017-02','307',' 서울역사박물관 앞','정기','F','40대',5,463.21,3.8,16330,138
'2017-02','308',' 광화문 S타워 앞','정기','F','40대',1,8.58,0.09,380,42
'2017-02','309',' 광화문역 6번출구 옆','정기','F','40대',2,49.52,0.56,2410,59
'2017-02','310',' 청계광장 옆','정기','F','40대',8,300.18,2.74,11830,85
'2017-02','311',' 서울광장 옆','정기','F','40대',8,182.77,1.77,7630,54
'2017-02','312',' 시청역 1번출구 뒤','정기','F','40대',5,135.95,1.56,6720,82
'2017-02','313',' 서울역 광장 파출소 옆','정기','F','40대',3,107.15,0.7,3050,23
'2017-02','110',' 사천교','정기','F','40대',18,1195.67,11.03,47580,344
'2017-02','314',' 국립현대미술관','정기','F','40대',7,248.2,2.17,9320,71
'2017-02','315',' 신한은행 안국역지점 옆','정기','F','40대',6,250.73,2.17,9330,78
'2017-02','316',' 종각역 1번출구 앞','정기','F','40대',10,1318.68,11.69,50450,327
'2017-02','318',' 광교사거리 남측','정기','F','40대',2,35.5,0.38,1630,10
'2017-02','320',' 을지로입구역 4번출구 앞','정기','F','40대',10,925.34,8.1,34980,236
'2017-02','321',' KEB 하나은행 본점 앞','정기','F','40대',3,80.61,0.75,3230,20
'2017-02','322',' 명동성당 앞','정기','F','40대',8,408.76,3.67,15880,128
'2017-02','116',' 일진아이윌아파트 옆','정기','F','40대',24,1177.9,11.73,50590,419
'2017-02','326',' 안국역 5번출구 앞','정기','F','40대',27,1131.55,10.75,46380,339
'2017-02','327',' 낙원상가 옆','정기','F','40대',8,654.68,5.8,25010,193
'2017-02','328',' 탑골공원 앞','정기','F','40대',23,2739.44,26.16,112690,614
'2017-02','329',' 청계2가 사거리 옆','정기','F','40대',3,193.31,1.85,7970,47
'2017-02','330',' 청계천 한빛광장','정기','F','40대',7,419.15,4.56,19670,141
'2017-02','331',' 을지로2가 사거리 북측','정기','F','40대',4,402.58,3.9,16830,113
'2017-02','332',' 을지로2가 사거리 남측','정기','F','40대',5,209.17,1.72,7390,62
'2017-02','111',' 상수역 2번출구 앞','정기','F','40대',8,502.62,4.62,19940,122
'2017-02','334',' 종로3가역 2번출구 뒤','정기','F','40대',3,117.53,1.23,5280,27
'2017-02','335',' 종로3가역 15번출구 앞','정기','F','40대',18,388.63,3.54,15320,244
'2017-02','337',' 창경궁 입구','정기','F','40대',14,353.17,3.23,13720,147
'2017-02','338',' 세운스퀘어 앞','정기','F','40대',18,914.39,8.37,35960,256
'2017-02','339',' 종로4가 사거리','정기','F','40대',10,529.42,5.06,21830,240
'2017-02','340',' 혜화동 로터리','정기','F','40대',15,1977.73,15.04,64770,472
'2017-02','341',' 혜화역 3번출구 뒤','정기','F','40대',8,400.36,3.62,15600,134
'2017-02','342',' 대학로 마로니에공원','정기','F','40대',9,391.79,3.31,14240,108
'2017-02','343',' 예일빌딩(율곡로) 앞','정기','F','40대',1,20.24,0.16,700,4
'2017-02','112',' 극동방송국 앞','정기','F','40대',4,102.97,0.93,4000,29
'2017-02','344',' 성균관대 E하우스 앞','정기','F','40대',15,538.77,4.7,20310,184
'2017-02','345',' 서울보증보험본사 앞','정기','F','40대',21,1123.79,9.89,42610,361
'2017-02','346',' 맥스타일 앞','정기','F','40대',1,48.65,0.44,1890,11
'2017-02','347',' 동대문역사문화공원역 9번출구 앞','정기','F','40대',1,19.29,0.27,1160,7
'2017-02','349',' 사직동주민센터','정기','F','40대',3,31.37,0.33,1390,105
'2017-02','350','KEB 하나은행(내자동 지점) 앞','정기','F','40대',10,683.58,7.26,31290,199
'2017-02','352',' 중앙고입구 삼거리','정기','F','40대',12,874.05,6.52,28120,86
'2017-02','353',' 재동초교 앞 삼거리','정기','F','40대',8,319.62,2.83,12240,130
'2017-02','117',' 홍은사거리','정기','F','40대',3,310.77,3.49,15060,73
'2017-02','354',' 포르투갈 대사관 앞','정기','F','40대',20,966.88,9.99,43080,314
'2017-02','355',' 서울사대부속초교 앞','정기','F','40대',3,198.48,1.58,6800,57
'2017-02','356',' KT혜화지사 앞','정기','F','40대',3,334.94,2.54,10970,76
'2017-02','358',' 성대입구 사거리','정기','F','40대',2,390.29,2.86,12320,81
'2017-02','359',' 원남동사거리','정기','F','40대',6,194.9,1.81,7790,52
'2017-02','361',' 동묘앞역 1번출구 뒤','정기','F','40대',19,1110.54,9.74,41880,687
'2017-02','362',' 청계8가 사거리','정기','F','40대',8,357.95,3.26,14100,118
'2017-02','363',' 신설동역 11번출구 뒤','정기','F','40대',2,31.6,0.32,1400,34
'2017-02','364',' 창신역 1번출구 앞','정기','F','40대',6,216.12,2.03,8740,71
'2017-02','113',' 홍대입구역 2번출구 앞','정기','F','40대',75,3919.19,41.16,177380,968
'2017-02','367',' 독립문역 3-1번출구 ','정기','F','40대',9,3326.1,28.91,124640,96
'2017-02','368',' SK 서린빌딩 앞','정기','F','40대',2,152.34,1.41,6070,34
'2017-02','369',' 광화문 시민열린마당','정기','F','40대',3,128.4,1.5,6470,40
'2017-02','348',' 독립문역 사거리','정기','F','40대',3,127.46,1.15,4940,81
'2017-02','370',' 시청역(2호선) 9번출구 뒤','정기','F','40대',11,324.62,3.39,14610,103
'2017-02','371',' 동대입구역 6번출구 뒤','정기','F','40대',7,470.74,4.43,19070,126
'2017-02','373',' 청구 어린이공원','정기','F','40대',3,73.36,1.03,4410,36
'2017-02','374',' 청구역 2번출구 앞','정기','F','40대',2,37.76,0.53,2270,14
'2017-02','118',' 광흥창역 2번출구 앞','정기','F','40대',15,458.65,4.59,19870,113
'2017-02','375',' 다산 어린이공원','정기','F','40대',18,558.43,6.69,28780,228
'2017-02','377',' 서울역 4번출구 앞','정기','F','40대',3,221.76,1.65,7150,58
'2017-02','378',' 청계7가 사거리','정기','F','40대',6,92.01,1.02,4460,54
'2017-02','379',' 서울역9번출구','정기','F','40대',1,25.54,0.3,1290,9
'2017-02','380',' CJ제일제당 앞','정기','F','40대',12,418.16,4.98,21550,187
'2017-02','383',' 신당역 12번 출구 뒤','정기','F','40대',2,69.76,0.63,2710,27
'2017-02','384',' 종로학원본원 ','정기','F','40대',2,41.76,0.43,1850,37
'2017-02','114',' 홍대입구역 8번출구 앞','정기','F','40대',9,575.89,6.47,27850,187
'2017-02','142',' 아현역 4번출구 앞','정기','F','40대',1,41.34,0.4,1740,7
'2017-02','143',' 공덕역 2번출구','정기','F','40대',2,413.42,4.03,17400,90
'2017-02','144',' 공덕역 8번출구','정기','F','40대',7,640.46,5.06,21820,208
'2017-02','145',' 공덕역 5번출구','정기','F','40대',12,244.18,2.46,10610,82
'2017-02','146',' 마포역 1번출구 뒤','정기','F','40대',5,434.69,4.18,18040,120
'2017-02','148',' 용강동 주민센터 앞','정기','F','40대',17,2426.21,24.05,103550,463
'2017-02','150',' 서강대역 2번출구 앞','정기','F','40대',6,198.11,2.09,9020,57
'2017-02','151',' 망원1동주민센터','정기','F','40대',17,937.49,8.91,38330,259
'2017-02','152',' 마포구민체육센터 앞','정기','F','40대',27,1653.15,16.02,69100,491
'2017-02','119',' 서강나루 공원','정기','F','40대',2,440.15,3.6,15510,90
'2017-02','153',' 성산2교 사거리','정기','F','40대',10,314.4,2.96,12670,74
'2017-02','154',' 마포구청역 ','정기','F','40대',15,573.87,6.22,26850,404
'2017-02','155',' 가좌역1 번출구 뒤','정기','F','40대',1,15.44,0.15,650,3
'2017-02','156',' 서울서부지방법원 앞','정기','F','40대',15,273.76,2.53,10810,154
'2017-02','157',' 애오개역 4번출구 앞','정기','F','40대',1,32.67,0.38,1650,7
'2017-02','158',' 독립문 어린이 공원','정기','F','40대',13,493.8,5.16,22290,147
'2017-02','159',' 이대역 4번 출구','정기','F','40대',5,464.51,3.99,17210,132
'2017-02','160',' 북아현동 가구거리','정기','F','40대',2,106.89,1.12,4830,36
'2017-02','161',' 무악재역1번 출구','정기','F','40대',5,435.24,3.88,16700,103
'2017-02','162',' 봉원고가차도 밑','정기','F','40대',1,48.82,0.43,1840,14
'2017-02','120',' 신수동 사거리','정기','F','40대',4,246.19,2.36,10180,92
'2017-02','163',' 명지전문대학교 정문 앞','정기','F','40대',4,390.39,3.74,16160,110
'2017-02','164',' 북가좌1동 주민센터 ','정기','F','40대',7,677.07,6.63,28570,133
'2017-02','165',' 중앙근린공원','정기','F','40대',22,1010.56,10.77,46330,158
'2017-02','166',' 가재울 초등학교','정기','F','40대',10,696.48,6.35,27360,150
'2017-02','167',' 연가초등학교 옆','정기','F','40대',5,436.7,3.83,16480,163
'2017-02','169',' 북가좌 삼거리','정기','F','40대',7,640.24,5.79,25010,139
'2017-02','170',' 가재울 뉴타운 주유소 옆','정기','F','40대',19,4406.08,38.84,167460,633
'2017-02','171',' 임광빌딩 앞','정기','F','40대',23,1662.12,18.38,79210,483
'2017-02','172',' 서대문소방서','정기','F','40대',4,538.17,5.24,22560,136
'2017-02','121',' 마포소방서 앞','정기','F','40대',1,49.94,0.45,1940,11
'2017-02','173',' 서대문역 8번출구 앞','정기','F','40대',11,693.12,5.7,24640,122
'2017-02','175',' 홍연2교옆','정기','F','40대',4,128.04,1.26,5430,42
'2017-02','179',' 가좌역 4번출구 앞','정기','F','40대',4,157.8,1.52,6530,62
'2017-02','180',' 충정로역 7번출구 뒤','정기','F','40대',12,326.71,3.17,13750,65
'2017-02','518',' 청계천 박물관 앞','정기','F','40대',9,415.03,4.76,20550,239
'2017-02','519',' 양지사거리','정기','F','40대',17,436.98,3.94,17050,76
'2017-02','520',' 상왕십리역 4번 출구 앞','정기','F','40대',9,363.36,3.08,13230,78
'2017-02','521',' 왕십리역 11번 출구 앞','정기','F','40대',1,76.74,0.88,3800,49
'2017-02','122',' 신성기사식당 앞','정기','F','40대',4,447.61,4.03,17390,198
'2017-02','525',' 한양대병원사거리','정기','F','40대',2,143.35,1.49,6420,32
'2017-02','526',' 용답토속공원 앞','정기','F','40대',5,138.4,1.48,6340,81
'2017-02','529',' 장한평역 8번 출구 앞','정기','F','40대',4,97.83,0.89,3830,21
'2017-02','530',' 청계벽산아파트 앞','정기','F','40대',6,582.75,5.25,22640,122
'2017-02','533',' 우리은행 금호동 지점 앞','정기','F','40대',1,210.04,1.89,8160,44
'2017-02','536',' 행당역 2번출구 앞','정기','F','40대',11,526.52,5.88,25340,215
'2017-02','123',' 문화촌 공원','정기','F','40대',1,39.73,0.41,1760,23
'2017-02','538',' 답십리역 8번출구 앞','정기','F','40대',25,1420.84,13.86,59800,354
'2017-02','550',' 서울시설공단 앞','정기','F','40대',1,29.12,0.3,1290,6
'2017-02','539',' 군자교교차로','정기','F','40대',11,570.85,5.18,22380,213
'2017-02','540',' 군자역 7번출구 베스트샵 앞','정기','F','40대',25,1414.45,16.11,69330,542
'2017-02','542',' 강변역 4번출구 뒤','정기','F','40대',13,224.3,1.98,8440,90
'2017-02','543',' 구의공원(테크노마트 앞)','정기','F','40대',2,99.23,0.83,3580,30
'2017-02','544',' 광남중학교','정기','F','40대',2,546.2,4.92,21220,104
'2017-02','546',' 잠실대교북단 교차로','정기','F','40대',1,19.56,0.22,950,5
'2017-02','548',' 자양나들목','정기','F','40대',2,19.77,0.22,960,9
'2017-02','549',' 아차산역 3번출구','정기','F','40대',2,113.42,0.98,4240,41
'2017-02','601',' 용신동주민센터','정기','F','40대',7,849.62,8.49,36530,170
'2017-02','602',' 장안동 사거리','정기','F','40대',22,2043.37,19.77,85270,507
'2017-02','604',' 답십리초등학교 옆 공원','정기','F','40대',2,45.93,0.48,2070,62
'2017-02','605',' 신설동역8번출구','정기','F','40대',3,138.25,1.57,6760,86
'2017-02','609',' 제기2교','정기','F','40대',3,214.03,1.97,8490,61
'2017-02','125',' 서강대 남문 옆','정기','F','40대',6,101.52,1.15,4920,32
'2017-02','610',' 동대문중 교차로','정기','F','40대',13,595.91,5.59,24020,165
'2017-02','612',' 시립동부병원 앞 사거리','정기','F','40대',3,57.72,0.56,2380,17
'2017-02','613',' 신설동역 10번출구 앞','정기','F','40대',3,110.35,1.15,4950,70
'2017-02','614',' 용두동 사거리','정기','F','40대',4,365.8,3.28,14090,82
'2017-02','615',' 용두동 레미안허브리츠아파트 앞','정기','F','40대',5,208.38,1.99,8590,82
'2017-02','617',' 청솔우성아파트 앞','정기','F','40대',9,199.77,1.84,7860,117
'2017-02','228',' 선유도역 3번출구 앞','정기','F','40대',3,408.21,4.51,19450,156
'2017-02','229',' 양평1 보행육교 앞','정기','F','40대',3,827.79,7.47,32160,149
'2017-02','126',' 서강대 후문 옆','정기','F','40대',35,929.5,9.56,41180,226
'2017-02','232',' 양평우림 이비즈센타 앞','정기','F','40대',8,328.59,3.86,16620,215
'2017-02','234',' 영등포구민체육센터 앞','정기','F','40대',7,108.6,1.07,4570,46
'2017-02','236',' 문래동자이아파트 앞','정기','F','40대',1,24.24,0.24,1020,22
'2017-02','239',' 유스호스텔 앞','정기','F','40대',7,244.2,2.86,12300,42
'2017-02','240',' 문래역 4번출구 앞','정기','F','40대',3,128.04,1.33,5770,100
'2017-02','127',' 현대벤처빌 앞','정기','F','40대',19,659.51,6.88,29680,399
'2017-02','241',' 신길우성1차아파트 앞 공원','정기','F','40대',1,18.28,0.16,710,5
'2017-02','242',' 신길선원가와인아파트 앞','정기','F','40대',3,134,1.31,5640,24
'2017-02','243',' 이앤씨드림타워 앞','정기','F','40대',2,191.2,2.12,9110,60
'2017-02','244',' 영등포삼환아파트 앞','정기','F','40대',3,251.92,2.01,8680,59
'2017-02','245',' 삼성생명 당산사옥 앞','정기','F','40대',2,176.02,1.61,6940,37
'2017-02','247',' 당산역 10번출구 앞','정기','F','40대',3,171.41,1.6,6910,54
'2017-02','248',' 초원아파트 앞','정기','F','40대',2,116.18,1.14,4890,73
'2017-02','250',' 대림아파트 사거리','정기','F','40대',3,503.62,5,21520,144
'2017-02','251',' 서울지방병무청 버스정류장','정기','F','40대',2,136.45,1.05,4530,42
'2017-02','101',' (구)합정동 주민센터','정기','F','40대',2,144.66,1.31,5620,61
'2017-02','128',' 신촌역(2호선) 1번출구 옆','정기','F','40대',1,67.86,0.63,2720,12
'2017-02','252',' 보라매역4번출구','정기','F','40대',27,2389.39,26.34,113510,654
'2017-02','253',' 신풍역 5번출구 인근','정기','F','40대',10,278.95,2.71,11740,60
'2017-02','254',' 도림신협 앞','정기','F','40대',1,10.93,0.11,460,2
'2017-02','255',' 도림4거리','정기','F','40대',6,142.07,1.4,5980,57
'2017-02','257',' 신길삼거리(우리은행)','정기','F','40대',16,730.77,7.55,32540,213
'2017-02','258',' 신길역3번출구','정기','F','40대',1,35.52,0.32,1380,10
'2017-02','259',' 대방역6번출구','정기','F','40대',27,590.5,6.08,26100,132
'2017-02','701',' 목동사거리 부근','정기','F','40대',1,0.24,0,10,6
'2017-02','129',' 신촌역(2호선) 6번출구 옆','정기','F','40대',3,182.03,1.74,7540,62
'2017-02','703',' 오목교역 7번출구 앞','정기','F','40대',10,810.22,7.94,34200,262
'2017-02','704',' 남부법원검찰청 교차로','정기','F','40대',2,169.17,1.82,7860,53
'2017-02','708',' 서울출입국관리사무소 앞','정기','F','40대',5,464.33,5.05,21770,169
'2017-02','709',' 신정3동 현장민원실 앞','정기','F','40대',1,318.15,2.39,10300,47
'2017-02','130',' 신촌역(2호선) 7번출구 앞','정기','F','40대',6,306.4,3.12,13430,113
'2017-02','800',' 목월공원 앞','정기','F','40대',1,194.18,2.19,9430,40
'2017-02','802',' 한강진역 2번 출구 앞','정기','F','40대',2,370.91,2.97,12800,81
'2017-02','805',' 문배어린이공원 앞','정기','F','40대',2,102.8,1.03,4400,59
'2017-02','806',' 전자랜드 본관 앞','정기','F','40대',3,632.8,4.74,20440,127
'2017-02','807',' 서울역 12번 출구 앞','정기','F','40대',5,513.74,5.22,22480,150
'2017-02','808',' 서빙고동 금호맨션 앞','정기','F','40대',1,65.69,0.66,2860,15
'2017-02','131',' 증산2교','정기','F','40대',3,121.57,1.42,6140,36
'2017-02','812',' 용산전쟁기념관','정기','F','40대',5,1290.53,9.5,40950,176
'2017-02','813',' 삼각지역 3번출구','정기','F','40대',2,44.35,0.33,1400,7
'2017-02','815',' LIG강촌아파트 103동앞','정기','F','40대',1,28.75,0.28,1210,13
'2017-02','385',' 종각역 5번출구','정기','F','40대',4,90.48,0.82,3570,27
'2017-02','386',' 올림픽기념 국민생활관 앞','정기','F','40대',8,389.4,3.85,16640,101
'2017-02','182',' 망원2빗물펌프장 앞','정기','F','40대',9,722.63,6.64,28680,246
'2017-02','183',' 하늘채코오롱아파트 건너편','정기','F','40대',48,3943.46,41.41,178690,722
'2017-02','184',' SK망원동주유소 건너편','정기','F','40대',7,601.89,5.57,24060,188
'2017-02','185',' 마포 신수공원 앞','정기','F','40대',10,933.23,8.34,35920,151
'2017-02','186',' 월드컵공원','정기','F','40대',7,696.9,6.86,29590,230
'2017-02','191',' 정명학원','정기','F','40대',5,334.61,3.01,13000,127
'2017-02','178',' 증산3교 앞','정기','F','40대',2,172.08,1.75,7560,68
'2017-02','133',' 해담는다리','정기','F','40대',4,456.88,3.96,17090,162
'2017-02','194',' 증산교 앞','정기','F','40대',2,2357.44,21.29,91790,38
'2017-02','195',' 모래내고가차도 ','정기','F','40대',33,1347.27,10.72,46180,312
'2017-02','196',' 연희교차로 인근','정기','F','40대',11,970.23,9.06,39180,197
'2017-02','198',' 충정2교','정기','F','40대',1,16.93,0.17,750,28
'2017-02','557',' 도선동 주민센터 앞','정기','F','40대',8,212.97,1.96,8430,92
'2017-02','558',' 성동광진 교육지원청 앞','정기','F','40대',17,703.89,6.86,29560,369
'2017-02','134',' 연세로 명물길','정기','F','40대',16,1149.85,9.42,40550,451
'2017-02','559',' 왕십리역 4번 출구 건너편','정기','F','40대',9,772.47,5.88,25260,195
'2017-02','561',' 서울숲역 2번출구 앞','정기','F','40대',3,124.03,1.12,4840,37
'2017-02','562',' 군자지하보도 앞','정기','F','40대',7,311.66,2.59,11120,99
'2017-02','563',' 성동세무서 건너편','정기','F','40대',9,378.13,3.03,13080,77
'2017-02','564',' 금호역 3번출구','정기','F','40대',1,21.38,0.21,900,6
'2017-02','565',' 옥수역 3번출구','정기','F','40대',3,429.09,3.84,16530,79
'2017-02','567',' 성수역 2번출구 앞','정기','F','40대',9,778.39,7.48,32310,185
'2017-02','568',' 청계8가사거리 부근','정기','F','40대',24,690.97,6.21,26600,177
'2017-02','569',' 응봉현대아파트 정류소','정기','F','40대',1,54.61,0.46,1970,11
'2017-02','579',' 마장역 4번출구','정기','F','40대',25,748.29,7.11,30580,207
'2017-02','582',' 경일중학교 앞','정기','F','40대',3,203.94,2.39,10300,98
'2017-02','583',' 청계천 생태교실 앞','정기','F','40대',1,176.22,2.06,8900,34
'2017-02','551',' 구의삼성쉐르빌 앞','정기','F','40대',22,1643.58,13.74,59160,317
'2017-02','552',' 대림아크로리버 앞','정기','F','40대',2,61.59,0.6,2600,29
'2017-02','553',' 중곡 성원APT 앞','정기','F','40대',7,2068.45,18.6,80190,351
'2017-02','136',' 대흥동 주민센터','정기','F','40대',6,582.15,5.32,22970,155
'2017-02','554',' 아차산역 사거리','정기','F','40대',15,1124.75,9.05,38990,191
'2017-02','572',' 국립정신 건강센터 앞','정기','F','40대',2,90.76,0.86,3710,35
'2017-02','573',' 구의문주차장 앞','정기','F','40대',3,113.93,0.95,4110,24
'2017-02','574',' 아차산역4번출구','정기','F','40대',3,226.65,2.07,8940,46
'2017-02','576',' 광나루역 3번 출구','정기','F','40대',3,181.29,1.51,6540,89
'2017-02','577',' 광진청소년수련관','정기','F','40대',3,112.59,0.99,4270,33
'2017-02','621',' 동대문중학교 옆','정기','F','40대',3,117.14,1.19,5100,25
'2017-02','137',' NH농협 신촌지점 앞','정기','F','40대',2,102.67,1.03,4430,37
'2017-02','622',' 전농사거리 교통섬','정기','F','40대',20,1448.01,13.29,57300,492
'2017-02','623',' 서울시립대 정문 앞','정기','F','40대',2,197.03,1.95,8400,53
'2017-02','624',' 전농동 동아아파트 앞','정기','F','40대',3,153.73,1.51,6470,73
'2017-02','627',' 장안동삼거리 교통섬','정기','F','40대',5,259.23,2.33,10010,87
'2017-02','630',' 동대문구 보건소','정기','F','40대',18,915.24,9.72,41900,406
'2017-02','631',' 답십리역 1번출구','정기','F','40대',9,309.77,3.13,13500,94
'2017-02','102',' 망원역 1번출구 앞','정기','F','40대',29,1237.45,10.08,43530,319
'2017-02','633',' 청량리 기업은행 앞','정기','F','40대',2,102.96,0.78,3380,24
'2017-02','634',' 외국어대 정문 앞','정기','F','40대',3,214.06,2.17,9320,74
'2017-02','636',' 세종대왕기념관 교차로','정기','F','40대',6,350.93,3.31,14240,219
'2017-02','638',' 서울시립대 정보기술관','정기','F','40대',1,132.82,1.3,5590,32
'2017-02','641',' 용두역 4번출구','정기','F','40대',7,526.84,4.83,20790,108
'2017-02','642',' 신답역 사거리','정기','F','40대',5,186.53,1.84,7850,63
'2017-02','140',' 이화여대 후문','정기','F','40대',2,83.19,0.78,3390,25
'2017-02','643',' 동대문구민체육센터 (육교아래)','정기','F','40대',16,1462.54,14.6,62960,331
'2017-02','230',' 영등포구청역 1번출구','정기','F','40대',4,133.02,1.28,5480,59
'2017-02','262',' 영문초등학교 사거리','정기','F','40대',1,18.83,0.19,820,7
'2017-02','263',' 근로자회관 사거리','정기','F','40대',2,68.43,0.5,2160,15
'2017-02','264',' 교보생명보험 앞','정기','F','40대',5,102.22,1.19,5110,32
'2017-02','265',' 영등포유통상가 사거리','정기','F','40대',2,74.39,0.74,3210,24
'2017-02','266',' 영등포청과시장 사거리','정기','F','40대',23,2161.39,22.93,98840,654
'2017-02','267',' 삼성화재 사옥 옆','정기','F','40대',4,218.42,2.17,9400,47
'2017-02','268',' 그랜드컨벤션센터 앞','정기','F','40대',1,35.14,0.35,1530,10
'2017-02','271',' 샛강생태공원방문자센터 앞','정기','F','40대',13,758.66,6.41,27640,166
'2017-02','716','신정6동 주민센터 인근','정기','F','40대',8,341.32,3.27,14110,107
'2017-02','139',' 연세대 정문 건너편','정기','F','40대',3,84.97,0.83,3560,53
'2017-02','816',' 신용산역 6번출구 앞','정기','F','40대',3,133.41,1.24,5330,38
'2017-02','819',' 선린인터넷 고등학교','정기','F','40대',2,108.03,1.15,4980,39
'2017-02','820',' 청파동입구 교차로','정기','F','40대',2,159.59,1.44,6200,34
'2017-02','822',' 이촌1동 마을공원','정기','F','40대',2,112.93,0.99,4270,23
'2017-02','823',' 효창동주민센터 앞','정기','F','40대',1,39.5,0.41,1750,24
'2017-02','825',' 서빙고동 주민센터 앞','정기','F','40대',5,913.77,9.05,38990,206
'2017-02','199',' 서울 월드컵 경기장','정기','F','40대',14,526.37,4.72,20450,106
'2017-02','388',' 동성중학교 앞','정기','F','40대',2,89.75,0.73,3150,21
'2017-02','586',' 마장동 주민센터','정기','F','40대',1,10.69,0.12,500,6
'2017-02','900',' 은평예술회관','정기','F','40대',7,396.68,3.73,16040,136
'2017-02','901',' 응암1동사무소','정기','F','40대',15,1946.63,21.6,93170,657
'2017-02','200',' 국회의원회관','정기','F','40대',2,332.37,3.54,15260,78
'2017-02','903',' 은평뉴타운 아이파크','정기','F','40대',3,173.35,1.58,6820,76
'2017-02','904',' 은평뉴타운 푸르지오','정기','F','40대',5,360.26,3.2,13780,90
'2017-02','905',' 구파발역 2번출구','정기','F','40대',8,755.87,6.78,29190,217
'2017-02','906',' 연신내역 5번출구150M 아래','정기','F','40대',8,808.36,6.94,30000,217
'2017-02','907',' CJ 드림시티','정기','F','40대',17,1054.19,10.66,45990,386
'2017-02','908',' 구산역 4번출구','정기','F','40대',4,137.35,1.15,4950,85
'2017-02','909',' 백련산 힐스테이트 3차','정기','F','40대',17,988.11,9.44,40720,184
'2017-02','911',' 은평평화공원(역촌역4번출구)','정기','F','40대',10,388.48,4.06,17550,172
'2017-02','201',' 진미파라곤 앞','정기','F','40대',2,115.47,1.13,4860,30
'2017-02','912',' 응암오거리','정기','F','40대',19,1632.05,16.09,69390,557
'2017-02','913',' 이마트 은평점','정기','F','40대',29,1560.81,14.47,62420,609
'2017-02','914',' 새절역 2번출구','정기','F','40대',11,2238.14,17.03,73410,379
'2017-02','915',' 증산역 4번출구','정기','F','40대',12,573,5.75,24720,169
'2017-02','916',' 평생학습관 앞','정기','F','40대',5,104.18,1.12,4820,57
'2017-02','917',' 녹번역 4번출구','정기','F','40대',7,393.66,3.88,16720,151
'2017-02','919',' 서울혁신파크','정기','F','40대',6,660.05,6.2,26740,218
'2017-02','921',' 신도고등학교','정기','F','40대',3,265.46,2.05,8850,102
'2017-02','202',' 국민일보 앞','정기','F','40대',3,81.86,0.77,3360,21
'2017-02','922',' 연신내역 4번출구','정기','F','40대',1,24.2,0.22,940,9
'2017-02','923',' 국민은행 연서지점','정기','F','40대',12,871.53,8.52,36680,161
'2017-02','924',' 메뚜기다리','정기','F','40대',2,216.55,1.59,6860,42
'2017-02','926',' 불광역 8번출구','정기','F','40대',12,1084.18,10.5,45230,248
'2017-02','927',' 연신내역 3번출구 인근','정기','F','40대',6,749.52,6.55,28250,167
'2017-02','930',' 구 서부경찰서 건너편','정기','F','40대',2,83.22,0.66,2840,157
'2017-02','931',' 역촌파출소','정기','F','40대',1,74.42,0.81,3480,39
'2017-02','932',' 예일여중','정기','F','40대',14,577.57,5.2,22310,178
'2017-02','933',' LG서비스 역촌점','정기','F','40대',7,406.64,4.29,18530,126
'2017-02','587',' KEB하나은행 성수중앙지점','정기','F','40대',16,1215.26,13.19,56830,376
'2017-02','588',' 뚝섬 유원지역','정기','F','40대',1,24.16,0.28,1220,12
'2017-02','103',' 망원역 2번출구 앞','정기','F','40대',22,1069.37,10.14,43620,349
'2017-02','205',' 산업은행 앞','정기','F','40대',3,461.56,4.11,17730,121
'2017-02','206',' KBS 앞','정기','F','40대',28,5775.22,51.24,220930,880
'2017-02','209',' 유진투자증권빌딩 앞','정기','F','40대',13,1181.9,10.31,44430,225
'2017-02','210',' IFC몰','정기','F','40대',30,1825.85,18.66,80440,551
'2017-02','211',' 여의도역 4번출구 옆','정기','F','40대',8,157.68,1.58,6800,58
'2017-02','212',' 여의도역 1번출구 옆','정기','F','40대',14,543.33,5.13,22060,165
'2017-02','213',' KT앞','정기','F','40대',5,135.53,1.24,5320,41
'2017-02','104',' 합정역 1번출구 앞','정기','F','40대',2,208.77,1.92,8300,52
'2017-02','214',' 금융감독원 앞','정기','F','40대',1,44.41,0.41,1780,70
'2017-02','218',' 증권거래소 앞','정기','F','40대',5,133.25,1.24,5350,32
'2017-02','219',' 롯데캐슬엠파이어 옆','정기','F','40대',24,720.62,8.44,36280,246
'2017-02','220',' 미성아파트 A동 앞','정기','F','40대',9,287.3,2.56,11030,88
'2017-02','215',' 여의도고교 앞','정기','F','40대',2,206.4,2.48,10680,54
'2017-02','216',' 삼부아파트1동 앞','정기','F','40대',37,1016.41,10.2,43820,311
'2017-02','217',' NH농협은행 앞','정기','F','40대',10,178.93,1.84,7960,48
'2017-02','221',' 여의도초교 앞','정기','F','40대',1,27.44,0.29,1260,11
'2017-02','222',' 시범아파트버스정류장 옆','정기','F','40대',14,334.08,3.3,14220,100
'2017-02','223',' 진주아파트상가 앞','정기','F','40대',3,104.37,1.31,5630,36
'2017-02','105',' 합정역 5번출구 앞','정기','F','40대',8,281.88,3.38,14500,304
'2017-02','224',' 롯데캐슬 앞','정기','F','40대',30,2875.08,30.47,131380,651
'2017-02','225',' 앙카라공원 앞','정기','F','40대',22,2006.41,22.83,98320,511
'2017-02','226',' 샛강역 1번출구 앞','정기','F','40대',9,451.28,4.1,17660,89
'2017-02','207',' 여의나루역 1번출구 앞','정기','F','40대',4,658.07,7.35,31710,31
'2017-02','401',' 상암월드컵파크 10단지 앞','정기','F','40대',29,901.05,9.16,39430,362
'2017-02','402',' 상암월드컵파크 9단지 앞','정기','F','40대',3,87.42,0.85,3690,34
'2017-02','403',' 부엉이공원 앞','정기','F','40대',24,2263.51,21.99,94810,438
'2017-02','106',' 합정역 7번출구 앞','정기','F','40대',4,212.97,2.29,9890,65
'2017-02','405',' DMC빌 앞','정기','F','40대',19,641.84,6.4,27630,202
'2017-02','406',' 상암월드컵파크 7단지 앞','정기','F','40대',16,439.44,3.97,17200,122
'2017-02','421',' 마포구청 앞','정기','F','40대',26,1734.76,17.15,73840,445
'2017-02','407',' 마포구 육아종합지원센터','정기','F','40대',2,144.22,1.37,5920,48
'2017-02','408',' LG CNS앞','정기','F','40대',8,283.72,2.59,11180,109
'2017-02','420',' 서울시 공공자전거 상암센터','정기','F','40대',2,28.55,0.27,1180,6
'2017-02','409',' 누리꿈스퀘어 옆','정기','F','40대',25,937.49,9.29,40020,304
'2017-02','419',' 홈플러스 앞','정기','F','40대',32,5083.35,54.46,234680,1246
'2017-02','410',' 상암중학교 옆','정기','F','40대',5,649.85,6.37,27460,182
'2017-02','418',' 월드컵경기장역 3번출구 옆','정기','F','40대',7,762.03,7.71,33200,176
'2017-02','107',' 신한은행 서교동금융센터점 앞','정기','F','40대',27,2160.9,20.7,89340,483
'2017-02','411',' DMC홍보관','정기','F','40대',6,216.94,1.91,8220,55
'2017-02','412',' DMC산학협력연구센터 앞','정기','F','40대',18,420.69,4.62,19880,113
'2017-02','413',' 상암월드컵파크 3단지 후문','정기','F','40대',58,3367.14,30.97,133310,649
'2017-02','417',' DMC역 2번출구 옆','정기','F','40대',3,110.23,1.12,4840,29
'2017-02','414',' 상암동주민센터 옆','정기','F','40대',3,174.61,1.49,6410,46
'2017-02','415',' DMC역 9번출구 앞','정기','F','40대',9,421.19,4.52,19430,128
'2017-02','416',' 상암월드컵파크 1단지 교차로','정기','F','40대',34,2040.47,19.45,83940,346
'2017-02','501',' 광진구의회 앞','정기','F','40대',5,167.4,1.54,6630,56
'2017-02','502',' 뚝섬유원지역 1번출구 앞','정기','F','40대',4,674.98,7.91,34090,130
'2017-02','503',' 더샵스타시티 C동 앞','정기','F','50대',16,988.6,8.98,38700,444
'2017-02','504',' 신자초교입구교차로','정기','F','50대',1,22.91,0.21,890,4
'2017-02','505',' 자양사거리 광진아크로텔 앞','정기','F','50대',3,186.56,1.64,7080,68
'2017-02','509',' 이마트 버스정류소 옆','정기','F','50대',1,31.13,0.3,1310,7
'2017-02','511',' 서울숲역 4번 출구 옆','정기','F','50대',1,27.09,0.26,1140,7
'2017-02','512',' 뚝섬역 1번 출구 옆','정기','F','50대',2,250.58,2.53,10910,61
'2017-02','109',' 제일빌딩 앞','정기','F','50대',4,273.53,2.5,10820,116
'2017-02','400',' 상암한화오벨리스크 1차 앞','정기','F','50대',12,784.82,7.07,30490,185
'2017-02','515',' 광양중학교 앞','정기','F','50대',1,33.2,0.3,1290,5
'2017-02','516',' 광진메디칼 앞','정기','F','50대',2,23.76,0.23,1000,12
'2017-02','300',' 정동사거리','정기','F','50대',4,176.57,1.92,8260,52
'2017-02','301',' 경복궁역 7번출구 앞','정기','F','50대',14,424.46,4.28,18390,105
'2017-02','302',' 경복궁역 4번출구 뒤','정기','F','50대',32,2400.95,21.7,93560,542
'2017-02','303',' 광화문역 1번출구 앞','정기','F','50대',22,919.89,10.34,44430,276
'2017-02','115',' 사루비아 빌딩 앞','정기','F','50대',2,172.73,1.8,7740,61
'2017-02','304',' 광화문역 2번출구 앞','정기','F','50대',1,138.12,1.01,4360,27
'2017-02','305',' 종로구청 옆','정기','F','50대',6,304.7,2.91,12550,95
'2017-02','306',' 광화문역 7번출구 앞','정기','F','50대',8,223.98,2.47,10570,91
'2017-02','307',' 서울역사박물관 앞','정기','F','50대',4,193.23,1.86,8000,155
'2017-02','308',' 광화문 S타워 앞','정기','F','50대',20,1809.01,17.65,76040,311
'2017-02','309',' 광화문역 6번출구 옆','정기','F','50대',1,83.4,0.81,3510,14
'2017-02','311',' 서울광장 옆','정기','F','50대',1,17.21,0.19,820,4
'2017-02','312',' 시청역 1번출구 뒤','정기','F','50대',3,270.33,2.57,11070,52
'2017-02','314',' 국립현대미술관','정기','F','50대',2,92.47,0.64,2780,30
'2017-02','316',' 종각역 1번출구 앞','정기','F','50대',9,593.26,5.17,22360,223
'2017-02','318',' 광교사거리 남측','정기','F','50대',3,147.33,1.62,7020,52
'2017-02','320',' 을지로입구역 4번출구 앞','정기','F','50대',2,72.2,0.8,3440,25
'2017-02','321',' KEB 하나은행 본점 앞','정기','F','50대',17,610.1,6.98,30210,130
'2017-02','116',' 일진아이윌아파트 옆','정기','F','50대',6,450.8,3.3,14230,125
'2017-02','324',' 신세계백화점 본점 앞','정기','F','50대',1,27.7,0.31,1320,17
'2017-02','327',' 낙원상가 옆','정기','F','50대',16,1129.97,10.19,43900,283
'2017-02','328',' 탑골공원 앞','정기','F','50대',2,217.65,1.59,6870,34
'2017-02','329',' 청계2가 사거리 옆','정기','F','50대',3,153.91,1.5,6470,45
'2017-02','332',' 을지로2가 사거리 남측','정기','F','50대',1,48,0.47,2020,6
'2017-02','334',' 종로3가역 2번출구 뒤','정기','F','50대',1,52.77,0.48,2050,12
'2017-02','335',' 종로3가역 15번출구 앞','정기','F','50대',1,50.13,0.49,2110,8
'2017-02','336',' 티마크 호텔 앞','정기','F','50대',2,116.95,0.99,4280,56
'2017-02','337',' 창경궁 입구','정기','F','50대',4,76.35,0.69,2950,33
'2017-02','339',' 종로4가 사거리','정기','F','50대',10,372.53,3.38,14620,122
'2017-02','340',' 혜화동 로터리','정기','F','50대',12,1603.69,14.47,62290,417
'2017-02','341',' 혜화역 3번출구 뒤','정기','F','50대',7,193.09,1.79,7730,77
'2017-02','342',' 대학로 마로니에공원','정기','F','50대',13,233.67,2.09,9060,32
'2017-02','343',' 예일빌딩(율곡로) 앞','정기','F','50대',3,109.01,0.97,4190,103
'2017-02','112',' 극동방송국 앞','정기','F','50대',6,321.69,2.1,9030,65
'2017-02','344',' 성균관대 E하우스 앞','정기','F','50대',2,91.63,0.82,3560,97
'2017-02','345',' 서울보증보험본사 앞','정기','F','50대',4,100.84,1.1,4730,34
'2017-02','346',' 맥스타일 앞','정기','F','50대',1,45.94,0.34,1450,7
'2017-02','347',' 동대문역사문화공원역 9번출구 앞','정기','F','50대',23,2070.92,20.22,87160,342
'2017-02','349',' 사직동주민센터','정기','F','50대',4,582.2,5.77,24880,152
'2017-02','351',' 청운초교 앞 삼거리','정기','F','50대',17,751.01,7.07,30630,162
'2017-02','117',' 홍은사거리','정기','F','50대',2,204.12,1.84,7930,45
'2017-02','355',' 서울사대부속초교 앞','정기','F','50대',24,348.45,3.07,13390,278
'2017-02','358',' 성대입구 사거리','정기','F','50대',19,701.33,6.18,26650,186
'2017-02','359',' 원남동사거리','정기','F','50대',2,71.18,0.78,3340,42
'2017-02','361',' 동묘앞역 1번출구 뒤','정기','F','50대',24,1590.94,18.64,80350,501
'2017-02','362',' 청계8가 사거리','정기','F','50대',18,381.52,3.28,14080,87
'2017-02','113',' 홍대입구역 2번출구 앞','정기','F','50대',3,149.12,1.16,4990,53
'2017-02','370',' 시청역(2호선) 9번출구 뒤','정기','F','50대',1,24.56,0.27,1170,10
'2017-02','371',' 동대입구역 6번출구 뒤','정기','F','50대',2,130.68,0.91,3960,39
'2017-02','374',' 청구역 2번출구 앞','정기','F','50대',1,16.99,0.15,660,2
'2017-02','118',' 광흥창역 2번출구 앞','정기','F','50대',4,377.28,3.69,15930,104
'2017-02','377',' 서울역 4번출구 앞','정기','F','50대',1,18.68,0.21,890,8
'2017-02','378',' 청계7가 사거리','정기','F','50대',12,464.48,4.31,18570,146
'2017-02','379',' 서울역9번출구','정기','F','50대',1,107.99,0.7,3030,20
'2017-02','383',' 신당역 12번 출구 뒤','정기','F','50대',2,35.78,0.32,1390,9
'2017-02','142',' 아현역 4번출구 앞','정기','F','50대',3,167.01,1.39,5990,42
'2017-02','146',' 마포역 1번출구 뒤','정기','F','50대',1,62.77,0.74,3170,39
'2017-02','147',' 마포역 4번출구 뒤','정기','F','50대',2,169.27,1.91,8220,58
'2017-02','150',' 서강대역 2번출구 앞','정기','F','50대',1,33.26,0.23,1000,6
'2017-02','119',' 서강나루 공원','정기','F','50대',15,467.05,3.57,15390,89
'2017-02','153',' 성산2교 사거리','정기','F','50대',1,84.93,0.89,3830,23
'2017-02','155',' 가좌역1 번출구 뒤','정기','F','50대',1,28.39,0.3,1280,13
'2017-02','156',' 서울서부지방법원 앞','정기','F','50대',7,331.02,2.39,10280,96
'2017-02','158',' 독립문 어린이 공원','정기','F','50대',1,75.62,0.78,3350,22
'2017-02','159',' 이대역 4번 출구','정기','F','50대',1,79.36,0.77,3340,39
'2017-02','160',' 북아현동 가구거리','정기','F','50대',1,35.05,0.39,1670,12
'2017-02','162',' 봉원고가차도 밑','정기','F','50대',8,964.74,8.7,37480,196
'2017-02','120',' 신수동 사거리','정기','F','50대',1,31.05,0.26,1120,13
'2017-02','164',' 북가좌1동 주민센터 ','정기','F','50대',19,2710.35,24.44,105360,581
'2017-02','166',' 가재울 초등학교','정기','F','50대',3,112.63,1.27,5470,38
'2017-02','171',' 임광빌딩 앞','정기','F','50대',7,168.74,1.86,8040,66
'2017-02','172',' 서대문소방서','정기','F','50대',1,53.95,0.55,2390,10
'2017-02','175',' 홍연2교옆','정기','F','50대',1,55.8,0.63,2710,24
'2017-02','179',' 가좌역 4번출구 앞','정기','F','50대',3,81.71,0.66,2860,17
'2017-02','180',' 충정로역 7번출구 뒤','정기','F','50대',21,835.97,9.76,42220,275
'2017-02','518',' 청계천 박물관 앞','정기','F','50대',2,334.62,3.02,13000,69
'2017-02','519',' 양지사거리','정기','F','50대',1,26.36,0.24,1040,17
'2017-02','521',' 왕십리역 11번 출구 앞','정기','F','50대',3,75.78,0.69,2990,52
'2017-02','122',' 신성기사식당 앞','정기','F','50대',5,139.35,1.02,4440,118
'2017-02','536',' 행당역 2번출구 앞','정기','F','50대',6,250.13,2.17,9330,67
'2017-02','123',' 문화촌 공원','정기','F','50대',1,21.36,0.19,830,10
'2017-02','539',' 군자교교차로','정기','F','50대',1,42.72,0.43,1860,12
'2017-02','540',' 군자역 7번출구 베스트샵 앞','정기','F','50대',1,31.6,0.31,1330,7
'2017-02','544',' 광남중학교','정기','F','50대',3,493.75,5.26,22670,100
'2017-02','546',' 잠실대교북단 교차로','정기','F','50대',9,373.65,3.23,13850,161
'2017-02','548',' 자양나들목','정기','F','50대',6,148.52,1.33,5770,28
'2017-02','549',' 아차산역 3번출구','정기','F','50대',1,32.16,0.32,1400,7
'2017-02','124',' 서강대 정문 건너편','정기','F','50대',2,104.12,0.72,3130,33
'2017-02','602',' 장안동 사거리','정기','F','50대',19,793.14,8.22,35440,239
'2017-02','604',' 답십리초등학교 옆 공원','정기','F','50대',12,248.94,2.64,11430,409
'2017-02','610',' 동대문중 교차로','정기','F','50대',1,27.44,0.29,1260,40
'2017-02','613',' 신설동역 10번출구 앞','정기','F','50대',2,35.12,0.4,1740,57
'2017-02','614',' 용두동 사거리','정기','F','50대',1,23.27,0.26,1130,7
'2017-02','228',' 선유도역 3번출구 앞','정기','F','50대',13,1007.85,10.17,43880,250
'2017-02','126',' 서강대 후문 옆','정기','F','50대',1,76.51,0.49,2100,11
'2017-02','231',' 남부고용노동지청 남측','정기','F','50대',11,680.15,5.32,22900,117
'2017-02','234',' 영등포구민체육센터 앞','정기','F','50대',1,13.54,0.1,450,2
'2017-02','238',' 제2구민체육센타 앞','정기','F','50대',9,405.84,3.81,16480,160
'2017-02','239',' 유스호스텔 앞','정기','F','50대',10,351.61,3.18,13660,261
'2017-02','243',' 이앤씨드림타워 앞','정기','F','50대',9,292.73,2.45,10560,212
'2017-02','244',' 영등포삼환아파트 앞','정기','F','50대',10,601.73,4.7,20260,121
'2017-02','247',' 당산역 10번출구 앞','정기','F','50대',12,468.54,4.16,17840,128
'2017-02','248',' 초원아파트 앞','정기','F','50대',14,1038.68,9.86,42510,248
'2017-02','249',' 여의도중학교 옆','정기','F','50대',13,949,8.63,37230,170
'2017-02','253',' 신풍역 5번출구 인근','정기','F','50대',9,210.94,1.62,7010,41
'2017-02','259',' 대방역6번출구','정기','F','50대',2,115.19,0.94,4040,16
'2017-02','129',' 신촌역(2호선) 6번출구 옆','정기','F','50대',4,278.41,1.9,8150,42
'2017-02','130',' 신촌역(2호선) 7번출구 앞','정기','F','50대',1,20.59,0.24,1040,4
'2017-02','800',' 목월공원 앞','정기','F','50대',27,1183.41,11.51,49530,430
'2017-02','802',' 한강진역 2번 출구 앞','정기','F','50대',2,386.63,3.73,16060,77
'2017-02','803',' 한남초교 앞 보도육교','정기','F','50대',6,1577.6,14.21,61290,237
'2017-02','806',' 전자랜드 본관 앞','정기','F','50대',3,116.06,1.26,5410,43
'2017-02','131',' 증산2교','정기','F','50대',2,381.1,4.19,18070,87
'2017-02','810',' 이태원지하보도','정기','F','50대',1,145.41,1.42,6120,42
'2017-02','811',' 녹사평역1번출구','정기','F','50대',4,235.46,2.28,9840,95
'2017-02','812',' 용산전쟁기념관','정기','F','50대',1,65.1,0.64,2740,26
'2017-02','813',' 삼각지역 3번출구','정기','F','50대',8,465.74,4.23,18200,156
'2017-02','815',' LIG강촌아파트 103동앞','정기','F','50대',1,103.68,1.15,4940,53
'2017-02','385',' 종각역 5번출구','정기','F','50대',3,58.14,0.64,2770,21
'2017-02','386',' 올림픽기념 국민생활관 앞','정기','F','50대',1,193.25,1.42,6100,50
'2017-02','387',' 훈련원공원주차장 앞','정기','F','50대',24,1000.04,11.48,49570,252
'2017-02','181',' 망원초록길 입구','정기','F','50대',2,266.11,3.25,14000,77
'2017-02','182',' 망원2빗물펌프장 앞','정기','F','50대',5,892.06,8.43,36340,194
'2017-02','183',' 하늘채코오롱아파트 건너편','정기','F','50대',5,269.99,1.91,8230,59
'2017-02','184',' SK망원동주유소 건너편','정기','F','50대',1,61.5,0.39,1670,17
'2017-02','185',' 마포 신수공원 앞','정기','F','50대',9,1635.1,14.17,61090,277
'2017-02','186',' 월드컵공원','정기','F','50대',3,200.79,2.49,10710,77
'2017-02','191',' 정명학원','정기','F','50대',1,63.16,0.64,2750,18
'2017-02','178',' 증산3교 앞','정기','F','50대',1,71.56,0.64,2780,14
'2017-02','133',' 해담는다리','정기','F','50대',6,449.79,5.11,22010,122
'2017-02','194',' 증산교 앞','정기','F','50대',9,666.89,6.2,26690,193
'2017-02','195',' 모래내고가차도 ','정기','F','50대',1,33.98,0.31,1320,10
'2017-02','196',' 연희교차로 인근','정기','F','50대',9,790.59,7.92,34140,230
'2017-02','198',' 충정2교','정기','F','50대',5,130.18,1.44,6190,137
'2017-02','558',' 성동광진 교육지원청 앞','정기','F','50대',3,133.84,1.57,6760,35
'2017-02','560',' 비전교회 앞','정기','F','50대',14,421.74,4.11,17750,145
'2017-02','562',' 군자지하보도 앞','정기','F','50대',7,123.3,1.21,5190,21
'2017-02','565',' 옥수역 3번출구','정기','F','50대',9,1944.15,20.09,86580,407
'2017-02','568',' 청계8가사거리 부근','정기','F','50대',4,541.85,4.27,18410,131
'2017-02','569',' 응봉현대아파트 정류소','정기','F','50대',2,64.96,0.7,3020,20
'2017-02','579',' 마장역 4번출구','정기','F','50대',3,132.86,1.56,6710,35
'2017-02','582',' 경일중학교 앞','정기','F','50대',2,312.57,2.04,8770,71
'2017-02','583',' 청계천 생태교실 앞','정기','F','50대',6,1390.75,10.12,43640,211
'2017-02','136',' 대흥동 주민센터','정기','F','50대',19,434.31,4.66,19940,96
'2017-02','554',' 아차산역 사거리','정기','F','50대',18,1139.81,10.51,45320,404
'2017-02','555',' 구의3동주민센터','정기','F','50대',13,1082.46,9.04,39050,390
'2017-02','572',' 국립정신 건강센터 앞','정기','F','50대',1,159.85,1.44,6210,44
'2017-02','573',' 구의문주차장 앞','정기','F','50대',5,309.94,2.78,12030,103
'2017-02','576',' 광나루역 3번 출구','정기','F','50대',3,260.84,2.18,9410,102
'2017-02','577',' 광진청소년수련관','정기','F','50대',2,470.44,5.01,21600,91
'2017-02','137',' NH농협 신촌지점 앞','정기','F','50대',2,32.95,0.33,1440,12
'2017-02','623',' 서울시립대 정문 앞','정기','F','50대',1,19.48,0.19,820,5
'2017-02','625',' 답십리초등학교 앞(현대시장 옆)','정기','F','50대',28,970.93,10.34,44580,361
'2017-02','626',' 군자교 서측 녹지대','정기','F','50대',1,362.1,2.36,10160,39
'2017-02','627',' 장안동삼거리 교통섬','정기','F','50대',7,1387.53,12.61,54350,179
'2017-02','102',' 망원역 1번출구 앞','정기','F','50대',5,431.97,3.87,16650,192
'2017-02','635',' 시조사 앞 (청량고정문 옆)','정기','F','50대',7,555.84,5.67,24480,202
'2017-02','641',' 용두역 4번출구','정기','F','50대',1,96.78,0.87,3760,31
'2017-02','230',' 영등포구청역 1번출구','정기','F','50대',3,152.01,1.47,6320,36
'2017-02','263',' 근로자회관 사거리','정기','F','50대',2,78.76,0.7,3060,31
'2017-02','266',' 영등포청과시장 사거리','정기','F','50대',3,93.95,0.84,3650,83
'2017-02','267',' 삼성화재 사옥 옆','정기','F','50대',1,69.59,0.7,3030,15
'2017-02','272',' 당산육갑문','정기','F','50대',1,127.81,1.13,4890,41
'2017-02','139',' 연세대 정문 건너편','정기','F','50대',2,238.61,2.15,9270,59
'2017-02','719',' 홍익병원앞 교차로','정기','F','50대',4,165.25,1.49,6420,81
'2017-02','816',' 신용산역 6번출구 앞','정기','F','50대',17,739.59,7.43,32000,271
'2017-02','818',' 숙명여대 입구 교차로','정기','F','50대',13,660.29,6.31,27200,275
'2017-02','819',' 선린인터넷 고등학교','정기','F','50대',3,62.95,0.61,2610,25
'2017-02','822',' 이촌1동 마을공원','정기','F','50대',1,49.53,0.55,2360,17
'2017-02','823',' 효창동주민센터 앞','정기','F','50대',1,22.33,0.22,940,11
'2017-02','825',' 서빙고동 주민센터 앞','정기','F','50대',2,243.05,2.58,11140,78
'2017-02','199',' 서울 월드컵 경기장','정기','F','50대',16,1055.55,9.48,40830,257
'2017-02','388',' 동성중학교 앞','정기','F','50대',2,210.04,1.9,8160,61
'2017-02','584',' 광진광장 교통섬','정기','F','50대',8,261.84,2.57,11020,98
'2017-02','586',' 마장동 주민센터','정기','F','50대',20,1369.36,16.07,69160,396
'2017-02','901',' 응암1동사무소','정기','F','50대',15,248.41,3.2,13940,72
'2017-02','906',' 연신내역 5번출구150M 아래','정기','F','50대',1,48.69,0.54,2320,11
'2017-02','907',' CJ 드림시티','정기','F','50대',8,523.22,4.97,21440,115
'2017-02','909',' 백련산 힐스테이트 3차','정기','F','50대',1,122.01,1.1,4740,34
'2017-02','911',' 은평평화공원(역촌역4번출구)','정기','F','50대',17,260.45,2.84,12280,64
'2017-02','201',' 진미파라곤 앞','정기','F','50대',9,357.25,3.95,17020,137
'2017-02','912',' 응암오거리','정기','F','50대',4,204.63,1.84,7950,60
'2017-02','913',' 이마트 은평점','정기','F','50대',16,575.83,5.54,23820,193
'2017-02','914',' 새절역 2번출구','정기','F','50대',3,286.92,3.17,13670,76
'2017-02','916',' 평생학습관 앞','정기','F','50대',2,41.82,0.45,1920,10
'2017-02','921',' 신도고등학교','정기','F','50대',1,78.41,0.61,2640,28
'2017-02','202',' 국민일보 앞','정기','F','50대',1,65.01,0.67,2880,16
'2017-02','923',' 국민은행 연서지점','정기','F','50대',3,401.78,3.93,16910,117
'2017-02','928',' 은평역사한옥박물관','정기','F','50대',10,1045.4,10.07,43430,261
'2017-02','932',' 예일여중','정기','F','50대',1,75.79,0.77,3300,17
'2017-02','588',' 뚝섬 유원지역','정기','F','50대',1,27.28,0.25,1060,5
'2017-02','204',' 국회의사당역 5번출구 옆','정기','F','50대',1,15.32,0.17,730,6
'2017-02','206',' KBS 앞','정기','F','50대',1,30.41,0.3,1280,11
'2017-02','209',' 유진투자증권빌딩 앞','정기','F','50대',1,18.79,0.17,730,3
'2017-02','210',' IFC몰','정기','F','50대',2,376.15,2.84,12240,78
'2017-02','211',' 여의도역 4번출구 옆','정기','F','50대',4,1047.76,8.39,36160,198
'2017-02','212',' 여의도역 1번출구 옆','정기','F','50대',4,63.13,0.6,2530,16
'2017-02','213',' KT앞','정기','F','50대',16,1162.64,8.99,38780,322
'2017-02','104',' 합정역 1번출구 앞','정기','F','50대',3,228.4,1.68,7210,75
'2017-02','214',' 금융감독원 앞','정기','F','50대',3,590.1,4.77,20580,126
'2017-02','219',' 롯데캐슬엠파이어 옆','정기','F','50대',7,166.39,1.6,6950,44
'2017-02','220',' 미성아파트 A동 앞','정기','F','50대',9,270.29,2.58,11110,107
'2017-02','216',' 삼부아파트1동 앞','정기','F','50대',7,131.13,1.25,5400,41
'2017-02','217',' NH농협은행 앞','정기','F','50대',2,26.94,0.26,1080,9
'2017-02','221',' 여의도초교 앞','정기','F','50대',6,312.6,2.98,12790,127
'2017-02','222',' 시범아파트버스정류장 옆','정기','F','50대',6,201.85,2.09,8970,91
'2017-02','223',' 진주아파트상가 앞','정기','F','50대',1,19.71,0.18,790,5
'2017-02','105',' 합정역 5번출구 앞','정기','F','50대',3,91.47,0.72,3080,83
'2017-02','224',' 롯데캐슬 앞','정기','F','50대',13,286.9,2.68,11500,69
'2017-02','225',' 앙카라공원 앞','정기','F','50대',1,23.45,0.22,940,5
'2017-02','226',' 샛강역 1번출구 앞','정기','F','50대',4,95.05,0.88,3810,18
'2017-02','207',' 여의나루역 1번출구 앞','정기','F','50대',18,924.61,6.93,29800,300
'2017-02','401',' 상암월드컵파크 10단지 앞','정기','F','50대',6,371.26,3.67,15790,131
'2017-02','402',' 상암월드컵파크 9단지 앞','정기','F','50대',5,194.88,2.09,9050,137
'2017-02','403',' 부엉이공원 앞','정기','F','50대',6,242.66,2.25,9740,83
'2017-02','106',' 합정역 7번출구 앞','정기','F','50대',3,678.01,5.51,23780,115
'2017-02','406',' 상암월드컵파크 7단지 앞','정기','F','50대',36,1304.78,13.12,56570,469
'2017-02','421',' 마포구청 앞','정기','F','50대',18,1182.76,11.12,47970,387
'2017-02','407',' 마포구 육아종합지원센터','정기','F','50대',2,84.57,0.91,3920,26
'2017-02','408',' LG CNS앞','정기','F','50대',4,80.95,0.89,3830,54
'2017-02','420',' 서울시 공공자전거 상암센터','정기','F','50대',4,213.39,2.03,8780,50
'2017-02','409',' 누리꿈스퀘어 옆','정기','F','50대',14,615.91,7.38,31840,217
'2017-02','419',' 홈플러스 앞','정기','F','50대',16,1448.33,12.98,56000,325
'2017-02','410',' 상암중학교 옆','정기','F','50대',1,40.65,0.41,1770,11
'2017-02','418',' 월드컵경기장역 3번출구 옆','정기','F','50대',16,2076.35,19.36,83410,548
'2017-02','107',' 신한은행 서교동금융센터점 앞','정기','F','50대',1,52.91,0.39,1670,15
'2017-02','411',' DMC홍보관','정기','F','50대',5,259.91,2.7,11680,102
'2017-02','412',' DMC산학협력연구센터 앞','정기','F','50대',3,316.61,2.94,12670,125
'2017-02','417',' DMC역 2번출구 옆','정기','F','50대',2,63.07,0.57,2450,17
'2017-02','414',' 상암동주민센터 옆','정기','F','50대',6,380.98,4.25,18280,200
'2017-02','415',' DMC역 9번출구 앞','정기','F','50대',7,265.9,2.41,10330,50
'2017-02','416',' 상암월드컵파크 1단지 교차로','정기','F','50대',16,713.14,6.88,29770,357
'2017-02','501',' 광진구의회 앞','정기','F','50대',4,120.11,1.14,4940,170
'2017-02','502',' 뚝섬유원지역 1번출구 앞','정기','F','50대',2,157.73,1.65,7100,37
'2017-02','109',' 제일빌딩 앞','정기','F','60대',1,129.44,1.05,4540,20
'2017-02','400',' 상암한화오벨리스크 1차 앞','정기','F','60대',1,128.87,1.05,4520,20
'2017-02','514',' 성수사거리 버스정류장 앞','정기','F','60대',2,247.59,2.19,9440,58
'2017-02','300',' 정동사거리','정기','F','60대',2,428.31,3.86,16640,82
'2017-02','301',' 경복궁역 7번출구 앞','정기','F','60대',1,38.35,0.35,1490,8
'2017-02','302',' 경복궁역 4번출구 뒤','정기','F','60대',7,581,5.11,22040,152
'2017-02','303',' 광화문역 1번출구 앞','정기','F','60대',4,83.14,0.57,2470,17
'2017-02','115',' 사루비아 빌딩 앞','정기','F','60대',1,134.84,1.58,6810,56
'2017-02','304',' 광화문역 2번출구 앞','정기','F','60대',1,26.93,0.19,800,7
'2017-02','306',' 광화문역 7번출구 앞','정기','F','60대',1,52.77,0.48,2050,14
'2017-02','316',' 종각역 1번출구 앞','정기','F','60대',2,143.18,1.17,5080,21
'2017-02','321',' KEB 하나은행 본점 앞','정기','F','60대',1,75.68,0.68,2940,17
'2017-02','326',' 안국역 5번출구 앞','정기','F','60대',1,18.53,0.17,720,3
'2017-02','328',' 탑골공원 앞','정기','F','60대',1,47.62,0.39,1670,7
'2017-02','330',' 청계천 한빛광장','정기','F','60대',2,132.34,1.22,5230,42
'2017-02','331',' 을지로2가 사거리 북측','정기','F','60대',1,40.41,0.36,1570,17
'2017-02','332',' 을지로2가 사거리 남측','정기','F','60대',1,87.77,0.79,3410,23
'2017-02','111',' 상수역 2번출구 앞','정기','F','60대',1,70.42,0.57,2470,10
'2017-02','335',' 종로3가역 15번출구 앞','정기','F','60대',3,161.1,1.56,6730,56
'2017-02','342',' 대학로 마로니에공원','정기','F','60대',5,108.9,1.13,4910,12
'2017-02','343',' 예일빌딩(율곡로) 앞','정기','F','60대',1,38.14,0.4,1720,13
'2017-02','345',' 서울보증보험본사 앞','정기','F','60대',2,21.51,0.23,970,8
'2017-02','349',' 사직동주민센터','정기','F','60대',2,231.66,2.09,9000,61
'2017-02','350','KEB 하나은행(내자동 지점) 앞','정기','F','60대',1,37.78,0.37,1590,16
'2017-02','351',' 청운초교 앞 삼거리','정기','F','60대',16,3619.57,32.61,140620,801
'2017-02','117',' 홍은사거리','정기','F','60대',2,216.16,2.27,9770,86
'2017-02','355',' 서울사대부속초교 앞','정기','F','60대',3,43.91,0.46,1980,16
'2017-02','358',' 성대입구 사거리','정기','F','60대',1,35.04,0.37,1580,13
'2017-02','364',' 창신역 1번출구 앞','정기','F','60대',1,73.75,0.68,2910,29
'2017-02','379',' 서울역9번출구','정기','F','60대',1,73.62,0.66,2860,22
'2017-02','384',' 종로학원본원 ','정기','F','60대',1,63.3,0.52,2220,7
'2017-02','142',' 아현역 4번출구 앞','정기','F','60대',5,115.8,0.79,3440,32
'2017-02','143',' 공덕역 2번출구','정기','F','60대',2,202.93,2.36,10170,49
'2017-02','144',' 공덕역 8번출구','정기','F','60대',1,19.67,0.16,690,4
'2017-02','145',' 공덕역 5번출구','정기','F','60대',7,276.21,1.93,8360,55
'2017-02','156',' 서울서부지방법원 앞','정기','F','60대',1,46.19,0.38,1620,11
'2017-02','157',' 애오개역 4번출구 앞','정기','F','60대',1,63.68,0.62,2680,23
'2017-02','158',' 독립문 어린이 공원','정기','F','60대',1,0,0,0,14
'2017-02','161',' 무악재역1번 출구','정기','F','60대',1,35.5,0.38,1630,27
'2017-02','165',' 중앙근린공원','정기','F','60대',1,210.99,1.72,7400,38
'2017-02','173',' 서대문역 8번출구 앞','정기','F','60대',1,126.64,1.24,5330,41
'2017-02','518',' 청계천 박물관 앞','정기','F','60대',4,131.28,1.18,5100,32
'2017-02','122',' 신성기사식당 앞','정기','F','60대',1,112.91,0.92,3960,32
'2017-02','529',' 장한평역 8번 출구 앞','정기','F','60대',3,222.24,1.85,7960,59
'2017-02','538',' 답십리역 8번출구 앞','정기','F','60대',2,92.51,0.67,2920,10
'2017-02','550',' 서울시설공단 앞','정기','F','60대',1,27.62,0.25,1090,8
'2017-02','601',' 용신동주민센터','정기','F','60대',1,117.02,1.37,5910,39
'2017-02','604',' 답십리초등학교 옆 공원','정기','F','60대',1,43.76,0.39,1700,18
'2017-02','612',' 시립동부병원 앞 사거리','정기','F','60대',2,66.15,0.6,2610,17
'2017-02','613',' 신설동역 10번출구 앞','정기','F','60대',1,112.74,1.02,4380,25
'2017-02','250',' 대림아파트 사거리','정기','F','60대',3,136.62,1.61,6900,72
'2017-02','251',' 서울지방병무청 버스정류장','정기','F','60대',6,334.82,3.93,16910,167
'2017-02','252',' 보라매역4번출구','정기','F','60대',1,28.23,0.23,990,3
'2017-02','253',' 신풍역 5번출구 인근','정기','F','60대',2,111.2,1,4320,24
'2017-02','259',' 대방역6번출구','정기','F','60대',1,66.43,0.54,2330,19
'2017-02','800',' 목월공원 앞','정기','F','60대',1,49.33,0.4,1730,11
'2017-02','802',' 한강진역 2번 출구 앞','정기','F','60대',1,102.36,0.83,3590,14
'2017-02','803',' 한남초교 앞 보도육교','정기','F','60대',9,381.2,3.44,14810,136
'2017-02','805',' 문배어린이공원 앞','정기','F','60대',10,579.27,5.64,24380,188
'2017-02','806',' 전자랜드 본관 앞','정기','F','60대',2,64.39,0.63,2710,16
'2017-02','807',' 서울역 12번 출구 앞','정기','F','60대',1,59.72,0.54,2320,10
'2017-02','131',' 증산2교','정기','F','60대',2,135.65,0.93,4030,53
'2017-02','809',' 한남 유수지 복개주차장','정기','F','60대',2,56.63,0.51,2200,17
'2017-02','813',' 삼각지역 3번출구','정기','F','60대',8,367.04,3.52,15180,118
'2017-02','815',' LIG강촌아파트 103동앞','정기','F','60대',3,763.29,6.87,29600,108
'2017-02','385',' 종각역 5번출구','정기','F','60대',2,175.29,1.85,7950,59
'2017-02','183',' 하늘채코오롱아파트 건너편','정기','F','60대',1,121.46,0.99,4260,16
'2017-02','186',' 월드컵공원','정기','F','60대',1,53.66,0.63,2710,22
'2017-02','188',' 홍은동 정원여중 입구','정기','F','60대',6,175.49,1.52,6590,45
'2017-02','133',' 해담는다리','정기','F','60대',2,159.21,1.1,4730,37
'2017-02','194',' 증산교 앞','정기','F','60대',2,243.8,2.67,11480,67
'2017-02','558',' 성동광진 교육지원청 앞','정기','F','60대',7,526.12,4.75,20440,164
'2017-02','559',' 왕십리역 4번 출구 건너편','정기','F','60대',2,114.9,1.04,4490,34
'2017-02','560',' 비전교회 앞','정기','F','60대',1,36.5,0.3,1280,8
'2017-02','562',' 군자지하보도 앞','정기','F','60대',1,80.31,0.72,3120,44
'2017-02','565',' 옥수역 3번출구','정기','F','60대',13,2575.04,23.2,100040,529
'2017-02','567',' 성수역 2번출구 앞','정기','F','60대',11,464.52,5.43,23460,182
'2017-02','581',' 용답초등학교','정기','F','60대',6,400.69,3.66,15810,133
'2017-02','576',' 광나루역 3번 출구','정기','F','60대',1,72.55,0.53,2290,16
'2017-02','627',' 장안동삼거리 교통섬','정기','F','60대',1,158.04,1.42,6140,43
'2017-02','631',' 답십리역 1번출구','정기','F','60대',1,179.4,1.88,8090,43
'2017-02','633',' 청량리 기업은행 앞','정기','F','60대',27,4710.93,42.48,183020,1141
'2017-02','637',' KAIST 경영대학 앞','정기','F','60대',4,205.41,1.87,7980,39
'2017-02','640',' KEB하나은행 청량리역지점','정기','F','60대',1,250.71,2.26,9740,57
'2017-02','641',' 용두역 4번출구','정기','F','60대',5,554.44,5,21540,109
'2017-02','267',' 삼성화재 사옥 옆','정기','F','60대',1,82.37,0.97,4160,34
'2017-02','816',' 신용산역 6번출구 앞','정기','F','60대',4,228.85,2.03,8780,66
'2017-02','817',' 삼각지역 4번출구 앞','정기','F','60대',3,100.21,0.85,3630,19
'2017-02','819',' 선린인터넷 고등학교','정기','F','60대',4,137.24,1.29,5560,56
'2017-02','820',' 청파동입구 교차로','정기','F','60대',1,82.92,0.81,3490,38
'2017-02','822',' 이촌1동 마을공원','정기','F','60대',2,156.53,1.28,5490,31
'2017-02','903',' 은평뉴타운 아이파크','정기','F','60대',1,116.61,0.95,4090,15
'2017-02','906',' 연신내역 5번출구150M 아래','정기','F','60대',7,206.11,1.84,7950,38
'2017-02','907',' CJ 드림시티','정기','F','60대',4,68.22,0.62,2650,12
'2017-02','908',' 구산역 4번출구','정기','F','60대',1,13.64,0.12,530,2
'2017-02','911',' 은평평화공원(역촌역4번출구)','정기','F','60대',1,38.35,0.35,1490,17
'2017-02','915',' 증산역 4번출구','정기','F','60대',2,288.13,1.98,8560,49
'2017-02','919',' 서울혁신파크','정기','F','60대',1,66.41,0.6,2580,11
'2017-02','925',' 불광역 2번출구','정기','F','60대',1,53.02,0.48,2060,11
'2017-02','103',' 망원역 2번출구 앞','정기','F','60대',1,135.43,1.1,4750,22
'2017-02','211',' 여의도역 4번출구 옆','정기','F','60대',1,21.95,0.18,770,2
'2017-02','213',' KT앞','정기','F','60대',1,18.53,0.15,650,3
'2017-02','104',' 합정역 1번출구 앞','정기','F','60대',2,130.68,1.3,5620,51
'2017-02','218',' 증권거래소 앞','정기','F','60대',1,22.33,0.28,1200,10
'2017-02','220',' 미성아파트 A동 앞','정기','F','60대',1,10.55,0.09,370,1
'2017-02','222',' 시범아파트버스정류장 옆','정기','F','60대',2,271.86,3.19,13730,98
'2017-02','226',' 샛강역 1번출구 앞','정기','F','60대',2,222.35,2.6,11230,82
'2017-02','106',' 합정역 7번출구 앞','정기','F','60대',2,281.3,2.45,10570,48
'2017-02','421',' 마포구청 앞','정기','F','60대',1,41.38,0.48,2090,24
'2017-02','408',' LG CNS앞','정기','F','60대',3,297.04,2.68,11540,100
'2017-02','418',' 월드컵경기장역 3번출구 옆','정기','F','60대',2,41.38,0.48,2090,13
'2017-02','107',' 신한은행 서교동금융센터점 앞','정기','F','60대',2,51.7,0.38,1640,8
'2017-02','417',' DMC역 2번출구 옆','정기','F','60대',2,27.72,0.32,1400,12
'2017-02','416',' 상암월드컵파크 1단지 교차로','정기','F','60대',8,657.05,7.65,33020,172
'2017-02','501',' 광진구의회 앞','정기','F','60대',19,624.7,7.35,31550,309
'2017-02','505',' 자양사거리 광진아크로텔 앞','정기','F','70대~',2,51.08,0.4,1720,7
'2017-02','514',' 성수사거리 버스정류장 앞','정기','F','70대~',1,43.12,0.46,1980,9
'2017-02','303',' 광화문역 1번출구 앞','정기','F','70대~',1,41.82,0.37,1600,10
'2017-02','305',' 종로구청 옆','정기','F','70대~',1,17.25,0.15,660,4
'2017-02','310',' 청계광장 옆','정기','F','70대~',1,45.48,0.4,1740,10
'2017-02','311',' 서울광장 옆','정기','F','70대~',3,155.95,1.32,5740,42
'2017-02','312',' 시청역 1번출구 뒤','정기','F','70대~',1,78.17,0.65,2820,31
'2017-02','313',' 서울역 광장 파출소 옆','정기','F','70대~',1,50.62,0.44,1880,8
'2017-02','314',' 국립현대미술관','정기','F','70대~',3,208.82,1.86,7990,51
'2017-02','315',' 신한은행 안국역지점 옆','정기','F','70대~',2,130.72,1.1,4750,38
'2017-02','316',' 종각역 1번출구 앞','정기','F','70대~',1,90.09,0.75,3250,18
'2017-02','318',' 광교사거리 남측','정기','F','70대~',1,29.01,0.26,1110,6
'2017-02','321',' KEB 하나은행 본점 앞','정기','F','70대~',1,20.73,0.18,770,5
'2017-02','116',' 일진아이윌아파트 옆','정기','F','70대~',1,26.37,0.26,1110,11
'2017-02','324',' 신세계백화점 본점 앞','정기','F','70대~',1,94.35,0.84,3610,30
'2017-02','326',' 안국역 5번출구 앞','정기','F','70대~',4,208.12,1.87,8030,66
'2017-02','327',' 낙원상가 옆','정기','F','70대~',2,17.76,0.16,690,4
'2017-02','328',' 탑골공원 앞','정기','F','70대~',3,160.52,1.39,5960,49
'2017-02','329',' 청계2가 사거리 옆','정기','F','70대~',1,60.98,0.51,2200,18
'2017-02','331',' 을지로2가 사거리 북측','정기','F','70대~',1,38.94,0.35,1490,9
'2017-02','338',' 세운스퀘어 앞','정기','F','70대~',1,52.95,0.44,1910,15
'2017-02','339',' 종로4가 사거리','정기','F','70대~',4,173.33,1.5,6460,93
'2017-02','341',' 혜화역 3번출구 뒤','정기','F','70대~',2,23.16,0.18,780,4
'2017-02','342',' 대학로 마로니에공원','정기','F','70대~',4,50.79,0.39,1710,9
'2017-02','345',' 서울보증보험본사 앞','정기','F','70대~',7,71.57,0.66,2780,46
'2017-02','350','KEB 하나은행(내자동 지점) 앞','정기','F','70대~',1,42.47,0.45,1950,9
'2017-02','352',' 중앙고입구 삼거리','정기','F','70대~',1,95.4,0.74,3170,20
'2017-02','353',' 재동초교 앞 삼거리','정기','F','70대~',4,132.24,1.18,5100,113
'2017-02','355',' 서울사대부속초교 앞','정기','F','70대~',1,38.33,0.41,1760,10
'2017-02','358',' 성대입구 사거리','정기','F','70대~',1,18.08,0.19,830,5
'2017-02','361',' 동묘앞역 1번출구 뒤','정기','F','70대~',5,291.11,2.48,10690,65
'2017-02','113',' 홍대입구역 2번출구 앞','정기','F','70대~',2,124.09,1.17,5030,34
'2017-02','367',' 독립문역 3-1번출구 ','정기','F','70대~',3,225.64,1.89,8140,55
'2017-02','370',' 시청역(2호선) 9번출구 뒤','정기','F','70대~',1,45.44,0.35,1510,9
'2017-02','374',' 청구역 2번출구 앞','정기','F','70대~',1,34.85,0.37,1600,14
'2017-02','377',' 서울역 4번출구 앞','정기','F','70대~',1,51.4,0.55,2360,15
'2017-02','379',' 서울역9번출구','정기','F','70대~',1,139.76,1.2,5190,25
'2017-02','384',' 종로학원본원 ','정기','F','70대~',2,82.81,0.71,3070,23
'2017-02','114',' 홍대입구역 8번출구 앞','정기','F','70대~',1,87.26,0.79,3390,36
'2017-02','142',' 아현역 4번출구 앞','정기','F','70대~',2,96.19,0.8,3470,11
'2017-02','144',' 공덕역 8번출구','정기','F','70대~',1,38.41,0.45,1940,16
'2017-02','145',' 공덕역 5번출구','정기','F','70대~',7,283.74,3.33,14330,92
'2017-02','150',' 서강대역 2번출구 앞','정기','F','70대~',5,180.7,1.63,7020,67
'2017-02','153',' 성산2교 사거리','정기','F','70대~',25,1064.26,9.54,41100,365
'2017-02','156',' 서울서부지방법원 앞','정기','F','70대~',1,57.14,0.52,2220,11
'2017-02','158',' 독립문 어린이 공원','정기','F','70대~',1,162.65,1.4,6040,29
'2017-02','160',' 북아현동 가구거리','정기','F','70대~',3,121.76,1.42,6150,26
'2017-02','161',' 무악재역1번 출구','정기','F','70대~',1,140.34,1.03,4430,38
'2017-02','163',' 명지전문대학교 정문 앞','정기','F','70대~',9,756.58,6.07,26130,238
'2017-02','166',' 가재울 초등학교','정기','F','70대~',1,57.92,0.52,2250,18
'2017-02','167',' 연가초등학교 옆','정기','F','70대~',1,16.99,0.18,780,5
'2017-02','170',' 가재울 뉴타운 주유소 옆','정기','F','70대~',22,743.1,6.7,28870,214
'2017-02','171',' 임광빌딩 앞','정기','F','70대~',1,79.28,0.66,2860,18
'2017-02','172',' 서대문소방서','정기','F','70대~',1,31.36,0.31,1320,6
'2017-02','173',' 서대문역 8번출구 앞','정기','F','70대~',1,62.81,0.57,2440,31
'2017-02','175',' 홍연2교옆','정기','F','70대~',2,66.65,0.61,2660,17
'2017-02','179',' 가좌역 4번출구 앞','정기','F','70대~',12,467.96,4.24,18180,125
'2017-02','180',' 충정로역 7번출구 뒤','정기','F','70대~',1,49.1,0.58,2480,13
'2017-02','537',' 한양대후문역 부근','정기','F','70대~',1,49.22,0.52,2260,10
'2017-02','538',' 답십리역 8번출구 앞','정기','F','70대~',7,114.12,1.23,5240,43
'2017-02','542',' 강변역 4번출구 뒤','정기','F','70대~',2,77.52,0.6,2610,13
'2017-02','602',' 장안동 사거리','정기','F','70대~',3,201.72,1.81,7810,37
'2017-02','613',' 신설동역 10번출구 앞','정기','F','70대~',1,69,0.61,2640,19
'2017-02','617',' 청솔우성아파트 앞','정기','F','70대~',1,56.71,0.42,1790,7
'2017-02','228',' 선유도역 3번출구 앞','정기','F','70대~',1,12.2,0.13,560,14
'2017-02','240',' 문래역 4번출구 앞','정기','F','70대~',3,66.65,0.55,2370,24
'2017-02','127',' 현대벤처빌 앞','정기','F','70대~',1,51.28,0.43,1850,7
'2017-02','242',' 신길선원가와인아파트 앞','정기','F','70대~',1,35.28,0.38,1620,7
'2017-02','243',' 이앤씨드림타워 앞','정기','F','70대~',1,24.09,0.18,780,6
'2017-02','247',' 당산역 10번출구 앞','정기','F','70대~',1,22.87,0.24,1050,5
'2017-02','128',' 신촌역(2호선) 1번출구 옆','정기','F','70대~',1,71.04,0.69,2990,20
'2017-02','256',' 동아에코빌입구','정기','F','70대~',1,0,0,0,2
'2017-02','130',' 신촌역(2호선) 7번출구 앞','정기','F','70대~',3,208.23,1.88,8090,65
'2017-02','800',' 목월공원 앞','정기','F','70대~',3,280.59,2.41,10420,52
'2017-02','806',' 전자랜드 본관 앞','정기','F','70대~',2,184.11,1.5,6440,36
'2017-02','807',' 서울역 12번 출구 앞','정기','F','70대~',1,130.6,1.13,4850,29
'2017-02','808',' 서빙고동 금호맨션 앞','정기','F','70대~',1,82.27,0.64,2770,13
'2017-02','812',' 용산전쟁기념관','정기','F','70대~',2,141.96,1.11,4780,22
'2017-02','815',' LIG강촌아파트 103동앞','정기','F','70대~',3,328.48,2.56,11060,57
'2017-02','385',' 종각역 5번출구','정기','F','70대~',1,92.31,0.77,3330,25
'2017-02','183',' 하늘채코오롱아파트 건너편','정기','F','70대~',1,45.08,0.48,2070,41
'2017-02','177',' 북가좌 초등학교','정기','F','70대~',2,229.05,1.68,7230,41
'2017-02','558',' 성동광진 교육지원청 앞','정기','F','70대~',1,123.24,0.9,3890,20
'2017-02','560',' 비전교회 앞','정기','F','70대~',1,73.62,0.78,3380,20
'2017-02','553',' 중곡 성원APT 앞','정기','F','70대~',1,0,0,0,15
'2017-02','573',' 구의문주차장 앞','정기','F','70대~',3,84.43,0.76,3280,11
'2017-02','627',' 장안동삼거리 교통섬','정기','F','70대~',1,25.03,0.18,790,4
'2017-02','633',' 청량리 기업은행 앞','정기','F','70대~',1,29.84,0.32,1370,13
'2017-02','637',' KAIST 경영대학 앞','정기','F','70대~',1,123.87,0.91,3910,19
'2017-02','230',' 영등포구청역 1번출구','정기','F','70대~',1,27.18,0.2,880,5
'2017-02','262',' 영문초등학교 사거리','정기','F','70대~',3,219.92,1.65,7120,60
'2017-02','263',' 근로자회관 사거리','정기','F','70대~',1,18.95,0.2,870,3
'2017-02','264',' 교보생명보험 앞','정기','F','70대~',1,34.59,0.26,1120,30
'2017-02','816',' 신용산역 6번출구 앞','정기','F','70대~',4,354.92,2.77,11950,63
'2017-02','818',' 숙명여대 입구 교차로','정기','F','70대~',6,425.25,3.75,16110,265
'2017-02','819',' 선린인터넷 고등학교','정기','F','70대~',2,128.63,1.14,4900,37
'2017-02','820',' 청파동입구 교차로','정기','F','70대~',1,29.38,0.25,1060,6
'2017-02','199',' 서울 월드컵 경기장','정기','F','70대~',2,0,0,0,5
'2017-02','388',' 동성중학교 앞','정기','F','70대~',1,0,0,0,4
'2017-02','901',' 응암1동사무소','정기','F','70대~',1,135.99,1.17,5050,28
'2017-02','902',' 진관동 은빛초등학교','정기','F','70대~',1,76.45,0.81,3510,16
'2017-02','906',' 연신내역 5번출구150M 아래','정기','F','70대~',1,168.22,1.23,5310,29
'2017-02','908',' 구산역 4번출구','정기','F','70대~',2,20.04,0.21,920,10
'2017-02','201',' 진미파라곤 앞','정기','F','70대~',1,107.17,0.92,3980,19
'2017-02','912',' 응암오거리','정기','F','70대~',1,13.72,0.15,630,3
'2017-02','915',' 증산역 4번출구','정기','F','70대~',2,0,0,0,5
'2017-02','923',' 국민은행 연서지점','정기','F','70대~',1,67.16,0.49,2120,22
'2017-02','925',' 불광역 2번출구','정기','F','70대~',1,28.31,0.3,1300,6
'2017-02','926',' 불광역 8번출구','정기','F','70대~',1,74.76,0.55,2360,24
'2017-02','588',' 뚝섬 유원지역','정기','F','70대~',1,63.56,0.5,2140,9
'2017-02','203',' 국회의사당역 3번출구 옆','정기','F','70대~',1,13.72,0.15,630,2
'2017-02','211',' 여의도역 4번출구 옆','정기','F','70대~',2,45.74,0.49,2100,9
'2017-02','224',' 롯데캐슬 앞','정기','F','70대~',1,23.09,0.25,1060,6
'2017-02','106',' 합정역 7번출구 앞','정기','F','70대~',1,41.82,0.45,1920,7
'2017-02','406',' 상암월드컵파크 7단지 앞','정기','F','70대~',1,89.02,0.65,2810,33
'2017-02','421',' 마포구청 앞','정기','F','70대~',1,41.6,0.44,1910,12
'2017-02','420',' 서울시 공공자전거 상암센터','정기','F','70대~',1,24.71,0.18,780,26
'2017-02','419',' 홈플러스 앞','정기','F','70대~',1,72.55,0.53,2290,18
'2017-02','107',' 신한은행 서교동금융센터점 앞','정기','F','70대~',19,540.82,4.86,21010,178
'2017-02','108',' 서교동 사거리','정기','M','~10대',1,29.7,0.23,1000,10
'2017-02','506',' 금호 어울림 아파트 앞','정기','M','~10대',4,151.04,1.14,4890,28
'2017-02','507',' 성수아이에스비즈타워 앞','정기','M','~10대',2,33.72,0.3,1310,7
'2017-02','508',' 성수아카데미타워 앞','정기','M','~10대',4,54.62,0.45,1910,9
'2017-02','509',' 이마트 버스정류소 옆','정기','M','~10대',1,24.2,0.22,940,5
'2017-02','510',' 서울숲 남문 버스정류소 옆','정기','M','~10대',2,232.89,1.75,7540,95
'2017-02','512',' 뚝섬역 1번 출구 옆','정기','M','~10대',3,161.01,1.63,7010,31
'2017-02','400',' 상암한화오벨리스크 1차 앞','정기','M','~10대',19,3178.51,24.83,107020,475
'2017-02','514',' 성수사거리 버스정류장 앞','정기','M','~10대',12,463.92,3.58,15430,82
'2017-02','304',' 광화문역 2번출구 앞','정기','M','~10대',1,41.89,0.35,1490,18
'2017-02','305',' 종로구청 옆','정기','M','~10대',2,67.17,0.55,2360,14
'2017-02','306',' 광화문역 7번출구 앞','정기','M','~10대',1,12.59,0.12,530,5
'2017-02','308',' 광화문 S타워 앞','정기','M','~10대',1,69.04,0.74,3170,22
'2017-02','311',' 서울광장 옆','정기','M','~10대',1,8.49,0.08,330,2
'2017-02','312',' 시청역 1번출구 뒤','정기','M','~10대',1,14.16,0.13,550,4
'2017-02','314',' 국립현대미술관','정기','M','~10대',19,602.14,5.13,22050,60
'2017-02','315',' 신한은행 안국역지점 옆','정기','M','~10대',6,100.89,0.86,3710,70
'2017-02','318',' 광교사거리 남측','정기','M','~10대',1,131.58,0.99,4260,23
'2017-02','320',' 을지로입구역 4번출구 앞','정기','M','~10대',1,42.2,0.34,1480,10
'2017-02','116',' 일진아이윌아파트 옆','정기','M','~10대',3,556.34,4.66,20070,92
'2017-02','326',' 안국역 5번출구 앞','정기','M','~10대',1,25.87,0.21,920,5
'2017-02','329',' 청계2가 사거리 옆','정기','M','~10대',5,627.03,5.26,22620,110
'2017-02','331',' 을지로2가 사거리 북측','정기','M','~10대',2,26.15,0.19,790,6
'2017-02','332',' 을지로2가 사거리 남측','정기','M','~10대',1,75.16,0.6,2600,28
'2017-02','111',' 상수역 2번출구 앞','정기','M','~10대',1,104.84,0.82,3530,34
'2017-02','334',' 종로3가역 2번출구 뒤','정기','M','~10대',2,93.08,0.75,3220,26
'2017-02','335',' 종로3가역 15번출구 앞','정기','M','~10대',2,75.42,0.68,2930,32
'2017-02','338',' 세운스퀘어 앞','정기','M','~10대',5,205.28,2.01,8640,42
'2017-02','340',' 혜화동 로터리','정기','M','~10대',5,295.95,2.45,10560,103
'2017-02','342',' 대학로 마로니에공원','정기','M','~10대',1,58.94,0.53,2290,13
'2017-02','344',' 성균관대 E하우스 앞','정기','M','~10대',5,300.37,1.8,7740,40
'2017-02','346',' 맥스타일 앞','정기','M','~10대',3,146.58,1.33,5750,32
'2017-02','347',' 동대문역사문화공원역 9번출구 앞','정기','M','~10대',2,217.16,2.12,9140,50
'2017-02','351',' 청운초교 앞 삼거리','정기','M','~10대',3,182.39,1.52,6580,46
'2017-02','352',' 중앙고입구 삼거리','정기','M','~10대',1,102.56,0.81,3500,28
'2017-02','353',' 재동초교 앞 삼거리','정기','M','~10대',3,146.83,1.43,6180,21
'2017-02','117',' 홍은사거리','정기','M','~10대',2,50.99,0.38,1630,29
'2017-02','355',' 서울사대부속초교 앞','정기','M','~10대',5,442.85,3.56,15330,76
'2017-02','356',' KT혜화지사 앞','정기','M','~10대',5,225.11,1.8,7740,55
'2017-02','358',' 성대입구 사거리','정기','M','~10대',5,299.42,2.4,10320,115
'2017-02','361',' 동묘앞역 1번출구 뒤','정기','M','~10대',2,271.56,2.45,10550,71
'2017-02','367',' 독립문역 3-1번출구 ','정기','M','~10대',2,74.77,0.56,2390,10
'2017-02','369',' 광화문 시민열린마당','정기','M','~10대',1,96.23,0.94,4050,30
'2017-02','348',' 독립문역 사거리','정기','M','~10대',5,352.57,2.91,12540,64
'2017-02','370',' 시청역(2호선) 9번출구 뒤','정기','M','~10대',1,44.79,0.4,1740,12
'2017-02','118',' 광흥창역 2번출구 앞','정기','M','~10대',1,89.58,0.81,3480,53
'2017-02','380',' CJ제일제당 앞','정기','M','~10대',1,60.55,0.64,2780,17
'2017-02','382',' 약수역 10번출구 앞','정기','M','~10대',1,35.07,0.37,1610,10
'2017-02','114',' 홍대입구역 8번출구 앞','정기','M','~10대',1,45.44,0.35,1530,6
'2017-02','142',' 아현역 4번출구 앞','정기','M','~10대',15,676.23,6.1,26270,101
'2017-02','143',' 공덕역 2번출구','정기','M','~10대',3,869.62,6.79,29280,143
'2017-02','144',' 공덕역 8번출구','정기','M','~10대',2,99.1,0.9,3850,20
'2017-02','145',' 공덕역 5번출구','정기','M','~10대',25,2015.41,16.37,70580,387
'2017-02','150',' 서강대역 2번출구 앞','정기','M','~10대',1,89.4,0.7,3010,20
'2017-02','152',' 마포구민체육센터 앞','정기','M','~10대',1,214.83,1.8,7750,39
'2017-02','156',' 서울서부지방법원 앞','정기','M','~10대',3,234.69,1.96,8410,48
'2017-02','157',' 애오개역 4번출구 앞','정기','M','~10대',5,103.98,0.93,4040,16
'2017-02','160',' 북아현동 가구거리','정기','M','~10대',1,158.34,1.69,7270,45
'2017-02','161',' 무악재역1번 출구','정기','M','~10대',11,1097.42,8.72,37570,217
'2017-02','163',' 명지전문대학교 정문 앞','정기','M','~10대',4,166.81,1.37,5900,48
'2017-02','166',' 가재울 초등학교','정기','M','~10대',1,42.95,0.43,1870,23
'2017-02','167',' 연가초등학교 옆','정기','M','~10대',2,40.88,0.42,1780,6
'2017-02','173',' 서대문역 8번출구 앞','정기','M','~10대',4,461.75,3.42,14760,118
'2017-02','518',' 청계천 박물관 앞','정기','M','~10대',2,174.01,1.05,4530,61
'2017-02','524',' 래미안금호하이리버 아파트 102동 옆','정기','M','~10대',3,396.67,2.81,12110,96
'2017-02','525',' 한양대병원사거리','정기','M','~10대',4,656.06,4.15,17900,122
'2017-02','526',' 용답토속공원 앞','정기','M','~10대',1,177.85,1.07,4630,43
'2017-02','534',' 금호사거리','정기','M','~10대',1,144.25,1.08,4670,44
'2017-02','536',' 행당역 2번출구 앞','정기','M','~10대',7,861.66,6.08,26260,190
'2017-02','538',' 답십리역 8번출구 앞','정기','M','~10대',3,292.69,1.76,7620,82
'2017-02','542',' 강변역 4번출구 뒤','정기','M','~10대',1,120.15,0.9,3890,18
'2017-02','607',' 신이문역 2번출구','정기','M','~10대',3,239.38,2.16,9300,73
'2017-02','609',' 제기2교','정기','M','~10대',3,649.2,5.68,24450,143
'2017-02','610',' 동대문중 교차로','정기','M','~10대',2,19.25,0.19,810,77
'2017-02','614',' 용두동 사거리','정기','M','~10대',4,291.34,2.44,10510,80
'2017-02','617',' 청솔우성아파트 앞','정기','M','~10대',2,37.33,0.33,1450,14
'2017-02','126',' 서강대 후문 옆','정기','M','~10대',3,118.35,1.03,4470,24
'2017-02','235',' 신길동 우리은행 옆','정기','M','~10대',2,47.12,0.39,1700,7
'2017-02','241',' 신길우성1차아파트 앞 공원','정기','M','~10대',3,134.17,1.43,6160,118
'2017-02','247',' 당산역 10번출구 앞','정기','M','~10대',1,151.27,0.89,3820,19
'2017-02','249',' 여의도중학교 옆','정기','M','~10대',1,10.98,0.1,440,2
'2017-02','250',' 대림아파트 사거리','정기','M','~10대',1,53.76,0.42,1810,9
'2017-02','128',' 신촌역(2호선) 1번출구 옆','정기','M','~10대',6,326.69,2.62,11280,104
'2017-02','259',' 대방역6번출구','정기','M','~10대',2,58.93,0.48,2080,12
'2017-02','700',' KB국민은행 염창역 지점 앞','정기','M','~10대',1,194.54,1.52,6550,35
'2017-02','129',' 신촌역(2호선) 6번출구 옆','정기','M','~10대',2,46.34,0.36,1560,31
'2017-02','130',' 신촌역(2호선) 7번출구 앞','정기','M','~10대',1,20.33,0.18,790,10
'2017-02','800',' 목월공원 앞','정기','M','~10대',2,120.03,1.01,4330,79
'2017-02','803',' 한남초교 앞 보도육교','정기','M','~10대',1,55.76,0.59,2560,22
'2017-02','806',' 전자랜드 본관 앞','정기','M','~10대',1,88.21,0.69,2970,13
'2017-02','810',' 이태원지하보도','정기','M','~10대',1,76.19,0.69,2960,13
'2017-02','811',' 녹사평역1번출구','정기','M','~10대',1,53.02,0.48,2060,6
'2017-02','812',' 용산전쟁기념관','정기','M','~10대',1,76.96,0.69,2990,22
'2017-02','813',' 삼각지역 3번출구','정기','M','~10대',1,104.5,0.94,4060,15
'2017-02','385',' 종각역 5번출구','정기','M','~10대',3,129.69,1.22,5240,44
'2017-02','386',' 올림픽기념 국민생활관 앞','정기','M','~10대',2,182.51,1.94,8380,63
'2017-02','182',' 망원2빗물펌프장 앞','정기','M','~10대',7,469.23,3.55,15320,91
'2017-02','184',' SK망원동주유소 건너편','정기','M','~10대',1,45.74,0.36,1540,10
'2017-02','185',' 마포 신수공원 앞','정기','M','~10대',6,464.1,4.17,18030,139
'2017-02','192',' 연서어린이공원','정기','M','~10대',1,52.6,0.53,2290,48
'2017-02','178',' 증산3교 앞','정기','M','~10대',1,27.54,0.25,1070,5
'2017-02','558',' 성동광진 교육지원청 앞','정기','M','~10대',10,634.66,6.11,26330,105
'2017-02','134',' 연세로 명물길','정기','M','~10대',4,546.62,4,17220,111
'2017-02','559',' 왕십리역 4번 출구 건너편','정기','M','~10대',4,417.62,3.15,13570,71
'2017-02','561',' 서울숲역 2번출구 앞','정기','M','~10대',2,139.18,1.41,6060,30
'2017-02','567',' 성수역 2번출구 앞','정기','M','~10대',3,37.58,0.34,1460,5
'2017-02','135',' 명물길 원형무대 앞','정기','M','~10대',2,239.39,1.87,8060,49
'2017-02','579',' 마장역 4번출구','정기','M','~10대',2,251.91,1.78,7680,59
'2017-02','581',' 용답초등학교','정기','M','~10대',1,108.32,0.65,2820,28
'2017-02','582',' 경일중학교 앞','정기','M','~10대',1,37.44,0.38,1630,5
'2017-02','551',' 구의삼성쉐르빌 앞','정기','M','~10대',1,32.41,0.22,930,8
'2017-02','572',' 국립정신 건강센터 앞','정기','M','~10대',1,154.12,1.56,6710,49
'2017-02','575',' 중앙농협 중곡지점','정기','M','~10대',2,118.15,1.06,4590,60
'2017-02','577',' 광진청소년수련관','정기','M','~10대',1,66.91,0.45,1920,15
'2017-02','621',' 동대문중학교 옆','정기','M','~10대',4,397.01,3.21,13850,95
'2017-02','137',' NH농협 신촌지점 앞','정기','M','~10대',1,42.47,0.33,1430,14
'2017-02','624',' 전농동 동아아파트 앞','정기','M','~10대',7,487.04,4.44,19150,134
'2017-02','625',' 답십리초등학교 앞(현대시장 옆)','정기','M','~10대',1,18.02,0.16,700,9
'2017-02','627',' 장안동삼거리 교통섬','정기','M','~10대',2,91.88,0.65,2810,21
'2017-02','630',' 동대문구 보건소','정기','M','~10대',10,1001.78,8.71,37470,203
'2017-02','631',' 답십리역 1번출구','정기','M','~10대',4,659.92,3.99,17180,133
'2017-02','102',' 망원역 1번출구 앞','정기','M','~10대',1,34.16,0.27,1150,14
'2017-02','633',' 청량리 기업은행 앞','정기','M','~10대',7,364.54,3.51,15110,128
'2017-02','634',' 외국어대 정문 앞','정기','M','~10대',3,196.88,2.19,9430,47
'2017-02','635',' 시조사 앞 (청량고정문 옆)','정기','M','~10대',1,0,0,0,70
'2017-02','639',' 서울시립대 후문','정기','M','~10대',1,25.03,0.18,790,3
'2017-02','641',' 용두역 4번출구','정기','M','~10대',5,428.39,3.59,15470,109
'2017-02','270',' 증권거래소후문교차로','정기','M','~10대',1,23.94,0.22,930,11
'2017-02','139',' 연세대 정문 건너편','정기','M','~10대',1,219.78,1.72,7400,40
'2017-02','819',' 선린인터넷 고등학교','정기','M','~10대',6,840.2,6.69,28820,215
'2017-02','825',' 서빙고동 주민센터 앞','정기','M','~10대',2,194.59,1.75,7560,23
'2017-02','388',' 동성중학교 앞','정기','M','~10대',3,133.51,0.86,3700,15
'2017-02','585',' 성수2가1동 공영주차장 인근','정기','M','~10대',2,78.15,0.59,2530,15
'2017-02','904',' 은평뉴타운 푸르지오','정기','M','~10대',13,745.42,6.71,28960,113
'2017-02','905',' 구파발역 2번출구','정기','M','~10대',5,263.07,2.39,10220,60
'2017-02','906',' 연신내역 5번출구150M 아래','정기','M','~10대',1,79.92,0.5,2170,7
'2017-02','907',' CJ 드림시티','정기','M','~10대',1,165.27,1.14,4910,22
'2017-02','909',' 백련산 힐스테이트 3차','정기','M','~10대',14,492.78,3.47,14910,148
'2017-02','912',' 응암오거리','정기','M','~10대',10,893.28,6.16,26480,162
'2017-02','913',' 이마트 은평점','정기','M','~10대',3,120.1,0.83,3580,15
'2017-02','914',' 새절역 2번출구','정기','M','~10대',5,617.28,4.6,19800,115
'2017-02','921',' 신도고등학교','정기','M','~10대',1,73.87,0.67,2870,15
'2017-02','922',' 연신내역 4번출구','정기','M','~10대',1,38.67,0.24,1050,4
'2017-02','926',' 불광역 8번출구','정기','M','~10대',1,144.14,1.3,5600,28
'2017-02','930',' 구 서부경찰서 건너편','정기','M','~10대',1,54.17,0.35,1520,6
'2017-02','932',' 예일여중','정기','M','~10대',2,274.65,2.48,10670,58
'2017-02','933',' LG서비스 역촌점','정기','M','~10대',2,143.74,1.12,4840,29
'2017-02','587',' KEB하나은행 성수중앙지점','정기','M','~10대',1,101.62,0.76,3290,16
'2017-02','103',' 망원역 2번출구 앞','정기','M','~10대',2,59.11,0.46,1990,13
'2017-02','204',' 국회의사당역 5번출구 옆','정기','M','~10대',1,122.25,1.02,4410,21
'2017-02','205',' 산업은행 앞','정기','M','~10대',2,320.32,2.24,9650,52
'2017-02','209',' 유진투자증권빌딩 앞','정기','M','~10대',5,145.38,1.17,5070,27
'2017-02','210',' IFC몰','정기','M','~10대',2,120.67,1.04,4470,61
'2017-02','211',' 여의도역 4번출구 옆','정기','M','~10대',1,35.54,0.31,1320,9
'2017-02','212',' 여의도역 1번출구 옆','정기','M','~10대',1,112.29,0.97,4170,19
'2017-02','213',' KT앞','정기','M','~10대',1,24.7,0.23,990,5
'2017-02','218',' 증권거래소 앞','정기','M','~10대',1,12.74,0.11,480,3
'2017-02','220',' 미성아파트 A동 앞','정기','M','~10대',4,365.81,2.78,11970,93
'2017-02','216',' 삼부아파트1동 앞','정기','M','~10대',3,48.91,0.45,1960,11
'2017-02','217',' NH농협은행 앞','정기','M','~10대',1,40.17,0.37,1610,6
'2017-02','221',' 여의도초교 앞','정기','M','~10대',10,259.94,2.15,9190,47
'2017-02','223',' 진주아파트상가 앞','정기','M','~10대',4,121.01,0.99,4230,28
'2017-02','105',' 합정역 5번출구 앞','정기','M','~10대',1,283.04,2.21,9530,59
'2017-02','224',' 롯데캐슬 앞','정기','M','~10대',6,242.82,1.91,8250,60
'2017-02','225',' 앙카라공원 앞','정기','M','~10대',9,141.17,0.99,4270,21
'2017-02','207',' 여의나루역 1번출구 앞','정기','M','~10대',12,3027.53,20.58,88740,674
'2017-02','403',' 부엉이공원 앞','정기','M','~10대',1,10.99,0.09,370,1
'2017-02','106',' 합정역 7번출구 앞','정기','M','~10대',2,434,3.03,13060,104
'2017-02','406',' 상암월드컵파크 7단지 앞','정기','M','~10대',1,237.6,1.86,8000,55
'2017-02','420',' 서울시 공공자전거 상암센터','정기','M','~10대',2,337.98,2.64,11380,74
'2017-02','409',' 누리꿈스퀘어 옆','정기','M','~10대',1,54.05,0.42,1820,10
'2017-02','419',' 홈플러스 앞','정기','M','~10대',2,332.03,2.73,11770,66
'2017-02','418',' 월드컵경기장역 3번출구 옆','정기','M','~10대',3,276.21,2.16,9300,60
'2017-02','107',' 신한은행 서교동금융센터점 앞','정기','M','~10대',1,39.36,0.33,1420,9
'2017-02','412',' DMC산학협력연구센터 앞','정기','M','~10대',2,301.46,2.35,10150,52
'2017-02','417',' DMC역 2번출구 옆','정기','M','~10대',4,506.69,3.96,17060,129
'2017-02','415',' DMC역 9번출구 앞','정기','M','~10대',4,250.37,1.96,8430,119
'2017-02','502',' 뚝섬유원지역 1번출구 앞','정기','M','~10대',2,232.38,1.82,7870,84
'2017-02','108',' 서교동 사거리','정기','M','20대',79,4253.01,32.77,141110,1070
'2017-02','503',' 더샵스타시티 C동 앞','정기','M','20대',48,2327.82,18.94,81480,720
'2017-02','504',' 신자초교입구교차로','정기','M','20대',39,1666.5,13.75,59450,401
'2017-02','505',' 자양사거리 광진아크로텔 앞','정기','M','20대',73,4496.75,36.11,155740,1044
'2017-02','506',' 금호 어울림 아파트 앞','정기','M','20대',24,1215.86,9.27,39950,211
'2017-02','507',' 성수아이에스비즈타워 앞','정기','M','20대',26,1478.85,12.81,55200,431
'2017-02','508',' 성수아카데미타워 앞','정기','M','20대',17,713.31,5.51,23640,180
'2017-02','509',' 이마트 버스정류소 옆','정기','M','20대',94,5478.68,42.47,182970,1390
'2017-02','510',' 서울숲 남문 버스정류소 옆','정기','M','20대',4,503.04,4.25,18300,157
'2017-02','511',' 서울숲역 4번 출구 옆','정기','M','20대',33,4351.96,32.03,138020,997
'2017-02','512',' 뚝섬역 1번 출구 옆','정기','M','20대',117,6763.25,50.86,219110,1594
'2017-02','109',' 제일빌딩 앞','정기','M','20대',41,3598.26,26.41,113850,752
'2017-02','400',' 상암한화오벨리스크 1차 앞','정기','M','20대',2,111.15,0.92,3970,17
'2017-02','513',' 뚝섬역 5번 출구 정류소 옆','정기','M','20대',63,5019.79,40.23,173320,1076
'2017-02','514',' 성수사거리 버스정류장 앞','정기','M','20대',73,5362.9,43.25,186760,1106
'2017-02','515',' 광양중학교 앞','정기','M','20대',19,1598.1,12.85,55410,322
'2017-02','516',' 광진메디칼 앞','정기','M','20대',22,1663.41,13.6,58640,351
'2017-02','300',' 정동사거리','정기','M','20대',53,5387.67,38.08,164110,927
'2017-02','301',' 경복궁역 7번출구 앞','정기','M','20대',24,1355.85,10.61,45770,266
'2017-02','302',' 경복궁역 4번출구 뒤','정기','M','20대',31,2775.21,19.5,83900,541
'2017-02','303',' 광화문역 1번출구 앞','정기','M','20대',93,4097.21,30,129230,1033
'2017-02','115',' 사루비아 빌딩 앞','정기','M','20대',96,4942.8,40.45,174180,1062
'2017-02','304',' 광화문역 2번출구 앞','정기','M','20대',39,2279.29,17.65,76020,449
'2017-02','305',' 종로구청 옆','정기','M','20대',78,3914.78,31.43,135500,1269
'2017-02','306',' 광화문역 7번출구 앞','정기','M','20대',32,1831.91,14.98,64470,494
'2017-02','307',' 서울역사박물관 앞','정기','M','20대',59,3341.99,25.91,111490,731
'2017-02','308',' 광화문 S타워 앞','정기','M','20대',26,1188.6,9.55,41210,252
'2017-02','309',' 광화문역 6번출구 옆','정기','M','20대',37,2325.57,18.43,79390,453
'2017-02','310',' 청계광장 옆','정기','M','20대',38,1789.24,14.67,63240,434
'2017-02','311',' 서울광장 옆','정기','M','20대',47,3195.54,23.77,102480,727
'2017-02','312',' 시청역 1번출구 뒤','정기','M','20대',79,4653.23,38.19,164320,870
'2017-02','313',' 서울역 광장 파출소 옆','정기','M','20대',23,797.67,6.6,28510,205
'2017-02','110',' 사천교','정기','M','20대',33,1886.4,13.64,58870,374
'2017-02','314',' 국립현대미술관','정기','M','20대',95,4799.85,37.25,160660,1036
'2017-02','315',' 신한은행 안국역지점 옆','정기','M','20대',52,2401.87,20.96,90410,855
'2017-02','316',' 종각역 1번출구 앞','정기','M','20대',87,5184.52,43.71,188280,1471
'2017-02','318',' 광교사거리 남측','정기','M','20대',13,774.15,6.46,27900,235
'2017-02','320',' 을지로입구역 4번출구 앞','정기','M','20대',30,1327.96,10.49,45180,397
'2017-02','321',' KEB 하나은행 본점 앞','정기','M','20대',26,2951.93,22.53,97020,483
'2017-02','322',' 명동성당 앞','정기','M','20대',23,2515.15,16.39,70630,389
'2017-02','116',' 일진아이윌아파트 옆','정기','M','20대',80,4053.65,34.5,148650,755
'2017-02','324',' 신세계백화점 본점 앞','정기','M','20대',65,5465.82,43.3,186580,1086
'2017-02','326',' 안국역 5번출구 앞','정기','M','20대',64,6386.16,54.1,233420,1147
'2017-02','327',' 낙원상가 옆','정기','M','20대',88,3558.22,30.81,132910,1062
'2017-02','328',' 탑골공원 앞','정기','M','20대',116,6119.19,47.56,204970,1480
'2017-02','329',' 청계2가 사거리 옆','정기','M','20대',76,5352.97,44.52,191970,1217
'2017-02','330',' 청계천 한빛광장','정기','M','20대',46,10063.91,73.46,316650,616
'2017-02','331',' 을지로2가 사거리 북측','정기','M','20대',20,1666.4,12.99,56010,409
'2017-02','332',' 을지로2가 사거리 남측','정기','M','20대',18,1249.99,10.49,45180,191
'2017-02','111',' 상수역 2번출구 앞','정기','M','20대',69,5747.4,49.4,213030,1577
'2017-02','334',' 종로3가역 2번출구 뒤','정기','M','20대',97,3120.13,23.21,99920,695
'2017-02','335',' 종로3가역 15번출구 앞','정기','M','20대',64,3935.81,28.31,122040,1005
'2017-02','336',' 티마크 호텔 앞','정기','M','20대',23,2039.04,15.31,65970,391
'2017-02','337',' 창경궁 입구','정기','M','20대',35,2301.63,17.46,75100,799
'2017-02','338',' 세운스퀘어 앞','정기','M','20대',199,10013.25,82.39,354990,2548
'2017-02','339',' 종로4가 사거리','정기','M','20대',143,8481.42,65.53,282510,1944
'2017-02','340',' 혜화동 로터리','정기','M','20대',80,8141.04,64.44,277750,1970
'2017-02','341',' 혜화역 3번출구 뒤','정기','M','20대',94,4622.66,38.39,165050,1650
'2017-02','342',' 대학로 마로니에공원','정기','M','20대',81,7710.43,62.51,269680,1449
'2017-02','343',' 예일빌딩(율곡로) 앞','정기','M','20대',39,2177.16,12.86,55360,413
'2017-02','112',' 극동방송국 앞','정기','M','20대',141,11377.27,89.16,384390,2675
'2017-02','344',' 성균관대 E하우스 앞','정기','M','20대',132,7868.84,58.86,254030,2031
'2017-02','345',' 서울보증보험본사 앞','정기','M','20대',20,957.95,8.25,35510,182
'2017-02','346',' 맥스타일 앞','정기','M','20대',85,6155.63,47.3,203690,1778
'2017-02','347',' 동대문역사문화공원역 9번출구 앞','정기','M','20대',71,3281.69,24.79,106820,816
'2017-02','349',' 사직동주민센터','정기','M','20대',76,4538.22,40.38,173920,1071
'2017-02','350','KEB 하나은행(내자동 지점) 앞','정기','M','20대',43,1917.77,16.38,70670,400
'2017-02','351',' 청운초교 앞 삼거리','정기','M','20대',23,1793.78,13.63,58720,345
'2017-02','352',' 중앙고입구 삼거리','정기','M','20대',38,2088.93,17.25,74410,410
'2017-02','353',' 재동초교 앞 삼거리','정기','M','20대',28,2236.11,19.63,84620,387
'2017-02','117',' 홍은사거리','정기','M','20대',13,2858.5,21.68,93460,377
'2017-02','354',' 포르투갈 대사관 앞','정기','M','20대',46,2815.83,23.02,99170,702
'2017-02','355',' 서울사대부속초교 앞','정기','M','20대',42,2142.23,18.55,80050,501
'2017-02','356',' KT혜화지사 앞','정기','M','20대',59,3276.35,29.06,125110,941
'2017-02','358',' 성대입구 사거리','정기','M','20대',217,12345.13,100.21,431890,2799
'2017-02','359',' 원남동사거리','정기','M','20대',42,1740.66,14.52,62570,483
'2017-02','361',' 동묘앞역 1번출구 뒤','정기','M','20대',55,5391.05,39.86,171850,1022
'2017-02','362',' 청계8가 사거리','정기','M','20대',39,2256.02,16.57,71480,496
'2017-02','363',' 신설동역 11번출구 뒤','정기','M','20대',57,4737.25,40.88,176330,965
'2017-02','364',' 창신역 1번출구 앞','정기','M','20대',52,3410.08,27.71,119590,557
'2017-02','113',' 홍대입구역 2번출구 앞','정기','M','20대',232,14991.66,119.26,514000,3288
'2017-02','367',' 독립문역 3-1번출구 ','정기','M','20대',20,1308.18,11.52,49710,284
'2017-02','368',' SK 서린빌딩 앞','정기','M','20대',71,3704.83,29.87,128340,790
'2017-02','369',' 광화문 시민열린마당','정기','M','20대',18,821.16,6.57,28380,175
'2017-02','348',' 독립문역 사거리','정기','M','20대',13,1653.43,10.7,46100,280
'2017-02','370',' 시청역(2호선) 9번출구 뒤','정기','M','20대',29,1819.86,15.1,65120,485
'2017-02','371',' 동대입구역 6번출구 뒤','정기','M','20대',106,6480.61,53.34,229890,1618
'2017-02','372',' 약수역 3번출구 뒤','정기','M','20대',45,3355.35,28.01,120680,869
'2017-02','373',' 청구 어린이공원','정기','M','20대',1,276.19,2.49,10730,58
'2017-02','374',' 청구역 2번출구 앞','정기','M','20대',46,5345.65,43.25,186440,1150
'2017-02','118',' 광흥창역 2번출구 앞','정기','M','20대',96,4313.47,33.67,145110,1133
'2017-02','375',' 다산 어린이공원','정기','M','20대',80,9649.01,76.99,331740,1671
'2017-02','377',' 서울역 4번출구 앞','정기','M','20대',14,2842.55,19.72,85000,462
'2017-02','378',' 청계7가 사거리','정기','M','20대',18,1280.25,10.8,46550,296
'2017-02','379',' 서울역9번출구','정기','M','20대',12,1266.53,11.01,47490,287
'2017-02','380',' CJ제일제당 앞','정기','M','20대',49,2199.75,17.34,74690,443
'2017-02','381',' 장충체육관','정기','M','20대',14,945.68,8.14,35220,370
'2017-02','382',' 약수역 10번출구 앞','정기','M','20대',19,1469.09,10.57,45580,363
'2017-02','383',' 신당역 12번 출구 뒤','정기','M','20대',88,7362.42,60.85,262280,1578
'2017-02','384',' 종로학원본원 ','정기','M','20대',30,1556.33,13.29,57350,350
'2017-02','114',' 홍대입구역 8번출구 앞','정기','M','20대',86,7285.41,55.98,241380,1462
'2017-02','142',' 아현역 4번출구 앞','정기','M','20대',15,1214.18,9.71,41870,233
'2017-02','143',' 공덕역 2번출구','정기','M','20대',23,1545.71,13.27,57150,376
'2017-02','144',' 공덕역 8번출구','정기','M','20대',68,4617.21,37.66,162420,1148
'2017-02','145',' 공덕역 5번출구','정기','M','20대',42,1653.83,14.36,62030,516
'2017-02','146',' 마포역 1번출구 뒤','정기','M','20대',40,4553.7,36.07,155480,977
'2017-02','147',' 마포역 4번출구 뒤','정기','M','20대',29,2180.49,18.69,80560,464
'2017-02','148',' 용강동 주민센터 앞','정기','M','20대',59,4690.12,39.81,171360,872
'2017-02','150',' 서강대역 2번출구 앞','정기','M','20대',55,2935.12,26.13,112600,779
'2017-02','151',' 망원1동주민센터','정기','M','20대',25,2183.47,16.54,71460,418
'2017-02','152',' 마포구민체육센터 앞','정기','M','20대',45,4751.9,38.95,167960,940
'2017-02','119',' 서강나루 공원','정기','M','20대',84,6398.23,50.76,218780,1361
'2017-02','153',' 성산2교 사거리','정기','M','20대',36,2074.74,17.21,74220,549
'2017-02','154',' 마포구청역 ','정기','M','20대',38,1603.2,12.87,55380,354
'2017-02','155',' 가좌역1 번출구 뒤','정기','M','20대',32,2872.79,20.23,87330,438
'2017-02','156',' 서울서부지방법원 앞','정기','M','20대',63,4896.37,38.27,164930,891
'2017-02','157',' 애오개역 4번출구 앞','정기','M','20대',44,3286.45,25.59,110330,577
'2017-02','158',' 독립문 어린이 공원','정기','M','20대',49,5717.63,41.64,179410,938
'2017-02','159',' 이대역 4번 출구','정기','M','20대',54,3153.68,25.95,111880,537
'2017-02','160',' 북아현동 가구거리','정기','M','20대',37,3464.75,30.43,131170,525
'2017-02','161',' 무악재역1번 출구','정기','M','20대',3,482.18,3.44,14780,97
'2017-02','162',' 봉원고가차도 밑','정기','M','20대',94,5201.09,41.87,180450,933
'2017-02','120',' 신수동 사거리','정기','M','20대',25,1235.75,10.99,47400,245
'2017-02','163',' 명지전문대학교 정문 앞','정기','M','20대',34,3630.84,32.32,139380,884
'2017-02','164',' 북가좌1동 주민센터 ','정기','M','20대',36,2889.14,25.58,110270,555
'2017-02','165',' 중앙근린공원','정기','M','20대',16,495.63,4.2,18040,82
'2017-02','166',' 가재울 초등학교','정기','M','20대',14,1024.54,8.59,37040,283
'2017-02','167',' 연가초등학교 옆','정기','M','20대',18,1518.6,10.9,47100,339
'2017-02','168',' 남가좌동 사거리','정기','M','20대',6,498.99,3.88,16750,96
'2017-02','169',' 북가좌 삼거리','정기','M','20대',7,921.55,7.7,33270,203
'2017-02','170',' 가재울 뉴타운 주유소 옆','정기','M','20대',18,1892.03,15.51,66820,442
'2017-02','171',' 임광빌딩 앞','정기','M','20대',55,3426.58,28.89,124620,627
'2017-02','172',' 서대문소방서','정기','M','20대',88,5184.63,43.17,186050,867
'2017-02','121',' 마포소방서 앞','정기','M','20대',76,4280.12,35.59,153500,972
'2017-02','173',' 서대문역 8번출구 앞','정기','M','20대',34,2787.33,21.91,94390,554
'2017-02','175',' 홍연2교옆','정기','M','20대',54,5373.1,49.56,213600,978
'2017-02','179',' 가좌역 4번출구 앞','정기','M','20대',28,1731.61,13.55,58420,355
'2017-02','180',' 충정로역 7번출구 뒤','정기','M','20대',42,3294.47,31.04,133810,1032
'2017-02','518',' 청계천 박물관 앞','정기','M','20대',10,2195.6,17.28,74460,430
'2017-02','519',' 양지사거리','정기','M','20대',31,2178.93,18.33,79110,494
'2017-02','520',' 상왕십리역 4번 출구 앞','정기','M','20대',31,1606.54,13.67,59000,419
'2017-02','521',' 왕십리역 11번 출구 앞','정기','M','20대',43,5568.09,42.94,185070,910
'2017-02','522',' 금호역 1번출구 앞','정기','M','20대',4,97.6,0.77,3340,35
'2017-02','523',' 옥수동성당 옆','정기','M','20대',1,62.65,0.52,2260,12
'2017-02','122',' 신성기사식당 앞','정기','M','20대',97,5080.45,39.73,171200,1093
'2017-02','524',' 래미안금호하이리버 아파트 102동 옆','정기','M','20대',14,609.58,5.27,22780,118
'2017-02','525',' 한양대병원사거리','정기','M','20대',127,11023.84,87.97,379230,2272
'2017-02','526',' 용답토속공원 앞','정기','M','20대',17,931.58,7.62,32940,172
'2017-02','529',' 장한평역 8번 출구 앞','정기','M','20대',61,4441.46,37.95,163510,945
'2017-02','530',' 청계벽산아파트 앞','정기','M','20대',3,251.67,1.97,8530,50
'2017-02','533',' 우리은행 금호동 지점 앞','정기','M','20대',10,1003.61,7.33,31680,164
'2017-02','534',' 금호사거리','정기','M','20대',26,1116.09,9.19,39550,239
'2017-02','535',' 응봉삼거리','정기','M','20대',47,6601.74,51.49,222120,1019
'2017-02','536',' 행당역 2번출구 앞','정기','M','20대',30,3450.15,29.07,125340,711
'2017-02','537',' 한양대후문역 부근','정기','M','20대',91,6307.08,52.91,228160,1522
'2017-02','123',' 문화촌 공원','정기','M','20대',13,2049.11,14.42,62120,293
'2017-02','538',' 답십리역 8번출구 앞','정기','M','20대',32,2620.6,19.73,84970,618
'2017-02','550',' 서울시설공단 앞','정기','M','20대',7,1297.16,10.19,43930,317
'2017-02','539',' 군자교교차로','정기','M','20대',7,544.9,5.03,21700,140
'2017-02','540',' 군자역 7번출구 베스트샵 앞','정기','M','20대',106,5792.94,46.04,198390,1022
'2017-02','542',' 강변역 4번출구 뒤','정기','M','20대',16,1247.61,10.28,44320,230
'2017-02','543',' 구의공원(테크노마트 앞)','정기','M','20대',14,950.93,7.4,31880,258
'2017-02','544',' 광남중학교','정기','M','20대',23,1353.62,12.12,52270,296
'2017-02','546',' 잠실대교북단 교차로','정기','M','20대',39,3188.76,26.24,113100,499
'2017-02','548',' 자양나들목','정기','M','20대',91,5623.84,43,185290,1013
'2017-02','549',' 아차산역 3번출구','정기','M','20대',14,715.94,6.08,26210,284
'2017-02','124',' 서강대 정문 건너편','정기','M','20대',147,9103.53,75.67,326210,1866
'2017-02','600',' 휘경2동 주민센터','정기','M','20대',61,6254.86,54.48,234730,1447
'2017-02','601',' 용신동주민센터','정기','M','20대',14,1052.71,8.49,36610,199
'2017-02','602',' 장안동 사거리','정기','M','20대',106,5003.96,44.8,193320,2095
'2017-02','604',' 답십리초등학교 옆 공원','정기','M','20대',20,2322.42,19.47,83970,431
'2017-02','605',' 신설동역8번출구','정기','M','20대',6,106.73,0.99,4270,27
'2017-02','606',' 휘경공고앞','정기','M','20대',2,111.99,0.94,4040,16
'2017-02','607',' 신이문역 2번출구','정기','M','20대',7,369.94,2.98,12810,224
'2017-02','608',' 전농삼성아파트','정기','M','20대',13,904.17,7.3,31460,178
'2017-02','609',' 제기2교','정기','M','20대',28,2722.51,21.8,94010,667
'2017-02','125',' 서강대 남문 옆','정기','M','20대',94,4096.44,33.87,146030,828
'2017-02','610',' 동대문중 교차로','정기','M','20대',19,1158.58,9.89,42620,254
'2017-02','612',' 시립동부병원 앞 사거리','정기','M','20대',22,418.36,3.82,16520,97
'2017-02','613',' 신설동역 10번출구 앞','정기','M','20대',22,1538.24,11.65,50220,310
'2017-02','614',' 용두동 사거리','정기','M','20대',54,3631.27,27.58,118800,790
'2017-02','615',' 용두동 레미안허브리츠아파트 앞','정기','M','20대',43,2744.61,23.08,99510,742
'2017-02','616',' 서울시립대 앞','정기','M','20대',36,2056.64,16.01,69020,413
'2017-02','617',' 청솔우성아파트 앞','정기','M','20대',48,2489.62,18.7,80750,506
'2017-02','227',' 양평2나들목 보행통로 입구','정기','M','20대',15,1244.81,9.69,41750,223
'2017-02','228',' 선유도역 3번출구 앞','정기','M','20대',12,1361.49,10.63,45800,334
'2017-02','229',' 양평1 보행육교 앞','정기','M','20대',16,1520.69,13.43,57860,335
'2017-02','126',' 서강대 후문 옆','정기','M','20대',121,5002.13,40.73,175820,1037
'2017-02','231',' 남부고용노동지청 남측','정기','M','20대',23,1262.77,9.29,40160,250
'2017-02','232',' 양평우림 이비즈센타 앞','정기','M','20대',65,2221.9,18.04,77850,595
'2017-02','233',' YP 센터 앞','정기','M','20대',3,114.98,0.8,3410,33
'2017-02','234',' 영등포구민체육센터 앞','정기','M','20대',4,353.17,2.69,11600,108
'2017-02','235',' 신길동 우리은행 옆','정기','M','20대',14,646.7,5.1,21980,145
'2017-02','236',' 문래동자이아파트 앞','정기','M','20대',20,1286.6,10.48,45260,447
'2017-02','237',' 보라매 두산위브 건너편','정기','M','20대',21,1056.65,7.09,30650,335
'2017-02','238',' 제2구민체육센타 앞','정기','M','20대',42,1914.31,15.38,66340,458
'2017-02','239',' 유스호스텔 앞','정기','M','20대',39,1738.33,13.69,58850,351
'2017-02','240',' 문래역 4번출구 앞','정기','M','20대',42,1548.01,13.42,57800,417
'2017-02','127',' 현대벤처빌 앞','정기','M','20대',69,3500.75,29.66,127660,672
'2017-02','241',' 신길우성1차아파트 앞 공원','정기','M','20대',15,827.36,6.77,29170,262
'2017-02','242',' 신길선원가와인아파트 앞','정기','M','20대',56,4246.73,33.41,144020,834
'2017-02','243',' 이앤씨드림타워 앞','정기','M','20대',5,589.1,4.34,18670,182
'2017-02','244',' 영등포삼환아파트 앞','정기','M','20대',59,2005.81,18.05,77880,601
'2017-02','245',' 삼성생명 당산사옥 앞','정기','M','20대',55,4076.76,35.46,152760,1227
'2017-02','247',' 당산역 10번출구 앞','정기','M','20대',59,2935.19,22.91,98740,542
'2017-02','248',' 초원아파트 앞','정기','M','20대',16,1564.13,12.6,54240,352
'2017-02','249',' 여의도중학교 옆','정기','M','20대',3,481.67,3.64,15680,98
'2017-02','250',' 대림아파트 사거리','정기','M','20대',32,3732.37,27.83,119930,728
'2017-02','251',' 서울지방병무청 버스정류장','정기','M','20대',35,3242.11,26.09,112500,577
'2017-02','101',' (구)합정동 주민센터','정기','M','20대',13,850.95,6.26,26990,179
'2017-02','128',' 신촌역(2호선) 1번출구 옆','정기','M','20대',115,7334.86,57.42,247390,1464
'2017-02','252',' 보라매역4번출구','정기','M','20대',60,2560.25,22,94810,688
'2017-02','253',' 신풍역 5번출구 인근','정기','M','20대',62,3784.15,30.9,133340,755
'2017-02','255',' 도림4거리','정기','M','20대',10,835.87,5.99,25840,159
'2017-02','256',' 동아에코빌입구','정기','M','20대',10,920.09,6.62,28520,225
'2017-02','257',' 신길삼거리(우리은행)','정기','M','20대',45,2725.32,21.03,90660,508
'2017-02','258',' 신길역3번출구','정기','M','20대',34,2052.3,17.11,73680,405
'2017-02','259',' 대방역6번출구','정기','M','20대',40,3643.41,28.7,123750,867
'2017-02','700',' KB국민은행 염창역 지점 앞','정기','M','20대',22,2221.96,16.97,73180,374
'2017-02','701',' 목동사거리 부근','정기','M','20대',6,582.08,5.17,22290,144
'2017-02','129',' 신촌역(2호선) 6번출구 옆','정기','M','20대',73,3996.84,35.11,151180,820
'2017-02','702',' 목4동주민센터 옆','정기','M','20대',18,1650.88,13.08,56430,479
'2017-02','703',' 오목교역 7번출구 앞','정기','M','20대',43,3434.2,27.8,119880,801
'2017-02','704',' 남부법원검찰청 교차로','정기','M','20대',7,446.4,3.22,13830,97
'2017-02','706',' 신정네거리역','정기','M','20대',11,941.94,6.68,28770,131
'2017-02','707',' 신정3동주민센터','정기','M','20대',19,1931.09,15.8,68040,368
'2017-02','708',' 서울출입국관리사무소 앞','정기','M','20대',67,4350.5,38.97,167960,1093
'2017-02','710',' 서부화물트럭터미널 사거리','정기','M','20대',14,809.55,9.68,41720,236
'2017-02','711',' 신일해피트리아파트 앞','정기','M','20대',1,35.07,0.25,1080,4
'2017-02','712',' 강월초교입구 사거리','정기','M','20대',4,984.11,6.54,28170,181
'2017-02','130',' 신촌역(2호선) 7번출구 앞','정기','M','20대',77,3732.72,30.66,132070,759
'2017-02','713',' 양서중학교 옆','정기','M','20대',8,1677.49,11.78,50810,334
'2017-02','714',' 한국SGI 양천문화회관 앞','정기','M','20대',7,636.06,5.73,24710,275
'2017-02','800',' 목월공원 앞','정기','M','20대',16,1911.33,16.21,69860,399
'2017-02','802',' 한강진역 2번 출구 앞','정기','M','20대',25,2412.16,22.07,95130,550
'2017-02','803',' 한남초교 앞 보도육교','정기','M','20대',4,667.08,5.5,23690,128
'2017-02','805',' 문배어린이공원 앞','정기','M','20대',30,1833.11,14.28,61550,527
'2017-02','806',' 전자랜드 본관 앞','정기','M','20대',28,1874.02,14.43,62070,453
'2017-02','807',' 서울역 12번 출구 앞','정기','M','20대',33,1900.36,15.16,65400,417
'2017-02','808',' 서빙고동 금호맨션 앞','정기','M','20대',8,1142.75,10.11,43540,294
'2017-02','131',' 증산2교','정기','M','20대',56,4753.56,38.14,164630,988
'2017-02','809',' 한남 유수지 복개주차장','정기','M','20대',29,5627.3,39.84,171710,1054
'2017-02','810',' 이태원지하보도','정기','M','20대',37,2876.92,22.07,95200,510
'2017-02','811',' 녹사평역1번출구','정기','M','20대',30,3007.64,25.47,109780,562
'2017-02','812',' 용산전쟁기념관','정기','M','20대',33,2776.92,24.77,106810,803
'2017-02','813',' 삼각지역 3번출구','정기','M','20대',10,1367.44,10.03,43220,292
'2017-02','815',' LIG강촌아파트 103동앞','정기','M','20대',8,1654.4,13.73,59190,369
'2017-02','385',' 종각역 5번출구','정기','M','20대',91,5175.52,42.23,182130,1294
'2017-02','386',' 올림픽기념 국민생활관 앞','정기','M','20대',35,2787.14,19.96,86080,452
'2017-02','387',' 훈련원공원주차장 앞','정기','M','20대',34,1707.3,14.72,63420,416
'2017-02','181',' 망원초록길 입구','정기','M','20대',3,523.48,4.27,18380,103
'2017-02','132',' 창천문화공원','정기','M','20대',77,5591.26,46.55,200570,1229
'2017-02','182',' 망원2빗물펌프장 앞','정기','M','20대',22,2598.71,22.15,95510,584
'2017-02','183',' 하늘채코오롱아파트 건너편','정기','M','20대',59,3113.07,27.85,119920,673
'2017-02','184',' SK망원동주유소 건너편','정기','M','20대',43,2010.58,16.87,72810,348
'2017-02','185',' 마포 신수공원 앞','정기','M','20대',18,1859.61,15.03,64770,337
'2017-02','186',' 월드컵공원','정기','M','20대',54,8514.98,60.38,260180,2188
'2017-02','177',' 북가좌 초등학교','정기','M','20대',26,1182.1,9.88,42540,204
'2017-02','188',' 홍은동 정원여중 입구','정기','M','20대',8,1019.59,8.34,35990,190
'2017-02','191',' 정명학원','정기','M','20대',45,3853.74,30.12,129900,718
'2017-02','192',' 연서어린이공원','정기','M','20대',22,1539.64,12.13,52210,215
'2017-02','178',' 증산3교 앞','정기','M','20대',3,113.05,1.12,4860,53
'2017-02','133',' 해담는다리','정기','M','20대',13,1367.66,11.44,49260,257
'2017-02','194',' 증산교 앞','정기','M','20대',50,5296.99,47.24,203700,1223
'2017-02','195',' 모래내고가차도 ','정기','M','20대',43,2920.23,22.12,95310,516
'2017-02','196',' 연희교차로 인근','정기','M','20대',24,1657.55,13.67,58930,297
'2017-02','198',' 충정2교','정기','M','20대',11,579.87,4.49,19270,153
'2017-02','556',' 달맞이공원','정기','M','20대',12,1201.12,9.59,41340,234
'2017-02','557',' 도선동 주민센터 앞','정기','M','20대',4,147.67,1.33,5750,34
'2017-02','558',' 성동광진 교육지원청 앞','정기','M','20대',57,5433.05,41.17,177470,1135
'2017-02','134',' 연세로 명물길','정기','M','20대',18,884.45,7.36,31750,211
'2017-02','559',' 왕십리역 4번 출구 건너편','정기','M','20대',55,5135.9,38.26,164970,1113
'2017-02','560',' 비전교회 앞','정기','M','20대',32,3192.02,16.52,71150,361
'2017-02','561',' 서울숲역 2번출구 앞','정기','M','20대',48,2131.63,18.8,81010,460
'2017-02','562',' 군자지하보도 앞','정기','M','20대',38,2876.77,22.38,96500,518
'2017-02','563',' 성동세무서 건너편','정기','M','20대',40,1942.82,16.41,70770,502
'2017-02','564',' 금호역 3번출구','정기','M','20대',2,167.65,1.37,5880,47
'2017-02','565',' 옥수역 3번출구','정기','M','20대',23,4556.91,34.22,147470,791
'2017-02','567',' 성수역 2번출구 앞','정기','M','20대',81,5232.46,41.32,178080,1038
'2017-02','568',' 청계8가사거리 부근','정기','M','20대',59,4584.83,36.99,159580,1079
'2017-02','135',' 명물길 원형무대 앞','정기','M','20대',22,1057.06,9.07,39040,308
'2017-02','569',' 응봉현대아파트 정류소','정기','M','20대',7,707.9,5.46,23580,177
'2017-02','578',' 성동세무서 부근','정기','M','20대',13,1532.34,9.95,42810,223
'2017-02','579',' 마장역 4번출구','정기','M','20대',52,2782.93,21.07,91200,568
'2017-02','580',' 신금호역 3번출구 뒤','정기','M','20대',21,762.62,5.83,25130,102
'2017-02','581',' 용답초등학교','정기','M','20대',17,722.11,6.26,26950,186
'2017-02','582',' 경일중학교 앞','정기','M','20대',22,1627.33,12.14,52360,332
'2017-02','583',' 청계천 생태교실 앞','정기','M','20대',20,5485.19,39.28,169250,804
'2017-02','551',' 구의삼성쉐르빌 앞','정기','M','20대',71,4641.34,34.19,147290,802
'2017-02','552',' 대림아크로리버 앞','정기','M','20대',3,173.87,1.36,5890,44
'2017-02','553',' 중곡 성원APT 앞','정기','M','20대',34,3562.73,30.87,132970,720
'2017-02','136',' 대흥동 주민센터','정기','M','20대',36,1810.92,15.11,65090,186
'2017-02','554',' 아차산역 사거리','정기','M','20대',8,579.13,4.87,20950,124
'2017-02','555',' 구의3동주민센터','정기','M','20대',1,82.74,0.46,1990,14
'2017-02','571',' 어린이대공원역6번출구','정기','M','20대',82,5344.04,41.66,179600,1201
'2017-02','572',' 국립정신 건강센터 앞','정기','M','20대',8,1313.3,10.18,43830,209
'2017-02','573',' 구의문주차장 앞','정기','M','20대',71,3896.14,32.67,141020,823
'2017-02','574',' 아차산역4번출구','정기','M','20대',23,3562.38,24.08,103740,549
'2017-02','575',' 중앙농협 중곡지점','정기','M','20대',5,542.48,4.72,20340,148
'2017-02','576',' 광나루역 3번 출구','정기','M','20대',10,756.07,6.22,26780,288
'2017-02','577',' 광진청소년수련관','정기','M','20대',21,1691.34,14.21,61260,323
'2017-02','621',' 동대문중학교 옆','정기','M','20대',2,104.56,0.77,3300,23
'2017-02','137',' NH농협 신촌지점 앞','정기','M','20대',24,1182.15,9.82,42270,267
'2017-02','622',' 전농사거리 교통섬','정기','M','20대',32,1523.28,12.94,55830,477
'2017-02','623',' 서울시립대 정문 앞','정기','M','20대',181,7262.08,55.9,240890,1412
'2017-02','624',' 전농동 동아아파트 앞','정기','M','20대',35,2559.59,20.32,87540,671
'2017-02','625',' 답십리초등학교 앞(현대시장 옆)','정기','M','20대',52,5361.86,41.9,180760,996
'2017-02','626',' 군자교 서측 녹지대','정기','M','20대',8,1258.06,9.53,41130,193
'2017-02','627',' 장안동삼거리 교통섬','정기','M','20대',58,3981.45,31.95,138000,690
'2017-02','628',' 휘봉고등학교 앞','정기','M','20대',5,352.03,2.79,12050,113
'2017-02','630',' 동대문구 보건소','정기','M','20대',27,1666.32,17.51,75400,428
'2017-02','631',' 답십리역 1번출구','정기','M','20대',45,2939.32,25.59,110350,647
'2017-02','102',' 망원역 1번출구 앞','정기','M','20대',61,4090.08,33.59,144790,1018
'2017-02','138',' 신촌동 제1공영주차장 앞','정기','M','20대',123,4567.59,35.42,152510,985
'2017-02','633',' 청량리 기업은행 앞','정기','M','20대',57,3592.36,34.4,148130,807
'2017-02','634',' 외국어대 정문 앞','정기','M','20대',53,7712.55,60.36,260100,1412
'2017-02','635',' 시조사 앞 (청량고정문 옆)','정기','M','20대',42,2492.05,20.99,90640,523
'2017-02','636',' 세종대왕기념관 교차로','정기','M','20대',6,283.92,2.56,11040,62
'2017-02','637',' KAIST 경영대학 앞','정기','M','20대',17,679.74,5.52,23800,135
'2017-02','638',' 서울시립대 정보기술관','정기','M','20대',32,1126.5,9.35,40360,299
'2017-02','639',' 서울시립대 후문','정기','M','20대',155,9196.83,71.9,309740,2512
'2017-02','640',' KEB하나은행 청량리역지점','정기','M','20대',11,633.54,6.02,25970,302
'2017-02','641',' 용두역 4번출구','정기','M','20대',22,1948.36,14.15,61030,459
'2017-02','642',' 신답역 사거리','정기','M','20대',31,1597.21,12.86,55410,718
'2017-02','140',' 이화여대 후문','정기','M','20대',47,2567.47,19.29,83120,505
'2017-02','643',' 동대문구민체육센터 (육교아래)','정기','M','20대',4,362.04,2.83,12190,79
'2017-02','230',' 영등포구청역 1번출구','정기','M','20대',68,1952.22,17.24,74380,668
'2017-02','260',' 여의도 마리나선착장 앞','정기','M','20대',12,1762.96,14.43,62240,341
'2017-02','262',' 영문초등학교 사거리','정기','M','20대',57,1535.02,13.02,56180,390
'2017-02','263',' 근로자회관 사거리','정기','M','20대',29,1304.47,11.22,48400,357
'2017-02','264',' 교보생명보험 앞','정기','M','20대',6,566.23,4.11,17690,94
'2017-02','265',' 영등포유통상가 사거리','정기','M','20대',46,3859.31,26.39,113700,636
'2017-02','141',' 연대 대운동장 옆','정기','M','20대',88,5999.85,48.94,210760,1064
'2017-02','266',' 영등포청과시장 사거리','정기','M','20대',50,2433.98,20.45,88030,743
'2017-02','267',' 삼성화재 사옥 옆','정기','M','20대',14,1233.67,9.26,39940,237
'2017-02','268',' 그랜드컨벤션센터 앞','정기','M','20대',38,1148.8,10.03,43230,259
'2017-02','270',' 증권거래소후문교차로','정기','M','20대',9,417.93,3.56,15320,161
'2017-02','271',' 샛강생태공원방문자센터 앞','정기','M','20대',19,1131.98,9.46,40850,227
'2017-02','272',' 당산육갑문','정기','M','20대',34,4253.97,34.23,147670,734
'2017-02','716','신정6동 주민센터 인근','정기','M','20대',48,3873.03,31.58,135890,847
'2017-02','139',' 연세대 정문 건너편','정기','M','20대',38,1728.68,14.16,61070,350
'2017-02','719',' 홍익병원앞 교차로','정기','M','20대',6,344.39,3.11,13380,168
'2017-02','720',' 서울강월초등학교 앞','정기','M','20대',17,2970.62,21.23,91520,527
'2017-02','816',' 신용산역 6번출구 앞','정기','M','20대',33,3852.19,31.12,134100,1063
'2017-02','817',' 삼각지역 4번출구 앞','정기','M','20대',11,588.79,4.92,21250,209
'2017-02','818',' 숙명여대 입구 교차로','정기','M','20대',48,4726.13,33.8,145640,937
'2017-02','819',' 선린인터넷 고등학교','정기','M','20대',34,2498.98,21.19,91410,666
'2017-02','820',' 청파동입구 교차로','정기','M','20대',9,904.32,7.74,33400,165
'2017-02','822',' 이촌1동 마을공원','정기','M','20대',16,2592.65,20.58,88710,609
'2017-02','823',' 효창동주민센터 앞','정기','M','20대',23,2408.1,21.34,91980,450
'2017-02','825',' 서빙고동 주민센터 앞','정기','M','20대',29,5964.8,46.9,202130,1105
'2017-02','199',' 서울 월드컵 경기장','정기','M','20대',15,1429.84,11.03,47600,358
'2017-02','388',' 동성중학교 앞','정기','M','20대',29,3916.43,28.51,122850,858
'2017-02','584',' 광진광장 교통섬','정기','M','20대',30,2825.42,22.84,98400,634
'2017-02','585',' 성수2가1동 공영주차장 인근','정기','M','20대',24,3449.96,22.14,95480,700
'2017-02','586',' 마장동 주민센터','정기','M','20대',12,455.16,3.87,16690,175
'2017-02','900',' 은평예술회관','정기','M','20대',9,743.49,5.52,23740,153
'2017-02','901',' 응암1동사무소','정기','M','20대',18,1577.32,10.53,45410,331
'2017-02','200',' 국회의원회관','정기','M','20대',23,1852.63,14.65,63260,518
'2017-02','903',' 은평뉴타운 아이파크','정기','M','20대',6,283.63,2.6,11190,96
'2017-02','904',' 은평뉴타운 푸르지오','정기','M','20대',12,723.25,6.31,27230,89
'2017-02','905',' 구파발역 2번출구','정기','M','20대',42,2978.56,24.1,103920,707
'2017-02','906',' 연신내역 5번출구150M 아래','정기','M','20대',57,3889.38,30.34,130880,806
'2017-02','907',' CJ 드림시티','정기','M','20대',32,3070.95,26.08,112400,631
'2017-02','908',' 구산역 4번출구','정기','M','20대',12,634.8,6,25900,188
'2017-02','909',' 백련산 힐스테이트 3차','정기','M','20대',1,124.19,1.04,4480,41
'2017-02','911',' 은평평화공원(역촌역4번출구)','정기','M','20대',6,399.3,3.13,13450,86
'2017-02','201',' 진미파라곤 앞','정기','M','20대',24,2619.31,19.94,85840,515
'2017-02','912',' 응암오거리','정기','M','20대',37,1927.96,15.81,68080,334
'2017-02','913',' 이마트 은평점','정기','M','20대',26,1924.43,14.3,61670,364
'2017-02','914',' 새절역 2번출구','정기','M','20대',45,5384.47,49.54,213400,1304
'2017-02','915',' 증산역 4번출구','정기','M','20대',35,2835.35,23.58,101690,675
'2017-02','916',' 평생학습관 앞','정기','M','20대',14,521.59,4.19,18080,123
'2017-02','917',' 녹번역 4번출구','정기','M','20대',7,512.97,3.43,14790,114
'2017-02','919',' 서울혁신파크','정기','M','20대',2,332.83,2.6,11230,77
'2017-02','921',' 신도고등학교','정기','M','20대',12,1202.71,10.52,45300,188
'2017-02','202',' 국민일보 앞','정기','M','20대',16,1419.46,10.77,46420,273
'2017-02','922',' 연신내역 4번출구','정기','M','20대',24,1857.01,14.86,63990,490
'2017-02','923',' 국민은행 연서지점','정기','M','20대',2,321.29,2.5,10770,68
'2017-02','924',' 메뚜기다리','정기','M','20대',17,1028.58,9.27,39960,105
'2017-02','925',' 불광역 2번출구','정기','M','20대',4,685.18,4.49,19350,132
'2017-02','926',' 불광역 8번출구','정기','M','20대',51,2585.59,20.24,87220,643
'2017-02','927',' 연신내역 3번출구 인근','정기','M','20대',11,1339.62,10.45,45030,238
'2017-02','928',' 은평역사한옥박물관','정기','M','20대',1,56.88,0.53,2280,7
'2017-02','930',' 구 서부경찰서 건너편','정기','M','20대',2,57.4,0.45,1930,28
'2017-02','931',' 역촌파출소','정기','M','20대',13,1205.1,9.31,40160,225
'2017-02','932',' 예일여중','정기','M','20대',13,1280.7,10.25,44240,251
'2017-02','933',' LG서비스 역촌점','정기','M','20대',52,5663.31,39.73,171290,968
'2017-02','587',' KEB하나은행 성수중앙지점','정기','M','20대',14,915.58,7.58,32590,218
'2017-02','588',' 뚝섬 유원지역','정기','M','20대',9,848.26,6.56,28270,174
'2017-02','103',' 망원역 2번출구 앞','정기','M','20대',70,4779.98,42.46,183070,1623
'2017-02','204',' 국회의사당역 5번출구 옆','정기','M','20대',17,1681.03,14.8,63850,375
'2017-02','203',' 국회의사당역 3번출구 옆','정기','M','20대',65,5585.03,41.92,180620,1086
'2017-02','205',' 산업은행 앞','정기','M','20대',11,1023.25,7.68,33030,221
'2017-02','206',' KBS 앞','정기','M','20대',23,1356.32,11.07,47710,298
'2017-02','209',' 유진투자증권빌딩 앞','정기','M','20대',29,2149.57,17.42,75180,429
'2017-02','210',' IFC몰','정기','M','20대',42,2860.26,21.71,93640,821
'2017-02','211',' 여의도역 4번출구 옆','정기','M','20대',62,2485.46,20.1,86690,546
'2017-02','212',' 여의도역 1번출구 옆','정기','M','20대',28,1025.52,8.64,37130,292
'2017-02','213',' KT앞','정기','M','20대',32,1206.51,9.08,39170,271
'2017-02','104',' 합정역 1번출구 앞','정기','M','20대',69,4037.94,33.66,145120,1144
'2017-02','214',' 금융감독원 앞','정기','M','20대',15,770.41,5.91,25480,124
'2017-02','218',' 증권거래소 앞','정기','M','20대',23,1731.32,14.9,64200,369
'2017-02','219',' 롯데캐슬엠파이어 옆','정기','M','20대',10,363.2,2.78,12020,80
'2017-02','220',' 미성아파트 A동 앞','정기','M','20대',19,1018.88,7.66,33010,180
'2017-02','215',' 여의도고교 앞','정기','M','20대',5,409.29,3.48,14980,81
'2017-02','216',' 삼부아파트1동 앞','정기','M','20대',63,2205.62,15.72,67820,501
'2017-02','217',' NH농협은행 앞','정기','M','20대',33,773.68,6.78,29400,136
'2017-02','221',' 여의도초교 앞','정기','M','20대',40,5313.96,44.26,190690,864
'2017-02','222',' 시범아파트버스정류장 옆','정기','M','20대',49,3101.39,23.55,101420,572
'2017-02','223',' 진주아파트상가 앞','정기','M','20대',29,1241.99,9.87,42520,349
'2017-02','105',' 합정역 5번출구 앞','정기','M','20대',37,3079.58,24.52,105740,715
'2017-02','224',' 롯데캐슬 앞','정기','M','20대',84,3456.55,28.62,123590,648
'2017-02','225',' 앙카라공원 앞','정기','M','20대',14,1560.72,11.11,47890,284
'2017-02','226',' 샛강역 1번출구 앞','정기','M','20대',19,1162.46,9.6,41330,361
'2017-02','207',' 여의나루역 1번출구 앞','정기','M','20대',72,5161.38,38.19,164580,1031
'2017-02','401',' 상암월드컵파크 10단지 앞','정기','M','20대',9,1065.72,8.12,35000,254
'2017-02','402',' 상암월드컵파크 9단지 앞','정기','M','20대',23,1172.55,9.15,39440,309
'2017-02','403',' 부엉이공원 앞','정기','M','20대',7,558.11,3.17,13690,99
'2017-02','106',' 합정역 7번출구 앞','정기','M','20대',71,5106.29,42.47,183030,1165
'2017-02','405',' DMC빌 앞','정기','M','20대',12,977.04,5.67,24400,140
'2017-02','406',' 상암월드컵파크 7단지 앞','정기','M','20대',6,552.13,4.81,20760,168
'2017-02','421',' 마포구청 앞','정기','M','20대',59,6202.03,45.25,195170,1039
'2017-02','407',' 마포구 육아종합지원센터','정기','M','20대',45,2104.48,16.19,69550,594
'2017-02','408',' LG CNS앞','정기','M','20대',12,709.68,5.36,23130,166
'2017-02','420',' 서울시 공공자전거 상암센터','정기','M','20대',16,2233.8,18.21,78460,741
'2017-02','409',' 누리꿈스퀘어 옆','정기','M','20대',30,2213.46,17.96,77330,435
'2017-02','419',' 홈플러스 앞','정기','M','20대',56,5420.87,42.17,181760,1308
'2017-02','410',' 상암중학교 옆','정기','M','20대',24,745.97,6.57,28240,132
'2017-02','418',' 월드컵경기장역 3번출구 옆','정기','M','20대',33,3804.04,30.33,130660,947
'2017-02','107',' 신한은행 서교동금융센터점 앞','정기','M','20대',51,2663.19,21.84,94190,728
'2017-02','411',' DMC홍보관','정기','M','20대',16,968.04,7.43,32010,223
'2017-02','412',' DMC산학협력연구센터 앞','정기','M','20대',89,5104.14,38.15,164330,961
'2017-02','413',' 상암월드컵파크 3단지 후문','정기','M','20대',5,767.56,4.78,20590,147
'2017-02','417',' DMC역 2번출구 옆','정기','M','20대',27,1639.51,13.66,58900,301
'2017-02','414',' 상암동주민센터 옆','정기','M','20대',14,444.67,3.43,14810,93
'2017-02','415',' DMC역 9번출구 앞','정기','M','20대',94,3454.19,26.4,113730,596
'2017-02','416',' 상암월드컵파크 1단지 교차로','정기','M','20대',49,2454.61,18.24,78570,372
'2017-02','500',' 어린이대공원역 3번출구 앞','정기','M','20대',54,2991.58,25.31,109150,833
'2017-02','501',' 광진구의회 앞','정기','M','20대',55,3758.52,28.72,123860,925
'2017-02','502',' 뚝섬유원지역 1번출구 앞','정기','M','20대',95,6950.28,49.51,213260,1315
'2017-02','108',' 서교동 사거리','정기','M','30대',63,4057.58,32.45,139810,855
'2017-02','503',' 더샵스타시티 C동 앞','정기','M','30대',9,421.98,3.23,13890,89
'2017-02','504',' 신자초교입구교차로','정기','M','30대',21,1146.8,9.25,39910,240
'2017-02','505',' 자양사거리 광진아크로텔 앞','정기','M','30대',69,4116.35,32.49,140090,841
'2017-02','507',' 성수아이에스비즈타워 앞','정기','M','30대',46,3536.12,27.68,119250,665
'2017-02','508',' 성수아카데미타워 앞','정기','M','30대',43,1422.64,11.84,51090,569
'2017-02','509',' 이마트 버스정류소 옆','정기','M','30대',101,5753.14,44.22,190740,1361
'2017-02','510',' 서울숲 남문 버스정류소 옆','정기','M','30대',4,577.17,4.66,20090,150
'2017-02','511',' 서울숲역 4번 출구 옆','정기','M','30대',38,2288.87,17.41,75000,610
'2017-02','512',' 뚝섬역 1번 출구 옆','정기','M','30대',67,4506.01,36.79,158620,922
'2017-02','109',' 제일빌딩 앞','정기','M','30대',41,2461.94,18.61,80330,513
'2017-02','400',' 상암한화오벨리스크 1차 앞','정기','M','30대',4,259.64,1.97,8520,66
'2017-02','513',' 뚝섬역 5번 출구 정류소 옆','정기','M','30대',17,975.36,7.05,30310,204
'2017-02','514',' 성수사거리 버스정류장 앞','정기','M','30대',45,2935.83,22.67,97800,787
'2017-02','515',' 광양중학교 앞','정기','M','30대',3,297.21,2.44,10520,194
'2017-02','516',' 광진메디칼 앞','정기','M','30대',63,3471.31,27.47,118380,629
'2017-02','300',' 정동사거리','정기','M','30대',116,4898.5,40.55,174720,817
'2017-02','301',' 경복궁역 7번출구 앞','정기','M','30대',60,3261.42,27.06,116610,430
'2017-02','302',' 경복궁역 4번출구 뒤','정기','M','30대',128,5809.17,45.51,196010,1283
'2017-02','303',' 광화문역 1번출구 앞','정기','M','30대',48,2487.48,21.56,93140,494
'2017-02','115',' 사루비아 빌딩 앞','정기','M','30대',99,6634.67,57.01,245770,2305
'2017-02','304',' 광화문역 2번출구 앞','정기','M','30대',50,2816.06,20.13,86830,603
'2017-02','305',' 종로구청 옆','정기','M','30대',79,2937.98,23.65,101880,868
'2017-02','306',' 광화문역 7번출구 앞','정기','M','30대',49,2604.61,21.06,90630,677
'2017-02','307',' 서울역사박물관 앞','정기','M','30대',64,3303.92,27.07,116880,718
'2017-02','308',' 광화문 S타워 앞','정기','M','30대',48,2490.45,19.61,84630,454
'2017-02','309',' 광화문역 6번출구 옆','정기','M','30대',42,3090.12,23.79,102510,545
'2017-02','310',' 청계광장 옆','정기','M','30대',28,1521.56,12.48,53770,315
'2017-02','311',' 서울광장 옆','정기','M','30대',99,4274.96,33.91,146110,933
'2017-02','312',' 시청역 1번출구 뒤','정기','M','30대',78,3739.81,29.3,126230,784
'2017-02','313',' 서울역 광장 파출소 옆','정기','M','30대',52,3592.71,29.48,127220,672
'2017-02','110',' 사천교','정기','M','30대',15,625.7,5.34,23000,137
'2017-02','314',' 국립현대미술관','정기','M','30대',47,1836.7,14.34,61920,334
'2017-02','315',' 신한은행 안국역지점 옆','정기','M','30대',52,2707.71,21.16,90980,934
'2017-02','316',' 종각역 1번출구 앞','정기','M','30대',59,4442.56,34.21,147490,1103
'2017-02','318',' 광교사거리 남측','정기','M','30대',68,4971.64,39.88,172000,1062
'2017-02','320',' 을지로입구역 4번출구 앞','정기','M','30대',76,6232.42,48.57,209230,1906
'2017-02','321',' KEB 하나은행 본점 앞','정기','M','30대',45,3862.75,31.97,137910,1128
'2017-02','322',' 명동성당 앞','정기','M','30대',14,768.93,6.26,26920,184
'2017-02','116',' 일진아이윌아파트 옆','정기','M','30대',59,4269.76,37.99,163690,739
'2017-02','324',' 신세계백화점 본점 앞','정기','M','30대',73,3476.01,28.14,121190,782
'2017-02','326',' 안국역 5번출구 앞','정기','M','30대',166,7657.36,58.99,254280,1399
'2017-02','327',' 낙원상가 옆','정기','M','30대',76,3866.14,34.59,149210,915
'2017-02','328',' 탑골공원 앞','정기','M','30대',95,6154.79,45.51,196270,1252
'2017-02','329',' 청계2가 사거리 옆','정기','M','30대',80,5340.18,44.91,193630,1182
'2017-02','330',' 청계천 한빛광장','정기','M','30대',72,6776.34,52.49,226090,1232
'2017-02','331',' 을지로2가 사거리 북측','정기','M','30대',15,1145.06,9.28,40020,218
'2017-02','332',' 을지로2가 사거리 남측','정기','M','30대',28,1882.78,13.97,60200,538
'2017-02','111',' 상수역 2번출구 앞','정기','M','30대',34,2772.04,23.99,103540,569
'2017-02','334',' 종로3가역 2번출구 뒤','정기','M','30대',113,5753.77,45.52,195940,1199
'2017-02','335',' 종로3가역 15번출구 앞','정기','M','30대',48,2558.39,20.66,88900,766
'2017-02','336',' 티마크 호텔 앞','정기','M','30대',138,7829.43,63.06,271840,2122
'2017-02','337',' 창경궁 입구','정기','M','30대',26,1443.57,11.97,51610,445
'2017-02','338',' 세운스퀘어 앞','정기','M','30대',58,2915.62,21.46,92470,788
'2017-02','339',' 종로4가 사거리','정기','M','30대',147,8369.88,63.92,275200,2327
'2017-02','340',' 혜화동 로터리','정기','M','30대',56,4218.22,32.06,138200,671
'2017-02','341',' 혜화역 3번출구 뒤','정기','M','30대',83,4242.19,35.04,151150,932
'2017-02','342',' 대학로 마로니에공원','정기','M','30대',83,4275.9,34.59,149310,870
'2017-02','343',' 예일빌딩(율곡로) 앞','정기','M','30대',47,2651.41,20.3,87320,552
'2017-02','112',' 극동방송국 앞','정기','M','30대',59,3325.75,27.85,119850,959
'2017-02','344',' 성균관대 E하우스 앞','정기','M','30대',40,1584.42,13.07,56480,385
'2017-02','345',' 서울보증보험본사 앞','정기','M','30대',76,3859.59,29.21,125830,965
'2017-02','346',' 맥스타일 앞','정기','M','30대',122,10422.12,80.59,347280,1906
'2017-02','347',' 동대문역사문화공원역 9번출구 앞','정기','M','30대',80,4542.64,35.98,155120,802
'2017-02','349',' 사직동주민센터','정기','M','30대',55,2125.58,17.83,76940,444
'2017-02','350','KEB 하나은행(내자동 지점) 앞','정기','M','30대',20,963.91,7.13,30730,230
'2017-02','351',' 청운초교 앞 삼거리','정기','M','30대',27,1806.08,15.29,65980,347
'2017-02','352',' 중앙고입구 삼거리','정기','M','30대',30,2992.44,24.78,106770,517
'2017-02','353',' 재동초교 앞 삼거리','정기','M','30대',22,1580.18,12.3,52960,307
'2017-02','117',' 홍은사거리','정기','M','30대',15,1703.79,12.43,53580,272
'2017-02','354',' 포르투갈 대사관 앞','정기','M','30대',92,4644.73,38.93,167740,895
'2017-02','355',' 서울사대부속초교 앞','정기','M','30대',47,2243.39,19.31,83150,609
'2017-02','356',' KT혜화지사 앞','정기','M','30대',46,1888.25,14.78,63650,422
'2017-02','358',' 성대입구 사거리','정기','M','30대',72,3852.47,31.04,133950,801
'2017-02','359',' 원남동사거리','정기','M','30대',39,1741.36,12.68,54600,362
'2017-02','361',' 동묘앞역 1번출구 뒤','정기','M','30대',35,2910.07,21,90610,700
'2017-02','362',' 청계8가 사거리','정기','M','30대',33,1961.29,15.76,68020,530
'2017-02','363',' 신설동역 11번출구 뒤','정기','M','30대',15,1231.57,9.68,41670,265
'2017-02','364',' 창신역 1번출구 앞','정기','M','30대',36,2811.77,20.81,89620,390
'2017-02','113',' 홍대입구역 2번출구 앞','정기','M','30대',268,14363.73,114.83,495360,3387
'2017-02','367',' 독립문역 3-1번출구 ','정기','M','30대',10,569.91,4.48,19340,105
'2017-02','368',' SK 서린빌딩 앞','정기','M','30대',35,3399.85,27.92,120260,729
'2017-02','369',' 광화문 시민열린마당','정기','M','30대',97,4346.04,33.7,144980,644
'2017-02','348',' 독립문역 사거리','정기','M','30대',4,259.81,2.28,9840,69
'2017-02','370',' 시청역(2호선) 9번출구 뒤','정기','M','30대',59,2911.79,23.03,99340,675
'2017-02','371',' 동대입구역 6번출구 뒤','정기','M','30대',7,473.73,3.04,13110,118
'2017-02','372',' 약수역 3번출구 뒤','정기','M','30대',21,1775.31,14.44,62320,333
'2017-02','373',' 청구 어린이공원','정기','M','30대',1,81.85,0.61,2650,12
'2017-02','374',' 청구역 2번출구 앞','정기','M','30대',6,866.33,5.56,23980,68
'2017-02','118',' 광흥창역 2번출구 앞','정기','M','30대',67,2791.86,23.25,100210,559
'2017-02','375',' 다산 어린이공원','정기','M','30대',45,3318.71,28.37,122290,754
'2017-02','377',' 서울역 4번출구 앞','정기','M','30대',8,766.08,5.47,23560,173
'2017-02','378',' 청계7가 사거리','정기','M','30대',49,2753.93,21.81,93870,683
'2017-02','379',' 서울역9번출구','정기','M','30대',33,3294.03,25.5,109850,709
'2017-02','380',' CJ제일제당 앞','정기','M','30대',67,3938.15,31.23,134510,981
'2017-02','381',' 장충체육관','정기','M','30대',10,896.36,8.32,35850,210
'2017-02','382',' 약수역 10번출구 앞','정기','M','30대',24,2428.82,21.89,94360,448
'2017-02','383',' 신당역 12번 출구 뒤','정기','M','30대',139,8442.14,66.39,286210,2090
'2017-02','384',' 종로학원본원 ','정기','M','30대',16,1322.19,10.11,43630,261
'2017-02','114',' 홍대입구역 8번출구 앞','정기','M','30대',95,5935.61,46.04,198500,1632
'2017-02','142',' 아현역 4번출구 앞','정기','M','30대',18,1257.59,9.35,40420,192
'2017-02','143',' 공덕역 2번출구','정기','M','30대',41,2442.85,19.7,85030,568
'2017-02','144',' 공덕역 8번출구','정기','M','30대',98,9109.21,67.92,292670,1706
'2017-02','145',' 공덕역 5번출구','정기','M','30대',29,1930.31,15.17,65410,505
'2017-02','146',' 마포역 1번출구 뒤','정기','M','30대',43,7210.93,56.68,244370,1036
'2017-02','147',' 마포역 4번출구 뒤','정기','M','30대',40,3254.65,23.58,101720,603
'2017-02','148',' 용강동 주민센터 앞','정기','M','30대',17,1744.88,14.14,60970,336
'2017-02','150',' 서강대역 2번출구 앞','정기','M','30대',20,822.04,7.05,30460,227
'2017-02','151',' 망원1동주민센터','정기','M','30대',14,756.1,6.24,26990,175
'2017-02','152',' 마포구민체육센터 앞','정기','M','30대',18,1752.1,14.05,60560,354
'2017-02','119',' 서강나루 공원','정기','M','30대',56,5057.75,37.44,161500,798
'2017-02','153',' 성산2교 사거리','정기','M','30대',89,7474.66,55.66,239880,1724
'2017-02','154',' 마포구청역 ','정기','M','30대',38,2152.49,17.44,75180,585
'2017-02','155',' 가좌역1 번출구 뒤','정기','M','30대',10,881.25,6.49,28020,158
'2017-02','156',' 서울서부지방법원 앞','정기','M','30대',36,2288.61,18.02,77790,478
'2017-02','157',' 애오개역 4번출구 앞','정기','M','30대',57,2478.32,18.86,81350,509
'2017-02','158',' 독립문 어린이 공원','정기','M','30대',13,1754.91,13.18,56850,278
'2017-02','159',' 이대역 4번 출구','정기','M','30대',34,2319.82,17.5,75580,447
'2017-02','160',' 북아현동 가구거리','정기','M','30대',48,1995.35,14.99,64820,357
'2017-02','161',' 무악재역1번 출구','정기','M','30대',6,289.12,2.42,10430,130
'2017-02','162',' 봉원고가차도 밑','정기','M','30대',47,3552.35,30.7,132220,663
'2017-02','120',' 신수동 사거리','정기','M','30대',10,596.62,4.45,19170,133
'2017-02','163',' 명지전문대학교 정문 앞','정기','M','30대',4,468.62,4,17240,84
'2017-02','164',' 북가좌1동 주민센터 ','정기','M','30대',35,2267.42,18.06,77870,352
'2017-02','165',' 중앙근린공원','정기','M','30대',40,2408.88,18.67,80430,423
'2017-02','166',' 가재울 초등학교','정기','M','30대',36,4038.05,29.95,129120,540
'2017-02','167',' 연가초등학교 옆','정기','M','30대',15,1982.01,14.86,64050,360
'2017-02','168',' 남가좌동 사거리','정기','M','30대',10,473.02,3.71,16040,97
'2017-02','169',' 북가좌 삼거리','정기','M','30대',30,2684.37,22.02,94900,439
'2017-02','170',' 가재울 뉴타운 주유소 옆','정기','M','30대',36,2536.36,20.85,89790,508
'2017-02','171',' 임광빌딩 앞','정기','M','30대',41,2320.32,18.53,79620,366
'2017-02','172',' 서대문소방서','정기','M','30대',19,1156.46,9.42,40620,357
'2017-02','121',' 마포소방서 앞','정기','M','30대',40,2948.53,23.82,102590,312
'2017-02','173',' 서대문역 8번출구 앞','정기','M','30대',35,1340.79,10.95,47280,207
'2017-02','175',' 홍연2교옆','정기','M','30대',95,9422.19,78.73,339490,1666
'2017-02','179',' 가좌역 4번출구 앞','정기','M','30대',71,3864.95,31.38,135270,661
'2017-02','180',' 충정로역 7번출구 뒤','정기','M','30대',40,1658.6,10.33,44440,465
'2017-02','518',' 청계천 박물관 앞','정기','M','30대',1,38.59,0.39,1680,6
'2017-02','519',' 양지사거리','정기','M','30대',22,1118.01,9.24,39920,200
'2017-02','520',' 상왕십리역 4번 출구 앞','정기','M','30대',17,1075.19,8.58,36990,251
'2017-02','521',' 왕십리역 11번 출구 앞','정기','M','30대',37,5278.46,44.08,190000,743
'2017-02','522',' 금호역 1번출구 앞','정기','M','30대',47,3926.68,34.86,150270,854
'2017-02','122',' 신성기사식당 앞','정기','M','30대',37,1863.2,14.27,61500,394
'2017-02','525',' 한양대병원사거리','정기','M','30대',18,2556.97,18.81,81000,479
'2017-02','526',' 용답토속공원 앞','정기','M','30대',52,3358.28,24.86,107120,494
'2017-02','529',' 장한평역 8번 출구 앞','정기','M','30대',58,5745.66,40.8,175620,781
'2017-02','530',' 청계벽산아파트 앞','정기','M','30대',17,1318.95,9.96,42980,259
'2017-02','533',' 우리은행 금호동 지점 앞','정기','M','30대',1,115.34,0.93,3990,18
'2017-02','534',' 금호사거리','정기','M','30대',6,349.93,3.11,13420,78
'2017-02','535',' 응봉삼거리','정기','M','30대',16,1288.33,9.92,42810,254
'2017-02','536',' 행당역 2번출구 앞','정기','M','30대',23,1090.86,9.47,40820,235
'2017-02','537',' 한양대후문역 부근','정기','M','30대',8,688.67,5.19,22310,126
'2017-02','123',' 문화촌 공원','정기','M','30대',18,3057.4,23.45,101100,401
'2017-02','538',' 답십리역 8번출구 앞','정기','M','30대',11,770.7,6.42,27670,196
'2017-02','550',' 서울시설공단 앞','정기','M','30대',36,2279.76,18.77,80780,526
'2017-02','539',' 군자교교차로','정기','M','30대',12,1426.7,10.61,45730,263
'2017-02','540',' 군자역 7번출구 베스트샵 앞','정기','M','30대',42,2412.46,19.8,85350,714
'2017-02','542',' 강변역 4번출구 뒤','정기','M','30대',6,903.22,7.51,32390,215
'2017-02','543',' 구의공원(테크노마트 앞)','정기','M','30대',8,861.36,6.24,26890,164
'2017-02','544',' 광남중학교','정기','M','30대',11,1315.79,9.08,39120,282
'2017-02','546',' 잠실대교북단 교차로','정기','M','30대',3,114.83,0.84,3590,19
'2017-02','548',' 자양나들목','정기','M','30대',11,746.02,5.29,22800,97
'2017-02','549',' 아차산역 3번출구','정기','M','30대',49,2666.69,22.23,95820,544
'2017-02','124',' 서강대 정문 건너편','정기','M','30대',28,1126.03,8.92,38420,175
'2017-02','600',' 휘경2동 주민센터','정기','M','30대',17,1376.47,10.83,46700,334
'2017-02','601',' 용신동주민센터','정기','M','30대',5,135.96,1.08,4620,54
'2017-02','602',' 장안동 사거리','정기','M','30대',47,4067.22,26.42,113900,801
'2017-02','604',' 답십리초등학교 옆 공원','정기','M','30대',7,584.8,4.27,18460,114
'2017-02','605',' 신설동역8번출구','정기','M','30대',7,568.94,5.06,21860,153
'2017-02','606',' 휘경공고앞','정기','M','30대',18,2858.35,23.07,99380,644
'2017-02','607',' 신이문역 2번출구','정기','M','30대',1,94.82,0.76,3280,10
'2017-02','608',' 전농삼성아파트','정기','M','30대',12,742.06,4.59,19730,410
'2017-02','609',' 제기2교','정기','M','30대',33,2069.19,18.58,80130,457
'2017-02','125',' 서강대 남문 옆','정기','M','30대',55,2834.25,23.01,99170,722
'2017-02','610',' 동대문중 교차로','정기','M','30대',9,403.27,3.45,14840,106
'2017-02','612',' 시립동부병원 앞 사거리','정기','M','30대',8,777.04,6.15,26490,178
'2017-02','613',' 신설동역 10번출구 앞','정기','M','30대',86,5807.41,44.78,192920,1273
'2017-02','614',' 용두동 사거리','정기','M','30대',44,3338.1,25.61,110440,1067
'2017-02','615',' 용두동 레미안허브리츠아파트 앞','정기','M','30대',26,1656.69,12.42,53590,346
'2017-02','616',' 서울시립대 앞','정기','M','30대',43,1446.69,11.56,49600,403
'2017-02','617',' 청솔우성아파트 앞','정기','M','30대',22,1172.92,7.73,33480,255
'2017-02','227',' 양평2나들목 보행통로 입구','정기','M','30대',14,1390.52,12.72,54830,296
'2017-02','228',' 선유도역 3번출구 앞','정기','M','30대',54,4144.59,33.1,142710,755
'2017-02','229',' 양평1 보행육교 앞','정기','M','30대',72,7952.86,59.2,255110,1789
'2017-02','126',' 서강대 후문 옆','정기','M','30대',89,5241.2,38.1,164070,802
'2017-02','231',' 남부고용노동지청 남측','정기','M','30대',8,181.59,1.51,6560,89
'2017-02','232',' 양평우림 이비즈센타 앞','정기','M','30대',86,4688.58,35.74,153780,889
'2017-02','233',' YP 센터 앞','정기','M','30대',12,1082.13,8.52,36670,262
'2017-02','234',' 영등포구민체육센터 앞','정기','M','30대',7,324.46,2.87,12380,72
'2017-02','235',' 신길동 우리은행 옆','정기','M','30대',43,2427.76,20.75,89590,498
'2017-02','236',' 문래동자이아파트 앞','정기','M','30대',6,462.25,3.82,16480,143
'2017-02','237',' 보라매 두산위브 건너편','정기','M','30대',62,4878.86,36.32,156660,933
'2017-02','238',' 제2구민체육센타 앞','정기','M','30대',63,2876.64,21.6,93120,592
'2017-02','239',' 유스호스텔 앞','정기','M','30대',63,5828.91,41.01,176770,1241
'2017-02','240',' 문래역 4번출구 앞','정기','M','30대',44,1323.14,11.21,48340,540
'2017-02','127',' 현대벤처빌 앞','정기','M','30대',22,985.86,8.13,35070,174
'2017-02','241',' 신길우성1차아파트 앞 공원','정기','M','30대',25,2022.54,16.75,72260,411
'2017-02','242',' 신길선원가와인아파트 앞','정기','M','30대',16,1334.39,11.3,48710,265
'2017-02','243',' 이앤씨드림타워 앞','정기','M','30대',22,1403.97,12.13,52190,420
'2017-02','244',' 영등포삼환아파트 앞','정기','M','30대',59,3740.39,30.34,130700,757
'2017-02','245',' 삼성생명 당산사옥 앞','정기','M','30대',44,1762.91,15.02,64780,524
'2017-02','247',' 당산역 10번출구 앞','정기','M','30대',66,6413.32,44.86,193500,863
'2017-02','248',' 초원아파트 앞','정기','M','30대',14,1551.42,12.64,54520,281
'2017-02','249',' 여의도중학교 옆','정기','M','30대',2,281.6,2.3,9920,50
'2017-02','251',' 서울지방병무청 버스정류장','정기','M','30대',18,1470.66,10.54,45420,250
'2017-02','101',' (구)합정동 주민센터','정기','M','30대',32,2345.29,17.08,73600,608
'2017-02','128',' 신촌역(2호선) 1번출구 옆','정기','M','30대',54,3206.46,24.66,106430,666
'2017-02','252',' 보라매역4번출구','정기','M','30대',28,2778.75,19.93,85820,639
'2017-02','253',' 신풍역 5번출구 인근','정기','M','30대',22,1812.24,12.72,54890,316
'2017-02','254',' 도림신협 앞','정기','M','30대',30,1770.77,13.88,59680,473
'2017-02','255',' 도림4거리','정기','M','30대',26,1634.99,13.8,59480,398
'2017-02','256',' 동아에코빌입구','정기','M','30대',5,551.26,4.15,17840,112
'2017-02','257',' 신길삼거리(우리은행)','정기','M','30대',29,1887.43,13.51,58220,395
'2017-02','258',' 신길역3번출구','정기','M','30대',45,3507.81,24.79,106790,765
'2017-02','259',' 대방역6번출구','정기','M','30대',53,8122.28,66.57,287020,1269
'2017-02','700',' KB국민은행 염창역 지점 앞','정기','M','30대',5,1169.59,9.06,39020,251
'2017-02','129',' 신촌역(2호선) 6번출구 옆','정기','M','30대',33,1478.83,11.7,50410,325
'2017-02','702',' 목4동주민센터 옆','정기','M','30대',2,169.54,1.4,6030,66
'2017-02','703',' 오목교역 7번출구 앞','정기','M','30대',32,3535.12,25.07,108100,1166
'2017-02','704',' 남부법원검찰청 교차로','정기','M','30대',5,313.33,2.44,10550,69
'2017-02','706',' 신정네거리역','정기','M','30대',13,862.93,6.45,27770,135
'2017-02','707',' 신정3동주민센터','정기','M','30대',10,575.76,4.82,20770,142
'2017-02','708',' 서울출입국관리사무소 앞','정기','M','30대',13,4142.41,25.57,110220,466
'2017-02','709',' 신정3동 현장민원실 앞','정기','M','30대',2,230.91,1.84,7940,44
'2017-02','710',' 서부화물트럭터미널 사거리','정기','M','30대',1,54.28,0.35,1490,9
'2017-02','711',' 신일해피트리아파트 앞','정기','M','30대',17,1178.38,10.62,45780,257
'2017-02','712',' 강월초교입구 사거리','정기','M','30대',1,51.89,0.48,2080,11
'2017-02','130',' 신촌역(2호선) 7번출구 앞','정기','M','30대',28,1622.39,13.5,58260,377
'2017-02','800',' 목월공원 앞','정기','M','30대',19,1329.9,10.6,45810,298
'2017-02','802',' 한강진역 2번 출구 앞','정기','M','30대',36,2115.91,14.85,64210,370
'2017-02','803',' 한남초교 앞 보도육교','정기','M','30대',3,386.69,2.16,9300,53
'2017-02','805',' 문배어린이공원 앞','정기','M','30대',45,4289.31,34.2,147370,796
'2017-02','806',' 전자랜드 본관 앞','정기','M','30대',38,8224.17,65.85,283780,1286
'2017-02','807',' 서울역 12번 출구 앞','정기','M','30대',41,2749.06,21.24,91610,541
'2017-02','808',' 서빙고동 금호맨션 앞','정기','M','30대',4,607.61,4.24,18310,91
'2017-02','131',' 증산2교','정기','M','30대',4,304.63,2.38,10280,81
'2017-02','809',' 한남 유수지 복개주차장','정기','M','30대',11,2473.77,19.43,83640,1018
'2017-02','810',' 이태원지하보도','정기','M','30대',7,409.88,3.19,13790,80
'2017-02','811',' 녹사평역1번출구','정기','M','30대',56,4267.37,30.62,132170,840
'2017-02','812',' 용산전쟁기념관','정기','M','30대',13,666.44,5.06,21890,149
'2017-02','813',' 삼각지역 3번출구','정기','M','30대',5,623.98,3.45,14860,105
'2017-02','815',' LIG강촌아파트 103동앞','정기','M','30대',13,1903.32,14.55,62750,336
'2017-02','385',' 종각역 5번출구','정기','M','30대',50,5194.38,40.24,173570,1204
'2017-02','386',' 올림픽기념 국민생활관 앞','정기','M','30대',33,2729.87,20.93,90350,498
'2017-02','387',' 훈련원공원주차장 앞','정기','M','30대',13,898.05,6.91,29760,255
'2017-02','181',' 망원초록길 입구','정기','M','30대',7,671.46,5.22,22510,160
'2017-02','132',' 창천문화공원','정기','M','30대',18,1442.11,11.38,49050,238
'2017-02','182',' 망원2빗물펌프장 앞','정기','M','30대',11,1373.37,10.01,43190,281
'2017-02','183',' 하늘채코오롱아파트 건너편','정기','M','30대',87,4133,32.53,140070,667
'2017-02','184',' SK망원동주유소 건너편','정기','M','30대',34,1460.48,12.82,55260,298
'2017-02','185',' 마포 신수공원 앞','정기','M','30대',37,2632.15,20.73,89220,401
'2017-02','186',' 월드컵공원','정기','M','30대',15,1537.07,12.34,53200,529
'2017-02','177',' 북가좌 초등학교','정기','M','30대',3,215.67,1.68,7240,42
'2017-02','188',' 홍은동 정원여중 입구','정기','M','30대',5,524.38,4.3,18540,90
'2017-02','191',' 정명학원','정기','M','30대',42,4649.54,36.8,158490,1193
'2017-02','192',' 연서어린이공원','정기','M','30대',15,1172.81,9.25,39870,215
'2017-02','178',' 증산3교 앞','정기','M','30대',14,1019.19,7.49,32260,223
'2017-02','133',' 해담는다리','정기','M','30대',38,3796.66,29.69,127880,456
'2017-02','194',' 증산교 앞','정기','M','30대',59,4631.72,36.38,156940,1114
'2017-02','195',' 모래내고가차도 ','정기','M','30대',33,1714.68,12.84,55310,289
'2017-02','196',' 연희교차로 인근','정기','M','30대',40,3472.33,26.76,115420,798
'2017-02','198',' 충정2교','정기','M','30대',15,1259.32,10.29,44310,274
'2017-02','556',' 달맞이공원','정기','M','30대',7,1050.4,8.38,36150,194
'2017-02','557',' 도선동 주민센터 앞','정기','M','30대',49,2805.72,21.7,93530,456
'2017-02','558',' 성동광진 교육지원청 앞','정기','M','30대',22,2567.84,17.24,74280,401
'2017-02','134',' 연세로 명물길','정기','M','30대',15,715.94,5.64,24360,236
'2017-02','559',' 왕십리역 4번 출구 건너편','정기','M','30대',22,1939.78,14.35,61900,503
'2017-02','560',' 비전교회 앞','정기','M','30대',21,1313.53,10.74,46270,236
'2017-02','561',' 서울숲역 2번출구 앞','정기','M','30대',58,2985.1,21.61,93050,514
'2017-02','562',' 군자지하보도 앞','정기','M','30대',50,2710.92,21.91,94680,496
'2017-02','563',' 성동세무서 건너편','정기','M','30대',41,3064.74,26.32,113430,624
'2017-02','564',' 금호역 3번출구','정기','M','30대',3,358.37,3,12960,66
'2017-02','565',' 옥수역 3번출구','정기','M','30대',17,3798.85,26.65,114830,595
'2017-02','567',' 성수역 2번출구 앞','정기','M','30대',106,5131.76,40.12,173250,1330
'2017-02','568',' 청계8가사거리 부근','정기','M','30대',35,1488.14,12.35,53050,324
'2017-02','135',' 명물길 원형무대 앞','정기','M','30대',21,1624.24,13.33,57400,413
'2017-02','569',' 응봉현대아파트 정류소','정기','M','30대',1,161.87,1.26,5450,30
'2017-02','578',' 성동세무서 부근','정기','M','30대',25,1506.47,10.85,46900,296
'2017-02','579',' 마장역 4번출구','정기','M','30대',5,323.26,2.46,10600,52
'2017-02','580',' 신금호역 3번출구 뒤','정기','M','30대',3,252.12,1.92,8240,92
'2017-02','581',' 용답초등학교','정기','M','30대',11,996.45,7.99,34390,158
'2017-02','582',' 경일중학교 앞','정기','M','30대',33,1335.59,9.86,42600,238
'2017-02','583',' 청계천 생태교실 앞','정기','M','30대',12,2113.69,17.09,73650,395
'2017-02','551',' 구의삼성쉐르빌 앞','정기','M','30대',10,595.18,4.07,17460,136
'2017-02','552',' 대림아크로리버 앞','정기','M','30대',3,161.57,1.16,4990,35
'2017-02','553',' 중곡 성원APT 앞','정기','M','30대',16,2514.47,18.38,79240,498
'2017-02','136',' 대흥동 주민센터','정기','M','30대',31,1492.8,12.7,54710,243
'2017-02','554',' 아차산역 사거리','정기','M','30대',14,713.42,6.68,28660,136
'2017-02','555',' 구의3동주민센터','정기','M','30대',4,246.61,1.98,8480,45
'2017-02','571',' 어린이대공원역6번출구','정기','M','30대',43,2039.34,16.29,70240,477
'2017-02','572',' 국립정신 건강센터 앞','정기','M','30대',11,1133.32,9.11,39200,237
'2017-02','573',' 구의문주차장 앞','정기','M','30대',43,2913.59,19.78,85370,553
'2017-02','574',' 아차산역4번출구','정기','M','30대',57,3779.89,28.88,124510,664
'2017-02','575',' 중앙농협 중곡지점','정기','M','30대',5,495.64,4.03,17360,130
'2017-02','576',' 광나루역 3번 출구','정기','M','30대',12,982.55,7.7,33230,274
'2017-02','577',' 광진청소년수련관','정기','M','30대',11,1367.97,9.88,42650,279
'2017-02','621',' 동대문중학교 옆','정기','M','30대',6,502.17,4.19,18020,107
'2017-02','137',' NH농협 신촌지점 앞','정기','M','30대',18,1261.66,10.99,47440,282
'2017-02','622',' 전농사거리 교통섬','정기','M','30대',15,560.52,4.13,17840,132
'2017-02','623',' 서울시립대 정문 앞','정기','M','30대',33,3003.23,21.62,93150,700
'2017-02','624',' 전농동 동아아파트 앞','정기','M','30대',33,2319.86,17.95,77350,554
'2017-02','625',' 답십리초등학교 앞(현대시장 옆)','정기','M','30대',10,1010.14,7.81,33640,174
'2017-02','626',' 군자교 서측 녹지대','정기','M','30대',8,875.25,7.75,33340,168
'2017-02','627',' 장안동삼거리 교통섬','정기','M','30대',14,689.28,4.6,19880,125
'2017-02','628',' 휘봉고등학교 앞','정기','M','30대',19,5085.27,45.62,196720,457
'2017-02','630',' 동대문구 보건소','정기','M','30대',31,1916.64,13.66,58750,336
'2017-02','631',' 답십리역 1번출구','정기','M','30대',22,1208.16,8.28,35640,303
'2017-02','102',' 망원역 1번출구 앞','정기','M','30대',117,5953.22,46.5,200400,1124
'2017-02','138',' 신촌동 제1공영주차장 앞','정기','M','30대',4,137.65,1.08,4680,59
'2017-02','633',' 청량리 기업은행 앞','정기','M','30대',38,2794.51,19.95,86060,605
'2017-02','634',' 외국어대 정문 앞','정기','M','30대',29,3675.75,30.37,131000,886
'2017-02','635',' 시조사 앞 (청량고정문 옆)','정기','M','30대',37,5047.59,38.89,167680,1044
'2017-02','636',' 세종대왕기념관 교차로','정기','M','30대',24,2028.96,16.95,73030,388
'2017-02','637',' KAIST 경영대학 앞','정기','M','30대',15,890.73,7.31,31520,195
'2017-02','638',' 서울시립대 정보기술관','정기','M','30대',31,1558.74,12.31,52980,590
'2017-02','639',' 서울시립대 후문','정기','M','30대',13,567.22,4.77,20550,135
'2017-02','640',' KEB하나은행 청량리역지점','정기','M','30대',8,680.2,5.51,23730,133
'2017-02','641',' 용두역 4번출구','정기','M','30대',50,4174.4,33.21,143160,1065
'2017-02','642',' 신답역 사거리','정기','M','30대',8,454.29,3.48,14980,115
'2017-02','140',' 이화여대 후문','정기','M','30대',21,936.12,8.08,34840,158
'2017-02','643',' 동대문구민체육센터 (육교아래)','정기','M','30대',5,657.52,4.33,18710,87
'2017-02','230',' 영등포구청역 1번출구','정기','M','30대',56,1623.8,12.54,54080,393
'2017-02','260',' 여의도 마리나선착장 앞','정기','M','30대',19,1021.29,8.07,34740,189
'2017-02','262',' 영문초등학교 사거리','정기','M','30대',54,2693.06,20.14,86770,631
'2017-02','263',' 근로자회관 사거리','정기','M','30대',2,204.7,1.62,6990,38
'2017-02','264',' 교보생명보험 앞','정기','M','30대',9,508.23,4.55,19630,130
'2017-02','265',' 영등포유통상가 사거리','정기','M','30대',16,331.24,2.56,11020,65
'2017-02','141',' 연대 대운동장 옆','정기','M','30대',22,2008.11,15.72,67840,366
'2017-02','266',' 영등포청과시장 사거리','정기','M','30대',77,4329.78,32.37,139570,1134
'2017-02','267',' 삼성화재 사옥 옆','정기','M','30대',13,1021.82,8.88,38240,336
'2017-02','268',' 그랜드컨벤션센터 앞','정기','M','30대',19,1640.6,14.38,62090,325
'2017-02','270',' 증권거래소후문교차로','정기','M','30대',9,456.41,3.83,16480,108
'2017-02','271',' 샛강생태공원방문자센터 앞','정기','M','30대',27,649.36,5.11,22100,79
'2017-02','272',' 당산육갑문','정기','M','30대',29,2966.05,23.41,100930,483
'2017-02','716','신정6동 주민센터 인근','정기','M','30대',15,1348.17,12.06,51950,537
'2017-02','139',' 연세대 정문 건너편','정기','M','30대',44,3371.5,24.02,103520,532
'2017-02','719',' 홍익병원앞 교차로','정기','M','30대',9,1012.36,7.94,34250,212
'2017-02','720',' 서울강월초등학교 앞','정기','M','30대',1,61.14,0.45,1930,9
'2017-02','816',' 신용산역 6번출구 앞','정기','M','30대',30,3692.48,25.28,108860,625
'2017-02','817',' 삼각지역 4번출구 앞','정기','M','30대',6,369.96,3.21,13840,164
'2017-02','818',' 숙명여대 입구 교차로','정기','M','30대',15,1434.21,10.68,45990,249
'2017-02','819',' 선린인터넷 고등학교','정기','M','30대',24,1800.36,15,64610,553
'2017-02','820',' 청파동입구 교차로','정기','M','30대',50,6683.32,53.29,229700,1263
'2017-02','822',' 이촌1동 마을공원','정기','M','30대',10,1243.81,9.15,39470,214
'2017-02','823',' 효창동주민센터 앞','정기','M','30대',3,120.48,1.1,4740,30
'2017-02','825',' 서빙고동 주민센터 앞','정기','M','30대',19,2456.51,16.26,70130,478
'2017-02','199',' 서울 월드컵 경기장','정기','M','30대',12,1451.52,11.09,47750,315
'2017-02','388',' 동성중학교 앞','정기','M','30대',24,1830.9,13.14,56620,289
'2017-02','584',' 광진광장 교통섬','정기','M','30대',25,2102.18,13.7,59030,339
'2017-02','585',' 성수2가1동 공영주차장 인근','정기','M','30대',3,164.58,1.31,5650,28
'2017-02','586',' 마장동 주민센터','정기','M','30대',8,538.61,4.65,20050,121
'2017-02','900',' 은평예술회관','정기','M','30대',25,1071.23,8.77,37690,495
'2017-02','901',' 응암1동사무소','정기','M','30대',11,510.06,4.27,18430,117
'2017-02','200',' 국회의원회관','정기','M','30대',35,1822.71,14.82,63940,401
'2017-02','903',' 은평뉴타운 아이파크','정기','M','30대',15,769.65,6.51,28080,117
'2017-02','904',' 은평뉴타운 푸르지오','정기','M','30대',1,56.01,0.48,2050,10
'2017-02','905',' 구파발역 2번출구','정기','M','30대',13,655.44,5.7,24650,193
'2017-02','906',' 연신내역 5번출구150M 아래','정기','M','30대',25,1553.58,11.62,50080,392
'2017-02','907',' CJ 드림시티','정기','M','30대',35,3182.86,25.74,110990,858
'2017-02','908',' 구산역 4번출구','정기','M','30대',16,865.13,5.21,22500,209
'2017-02','909',' 백련산 힐스테이트 3차','정기','M','30대',3,380.4,2.87,12390,68
'2017-02','911',' 은평평화공원(역촌역4번출구)','정기','M','30대',15,854.17,6.45,27760,291
'2017-02','201',' 진미파라곤 앞','정기','M','30대',77,9643.56,73.71,317680,1659
'2017-02','912',' 응암오거리','정기','M','30대',40,3948.25,31.09,133970,751
'2017-02','913',' 이마트 은평점','정기','M','30대',23,1874.94,14.43,62240,372
'2017-02','914',' 새절역 2번출구','정기','M','30대',27,2923.14,22.12,95310,715
'2017-02','915',' 증산역 4번출구','정기','M','30대',12,765.24,5.86,25250,163
'2017-02','916',' 평생학습관 앞','정기','M','30대',21,943.22,6.71,28870,350
'2017-02','917',' 녹번역 4번출구','정기','M','30대',21,1259.47,8.92,38390,230
'2017-02','919',' 서울혁신파크','정기','M','30대',3,155.82,1.01,4350,23
'2017-02','921',' 신도고등학교','정기','M','30대',6,241.52,2.05,8830,143
'2017-02','202',' 국민일보 앞','정기','M','30대',79,4215.73,33.12,142950,738
'2017-02','922',' 연신내역 4번출구','정기','M','30대',18,861.64,7.34,31610,193
'2017-02','923',' 국민은행 연서지점','정기','M','30대',30,2230.71,18.01,77680,501
'2017-02','924',' 메뚜기다리','정기','M','30대',5,438.33,3.28,14170,74
'2017-02','925',' 불광역 2번출구','정기','M','30대',7,531.31,3.53,15180,82
'2017-02','926',' 불광역 8번출구','정기','M','30대',37,2613.38,19.85,85410,638
'2017-02','927',' 연신내역 3번출구 인근','정기','M','30대',7,470.36,4.01,17260,74
'2017-02','928',' 은평역사한옥박물관','정기','M','30대',1,47.62,0.43,1850,9
'2017-02','930',' 구 서부경찰서 건너편','정기','M','30대',3,160.5,1.34,5790,60
'2017-02','931',' 역촌파출소','정기','M','30대',16,1399.71,11.59,50020,286
'2017-02','932',' 예일여중','정기','M','30대',13,1022.32,8.15,35120,274
'2017-02','933',' LG서비스 역촌점','정기','M','30대',12,1095.06,8.59,37050,231
'2017-02','587',' KEB하나은행 성수중앙지점','정기','M','30대',35,2109.14,16.27,70270,526
'2017-02','588',' 뚝섬 유원지역','정기','M','30대',6,1014.71,6.82,29360,168
'2017-02','103',' 망원역 2번출구 앞','정기','M','30대',51,2020.41,17.36,74860,835
'2017-02','204',' 국회의사당역 5번출구 옆','정기','M','30대',41,2519.32,21.64,93330,544
'2017-02','203',' 국회의사당역 3번출구 옆','정기','M','30대',55,6883.98,43.96,189480,809
'2017-02','205',' 산업은행 앞','정기','M','30대',24,2192.06,14.94,64410,455
'2017-02','206',' KBS 앞','정기','M','30대',46,3064.35,22.96,98900,509
'2017-02','209',' 유진투자증권빌딩 앞','정기','M','30대',110,3904.88,31.18,134970,755
'2017-02','210',' IFC몰','정기','M','30대',79,4800.72,38.2,164680,1002
'2017-02','211',' 여의도역 4번출구 옆','정기','M','30대',163,8028.24,65.98,284290,1289
'2017-02','212',' 여의도역 1번출구 옆','정기','M','30대',95,3503.27,26.1,112770,688
'2017-02','213',' KT앞','정기','M','30대',125,6237.48,46.59,200900,1149
'2017-02','104',' 합정역 1번출구 앞','정기','M','30대',64,4580.46,36.04,155460,998
'2017-02','214',' 금융감독원 앞','정기','M','30대',46,2291.57,17.01,73300,650
'2017-02','218',' 증권거래소 앞','정기','M','30대',81,2173.95,17.67,76110,634
'2017-02','219',' 롯데캐슬엠파이어 옆','정기','M','30대',48,1665.21,12.65,54540,302
'2017-02','220',' 미성아파트 A동 앞','정기','M','30대',43,1689.79,12.06,51900,255
'2017-02','215',' 여의도고교 앞','정기','M','30대',7,1622.76,12.27,52910,244
'2017-02','216',' 삼부아파트1동 앞','정기','M','30대',36,877.65,8.22,35380,160
'2017-02','217',' NH농협은행 앞','정기','M','30대',62,1879.37,13.96,60240,399
'2017-02','221',' 여의도초교 앞','정기','M','30대',78,5388.49,42.08,181180,897
'2017-02','222',' 시범아파트버스정류장 옆','정기','M','30대',67,3038.14,24.02,103410,657
'2017-02','223',' 진주아파트상가 앞','정기','M','30대',87,4626.24,32.34,139830,657
'2017-02','105',' 합정역 5번출구 앞','정기','M','30대',42,3150.07,24.88,107020,820
'2017-02','224',' 롯데캐슬 앞','정기','M','30대',55,3249.9,24.08,103940,615
'2017-02','225',' 앙카라공원 앞','정기','M','30대',67,1425.84,11.31,48780,219
'2017-02','226',' 샛강역 1번출구 앞','정기','M','30대',37,1458.27,10.97,47460,282
'2017-02','207',' 여의나루역 1번출구 앞','정기','M','30대',97,6879.44,54.92,236920,1000
'2017-02','401',' 상암월드컵파크 10단지 앞','정기','M','30대',2,138.72,1.01,4380,48
'2017-02','402',' 상암월드컵파크 9단지 앞','정기','M','30대',29,1858.84,12.41,53480,312
'2017-02','403',' 부엉이공원 앞','정기','M','30대',24,1387.05,9.92,42830,224
'2017-02','106',' 합정역 7번출구 앞','정기','M','30대',75,5318.16,44.09,189960,1000
'2017-02','405',' DMC빌 앞','정기','M','30대',26,1876.51,15.85,68480,392
'2017-02','406',' 상암월드컵파크 7단지 앞','정기','M','30대',16,850.11,6.95,30030,173
'2017-02','421',' 마포구청 앞','정기','M','30대',49,6831.2,48.11,207510,1081
'2017-02','407',' 마포구 육아종합지원센터','정기','M','30대',28,1248.89,11.31,48830,354
'2017-02','408',' LG CNS앞','정기','M','30대',52,3750.86,29.15,125750,660
'2017-02','420',' 서울시 공공자전거 상암센터','정기','M','30대',12,1572.13,12.11,52150,587
'2017-02','409',' 누리꿈스퀘어 옆','정기','M','30대',133,8554.07,70.69,304930,2022
'2017-02','419',' 홈플러스 앞','정기','M','30대',78,7190.53,58.2,250870,1728
'2017-02','410',' 상암중학교 옆','정기','M','30대',8,546.21,3.98,17140,85
'2017-02','418',' 월드컵경기장역 3번출구 옆','정기','M','30대',36,3635.66,28.92,124780,825
'2017-02','107',' 신한은행 서교동금융센터점 앞','정기','M','30대',105,3960.28,32.49,140230,1865
'2017-02','411',' DMC홍보관','정기','M','30대',33,2237.2,16.56,71350,456
'2017-02','412',' DMC산학협력연구센터 앞','정기','M','30대',123,4728.93,35.32,152020,950
'2017-02','413',' 상암월드컵파크 3단지 후문','정기','M','30대',18,723.15,6.34,27270,133
'2017-02','417',' DMC역 2번출구 옆','정기','M','30대',105,6371.39,51.63,222460,1193
'2017-02','414',' 상암동주민센터 옆','정기','M','30대',54,2645.66,20.47,88120,536
'2017-02','415',' DMC역 9번출구 앞','정기','M','30대',196,12344.85,89.82,387000,2134
'2017-02','416',' 상암월드컵파크 1단지 교차로','정기','M','30대',7,170.29,1.42,6060,32
'2017-02','500',' 어린이대공원역 3번출구 앞','정기','M','30대',41,2996,22.77,98180,526
'2017-02','501',' 광진구의회 앞','정기','M','30대',17,1505.84,11.61,50070,327
'2017-02','502',' 뚝섬유원지역 1번출구 앞','정기','M','30대',59,6556.3,43.16,186100,1037
'2017-02','108',' 서교동 사거리','정기','M','40대',11,573.33,4.38,18890,143
'2017-02','503',' 더샵스타시티 C동 앞','정기','M','40대',32,2115.21,15.49,66740,770
'2017-02','504',' 신자초교입구교차로','정기','M','40대',45,4258.56,27.59,118870,872
'2017-02','505',' 자양사거리 광진아크로텔 앞','정기','M','40대',71,4227.85,36.7,158250,1056
'2017-02','506',' 금호 어울림 아파트 앞','정기','M','40대',7,328.2,2.63,11370,104
'2017-02','507',' 성수아이에스비즈타워 앞','정기','M','40대',4,209.72,1.54,6620,71
'2017-02','508',' 성수아카데미타워 앞','정기','M','40대',26,872.83,6.35,27390,203
'2017-02','509',' 이마트 버스정류소 옆','정기','M','40대',28,2979.31,23.29,100290,535
'2017-02','510',' 서울숲 남문 버스정류소 옆','정기','M','40대',4,498.74,4.12,17740,193
'2017-02','511',' 서울숲역 4번 출구 옆','정기','M','40대',11,1262.62,10.44,45050,271
'2017-02','512',' 뚝섬역 1번 출구 옆','정기','M','40대',36,4130.82,33.71,145390,824
'2017-02','109',' 제일빌딩 앞','정기','M','40대',15,720.8,5.97,25860,150
'2017-02','400',' 상암한화오벨리스크 1차 앞','정기','M','40대',16,866.65,8.82,38070,398
'2017-02','513',' 뚝섬역 5번 출구 정류소 옆','정기','M','40대',17,1601.23,11.83,51010,313
'2017-02','514',' 성수사거리 버스정류장 앞','정기','M','40대',27,2042.92,16.66,71760,446
'2017-02','515',' 광양중학교 앞','정기','M','40대',24,1473.75,11.92,51380,278
'2017-02','516',' 광진메디칼 앞','정기','M','40대',4,283.14,2.27,9770,148
'2017-02','300',' 정동사거리','정기','M','40대',148,8116.75,65.73,283020,1566
'2017-02','301',' 경복궁역 7번출구 앞','정기','M','40대',17,556.12,4.23,18210,95
'2017-02','302',' 경복궁역 4번출구 뒤','정기','M','40대',60,2598.63,21.95,94560,694
'2017-02','303',' 광화문역 1번출구 앞','정기','M','40대',52,1495.18,11.99,51770,354
'2017-02','115',' 사루비아 빌딩 앞','정기','M','40대',12,674.59,5.51,23750,121
'2017-02','304',' 광화문역 2번출구 앞','정기','M','40대',21,1056.82,7.84,33800,277
'2017-02','305',' 종로구청 옆','정기','M','40대',65,3674.68,27.08,116700,848
'2017-02','306',' 광화문역 7번출구 앞','정기','M','40대',24,1200.66,10.12,43750,285
'2017-02','307',' 서울역사박물관 앞','정기','M','40대',40,2146.52,17.6,75930,487
'2017-02','308',' 광화문 S타워 앞','정기','M','40대',21,1185.66,9.57,41260,230
'2017-02','309',' 광화문역 6번출구 옆','정기','M','40대',59,2005.87,16.32,70530,459
'2017-02','310',' 청계광장 옆','정기','M','40대',58,3606.94,26.73,115300,779
'2017-02','311',' 서울광장 옆','정기','M','40대',121,5753.79,44.9,193460,1155
'2017-02','312',' 시청역 1번출구 뒤','정기','M','40대',111,9640.12,88.71,382090,1233
'2017-02','313',' 서울역 광장 파출소 옆','정기','M','40대',62,2976.49,24.07,103720,709
'2017-02','110',' 사천교','정기','M','40대',7,517.08,4.16,17950,99
'2017-02','314',' 국립현대미술관','정기','M','40대',54,3767.36,32.11,138300,934
'2017-02','315',' 신한은행 안국역지점 옆','정기','M','40대',29,1201.91,9.64,41570,500
'2017-02','316',' 종각역 1번출구 앞','정기','M','40대',49,3186.5,25.74,110930,925
'2017-02','318',' 광교사거리 남측','정기','M','40대',25,1982.76,15.62,67240,453
'2017-02','320',' 을지로입구역 4번출구 앞','정기','M','40대',30,2107.97,15.83,68360,385
'2017-02','321',' KEB 하나은행 본점 앞','정기','M','40대',19,1279.61,9.2,39690,271
'2017-02','322',' 명동성당 앞','정기','M','40대',28,1593.08,12.26,52800,453
'2017-02','116',' 일진아이윌아파트 옆','정기','M','40대',32,2802.44,22.92,98750,408
'2017-02','324',' 신세계백화점 본점 앞','정기','M','40대',16,1198.34,9.87,42520,269
'2017-02','326',' 안국역 5번출구 앞','정기','M','40대',53,2707.04,22.21,95550,611
'2017-02','327',' 낙원상가 옆','정기','M','40대',27,936.09,8.78,37810,274
'2017-02','328',' 탑골공원 앞','정기','M','40대',37,2097.56,17.02,73460,567
'2017-02','329',' 청계2가 사거리 옆','정기','M','40대',39,1338.11,11.44,49330,387
'2017-02','330',' 청계천 한빛광장','정기','M','40대',30,2211.53,16.54,71310,541
'2017-02','331',' 을지로2가 사거리 북측','정기','M','40대',25,1061.12,8.66,37430,188
'2017-02','332',' 을지로2가 사거리 남측','정기','M','40대',38,1652.62,13.21,56820,335
'2017-02','111',' 상수역 2번출구 앞','정기','M','40대',8,471.49,3.91,16810,116
'2017-02','334',' 종로3가역 2번출구 뒤','정기','M','40대',30,1518.4,11.39,49060,333
'2017-02','335',' 종로3가역 15번출구 앞','정기','M','40대',13,1091.7,9.22,39690,221
'2017-02','336',' 티마크 호텔 앞','정기','M','40대',75,4534.33,36.89,158960,1155
'2017-02','337',' 창경궁 입구','정기','M','40대',31,1710.89,13.06,56270,453
'2017-02','338',' 세운스퀘어 앞','정기','M','40대',38,3201.14,23.56,101530,570
'2017-02','339',' 종로4가 사거리','정기','M','40대',54,3751.07,28.7,123730,864
'2017-02','340',' 혜화동 로터리','정기','M','40대',59,7524.76,54.85,236200,1360
'2017-02','341',' 혜화역 3번출구 뒤','정기','M','40대',28,1464.74,12.28,53100,286
'2017-02','342',' 대학로 마로니에공원','정기','M','40대',81,4165.68,35.79,154230,1130
'2017-02','343',' 예일빌딩(율곡로) 앞','정기','M','40대',4,247.57,1.82,7840,51
'2017-02','112',' 극동방송국 앞','정기','M','40대',5,702.32,5.8,25030,189
'2017-02','344',' 성균관대 E하우스 앞','정기','M','40대',16,918.08,6.73,28980,218
'2017-02','345',' 서울보증보험본사 앞','정기','M','40대',34,3969.08,28.17,121540,600
'2017-02','346',' 맥스타일 앞','정기','M','40대',47,3677.78,28.25,121840,859
'2017-02','347',' 동대문역사문화공원역 9번출구 앞','정기','M','40대',50,4084.96,31.71,136650,886
'2017-02','349',' 사직동주민센터','정기','M','40대',45,2155.49,16.18,69630,470
'2017-02','350','KEB 하나은행(내자동 지점) 앞','정기','M','40대',56,2998.28,23.41,100760,724
'2017-02','351',' 청운초교 앞 삼거리','정기','M','40대',12,1434.42,10.6,45690,247
'2017-02','352',' 중앙고입구 삼거리','정기','M','40대',23,2232.45,16.8,72360,218
'2017-02','353',' 재동초교 앞 삼거리','정기','M','40대',12,599.32,4.54,19620,95
'2017-02','117',' 홍은사거리','정기','M','40대',16,1318.28,10.05,43290,297
'2017-02','354',' 포르투갈 대사관 앞','정기','M','40대',47,3587.72,27.65,119120,613
'2017-02','355',' 서울사대부속초교 앞','정기','M','40대',10,322.8,2.76,11930,92
'2017-02','356',' KT혜화지사 앞','정기','M','40대',35,1685.01,12.88,55350,393
'2017-02','358',' 성대입구 사거리','정기','M','40대',33,2208.87,17.02,73480,427
'2017-02','359',' 원남동사거리','정기','M','40대',35,2676.95,19.85,85650,447
'2017-02','361',' 동묘앞역 1번출구 뒤','정기','M','40대',29,1656.57,13.1,56520,439
'2017-02','362',' 청계8가 사거리','정기','M','40대',45,2505.94,19.17,82750,694
'2017-02','363',' 신설동역 11번출구 뒤','정기','M','40대',5,341.83,2.59,11160,119
'2017-02','364',' 창신역 1번출구 앞','정기','M','40대',6,683.66,6.16,26560,114
'2017-02','113',' 홍대입구역 2번출구 앞','정기','M','40대',171,8221.4,69.64,299890,2300
'2017-02','367',' 독립문역 3-1번출구 ','정기','M','40대',19,1103.12,8.82,37970,209
'2017-02','368',' SK 서린빌딩 앞','정기','M','40대',22,866.87,6.91,29810,164
'2017-02','369',' 광화문 시민열린마당','정기','M','40대',30,1181.56,9.56,41250,251
'2017-02','348',' 독립문역 사거리','정기','M','40대',27,1773.8,15.73,67940,233
'2017-02','370',' 시청역(2호선) 9번출구 뒤','정기','M','40대',48,2985.49,22.87,98550,559
'2017-02','371',' 동대입구역 6번출구 뒤','정기','M','40대',16,1521.96,12.43,53490,500
'2017-02','372',' 약수역 3번출구 뒤','정기','M','40대',16,814.06,6.28,27020,260
'2017-02','373',' 청구 어린이공원','정기','M','40대',2,44.63,0.37,1610,20
'2017-02','374',' 청구역 2번출구 앞','정기','M','40대',30,4176.71,36.32,156600,933
'2017-02','118',' 광흥창역 2번출구 앞','정기','M','40대',27,846.7,7.97,34380,541
'2017-02','375',' 다산 어린이공원','정기','M','40대',12,1402.95,10.5,45270,474
'2017-02','377',' 서울역 4번출구 앞','정기','M','40대',26,2336.91,18.72,80620,556
'2017-02','378',' 청계7가 사거리','정기','M','40대',84,5060.1,34.62,149310,1379
'2017-02','379',' 서울역9번출구','정기','M','40대',15,2100.46,14.97,64520,388
'2017-02','380',' CJ제일제당 앞','정기','M','40대',31,2343.73,17.18,74080,353
'2017-02','381',' 장충체육관','정기','M','40대',9,474.3,4.01,17240,130
'2017-02','382',' 약수역 10번출구 앞','정기','M','40대',6,514.89,3.97,17100,115
'2017-02','383',' 신당역 12번 출구 뒤','정기','M','40대',28,2025.37,16.39,70720,406
'2017-02','384',' 종로학원본원 ','정기','M','40대',20,740.8,5.11,22200,151
'2017-02','114',' 홍대입구역 8번출구 앞','정기','M','40대',35,2856.13,22.84,98580,836
'2017-02','142',' 아현역 4번출구 앞','정기','M','40대',54,2829.73,22.27,96100,565
'2017-02','143',' 공덕역 2번출구','정기','M','40대',25,3416.34,24.2,104410,605
'2017-02','144',' 공덕역 8번출구','정기','M','40대',34,2390.89,18.41,79390,546
'2017-02','145',' 공덕역 5번출구','정기','M','40대',37,1521.66,12.02,51920,420
'2017-02','146',' 마포역 1번출구 뒤','정기','M','40대',49,6756.35,50.52,217800,1083
'2017-02','147',' 마포역 4번출구 뒤','정기','M','40대',25,2856.75,22.54,97080,454
'2017-02','148',' 용강동 주민센터 앞','정기','M','40대',40,5153.72,39.11,168620,1037
'2017-02','150',' 서강대역 2번출구 앞','정기','M','40대',22,839.22,6.98,30240,270
'2017-02','151',' 망원1동주민센터','정기','M','40대',2,348.86,2.71,11640,55
'2017-02','152',' 마포구민체육센터 앞','정기','M','40대',21,2436.74,19.54,84180,467
'2017-02','119',' 서강나루 공원','정기','M','40대',37,1744.77,13.25,57200,292
'2017-02','153',' 성산2교 사거리','정기','M','40대',16,863.63,7.33,31630,174
'2017-02','154',' 마포구청역 ','정기','M','40대',18,999.68,8.39,36080,260
'2017-02','155',' 가좌역1 번출구 뒤','정기','M','40대',44,3848.05,30.3,130560,686
'2017-02','156',' 서울서부지방법원 앞','정기','M','40대',20,736.96,5.54,23950,186
'2017-02','157',' 애오개역 4번출구 앞','정기','M','40대',37,2387.05,20.25,87250,479
'2017-02','158',' 독립문 어린이 공원','정기','M','40대',13,1255.95,10.83,46660,260
'2017-02','159',' 이대역 4번 출구','정기','M','40대',30,2638.63,22.45,96560,579
'2017-02','160',' 북아현동 가구거리','정기','M','40대',13,879.83,7,30140,200
'2017-02','161',' 무악재역1번 출구','정기','M','40대',6,748.4,5.76,24780,158
'2017-02','162',' 봉원고가차도 밑','정기','M','40대',27,4424.71,37.61,162130,839
'2017-02','120',' 신수동 사거리','정기','M','40대',16,1068.72,9.5,40870,246
'2017-02','163',' 명지전문대학교 정문 앞','정기','M','40대',7,787.91,6.2,26730,167
'2017-02','164',' 북가좌1동 주민센터 ','정기','M','40대',12,833.41,7.24,31170,261
'2017-02','165',' 중앙근린공원','정기','M','40대',26,2100.99,19.26,83000,369
'2017-02','166',' 가재울 초등학교','정기','M','40대',77,3854.3,31.38,135340,841
'2017-02','167',' 연가초등학교 옆','정기','M','40대',5,296.36,2.67,11490,62
'2017-02','168',' 남가좌동 사거리','정기','M','40대',4,177.86,1.55,6730,32
'2017-02','169',' 북가좌 삼거리','정기','M','40대',9,581.11,4.9,21150,114
'2017-02','170',' 가재울 뉴타운 주유소 옆','정기','M','40대',62,4352.35,39.44,169950,909
'2017-02','171',' 임광빌딩 앞','정기','M','40대',22,994.09,8.41,36250,265
'2017-02','172',' 서대문소방서','정기','M','40대',12,1509.41,12.59,54160,289
'2017-02','121',' 마포소방서 앞','정기','M','40대',5,369.07,3.29,14120,94
'2017-02','173',' 서대문역 8번출구 앞','정기','M','40대',65,6330.15,49.18,212030,1048
'2017-02','175',' 홍연2교옆','정기','M','40대',40,4565.17,39.03,168120,825
'2017-02','179',' 가좌역 4번출구 앞','정기','M','40대',45,4154.36,31.97,137930,657
'2017-02','180',' 충정로역 7번출구 뒤','정기','M','40대',32,4361.02,30.78,132700,645
'2017-02','518',' 청계천 박물관 앞','정기','M','40대',2,299.74,1.95,8410,57
'2017-02','519',' 양지사거리','정기','M','40대',4,643.27,4.4,19000,113
'2017-02','520',' 상왕십리역 4번 출구 앞','정기','M','40대',4,357.36,2.69,11590,62
'2017-02','521',' 왕십리역 11번 출구 앞','정기','M','40대',14,1309.76,10.13,43580,256
'2017-02','522',' 금호역 1번출구 앞','정기','M','40대',1,45.62,0.33,1440,8
'2017-02','523',' 옥수동성당 옆','정기','M','40대',5,623.25,4.68,20170,104
'2017-02','122',' 신성기사식당 앞','정기','M','40대',23,2250.86,18.57,80070,488
'2017-02','524',' 래미안금호하이리버 아파트 102동 옆','정기','M','40대',7,357.41,2.88,12410,107
'2017-02','525',' 한양대병원사거리','정기','M','40대',16,1888.01,13.41,57810,406
'2017-02','526',' 용답토속공원 앞','정기','M','40대',30,1970.73,16.5,71160,295
'2017-02','529',' 장한평역 8번 출구 앞','정기','M','40대',42,1593.78,13.72,59020,333
'2017-02','530',' 청계벽산아파트 앞','정기','M','40대',12,513.91,3.96,17080,88
'2017-02','533',' 우리은행 금호동 지점 앞','정기','M','40대',6,762.92,6.25,26960,142
'2017-02','535',' 응봉삼거리','정기','M','40대',5,226.97,1.64,7080,29
'2017-02','536',' 행당역 2번출구 앞','정기','M','40대',4,654.29,5.29,22780,108
'2017-02','537',' 한양대후문역 부근','정기','M','40대',42,6279.55,52.96,228410,1562
'2017-02','123',' 문화촌 공원','정기','M','40대',12,1944.98,16.35,70440,301
'2017-02','538',' 답십리역 8번출구 앞','정기','M','40대',24,991.83,8.86,38080,252
'2017-02','550',' 서울시설공단 앞','정기','M','40대',29,4301.74,35.4,152610,625
'2017-02','539',' 군자교교차로','정기','M','40대',15,801.47,7.2,31070,144
'2017-02','540',' 군자역 7번출구 베스트샵 앞','정기','M','40대',45,8830.72,61.56,265390,1504
'2017-02','542',' 강변역 4번출구 뒤','정기','M','40대',20,2995.86,19.32,83370,396
'2017-02','543',' 구의공원(테크노마트 앞)','정기','M','40대',14,797.68,5.74,24720,120
'2017-02','544',' 광남중학교','정기','M','40대',13,529.68,3.87,16720,65
'2017-02','546',' 잠실대교북단 교차로','정기','M','40대',15,919.49,7,30260,286
'2017-02','548',' 자양나들목','정기','M','40대',4,452.72,3.5,15080,74
'2017-02','549',' 아차산역 3번출구','정기','M','40대',55,3060.47,26.58,114190,508
'2017-02','124',' 서강대 정문 건너편','정기','M','40대',11,796.25,6.28,27060,296
'2017-02','600',' 휘경2동 주민센터','정기','M','40대',40,3179.55,22.91,98800,947
'2017-02','601',' 용신동주민센터','정기','M','40대',28,1229.63,10.83,46610,352
'2017-02','602',' 장안동 사거리','정기','M','40대',26,2472.71,20.02,86330,362
'2017-02','604',' 답십리초등학교 옆 공원','정기','M','40대',18,858.59,6.28,27090,337
'2017-02','605',' 신설동역8번출구','정기','M','40대',13,1261.53,10.95,47250,577
'2017-02','606',' 휘경공고앞','정기','M','40대',6,1175.47,8.92,38420,171
'2017-02','607',' 신이문역 2번출구','정기','M','40대',8,871.42,7.83,33740,202
'2017-02','608',' 전농삼성아파트','정기','M','40대',1,77.62,0.57,2450,12
'2017-02','609',' 제기2교','정기','M','40대',4,460.61,3.41,14680,265
'2017-02','125',' 서강대 남문 옆','정기','M','40대',11,390.29,3.84,16510,129
'2017-02','610',' 동대문중 교차로','정기','M','40대',23,1719.64,12.94,55810,376
'2017-02','612',' 시립동부병원 앞 사거리','정기','M','40대',30,1688.53,13.94,59990,276
'2017-02','613',' 신설동역 10번출구 앞','정기','M','40대',25,2968.24,22.61,97500,545
'2017-02','614',' 용두동 사거리','정기','M','40대',29,1818.7,14.71,63230,366
'2017-02','615',' 용두동 레미안허브리츠아파트 앞','정기','M','40대',22,1003.16,8.28,35760,223
'2017-02','616',' 서울시립대 앞','정기','M','40대',2,77.53,0.58,2510,37
'2017-02','617',' 청솔우성아파트 앞','정기','M','40대',45,2547.79,21.32,91820,448
'2017-02','227',' 양평2나들목 보행통로 입구','정기','M','40대',5,456.05,3.26,14070,109
'2017-02','228',' 선유도역 3번출구 앞','정기','M','40대',51,1366.33,10.28,44450,411
'2017-02','229',' 양평1 보행육교 앞','정기','M','40대',56,5475.65,37.86,163160,1161
'2017-02','126',' 서강대 후문 옆','정기','M','40대',7,378.87,2.94,12640,67
'2017-02','231',' 남부고용노동지청 남측','정기','M','40대',10,308.49,2.54,10860,95
'2017-02','232',' 양평우림 이비즈센타 앞','정기','M','40대',23,1883.69,18.6,80210,458
'2017-02','233',' YP 센터 앞','정기','M','40대',1,178.36,1.43,6170,43
'2017-02','234',' 영등포구민체육센터 앞','정기','M','40대',2,344.93,2.62,11290,19
'2017-02','235',' 신길동 우리은행 옆','정기','M','40대',5,416.85,3.59,15480,95
'2017-02','236',' 문래동자이아파트 앞','정기','M','40대',7,321.46,2.66,11420,61
'2017-02','237',' 보라매 두산위브 건너편','정기','M','40대',13,1390.68,10.14,43690,239
'2017-02','238',' 제2구민체육센타 앞','정기','M','40대',39,2784.61,18.93,81600,483
'2017-02','239',' 유스호스텔 앞','정기','M','40대',16,1015.46,8.62,37190,217
'2017-02','240',' 문래역 4번출구 앞','정기','M','40대',23,1182.46,9.92,42750,279
'2017-02','127',' 현대벤처빌 앞','정기','M','40대',7,337.43,3,12920,93
'2017-02','241',' 신길우성1차아파트 앞 공원','정기','M','40대',4,311.88,2.69,11610,57
'2017-02','242',' 신길선원가와인아파트 앞','정기','M','40대',19,1030.25,8.73,37660,209
'2017-02','243',' 이앤씨드림타워 앞','정기','M','40대',17,1425.78,11.99,51600,334
'2017-02','244',' 영등포삼환아파트 앞','정기','M','40대',13,1123.29,9.73,41870,268
'2017-02','245',' 삼성생명 당산사옥 앞','정기','M','40대',11,554.07,4.25,18340,191
'2017-02','247',' 당산역 10번출구 앞','정기','M','40대',31,1897.2,13.5,58170,338
'2017-02','248',' 초원아파트 앞','정기','M','40대',7,575.78,4.4,18900,107
'2017-02','249',' 여의도중학교 옆','정기','M','40대',2,274.14,1.59,6860,32
'2017-02','250',' 대림아파트 사거리','정기','M','40대',27,2223.59,17.42,75070,437
'2017-02','101',' (구)합정동 주민센터','정기','M','40대',5,500.07,2.67,11480,95
'2017-02','128',' 신촌역(2호선) 1번출구 옆','정기','M','40대',52,8634.3,64.89,279740,1505
'2017-02','252',' 보라매역4번출구','정기','M','40대',12,1418.87,9.21,39700,273
'2017-02','253',' 신풍역 5번출구 인근','정기','M','40대',4,391.76,3.05,13150,74
'2017-02','254',' 도림신협 앞','정기','M','40대',1,51.46,0.41,1780,8
'2017-02','255',' 도림4거리','정기','M','40대',4,518.08,3.71,16010,141
'2017-02','256',' 동아에코빌입구','정기','M','40대',7,536.2,4.59,19740,190
'2017-02','257',' 신길삼거리(우리은행)','정기','M','40대',19,3107.62,27.15,117070,570
'2017-02','258',' 신길역3번출구','정기','M','40대',11,2294.58,19.44,83750,326
'2017-02','259',' 대방역6번출구','정기','M','40대',105,7237.25,54.17,233720,1252
'2017-02','700',' KB국민은행 염창역 지점 앞','정기','M','40대',1,236.18,1.9,8170,33
'2017-02','701',' 목동사거리 부근','정기','M','40대',2,244.25,1.79,7710,46
'2017-02','129',' 신촌역(2호선) 6번출구 옆','정기','M','40대',23,2379.55,18.91,81530,294
'2017-02','702',' 목4동주민센터 옆','정기','M','40대',6,303.54,2.35,10120,64
'2017-02','703',' 오목교역 7번출구 앞','정기','M','40대',43,3912.42,31.3,134890,731
'2017-02','704',' 남부법원검찰청 교차로','정기','M','40대',8,908.55,7.28,31340,179
'2017-02','706',' 신정네거리역','정기','M','40대',5,420.1,3.15,13550,74
'2017-02','707',' 신정3동주민센터','정기','M','40대',8,889.14,6.63,28580,319
'2017-02','708',' 서울출입국관리사무소 앞','정기','M','40대',17,1317.92,10.1,43440,254
'2017-02','709',' 신정3동 현장민원실 앞','정기','M','40대',23,2388.21,21.46,92440,308
'2017-02','710',' 서부화물트럭터미널 사거리','정기','M','40대',1,88.7,0.65,2800,12
'2017-02','712',' 강월초교입구 사거리','정기','M','40대',4,132.36,1.07,4550,26
'2017-02','130',' 신촌역(2호선) 7번출구 앞','정기','M','40대',12,996.33,7.49,32330,250
'2017-02','713',' 양서중학교 옆','정기','M','40대',1,390.44,2.18,9390,43
'2017-02','714',' 한국SGI 양천문화회관 앞','정기','M','40대',4,446.92,3.58,15460,96
'2017-02','800',' 목월공원 앞','정기','M','40대',11,1156.29,9.33,40240,210
'2017-02','802',' 한강진역 2번 출구 앞','정기','M','40대',5,831.75,6.14,26440,213
'2017-02','803',' 한남초교 앞 보도육교','정기','M','40대',6,1623.91,10.69,46080,260
'2017-02','805',' 문배어린이공원 앞','정기','M','40대',11,446.09,3.25,13970,157
'2017-02','806',' 전자랜드 본관 앞','정기','M','40대',11,1122.34,8.49,36650,214
'2017-02','807',' 서울역 12번 출구 앞','정기','M','40대',3,297.59,2.29,9870,61
'2017-02','808',' 서빙고동 금호맨션 앞','정기','M','40대',1,75.08,0.56,2400,11
'2017-02','131',' 증산2교','정기','M','40대',10,1063.93,8.61,37090,190
'2017-02','809',' 한남 유수지 복개주차장','정기','M','40대',50,13707.78,93.06,401320,2174
'2017-02','810',' 이태원지하보도','정기','M','40대',9,1533.96,11.42,49240,302
'2017-02','811',' 녹사평역1번출구','정기','M','40대',35,2591.33,19.42,83700,427
'2017-02','812',' 용산전쟁기념관','정기','M','40대',4,195.52,1.39,6020,44
'2017-02','813',' 삼각지역 3번출구','정기','M','40대',29,2915.03,22.18,95540,487
'2017-02','815',' LIG강촌아파트 103동앞','정기','M','40대',10,2110.76,16.67,71850,344
'2017-02','385',' 종각역 5번출구','정기','M','40대',42,2604.59,20.34,87820,466
'2017-02','386',' 올림픽기념 국민생활관 앞','정기','M','40대',39,3304.04,25.25,108800,608
'2017-02','387',' 훈련원공원주차장 앞','정기','M','40대',9,496.76,3.56,15400,141
'2017-02','181',' 망원초록길 입구','정기','M','40대',1,128.3,0.94,4050,19
'2017-02','132',' 창천문화공원','정기','M','40대',4,118.78,1.1,4740,35
'2017-02','182',' 망원2빗물펌프장 앞','정기','M','40대',18,3504.76,26.31,113430,557
'2017-02','183',' 하늘채코오롱아파트 건너편','정기','M','40대',48,2193.86,18.66,80360,483
'2017-02','184',' SK망원동주유소 건너편','정기','M','40대',6,428.49,3.35,14470,142
'2017-02','185',' 마포 신수공원 앞','정기','M','40대',53,3224.25,24.2,104140,575
'2017-02','186',' 월드컵공원','정기','M','40대',22,3246.38,25.04,107960,639
'2017-02','177',' 북가좌 초등학교','정기','M','40대',2,175.29,1.58,6810,33
'2017-02','188',' 홍은동 정원여중 입구','정기','M','40대',17,2621.37,21.16,91150,385
'2017-02','191',' 정명학원','정기','M','40대',1,41.58,0.35,1500,7
'2017-02','192',' 연서어린이공원','정기','M','40대',6,379.19,3.42,14740,187
'2017-02','178',' 증산3교 앞','정기','M','40대',14,313.43,2.55,11010,44
'2017-02','133',' 해담는다리','정기','M','40대',8,380.02,3.39,14690,80
'2017-02','194',' 증산교 앞','정기','M','40대',20,1108.14,8.76,37700,215
'2017-02','195',' 모래내고가차도 ','정기','M','40대',24,1378.58,13.43,57830,433
'2017-02','196',' 연희교차로 인근','정기','M','40대',3,361.88,2.71,11710,64
'2017-02','198',' 충정2교','정기','M','40대',23,1791.42,13.1,56480,324
'2017-02','556',' 달맞이공원','정기','M','40대',1,8.32,0.07,300,2
'2017-02','557',' 도선동 주민센터 앞','정기','M','40대',2,67.58,0.57,2450,24
'2017-02','558',' 성동광진 교육지원청 앞','정기','M','40대',17,618.34,5.14,22170,89
'2017-02','134',' 연세로 명물길','정기','M','40대',4,232.84,1.94,8400,94
'2017-02','559',' 왕십리역 4번 출구 건너편','정기','M','40대',6,612.1,4.19,18120,121
'2017-02','560',' 비전교회 앞','정기','M','40대',2,85.28,0.64,2790,12
'2017-02','561',' 서울숲역 2번출구 앞','정기','M','40대',3,400.75,3.32,14300,94
'2017-02','562',' 군자지하보도 앞','정기','M','40대',8,680.57,5.84,25220,169
'2017-02','563',' 성동세무서 건너편','정기','M','40대',40,1812.5,14.4,62050,459
'2017-02','564',' 금호역 3번출구','정기','M','40대',4,561.85,4.26,18380,102
'2017-02','565',' 옥수역 3번출구','정기','M','40대',26,4334.81,33.34,143730,920
'2017-02','567',' 성수역 2번출구 앞','정기','M','40대',61,2962.48,21,90430,467
'2017-02','568',' 청계8가사거리 부근','정기','M','40대',58,2528.25,19.57,84370,579
'2017-02','135',' 명물길 원형무대 앞','정기','M','40대',4,285.48,2.3,9900,64
'2017-02','569',' 응봉현대아파트 정류소','정기','M','40대',7,453.53,4.09,17620,94
'2017-02','578',' 성동세무서 부근','정기','M','40대',20,1732,12.94,55750,293
'2017-02','579',' 마장역 4번출구','정기','M','40대',33,1719.09,15.02,64450,477
'2017-02','580',' 신금호역 3번출구 뒤','정기','M','40대',6,588.54,4.29,18400,88
'2017-02','581',' 용답초등학교','정기','M','40대',24,3574.23,27.11,116820,473
'2017-02','582',' 경일중학교 앞','정기','M','40대',8,381.09,2.8,12070,67
'2017-02','583',' 청계천 생태교실 앞','정기','M','40대',24,2734.58,22.77,98130,906
'2017-02','551',' 구의삼성쉐르빌 앞','정기','M','40대',5,271.01,2.19,9460,70
'2017-02','552',' 대림아크로리버 앞','정기','M','40대',22,3342.89,25.12,108190,493
'2017-02','553',' 중곡 성원APT 앞','정기','M','40대',10,758.9,5.97,25620,112
'2017-02','554',' 아차산역 사거리','정기','M','40대',72,6695.92,53.04,228210,1119
'2017-02','555',' 구의3동주민센터','정기','M','40대',3,182.35,1.4,6050,41
'2017-02','571',' 어린이대공원역6번출구','정기','M','40대',11,484.51,3.78,16250,85
'2017-02','572',' 국립정신 건강센터 앞','정기','M','40대',17,990.43,8.67,37350,183
'2017-02','573',' 구의문주차장 앞','정기','M','40대',29,2007.87,14.53,62700,293
'2017-02','574',' 아차산역4번출구','정기','M','40대',28,2081.64,14.25,61470,626
'2017-02','575',' 중앙농협 중곡지점','정기','M','40대',8,767.96,6.36,27450,133
'2017-02','576',' 광나루역 3번 출구','정기','M','40대',8,1090.36,8.75,37710,121
'2017-02','577',' 광진청소년수련관','정기','M','40대',34,2441.51,21.34,91940,714
'2017-02','621',' 동대문중학교 옆','정기','M','40대',3,277.61,2.04,8820,83
'2017-02','137',' NH농협 신촌지점 앞','정기','M','40대',8,1012.86,7.63,32870,170
'2017-02','622',' 전농사거리 교통섬','정기','M','40대',42,1316.1,11.05,47880,302
'2017-02','623',' 서울시립대 정문 앞','정기','M','40대',47,2035.74,16.64,72080,387
'2017-02','624',' 전농동 동아아파트 앞','정기','M','40대',14,353.89,2.91,12550,70
'2017-02','625',' 답십리초등학교 앞(현대시장 옆)','정기','M','40대',10,482.57,3.5,15070,120
'2017-02','626',' 군자교 서측 녹지대','정기','M','40대',19,1378.52,11.53,49730,269
'2017-02','627',' 장안동삼거리 교통섬','정기','M','40대',5,186.12,1.41,6100,69
'2017-02','630',' 동대문구 보건소','정기','M','40대',10,456.91,3.32,14320,124
'2017-02','631',' 답십리역 1번출구','정기','M','40대',46,7270.68,51.33,221140,802
'2017-02','102',' 망원역 1번출구 앞','정기','M','40대',30,4065.66,38.38,165460,1106
'2017-02','138',' 신촌동 제1공영주차장 앞','정기','M','40대',2,55.16,0.46,1990,7
'2017-02','633',' 청량리 기업은행 앞','정기','M','40대',32,2720.02,22.55,97210,593
'2017-02','634',' 외국어대 정문 앞','정기','M','40대',4,279.86,2.53,10910,76
'2017-02','635',' 시조사 앞 (청량고정문 옆)','정기','M','40대',14,3374.99,26.87,115910,519
'2017-02','636',' 세종대왕기념관 교차로','정기','M','40대',23,843.17,7.26,31370,199
'2017-02','637',' KAIST 경영대학 앞','정기','M','40대',4,745.29,5.84,25150,95
'2017-02','638',' 서울시립대 정보기술관','정기','M','40대',5,379.61,2.85,12290,105
'2017-02','639',' 서울시립대 후문','정기','M','40대',30,1751.68,13.4,57720,269
'2017-02','640',' KEB하나은행 청량리역지점','정기','M','40대',13,710.2,5.79,24970,127
'2017-02','641',' 용두역 4번출구','정기','M','40대',24,1319.08,10.3,44360,350
'2017-02','642',' 신답역 사거리','정기','M','40대',40,1819.95,14.75,63610,435
'2017-02','140',' 이화여대 후문','정기','M','40대',10,494.47,3.76,16220,98
'2017-02','643',' 동대문구민체육센터 (육교아래)','정기','M','40대',21,2105.14,16.84,72650,335
'2017-02','230',' 영등포구청역 1번출구','정기','M','40대',24,532.6,5.18,22270,107
'2017-02','260',' 여의도 마리나선착장 앞','정기','M','40대',25,1748.6,14.07,60610,266
'2017-02','262',' 영문초등학교 사거리','정기','M','40대',4,308.8,2.43,10470,108
'2017-02','263',' 근로자회관 사거리','정기','M','40대',2,328.98,2.74,11790,131
'2017-02','264',' 교보생명보험 앞','정기','M','40대',14,517.26,4.73,20430,194
'2017-02','265',' 영등포유통상가 사거리','정기','M','40대',3,136.82,1.21,5200,34
'2017-02','141',' 연대 대운동장 옆','정기','M','40대',1,33.67,0.25,1090,5
'2017-02','266',' 영등포청과시장 사거리','정기','M','40대',29,2107.31,16.48,71070,560
'2017-02','267',' 삼성화재 사옥 옆','정기','M','40대',2,336.5,2.51,10810,62
'2017-02','268',' 그랜드컨벤션센터 앞','정기','M','40대',14,603.07,4.99,21610,105
'2017-02','270',' 증권거래소후문교차로','정기','M','40대',25,1262.24,10.01,43230,319
'2017-02','271',' 샛강생태공원방문자센터 앞','정기','M','40대',21,662.09,5.65,24550,94
'2017-02','272',' 당산육갑문','정기','M','40대',38,4676.35,35.5,152840,690
'2017-02','716','신정6동 주민센터 인근','정기','M','40대',20,1293.52,9.99,43110,338
'2017-02','139',' 연세대 정문 건너편','정기','M','40대',5,215.48,1.86,8020,43
'2017-02','719',' 홍익병원앞 교차로','정기','M','40대',8,298,2.31,9890,59
'2017-02','816',' 신용산역 6번출구 앞','정기','M','40대',24,1860.31,14.46,62340,436
'2017-02','817',' 삼각지역 4번출구 앞','정기','M','40대',5,421.91,2.81,12110,103
'2017-02','818',' 숙명여대 입구 교차로','정기','M','40대',4,285.26,2.28,9820,83
'2017-02','819',' 선린인터넷 고등학교','정기','M','40대',35,4726.75,34.01,146620,954
'2017-02','820',' 청파동입구 교차로','정기','M','40대',9,855.18,6.51,28040,173
'2017-02','822',' 이촌1동 마을공원','정기','M','40대',12,2022.19,16.58,71460,266
'2017-02','823',' 효창동주민센터 앞','정기','M','40대',1,20.36,0.12,530,7
'2017-02','825',' 서빙고동 주민센터 앞','정기','M','40대',44,8781.3,63,271560,1345
'2017-02','199',' 서울 월드컵 경기장','정기','M','40대',16,675.93,5.38,23230,201
'2017-02','388',' 동성중학교 앞','정기','M','40대',8,453.95,3.73,16180,132
'2017-02','584',' 광진광장 교통섬','정기','M','40대',4,310.86,2.58,11120,63
'2017-02','585',' 성수2가1동 공영주차장 인근','정기','M','40대',36,7396.57,61.84,266410,1135
'2017-02','586',' 마장동 주민센터','정기','M','40대',2,444.08,3.72,16020,71
'2017-02','900',' 은평예술회관','정기','M','40대',23,799.95,6.55,28190,244
'2017-02','901',' 응암1동사무소','정기','M','40대',8,610.99,5.1,22020,111
'2017-02','200',' 국회의원회관','정기','M','40대',44,4163.4,31.88,137350,643
'2017-02','902',' 진관동 은빛초등학교','정기','M','40대',2,169.37,1.52,6580,32
'2017-02','903',' 은평뉴타운 아이파크','정기','M','40대',25,1361.52,10.96,47240,411
'2017-02','904',' 은평뉴타운 푸르지오','정기','M','40대',21,1444.49,10.83,46630,217
'2017-02','905',' 구파발역 2번출구','정기','M','40대',29,1821.24,13.9,59900,374
'2017-02','906',' 연신내역 5번출구150M 아래','정기','M','40대',26,2119.38,17.34,74700,417
'2017-02','907',' CJ 드림시티','정기','M','40대',23,2951.55,22.64,97560,460
'2017-02','908',' 구산역 4번출구','정기','M','40대',7,614.64,4.94,21300,118
'2017-02','909',' 백련산 힐스테이트 3차','정기','M','40대',33,3046.3,24.32,104860,407
'2017-02','911',' 은평평화공원(역촌역4번출구)','정기','M','40대',11,558.25,4.66,20110,147
'2017-02','201',' 진미파라곤 앞','정기','M','40대',30,2753.13,21.94,94590,457
'2017-02','912',' 응암오거리','정기','M','40대',11,828.18,7,30140,152
'2017-02','913',' 이마트 은평점','정기','M','40대',28,1142.05,9.44,40710,283
'2017-02','914',' 새절역 2번출구','정기','M','40대',25,3239,26.3,113360,696
'2017-02','915',' 증산역 4번출구','정기','M','40대',20,2064.89,17.06,73540,500
'2017-02','916',' 평생학습관 앞','정기','M','40대',3,271.28,2.21,9530,61
'2017-02','917',' 녹번역 4번출구','정기','M','40대',50,3009.64,23.3,100350,568
'2017-02','919',' 서울혁신파크','정기','M','40대',9,477.13,3.06,13190,82
'2017-02','921',' 신도고등학교','정기','M','40대',5,383.53,3.46,14900,123
'2017-02','202',' 국민일보 앞','정기','M','40대',80,4334.04,32.81,141740,818
'2017-02','922',' 연신내역 4번출구','정기','M','40대',2,142.96,1.14,4890,28
'2017-02','923',' 국민은행 연서지점','정기','M','40대',13,1274.81,10.58,45620,306
'2017-02','924',' 메뚜기다리','정기','M','40대',3,108.07,0.94,4050,15
'2017-02','925',' 불광역 2번출구','정기','M','40대',12,945.9,7.88,33980,182
'2017-02','926',' 불광역 8번출구','정기','M','40대',28,2217.8,17.25,74270,463
'2017-02','927',' 연신내역 3번출구 인근','정기','M','40대',6,420.01,3.35,14460,81
'2017-02','928',' 은평역사한옥박물관','정기','M','40대',1,62.03,0.41,1760,11
'2017-02','930',' 구 서부경찰서 건너편','정기','M','40대',2,184.19,1.43,6130,52
'2017-02','931',' 역촌파출소','정기','M','40대',11,1087.98,8.89,38280,154
'2017-02','932',' 예일여중','정기','M','40대',10,1008.75,8.75,37650,213
'2017-02','933',' LG서비스 역촌점','정기','M','40대',4,442.86,2.97,12780,23
'2017-02','587',' KEB하나은행 성수중앙지점','정기','M','40대',7,530.94,3.84,16510,101
'2017-02','588',' 뚝섬 유원지역','정기','M','40대',7,681.72,5.44,23470,119
'2017-02','103',' 망원역 2번출구 앞','정기','M','40대',8,984.17,8.52,36710,306
'2017-02','204',' 국회의사당역 5번출구 옆','정기','M','40대',28,1267.42,9.92,42850,294
'2017-02','203',' 국회의사당역 3번출구 옆','정기','M','40대',53,3544.67,25.98,111900,644
'2017-02','205',' 산업은행 앞','정기','M','40대',20,2046.48,16.46,70920,379
'2017-02','206',' KBS 앞','정기','M','40대',93,6242.26,56.24,242250,1244
'2017-02','209',' 유진투자증권빌딩 앞','정기','M','40대',28,1213.37,8.92,38520,319
'2017-02','210',' IFC몰','정기','M','40대',88,5707.82,43.36,187040,1522
'2017-02','211',' 여의도역 4번출구 옆','정기','M','40대',108,3810.3,28.69,123460,689
'2017-02','212',' 여의도역 1번출구 옆','정기','M','40대',27,2193.93,16.93,73040,579
'2017-02','213',' KT앞','정기','M','40대',82,4233.95,33.09,142610,722
'2017-02','104',' 합정역 1번출구 앞','정기','M','40대',33,1826.61,15.59,67020,502
'2017-02','214',' 금융감독원 앞','정기','M','40대',39,1998.92,16.25,70160,205
'2017-02','218',' 증권거래소 앞','정기','M','40대',24,844.17,6.82,29440,230
'2017-02','219',' 롯데캐슬엠파이어 옆','정기','M','40대',29,1632.71,12.79,55120,324
'2017-02','220',' 미성아파트 A동 앞','정기','M','40대',22,1276.02,9.5,40870,250
'2017-02','215',' 여의도고교 앞','정기','M','40대',17,1788.4,11.84,51040,257
'2017-02','216',' 삼부아파트1동 앞','정기','M','40대',126,18144.72,127.22,548250,2679
'2017-02','217',' NH농협은행 앞','정기','M','40대',75,3645.61,28.46,122760,688
'2017-02','221',' 여의도초교 앞','정기','M','40대',67,3769.99,29.16,125630,478
'2017-02','222',' 시범아파트버스정류장 옆','정기','M','40대',69,4285.24,34.12,147110,704
'2017-02','223',' 진주아파트상가 앞','정기','M','40대',81,2702.97,19.13,82600,478
'2017-02','105',' 합정역 5번출구 앞','정기','M','40대',13,819.78,6.81,29390,189
'2017-02','224',' 롯데캐슬 앞','정기','M','40대',93,3197.89,25.73,111040,1211
'2017-02','225',' 앙카라공원 앞','정기','M','40대',64,2417.52,20.23,87130,434
'2017-02','226',' 샛강역 1번출구 앞','정기','M','40대',45,3307.95,24.58,105940,690
'2017-02','207',' 여의나루역 1번출구 앞','정기','M','40대',124,6356.8,47.15,203840,923
'2017-02','401',' 상암월드컵파크 10단지 앞','정기','M','40대',32,1104.47,9.9,42720,271
'2017-02','402',' 상암월드컵파크 9단지 앞','정기','M','40대',44,2424.31,18.04,77600,506
'2017-02','403',' 부엉이공원 앞','정기','M','40대',31,2180.52,17.6,75860,411
'2017-02','106',' 합정역 7번출구 앞','정기','M','40대',37,2982.81,22.98,98990,481
'2017-02','405',' DMC빌 앞','정기','M','40대',44,2085.19,16.44,70980,461
'2017-02','406',' 상암월드컵파크 7단지 앞','정기','M','40대',30,2739.63,21.49,92620,535
'2017-02','421',' 마포구청 앞','정기','M','40대',77,6939.22,58,249830,1156
'2017-02','407',' 마포구 육아종합지원센터','정기','M','40대',41,3000.65,25.17,108550,751
'2017-02','408',' LG CNS앞','정기','M','40대',52,2815.05,24.74,106550,539
'2017-02','420',' 서울시 공공자전거 상암센터','정기','M','40대',10,1038.41,8.72,37640,220
'2017-02','409',' 누리꿈스퀘어 옆','정기','M','40대',101,5768.91,50.91,219350,1583
'2017-02','419',' 홈플러스 앞','정기','M','40대',44,4619.4,37.38,161190,839
'2017-02','410',' 상암중학교 옆','정기','M','40대',31,1552.26,13.26,57240,390
'2017-02','418',' 월드컵경기장역 3번출구 옆','정기','M','40대',26,3281.69,26.8,115660,400
'2017-02','107',' 신한은행 서교동금융센터점 앞','정기','M','40대',121,4152.96,33.97,145870,1634
'2017-02','411',' DMC홍보관','정기','M','40대',31,1404.56,11.86,51190,287
'2017-02','412',' DMC산학협력연구센터 앞','정기','M','40대',49,4362.53,36.42,156960,1087
'2017-02','413',' 상암월드컵파크 3단지 후문','정기','M','40대',58,5740.88,46.22,198960,997
'2017-02','417',' DMC역 2번출구 옆','정기','M','40대',59,8146.46,66.34,285990,1185
'2017-02','414',' 상암동주민센터 옆','정기','M','40대',55,3469.95,29.72,128040,767
'2017-02','415',' DMC역 9번출구 앞','정기','M','40대',109,5580.49,45.43,195700,964
'2017-02','416',' 상암월드컵파크 1단지 교차로','정기','M','40대',43,987.01,9.15,39530,175
'2017-02','500',' 어린이대공원역 3번출구 앞','정기','M','40대',43,2493.19,20.36,87930,730
'2017-02','501',' 광진구의회 앞','정기','M','40대',32,2484.8,21.15,91170,612
'2017-02','502',' 뚝섬유원지역 1번출구 앞','정기','M','40대',37,2922.59,23.17,99920,569
'2017-02','108',' 서교동 사거리','정기','M','50대',1,20.81,0.17,740,6
'2017-02','504',' 신자초교입구교차로','정기','M','50대',2,34.18,0.31,1340,7
'2017-02','506',' 금호 어울림 아파트 앞','정기','M','50대',1,39.64,0.36,1540,20
'2017-02','508',' 성수아카데미타워 앞','정기','M','50대',4,195.58,1.61,6950,54
'2017-02','509',' 이마트 버스정류소 옆','정기','M','50대',4,201.16,1.64,7120,45
'2017-02','510',' 서울숲 남문 버스정류소 옆','정기','M','50대',1,109.6,0.94,4070,31
'2017-02','511',' 서울숲역 4번 출구 옆','정기','M','50대',14,1427.93,11.59,49980,303
'2017-02','512',' 뚝섬역 1번 출구 옆','정기','M','50대',24,1975.5,17.44,75220,509
'2017-02','109',' 제일빌딩 앞','정기','M','50대',6,388.53,3.48,15030,71
'2017-02','400',' 상암한화오벨리스크 1차 앞','정기','M','50대',1,76.51,0.75,3220,54
'2017-02','513',' 뚝섬역 5번 출구 정류소 옆','정기','M','50대',19,680.63,6.21,26660,132
'2017-02','514',' 성수사거리 버스정류장 앞','정기','M','50대',24,826.22,7.4,31940,153
'2017-02','515',' 광양중학교 앞','정기','M','50대',1,35.43,0.33,1420,16
'2017-02','516',' 광진메디칼 앞','정기','M','50대',17,722.56,6.02,26060,155
'2017-02','300',' 정동사거리','정기','M','50대',54,3275.01,25.11,108260,656
'2017-02','301',' 경복궁역 7번출구 앞','정기','M','50대',15,721.37,6.48,27970,164
'2017-02','302',' 경복궁역 4번출구 뒤','정기','M','50대',45,1790.7,14.28,61510,426
'2017-02','303',' 광화문역 1번출구 앞','정기','M','50대',46,1551.77,12.38,53320,302
'2017-02','115',' 사루비아 빌딩 앞','정기','M','50대',23,1421.96,12.36,53300,348
'2017-02','304',' 광화문역 2번출구 앞','정기','M','50대',44,1809.19,14.93,63930,470
'2017-02','305',' 종로구청 옆','정기','M','50대',41,1747.22,13.61,58610,357
'2017-02','306',' 광화문역 7번출구 앞','정기','M','50대',47,1938.96,16.14,69390,475
'2017-02','307',' 서울역사박물관 앞','정기','M','50대',8,354.25,3,12960,92
'2017-02','308',' 광화문 S타워 앞','정기','M','50대',7,363.06,2.99,12900,154
'2017-02','309',' 광화문역 6번출구 옆','정기','M','50대',18,794.82,6.79,29180,167
'2017-02','310',' 청계광장 옆','정기','M','50대',29,1219.62,9.55,41110,274
'2017-02','311',' 서울광장 옆','정기','M','50대',31,2048.46,16.78,72310,461
'2017-02','312',' 시청역 1번출구 뒤','정기','M','50대',13,773.81,6.67,28770,223
'2017-02','313',' 서울역 광장 파출소 옆','정기','M','50대',14,407.3,3.19,13750,91
'2017-02','110',' 사천교','정기','M','50대',3,146.54,1.2,5150,27
'2017-02','314',' 국립현대미술관','정기','M','50대',24,1227.09,10.44,45080,265
'2017-02','315',' 신한은행 안국역지점 옆','정기','M','50대',5,618.38,4.74,20400,150
'2017-02','316',' 종각역 1번출구 앞','정기','M','50대',16,829.91,6.45,27730,229
'2017-02','318',' 광교사거리 남측','정기','M','50대',12,485.19,4.14,17860,118
'2017-02','320',' 을지로입구역 4번출구 앞','정기','M','50대',18,639.81,5.83,25150,173
'2017-02','321',' KEB 하나은행 본점 앞','정기','M','50대',2,88.83,0.69,3010,23
'2017-02','322',' 명동성당 앞','정기','M','50대',8,523.92,4.22,18200,151
'2017-02','116',' 일진아이윌아파트 옆','정기','M','50대',13,459.36,3.64,15680,61
'2017-02','324',' 신세계백화점 본점 앞','정기','M','50대',9,789.87,6.83,29480,162
'2017-02','326',' 안국역 5번출구 앞','정기','M','50대',42,3146.03,27.42,118090,744
'2017-02','327',' 낙원상가 옆','정기','M','50대',27,1525.56,12.66,54620,372
'2017-02','328',' 탑골공원 앞','정기','M','50대',19,893.42,7.06,30520,265
'2017-02','329',' 청계2가 사거리 옆','정기','M','50대',15,856.41,7.95,34180,331
'2017-02','330',' 청계천 한빛광장','정기','M','50대',4,370.36,3.03,13110,78
'2017-02','331',' 을지로2가 사거리 북측','정기','M','50대',3,615.76,5.47,23550,105
'2017-02','332',' 을지로2가 사거리 남측','정기','M','50대',3,101.75,0.82,3530,22
'2017-02','334',' 종로3가역 2번출구 뒤','정기','M','50대',64,4581.41,38.83,167430,1003
'2017-02','335',' 종로3가역 15번출구 앞','정기','M','50대',45,4250.5,35.86,154490,865
'2017-02','336',' 티마크 호텔 앞','정기','M','50대',4,297.84,2.38,10320,55
'2017-02','337',' 창경궁 입구','정기','M','50대',12,710.12,6.16,26560,172
'2017-02','338',' 세운스퀘어 앞','정기','M','50대',16,1036.72,9.1,39290,220
'2017-02','339',' 종로4가 사거리','정기','M','50대',23,1274.83,10.44,45040,690
'2017-02','340',' 혜화동 로터리','정기','M','50대',42,3322.9,26.27,113210,1067
'2017-02','341',' 혜화역 3번출구 뒤','정기','M','50대',14,636.15,5.14,22170,231
'2017-02','342',' 대학로 마로니에공원','정기','M','50대',46,2451.04,19.37,83550,1366
'2017-02','343',' 예일빌딩(율곡로) 앞','정기','M','50대',15,750.75,5.51,23700,110
'2017-02','112',' 극동방송국 앞','정기','M','50대',16,1330.62,10.73,46210,312
'2017-02','344',' 성균관대 E하우스 앞','정기','M','50대',7,546.31,4.69,20210,211
'2017-02','345',' 서울보증보험본사 앞','정기','M','50대',1,34.11,0.27,1180,35
'2017-02','346',' 맥스타일 앞','정기','M','50대',18,1157.25,9.79,42120,415
'2017-02','347',' 동대문역사문화공원역 9번출구 앞','정기','M','50대',10,244.93,1.88,8050,54
'2017-02','349',' 사직동주민센터','정기','M','50대',19,1062.99,8.05,34700,671
'2017-02','350','KEB 하나은행(내자동 지점) 앞','정기','M','50대',11,870.43,6.85,29540,195
'2017-02','351',' 청운초교 앞 삼거리','정기','M','50대',57,4182.34,39.27,169180,1096
'2017-02','352',' 중앙고입구 삼거리','정기','M','50대',6,414.97,3.18,13690,96
'2017-02','353',' 재동초교 앞 삼거리','정기','M','50대',15,846.75,7.28,31390,222
'2017-02','117',' 홍은사거리','정기','M','50대',20,1729.05,13.78,59370,360
'2017-02','354',' 포르투갈 대사관 앞','정기','M','50대',18,1153.68,10.15,43800,252
'2017-02','355',' 서울사대부속초교 앞','정기','M','50대',9,879.95,6.42,27720,323
'2017-02','356',' KT혜화지사 앞','정기','M','50대',11,621.79,5.22,22510,143
'2017-02','358',' 성대입구 사거리','정기','M','50대',46,3089.88,26.02,112150,621
'2017-02','359',' 원남동사거리','정기','M','50대',15,645.51,4.69,20220,136
'2017-02','361',' 동묘앞역 1번출구 뒤','정기','M','50대',12,827.87,7.36,31710,230
'2017-02','362',' 청계8가 사거리','정기','M','50대',19,774.39,7.81,33560,181
'2017-02','363',' 신설동역 11번출구 뒤','정기','M','50대',1,49.61,0.43,1870,63
'2017-02','364',' 창신역 1번출구 앞','정기','M','50대',4,402.36,3.89,16750,70
'2017-02','113',' 홍대입구역 2번출구 앞','정기','M','50대',36,1991.43,14.44,62360,346
'2017-02','367',' 독립문역 3-1번출구 ','정기','M','50대',10,605.56,4.97,21420,132
'2017-02','368',' SK 서린빌딩 앞','정기','M','50대',13,512.67,4.38,18920,143
'2017-02','369',' 광화문 시민열린마당','정기','M','50대',5,273.76,2.44,10520,71
'2017-02','348',' 독립문역 사거리','정기','M','50대',12,582.85,4.75,20460,169
'2017-02','370',' 시청역(2호선) 9번출구 뒤','정기','M','50대',18,812.09,6.37,27440,274
'2017-02','371',' 동대입구역 6번출구 뒤','정기','M','50대',2,90.13,1.32,5690,34
'2017-02','372',' 약수역 3번출구 뒤','정기','M','50대',3,360.4,3.03,13060,54
'2017-02','118',' 광흥창역 2번출구 앞','정기','M','50대',7,239.6,1.95,8380,48
'2017-02','375',' 다산 어린이공원','정기','M','50대',5,589.86,5.27,22740,144
'2017-02','377',' 서울역 4번출구 앞','정기','M','50대',3,127.3,0.99,4260,26
'2017-02','378',' 청계7가 사거리','정기','M','50대',7,366.52,3.29,14140,206
'2017-02','379',' 서울역9번출구','정기','M','50대',2,75.1,0.62,2640,14
'2017-02','380',' CJ제일제당 앞','정기','M','50대',21,1476.58,11.43,49130,259
'2017-02','382',' 약수역 10번출구 앞','정기','M','50대',6,838.53,6.37,27500,155
'2017-02','383',' 신당역 12번 출구 뒤','정기','M','50대',2,194.42,1.49,6430,36
'2017-02','384',' 종로학원본원 ','정기','M','50대',6,416.95,3.39,14640,93
'2017-02','114',' 홍대입구역 8번출구 앞','정기','M','50대',13,628.31,5.09,21880,153
'2017-02','142',' 아현역 4번출구 앞','정기','M','50대',16,1201.76,9.7,41920,202
'2017-02','143',' 공덕역 2번출구','정기','M','50대',13,646.05,4.75,20400,147
'2017-02','144',' 공덕역 8번출구','정기','M','50대',17,1541.3,14.02,60390,384
'2017-02','145',' 공덕역 5번출구','정기','M','50대',11,860.52,7.71,33220,196
'2017-02','146',' 마포역 1번출구 뒤','정기','M','50대',25,3283.13,33.79,145630,697
'2017-02','147',' 마포역 4번출구 뒤','정기','M','50대',12,1786.79,15.24,65740,614
'2017-02','148',' 용강동 주민센터 앞','정기','M','50대',3,119.47,0.89,3830,20
'2017-02','150',' 서강대역 2번출구 앞','정기','M','50대',12,1400.5,11.71,50400,316
'2017-02','151',' 망원1동주민센터','정기','M','50대',11,1403.14,9.13,39370,233
'2017-02','152',' 마포구민체육센터 앞','정기','M','50대',1,89.08,0.69,2960,13
'2017-02','119',' 서강나루 공원','정기','M','50대',6,441.02,3.72,16060,94
'2017-02','153',' 성산2교 사거리','정기','M','50대',2,79.22,0.74,3190,17
'2017-02','154',' 마포구청역 ','정기','M','50대',6,587.42,4.72,20320,112
'2017-02','155',' 가좌역1 번출구 뒤','정기','M','50대',4,163.82,1.37,5910,51
'2017-02','156',' 서울서부지방법원 앞','정기','M','50대',6,344.23,2.9,12480,79
'2017-02','157',' 애오개역 4번출구 앞','정기','M','50대',9,526.25,4.31,18600,281
'2017-02','158',' 독립문 어린이 공원','정기','M','50대',23,1582.35,12.61,54180,325
'2017-02','159',' 이대역 4번 출구','정기','M','50대',7,677.28,6.26,26990,232
'2017-02','160',' 북아현동 가구거리','정기','M','50대',17,2485.62,19.43,83720,512
'2017-02','161',' 무악재역1번 출구','정기','M','50대',10,1287.85,9.74,41880,243
'2017-02','120',' 신수동 사거리','정기','M','50대',2,148.52,1.28,5520,45
'2017-02','163',' 명지전문대학교 정문 앞','정기','M','50대',10,602.31,4.95,21320,170
'2017-02','164',' 북가좌1동 주민센터 ','정기','M','50대',1,70.96,0.67,2890,18
'2017-02','165',' 중앙근린공원','정기','M','50대',12,1080.8,9.12,39260,192
'2017-02','166',' 가재울 초등학교','정기','M','50대',46,3269.56,27.5,118450,862
'2017-02','167',' 연가초등학교 옆','정기','M','50대',4,308.41,2.78,11970,50
'2017-02','168',' 남가좌동 사거리','정기','M','50대',6,182.5,1.64,7090,33
'2017-02','169',' 북가좌 삼거리','정기','M','50대',7,821.66,6.23,26780,137
'2017-02','170',' 가재울 뉴타운 주유소 옆','정기','M','50대',7,599.29,4.79,20620,212
'2017-02','171',' 임광빌딩 앞','정기','M','50대',17,795.81,6.3,27170,160
'2017-02','172',' 서대문소방서','정기','M','50대',9,354.44,2.9,12540,80
'2017-02','121',' 마포소방서 앞','정기','M','50대',6,464.72,3.72,16050,89
'2017-02','173',' 서대문역 8번출구 앞','정기','M','50대',4,147.25,1.03,4480,41
'2017-02','175',' 홍연2교옆','정기','M','50대',30,3118.8,24.66,106270,746
'2017-02','179',' 가좌역 4번출구 앞','정기','M','50대',31,1605.16,11.77,50700,253
'2017-02','180',' 충정로역 7번출구 뒤','정기','M','50대',24,2069.64,17.13,73870,361
'2017-02','519',' 양지사거리','정기','M','50대',3,78.46,0.67,2890,23
'2017-02','520',' 상왕십리역 4번 출구 앞','정기','M','50대',2,139.3,1.15,4950,28
'2017-02','521',' 왕십리역 11번 출구 앞','정기','M','50대',3,91.75,0.98,4210,32
'2017-02','523',' 옥수동성당 옆','정기','M','50대',3,270.02,2.24,9630,57
'2017-02','122',' 신성기사식당 앞','정기','M','50대',1,13.9,0.13,540,4
'2017-02','524',' 래미안금호하이리버 아파트 102동 옆','정기','M','50대',7,1427.73,12.3,53020,324
'2017-02','529',' 장한평역 8번 출구 앞','정기','M','50대',10,473.79,4,17240,193
'2017-02','530',' 청계벽산아파트 앞','정기','M','50대',5,249.5,2.11,9140,11
'2017-02','533',' 우리은행 금호동 지점 앞','정기','M','50대',2,186.48,1.59,6840,36
'2017-02','534',' 금호사거리','정기','M','50대',3,593.04,4.8,20680,123
'2017-02','535',' 응봉삼거리','정기','M','50대',1,32.95,0.3,1280,11
'2017-02','536',' 행당역 2번출구 앞','정기','M','50대',2,237.12,2.06,8860,50
'2017-02','123',' 문화촌 공원','정기','M','50대',6,739.77,6.58,28420,189
'2017-02','538',' 답십리역 8번출구 앞','정기','M','50대',11,858.67,7.9,34020,183
'2017-02','550',' 서울시설공단 앞','정기','M','50대',4,174.12,1.41,6090,104
'2017-02','539',' 군자교교차로','정기','M','50대',3,215.33,1.72,7430,36
'2017-02','540',' 군자역 7번출구 베스트샵 앞','정기','M','50대',5,281.18,2.42,10450,46
'2017-02','543',' 구의공원(테크노마트 앞)','정기','M','50대',2,144.38,0.98,4240,57
'2017-02','544',' 광남중학교','정기','M','50대',3,929.22,8.38,36100,153
'2017-02','548',' 자양나들목','정기','M','50대',1,9.73,0.09,390,2
'2017-02','124',' 서강대 정문 건너편','정기','M','50대',13,1451.2,13,55980,310
'2017-02','600',' 휘경2동 주민센터','정기','M','50대',3,216.69,1.93,8350,45
'2017-02','601',' 용신동주민센터','정기','M','50대',10,471.66,3.55,15270,105
'2017-02','602',' 장안동 사거리','정기','M','50대',5,863.3,8.17,35220,210
'2017-02','605',' 신설동역8번출구','정기','M','50대',2,77.37,0.69,2980,29
'2017-02','606',' 휘경공고앞','정기','M','50대',1,147.19,1.23,5310,21
'2017-02','609',' 제기2교','정기','M','50대',20,2562.17,22.03,94950,575
'2017-02','125',' 서강대 남문 옆','정기','M','50대',15,1060.75,9.56,41210,366
'2017-02','610',' 동대문중 교차로','정기','M','50대',6,175.04,1.57,6800,66
'2017-02','612',' 시립동부병원 앞 사거리','정기','M','50대',1,16.72,0.15,630,18
'2017-02','613',' 신설동역 10번출구 앞','정기','M','50대',35,1172.75,10.09,43530,441
'2017-02','614',' 용두동 사거리','정기','M','50대',8,481.32,4.25,18270,201
'2017-02','615',' 용두동 레미안허브리츠아파트 앞','정기','M','50대',4,651.48,5.87,25310,128
'2017-02','616',' 서울시립대 앞','정기','M','50대',7,186.08,1.41,6120,24
'2017-02','617',' 청솔우성아파트 앞','정기','M','50대',25,4970.67,38.88,167680,630
'2017-02','229',' 양평1 보행육교 앞','정기','M','50대',5,611.31,3.86,16610,81
'2017-02','126',' 서강대 후문 옆','정기','M','50대',1,124.19,1.04,4480,27
'2017-02','231',' 남부고용노동지청 남측','정기','M','50대',10,231.41,1.79,7760,68
'2017-02','232',' 양평우림 이비즈센타 앞','정기','M','50대',53,6184.14,41,176850,840
'2017-02','234',' 영등포구민체육센터 앞','정기','M','50대',2,315.82,2.04,8800,42
'2017-02','235',' 신길동 우리은행 옆','정기','M','50대',4,238.85,1.94,8410,59
'2017-02','236',' 문래동자이아파트 앞','정기','M','50대',1,32.78,0.21,890,4
'2017-02','237',' 보라매 두산위브 건너편','정기','M','50대',2,304.36,2.54,10960,73
'2017-02','238',' 제2구민체육센타 앞','정기','M','50대',7,204.25,1.6,6950,45
'2017-02','239',' 유스호스텔 앞','정기','M','50대',5,312.1,2.29,9930,59
'2017-02','240',' 문래역 4번출구 앞','정기','M','50대',2,243.44,1.95,8400,52
'2017-02','127',' 현대벤처빌 앞','정기','M','50대',7,397.43,3.42,14740,65
'2017-02','242',' 신길선원가와인아파트 앞','정기','M','50대',5,427.5,3.53,15210,77
'2017-02','243',' 이앤씨드림타워 앞','정기','M','50대',2,57.72,0.49,2110,26
'2017-02','244',' 영등포삼환아파트 앞','정기','M','50대',24,1858.46,14.12,60890,322
'2017-02','245',' 삼성생명 당산사옥 앞','정기','M','50대',12,517.83,4.29,18530,112
'2017-02','247',' 당산역 10번출구 앞','정기','M','50대',56,2894.57,21.46,92640,441
'2017-02','248',' 초원아파트 앞','정기','M','50대',10,1283.79,9.79,42270,183
'2017-02','249',' 여의도중학교 옆','정기','M','50대',1,114.36,0.84,3610,16
'2017-02','128',' 신촌역(2호선) 1번출구 옆','정기','M','50대',8,330.04,2.83,12220,121
'2017-02','252',' 보라매역4번출구','정기','M','50대',5,218.33,1.83,7860,57
'2017-02','253',' 신풍역 5번출구 인근','정기','M','50대',36,1645.17,14.11,60850,568
'2017-02','255',' 도림4거리','정기','M','50대',26,956.35,8.11,35000,386
'2017-02','256',' 동아에코빌입구','정기','M','50대',1,11.58,0.09,390,2
'2017-02','257',' 신길삼거리(우리은행)','정기','M','50대',2,268.77,2.35,10130,57
'2017-02','258',' 신길역3번출구','정기','M','50대',16,2791.89,21.49,92670,476
'2017-02','259',' 대방역6번출구','정기','M','50대',16,2112.54,15.66,67580,236
'2017-02','700',' KB국민은행 염창역 지점 앞','정기','M','50대',2,259.46,2.71,11700,73
'2017-02','701',' 목동사거리 부근','정기','M','50대',1,44.13,0.46,1990,13
'2017-02','129',' 신촌역(2호선) 6번출구 옆','정기','M','50대',15,742.38,6.55,28290,292
'2017-02','703',' 오목교역 7번출구 앞','정기','M','50대',8,806.72,6.97,30060,228
'2017-02','704',' 남부법원검찰청 교차로','정기','M','50대',4,426.82,3.74,16070,83
'2017-02','706',' 신정네거리역','정기','M','50대',1,160.1,1.44,6220,37
'2017-02','708',' 서울출입국관리사무소 앞','정기','M','50대',17,2320.35,14.46,62320,550
'2017-02','130',' 신촌역(2호선) 7번출구 앞','정기','M','50대',12,404.36,3.47,14950,87
'2017-02','713',' 양서중학교 옆','정기','M','50대',4,770.62,6.45,27800,145
'2017-02','714',' 한국SGI 양천문화회관 앞','정기','M','50대',5,697.14,5.97,25680,147
'2017-02','800',' 목월공원 앞','정기','M','50대',18,2851.14,24.8,106980,566
'2017-02','802',' 한강진역 2번 출구 앞','정기','M','50대',7,1091.35,9.79,42270,299
'2017-02','805',' 문배어린이공원 앞','정기','M','50대',2,114.84,0.86,3680,26
'2017-02','806',' 전자랜드 본관 앞','정기','M','50대',1,16.73,0.15,650,4
'2017-02','807',' 서울역 12번 출구 앞','정기','M','50대',5,340.64,3.16,13570,92
'2017-02','808',' 서빙고동 금호맨션 앞','정기','M','50대',1,60.59,0.47,2040,19
'2017-02','131',' 증산2교','정기','M','50대',10,2311.28,22,94850,396
'2017-02','809',' 한남 유수지 복개주차장','정기','M','50대',1,70.01,0.51,2210,10
'2017-02','810',' 이태원지하보도','정기','M','50대',3,178.26,1.26,5490,21
'2017-02','811',' 녹사평역1번출구','정기','M','50대',2,92.03,0.69,2970,11
'2017-02','812',' 용산전쟁기념관','정기','M','50대',9,451.71,4.15,17930,293
'2017-02','813',' 삼각지역 3번출구','정기','M','50대',4,534.98,4.78,20560,146
'2017-02','815',' LIG강촌아파트 103동앞','정기','M','50대',2,264.42,2.16,9310,56
'2017-02','385',' 종각역 5번출구','정기','M','50대',6,511.54,4.19,18050,97
'2017-02','387',' 훈련원공원주차장 앞','정기','M','50대',31,5247,45.4,195610,1092
'2017-02','181',' 망원초록길 입구','정기','M','50대',17,4180,44.54,191920,681
'2017-02','132',' 창천문화공원','정기','M','50대',7,316.56,2.66,11490,139
'2017-02','182',' 망원2빗물펌프장 앞','정기','M','50대',1,186.27,1.88,8110,49
'2017-02','183',' 하늘채코오롱아파트 건너편','정기','M','50대',51,3270.86,23.77,102310,414
'2017-02','184',' SK망원동주유소 건너편','정기','M','50대',6,597.78,5.22,22500,99
'2017-02','185',' 마포 신수공원 앞','정기','M','50대',18,1300.02,10.96,47240,271
'2017-02','186',' 월드컵공원','정기','M','50대',4,559.47,4.02,17280,120
'2017-02','188',' 홍은동 정원여중 입구','정기','M','50대',13,1648.29,13.06,56220,297
'2017-02','191',' 정명학원','정기','M','50대',3,550.06,4.09,17630,83
'2017-02','192',' 연서어린이공원','정기','M','50대',1,14.69,0.12,530,3
'2017-02','178',' 증산3교 앞','정기','M','50대',2,169.84,1.35,5830,31
'2017-02','133',' 해담는다리','정기','M','50대',4,1096.74,8.96,38640,164
'2017-02','194',' 증산교 앞','정기','M','50대',39,2863.71,25.3,108910,503
'2017-02','195',' 모래내고가차도 ','정기','M','50대',3,232.97,1.76,7590,44
'2017-02','196',' 연희교차로 인근','정기','M','50대',1,79.56,0.67,2870,14
'2017-02','198',' 충정2교','정기','M','50대',3,213.4,1.75,7540,37
'2017-02','556',' 달맞이공원','정기','M','50대',1,395.68,2.9,12490,50
'2017-02','557',' 도선동 주민센터 앞','정기','M','50대',12,398.06,3.5,15050,147
'2017-02','558',' 성동광진 교육지원청 앞','정기','M','50대',7,311.85,2.65,11360,77
'2017-02','559',' 왕십리역 4번 출구 건너편','정기','M','50대',21,1443.15,12.1,52300,277
'2017-02','560',' 비전교회 앞','정기','M','50대',6,200.9,1.7,7340,48
'2017-02','562',' 군자지하보도 앞','정기','M','50대',31,1590.22,13.79,59350,521
'2017-02','563',' 성동세무서 건너편','정기','M','50대',2,82.05,0.69,2960,16
'2017-02','564',' 금호역 3번출구','정기','M','50대',1,98.52,0.72,3110,24
'2017-02','565',' 옥수역 3번출구','정기','M','50대',4,1346.61,9.27,39960,147
'2017-02','567',' 성수역 2번출구 앞','정기','M','50대',4,250.25,2.07,8910,46
'2017-02','568',' 청계8가사거리 부근','정기','M','50대',13,644.75,5.82,25050,134
'2017-02','135',' 명물길 원형무대 앞','정기','M','50대',1,114.43,0.8,3440,28
'2017-02','569',' 응봉현대아파트 정류소','정기','M','50대',4,222.67,1.9,8220,59
'2017-02','579',' 마장역 4번출구','정기','M','50대',4,82.84,0.69,2980,15
'2017-02','580',' 신금호역 3번출구 뒤','정기','M','50대',1,53.76,0.42,1810,10
'2017-02','581',' 용답초등학교','정기','M','50대',1,193.05,1.74,7500,50
'2017-02','582',' 경일중학교 앞','정기','M','50대',7,276.76,2.44,10510,46
'2017-02','583',' 청계천 생태교실 앞','정기','M','50대',3,900.19,7.39,31830,141
'2017-02','551',' 구의삼성쉐르빌 앞','정기','M','50대',20,1353.75,10.85,46810,226
'2017-02','552',' 대림아크로리버 앞','정기','M','50대',1,45.67,0.37,1580,35
'2017-02','553',' 중곡 성원APT 앞','정기','M','50대',20,3200.59,29.82,128480,694
'2017-02','571',' 어린이대공원역6번출구','정기','M','50대',13,904.15,7.32,31500,163
'2017-02','573',' 구의문주차장 앞','정기','M','50대',1,27.03,0.24,1050,5
'2017-02','574',' 아차산역4번출구','정기','M','50대',2,209.42,1.83,7920,42
'2017-02','621',' 동대문중학교 옆','정기','M','50대',5,552.83,4.75,20530,142
'2017-02','137',' NH농협 신촌지점 앞','정기','M','50대',2,84.66,0.68,2910,33
'2017-02','622',' 전농사거리 교통섬','정기','M','50대',2,64.39,0.61,2640,18
'2017-02','623',' 서울시립대 정문 앞','정기','M','50대',3,103.6,0.91,3900,19
'2017-02','624',' 전농동 동아아파트 앞','정기','M','50대',34,1443.08,9.58,41160,470
'2017-02','625',' 답십리초등학교 앞(현대시장 옆)','정기','M','50대',9,406.78,3.77,16230,246
'2017-02','627',' 장안동삼거리 교통섬','정기','M','50대',2,220.23,1.64,7100,34
'2017-02','628',' 휘봉고등학교 앞','정기','M','50대',1,52.77,0.48,2050,11
'2017-02','630',' 동대문구 보건소','정기','M','50대',4,190.89,1.62,7010,46
'2017-02','631',' 답십리역 1번출구','정기','M','50대',25,2934.03,26.81,115560,662
'2017-02','102',' 망원역 1번출구 앞','정기','M','50대',6,753.86,5.69,24550,111
'2017-02','138',' 신촌동 제1공영주차장 앞','정기','M','50대',4,262.62,1.9,8190,43
'2017-02','633',' 청량리 기업은행 앞','정기','M','50대',14,1034.39,9.11,39290,290
'2017-02','634',' 외국어대 정문 앞','정기','M','50대',3,110.47,1.04,4450,25
'2017-02','635',' 시조사 앞 (청량고정문 옆)','정기','M','50대',22,1202.77,10.75,46390,341
'2017-02','641',' 용두역 4번출구','정기','M','50대',15,1945.93,17.33,74680,551
'2017-02','642',' 신답역 사거리','정기','M','50대',7,359.5,2.57,11110,254
'2017-02','140',' 이화여대 후문','정기','M','50대',3,147.58,1.16,4980,48
'2017-02','643',' 동대문구민체육센터 (육교아래)','정기','M','50대',2,626.95,5.48,23630,98
'2017-02','230',' 영등포구청역 1번출구','정기','M','50대',28,1414.62,10.08,43470,296
'2017-02','260',' 여의도 마리나선착장 앞','정기','M','50대',1,284.36,2.45,10560,58
'2017-02','262',' 영문초등학교 사거리','정기','M','50대',27,1970.3,13.86,59820,313
'2017-02','264',' 교보생명보험 앞','정기','M','50대',21,1776.07,15.47,66680,417
'2017-02','141',' 연대 대운동장 옆','정기','M','50대',1,61.82,0.52,2230,7
'2017-02','266',' 영등포청과시장 사거리','정기','M','50대',13,1160.86,8.62,37150,209
'2017-02','267',' 삼성화재 사옥 옆','정기','M','50대',1,129.7,0.85,3680,32
'2017-02','271',' 샛강생태공원방문자센터 앞','정기','M','50대',17,2285.74,15.25,65710,321
'2017-02','272',' 당산육갑문','정기','M','50대',9,1580.76,12.52,53940,253
'2017-02','716','신정6동 주민센터 인근','정기','M','50대',13,1273.86,11.13,47960,297
'2017-02','139',' 연세대 정문 건너편','정기','M','50대',4,275.51,2.02,8700,46
'2017-02','719',' 홍익병원앞 교차로','정기','M','50대',8,1543.15,11.83,51010,240
'2017-02','816',' 신용산역 6번출구 앞','정기','M','50대',12,1291.65,10.87,46900,341
'2017-02','818',' 숙명여대 입구 교차로','정기','M','50대',5,561.67,5.85,25210,167
'2017-02','819',' 선린인터넷 고등학교','정기','M','50대',6,289.04,2.54,10990,76
'2017-02','822',' 이촌1동 마을공원','정기','M','50대',12,1813.65,14.98,64550,264
'2017-02','823',' 효창동주민센터 앞','정기','M','50대',4,330.28,3.09,13360,91
'2017-02','825',' 서빙고동 주민센터 앞','정기','M','50대',6,2286.42,18.67,80410,267
'2017-02','199',' 서울 월드컵 경기장','정기','M','50대',19,1511.12,12.87,55410,347
'2017-02','388',' 동성중학교 앞','정기','M','50대',5,569.91,4.25,18340,225
'2017-02','584',' 광진광장 교통섬','정기','M','50대',3,150.93,1.27,5470,32
'2017-02','586',' 마장동 주민센터','정기','M','50대',3,107.54,0.86,3670,18
'2017-02','900',' 은평예술회관','정기','M','50대',3,93.62,0.79,3400,28
'2017-02','901',' 응암1동사무소','정기','M','50대',4,211.96,1.69,7270,62
'2017-02','200',' 국회의원회관','정기','M','50대',23,3709.83,28.04,120800,690
'2017-02','903',' 은평뉴타운 아이파크','정기','M','50대',7,523.25,4.13,17730,81
'2017-02','904',' 은평뉴타운 푸르지오','정기','M','50대',24,3192.73,23.37,100780,602
'2017-02','905',' 구파발역 2번출구','정기','M','50대',2,104.66,0.84,3600,26
'2017-02','906',' 연신내역 5번출구150M 아래','정기','M','50대',7,419.19,3.57,15400,120
'2017-02','907',' CJ 드림시티','정기','M','50대',5,139.36,1.27,5460,36
'2017-02','908',' 구산역 4번출구','정기','M','50대',1,63.84,0.58,2480,51
'2017-02','909',' 백련산 힐스테이트 3차','정기','M','50대',6,884.68,7.97,34370,186
'2017-02','911',' 은평평화공원(역촌역4번출구)','정기','M','50대',9,552.84,4.81,20750,139
'2017-02','201',' 진미파라곤 앞','정기','M','50대',6,485.38,3.73,16070,77
'2017-02','912',' 응암오거리','정기','M','50대',17,871.79,7.65,32890,223
'2017-02','913',' 이마트 은평점','정기','M','50대',16,828.46,7.27,31390,245
'2017-02','914',' 새절역 2번출구','정기','M','50대',23,4586.51,48.09,207350,760
'2017-02','915',' 증산역 4번출구','정기','M','50대',9,1534.87,12.66,54580,308
'2017-02','916',' 평생학습관 앞','정기','M','50대',2,198.9,2.01,8660,35
'2017-02','917',' 녹번역 4번출구','정기','M','50대',22,1498.09,11.76,50610,218
'2017-02','919',' 서울혁신파크','정기','M','50대',5,286.62,2.25,9650,142
'2017-02','202',' 국민일보 앞','정기','M','50대',26,1882.39,17.55,75610,461
'2017-02','922',' 연신내역 4번출구','정기','M','50대',3,164.24,1.28,5530,32
'2017-02','923',' 국민은행 연서지점','정기','M','50대',2,87.55,0.74,3220,20
'2017-02','924',' 메뚜기다리','정기','M','50대',4,414.62,3.82,16490,161
'2017-02','925',' 불광역 2번출구','정기','M','50대',2,195.35,1.44,6190,36
'2017-02','926',' 불광역 8번출구','정기','M','50대',7,562.88,4.69,20210,161
'2017-02','927',' 연신내역 3번출구 인근','정기','M','50대',3,329.05,2.6,11220,85
'2017-02','930',' 구 서부경찰서 건너편','정기','M','50대',3,326.4,2.55,10990,53
'2017-02','931',' 역촌파출소','정기','M','50대',3,168.4,1.32,5670,34
'2017-02','932',' 예일여중','정기','M','50대',4,192.32,1.74,7490,48
'2017-02','933',' LG서비스 역촌점','정기','M','50대',4,128.48,1.19,5110,56
'2017-02','587',' KEB하나은행 성수중앙지점','정기','M','50대',3,80.06,0.73,3110,14
'2017-02','588',' 뚝섬 유원지역','정기','M','50대',1,37.07,0.33,1440,10
'2017-02','204',' 국회의사당역 5번출구 옆','정기','M','50대',4,210.61,1.65,7110,42
'2017-02','203',' 국회의사당역 3번출구 옆','정기','M','50대',24,992.74,9.53,41100,239
'2017-02','205',' 산업은행 앞','정기','M','50대',6,350.27,2.43,10490,87
'2017-02','206',' KBS 앞','정기','M','50대',3,240.98,2.18,9430,19
'2017-02','209',' 유진투자증권빌딩 앞','정기','M','50대',11,631.34,5.03,21680,123
'2017-02','210',' IFC몰','정기','M','50대',4,281.12,2.14,9190,61
'2017-02','211',' 여의도역 4번출구 옆','정기','M','50대',60,2883.85,22.34,96170,664
'2017-02','212',' 여의도역 1번출구 옆','정기','M','50대',15,1511.6,11.4,49060,380
'2017-02','213',' KT앞','정기','M','50대',32,1427.44,11.85,51140,329
'2017-02','104',' 합정역 1번출구 앞','정기','M','50대',9,638.75,5.54,23920,146
'2017-02','214',' 금융감독원 앞','정기','M','50대',11,1906.29,17.09,73660,320
'2017-02','218',' 증권거래소 앞','정기','M','50대',3,48.52,0.39,1680,9
'2017-02','219',' 롯데캐슬엠파이어 옆','정기','M','50대',1,33.26,0.26,1120,6
'2017-02','220',' 미성아파트 A동 앞','정기','M','50대',10,344.32,2.83,12160,119
'2017-02','215',' 여의도고교 앞','정기','M','50대',2,397.48,3.22,13860,55
'2017-02','216',' 삼부아파트1동 앞','정기','M','50대',63,6048.34,47.96,206690,1357
'2017-02','217',' NH농협은행 앞','정기','M','50대',13,1912.66,15.59,67230,386
'2017-02','221',' 여의도초교 앞','정기','M','50대',14,676.37,5.6,24140,93
'2017-02','222',' 시범아파트버스정류장 옆','정기','M','50대',23,1336.88,10.11,43560,289
'2017-02','223',' 진주아파트상가 앞','정기','M','50대',48,1448.49,11.84,51080,261
'2017-02','105',' 합정역 5번출구 앞','정기','M','50대',1,181.53,1.33,5730,35
'2017-02','224',' 롯데캐슬 앞','정기','M','50대',11,449.81,3.54,15220,87
'2017-02','225',' 앙카라공원 앞','정기','M','50대',27,1577.46,11.08,47770,440
'2017-02','226',' 샛강역 1번출구 앞','정기','M','50대',1,18.85,0.13,560,5
'2017-02','207',' 여의나루역 1번출구 앞','정기','M','50대',17,491,3.78,16140,75
'2017-02','401',' 상암월드컵파크 10단지 앞','정기','M','50대',3,175.03,1.58,6800,49
'2017-02','402',' 상암월드컵파크 9단지 앞','정기','M','50대',2,50.61,0.42,1800,11
'2017-02','403',' 부엉이공원 앞','정기','M','50대',2,84.7,0.73,3160,26
'2017-02','106',' 합정역 7번출구 앞','정기','M','50대',5,257.39,2.04,8770,38
'2017-02','405',' DMC빌 앞','정기','M','50대',11,842.52,6.45,27790,159
'2017-02','406',' 상암월드컵파크 7단지 앞','정기','M','50대',38,2448.25,19.84,85510,452
'2017-02','421',' 마포구청 앞','정기','M','50대',46,4613.99,46.2,199100,1263
'2017-02','407',' 마포구 육아종합지원센터','정기','M','50대',4,251.97,1.64,7070,55
'2017-02','408',' LG CNS앞','정기','M','50대',10,527.73,4.53,19530,116
'2017-02','420',' 서울시 공공자전거 상암센터','정기','M','50대',21,396.59,3.11,13410,65
'2017-02','409',' 누리꿈스퀘어 옆','정기','M','50대',7,907.69,8.1,34900,178
'2017-02','419',' 홈플러스 앞','정기','M','50대',45,2515.6,19.88,85940,455
'2017-02','418',' 월드컵경기장역 3번출구 옆','정기','M','50대',9,740.79,5.87,25260,183
'2017-02','107',' 신한은행 서교동금융센터점 앞','정기','M','50대',21,1295.65,10.19,43880,404
'2017-02','411',' DMC홍보관','정기','M','50대',12,502.74,4.45,19190,224
'2017-02','412',' DMC산학협력연구센터 앞','정기','M','50대',1,29.38,0.25,1060,6
'2017-02','413',' 상암월드컵파크 3단지 후문','정기','M','50대',39,2049.12,17.29,74250,310
'2017-02','417',' DMC역 2번출구 옆','정기','M','50대',6,461.15,3.78,16300,86
'2017-02','414',' 상암동주민센터 옆','정기','M','50대',11,1335.52,11.98,51640,241
'2017-02','415',' DMC역 9번출구 앞','정기','M','50대',37,4984.79,44.01,189710,780
'2017-02','416',' 상암월드컵파크 1단지 교차로','정기','M','50대',11,713.16,4.65,20010,125
'2017-02','500',' 어린이대공원역 3번출구 앞','정기','M','50대',1,22.39,0.2,870,6
'2017-02','501',' 광진구의회 앞','정기','M','50대',7,390.87,3.4,14590,92
'2017-02','502',' 뚝섬유원지역 1번출구 앞','정기','M','50대',4,437.29,3.37,14530,92
'2017-02','108',' 서교동 사거리','정기','M','60대',1,40.23,0.29,1270,10
'2017-02','503',' 더샵스타시티 C동 앞','정기','M','60대',1,6.95,0.06,270,2
'2017-02','507',' 성수아이에스비즈타워 앞','정기','M','60대',8,192.18,1.58,6740,29
'2017-02','508',' 성수아카데미타워 앞','정기','M','60대',1,117.61,0.92,3960,35
'2017-02','511',' 서울숲역 4번 출구 옆','정기','M','60대',1,82.27,0.64,2770,14
'2017-02','512',' 뚝섬역 1번 출구 옆','정기','M','60대',1,78.41,0.61,2640,25
'2017-02','400',' 상암한화오벨리스크 1차 앞','정기','M','60대',18,1351.07,10.55,45490,300
'2017-02','300',' 정동사거리','정기','M','60대',5,201.8,1.46,6250,40
'2017-02','303',' 광화문역 1번출구 앞','정기','M','60대',1,39.31,0.32,1360,18
'2017-02','115',' 사루비아 빌딩 앞','정기','M','60대',16,2508.62,20.91,90180,467
'2017-02','304',' 광화문역 2번출구 앞','정기','M','60대',14,1215.37,10.39,44740,286
'2017-02','305',' 종로구청 옆','정기','M','60대',1,83.48,0.72,3100,21
'2017-02','306',' 광화문역 7번출구 앞','정기','M','60대',1,9.27,0.08,360,2
'2017-02','307',' 서울역사박물관 앞','정기','M','60대',17,1752.2,10.46,45070,239
'2017-02','310',' 청계광장 옆','정기','M','60대',1,28.57,0.26,1110,9
'2017-02','311',' 서울광장 옆','정기','M','60대',4,189.89,1.75,7520,66
'2017-02','312',' 시청역 1번출구 뒤','정기','M','60대',1,70.82,0.57,2450,15
'2017-02','313',' 서울역 광장 파출소 옆','정기','M','60대',4,237.92,2.24,9640,90
'2017-02','314',' 국립현대미술관','정기','M','60대',5,249.35,2.15,9260,80
'2017-02','316',' 종각역 1번출구 앞','정기','M','60대',2,62.98,0.39,1710,11
'2017-02','320',' 을지로입구역 4번출구 앞','정기','M','60대',37,3160.1,28.43,122570,1033
'2017-02','321',' KEB 하나은행 본점 앞','정기','M','60대',19,625.36,5.22,22560,378
'2017-02','322',' 명동성당 앞','정기','M','60대',2,70.98,0.53,2290,27
'2017-02','324',' 신세계백화점 본점 앞','정기','M','60대',2,150.66,1.44,6210,57
'2017-02','326',' 안국역 5번출구 앞','정기','M','60대',1,91.12,0.82,3540,21
'2017-02','328',' 탑골공원 앞','정기','M','60대',3,158.54,1.26,5410,53
'2017-02','329',' 청계2가 사거리 옆','정기','M','60대',17,2995.32,23.68,102040,389
'2017-02','330',' 청계천 한빛광장','정기','M','60대',3,103.95,0.98,4220,52
'2017-02','331',' 을지로2가 사거리 북측','정기','M','60대',2,25.23,0.22,980,6
'2017-02','334',' 종로3가역 2번출구 뒤','정기','M','60대',1,88.03,0.79,3420,26
'2017-02','335',' 종로3가역 15번출구 앞','정기','M','60대',2,108.7,0.85,3660,30
'2017-02','336',' 티마크 호텔 앞','정기','M','60대',9,622.4,5.99,25830,142
'2017-02','337',' 창경궁 입구','정기','M','60대',4,234.82,2.02,8720,88
'2017-02','338',' 세운스퀘어 앞','정기','M','60대',10,449.58,4.36,18770,151
'2017-02','339',' 종로4가 사거리','정기','M','60대',6,271.54,2.39,10340,153
'2017-02','340',' 혜화동 로터리','정기','M','60대',24,1081.72,11.29,48780,246
'2017-02','342',' 대학로 마로니에공원','정기','M','60대',2,118.31,1.13,4860,32
'2017-02','343',' 예일빌딩(율곡로) 앞','정기','M','60대',2,136.35,1.3,5580,43
'2017-02','344',' 성균관대 E하우스 앞','정기','M','60대',20,4841.37,43.5,187470,488
'2017-02','345',' 서울보증보험본사 앞','정기','M','60대',2,47.76,0.41,1760,9
'2017-02','346',' 맥스타일 앞','정기','M','60대',1,41.16,0.44,1890,15
'2017-02','351',' 청운초교 앞 삼거리','정기','M','60대',1,165.43,1.29,5570,41
'2017-02','353',' 재동초교 앞 삼거리','정기','M','60대',1,53.86,0.46,2000,12
'2017-02','355',' 서울사대부속초교 앞','정기','M','60대',1,89.13,0.77,3310,29
'2017-02','358',' 성대입구 사거리','정기','M','60대',23,654.33,5.83,25290,177
'2017-02','359',' 원남동사거리','정기','M','60대',1,28.83,0.3,1300,8
'2017-02','361',' 동묘앞역 1번출구 뒤','정기','M','60대',2,76.45,0.81,3510,49
'2017-02','363',' 신설동역 11번출구 뒤','정기','M','60대',1,133.33,1.03,4430,29
'2017-02','113',' 홍대입구역 2번출구 앞','정기','M','60대',3,231.44,1.91,8260,42
'2017-02','367',' 독립문역 3-1번출구 ','정기','M','60대',6,329.54,2.64,11400,63
'2017-02','369',' 광화문 시민열린마당','정기','M','60대',5,210.29,1.32,5710,63
'2017-02','371',' 동대입구역 6번출구 뒤','정기','M','60대',2,171.25,1.64,7040,39
'2017-02','373',' 청구 어린이공원','정기','M','60대',6,177.01,1.72,7450,53
'2017-02','118',' 광흥창역 2번출구 앞','정기','M','60대',26,614.09,5.77,25030,412
'2017-02','379',' 서울역9번출구','정기','M','60대',1,96.92,1.03,4450,41
'2017-02','383',' 신당역 12번 출구 뒤','정기','M','60대',1,18.95,0.2,870,7
'2017-02','384',' 종로학원본원 ','정기','M','60대',1,44.53,0.4,1730,9
'2017-02','114',' 홍대입구역 8번출구 앞','정기','M','60대',3,313.16,2.61,11270,67
'2017-02','142',' 아현역 4번출구 앞','정기','M','60대',4,370.91,3.07,13260,74
'2017-02','143',' 공덕역 2번출구','정기','M','60대',3,132.27,1.14,4910,39
'2017-02','144',' 공덕역 8번출구','정기','M','60대',13,935.18,7.91,34180,210
'2017-02','145',' 공덕역 5번출구','정기','M','60대',3,76.53,0.61,2650,12
'2017-02','146',' 마포역 1번출구 뒤','정기','M','60대',1,101.73,0.85,3670,24
'2017-02','147',' 마포역 4번출구 뒤','정기','M','60대',4,458.21,3.83,16530,85
'2017-02','150',' 서강대역 2번출구 앞','정기','M','60대',9,322.38,2.92,12590,143
'2017-02','152',' 마포구민체육센터 앞','정기','M','60대',4,904.7,6.8,29290,144
'2017-02','119',' 서강나루 공원','정기','M','60대',16,1193.13,9.99,43010,314
'2017-02','154',' 마포구청역 ','정기','M','60대',16,711.48,6.79,29150,180
'2017-02','155',' 가좌역1 번출구 뒤','정기','M','60대',9,1034.98,11.03,47520,368
'2017-02','156',' 서울서부지방법원 앞','정기','M','60대',6,759.55,6.3,27170,129
'2017-02','157',' 애오개역 4번출구 앞','정기','M','60대',6,520.82,3.59,15480,103
'2017-02','161',' 무악재역1번 출구','정기','M','60대',1,113.51,1.02,4410,22
'2017-02','162',' 봉원고가차도 밑','정기','M','60대',4,209.84,1.75,7570,45
'2017-02','120',' 신수동 사거리','정기','M','60대',11,288.93,2.82,12160,274
'2017-02','168',' 남가좌동 사거리','정기','M','60대',1,93.18,0.84,3620,14
'2017-02','169',' 북가좌 삼거리','정기','M','60대',1,29.11,0.24,1050,7
'2017-02','170',' 가재울 뉴타운 주유소 옆','정기','M','60대',1,52.46,0.43,1840,12
'2017-02','171',' 임광빌딩 앞','정기','M','60대',2,84.48,0.66,2860,17
'2017-02','121',' 마포소방서 앞','정기','M','60대',11,312.43,3.07,13150,274
'2017-02','173',' 서대문역 8번출구 앞','정기','M','60대',1,107.59,1.15,4940,53
'2017-02','175',' 홍연2교옆','정기','M','60대',1,40.67,0.37,1580,10
'2017-02','179',' 가좌역 4번출구 앞','정기','M','60대',3,167.37,1.65,7120,54
'2017-02','180',' 충정로역 7번출구 뒤','정기','M','60대',2,54.65,0.53,2300,15
'2017-02','519',' 양지사거리','정기','M','60대',23,2747.75,21.49,92560,418
'2017-02','520',' 상왕십리역 4번 출구 앞','정기','M','60대',19,872.02,6.81,29360,165
'2017-02','521',' 왕십리역 11번 출구 앞','정기','M','60대',1,44.57,0.39,1680,15
'2017-02','523',' 옥수동성당 옆','정기','M','60대',1,111.08,0.87,3740,23
'2017-02','122',' 신성기사식당 앞','정기','M','60대',24,962.85,8.36,35970,420
'2017-02','530',' 청계벽산아파트 앞','정기','M','60대',1,14.54,0.13,540,2
'2017-02','536',' 행당역 2번출구 앞','정기','M','60대',1,97.71,0.76,3290,25
'2017-02','538',' 답십리역 8번출구 앞','정기','M','60대',9,1679.01,15.13,65230,169
'2017-02','540',' 군자역 7번출구 베스트샵 앞','정기','M','60대',1,84.68,0.76,3290,14
'2017-02','124',' 서강대 정문 건너편','정기','M','60대',50,1185.23,10.42,44850,586
'2017-02','601',' 용신동주민센터','정기','M','60대',9,440.16,3.83,16590,264
'2017-02','605',' 신설동역8번출구','정기','M','60대',1,101.88,0.89,3840,59
'2017-02','608',' 전농삼성아파트','정기','M','60대',21,940.87,7.82,33770,244
'2017-02','125',' 서강대 남문 옆','정기','M','60대',7,254.15,2.24,9700,124
'2017-02','610',' 동대문중 교차로','정기','M','60대',1,37.62,0.29,1250,7
'2017-02','613',' 신설동역 10번출구 앞','정기','M','60대',9,537.15,4.75,20410,182
'2017-02','614',' 용두동 사거리','정기','M','60대',2,81.19,0.71,3060,52
'2017-02','616',' 서울시립대 앞','정기','M','60대',1,38.87,0.35,1510,14
'2017-02','227',' 양평2나들목 보행통로 입구','정기','M','60대',1,39.77,0.29,1240,5
'2017-02','228',' 선유도역 3번출구 앞','정기','M','60대',5,181.55,1.31,5660,30
'2017-02','126',' 서강대 후문 옆','정기','M','60대',18,1146.78,7.75,33470,297
'2017-02','231',' 남부고용노동지청 남측','정기','M','60대',8,2691.37,24.27,104560,243
'2017-02','240',' 문래역 4번출구 앞','정기','M','60대',5,318.29,2.88,12420,69
'2017-02','127',' 현대벤처빌 앞','정기','M','60대',9,218.36,2.13,9190,101
'2017-02','242',' 신길선원가와인아파트 앞','정기','M','60대',4,350.38,3.34,14410,105
'2017-02','247',' 당산역 10번출구 앞','정기','M','60대',1,207.62,1.74,7490,43
'2017-02','128',' 신촌역(2호선) 1번출구 옆','정기','M','60대',2,222.31,1.86,8020,61
'2017-02','256',' 동아에코빌입구','정기','M','60대',20,790.56,7.36,31690,268
'2017-02','258',' 신길역3번출구','정기','M','60대',2,131.27,1.11,4750,28
'2017-02','259',' 대방역6번출구','정기','M','60대',2,102.32,0.75,3230,27
'2017-02','129',' 신촌역(2호선) 6번출구 옆','정기','M','60대',3,130.5,1.07,4610,34
'2017-02','130',' 신촌역(2호선) 7번출구 앞','정기','M','60대',2,63.92,0.62,2690,44
'2017-02','800',' 목월공원 앞','정기','M','60대',22,1924.33,12.81,55220,254
'2017-02','802',' 한강진역 2번 출구 앞','정기','M','60대',1,194.1,1.29,5570,32
'2017-02','805',' 문배어린이공원 앞','정기','M','60대',1,38.77,0.41,1780,10
'2017-02','808',' 서빙고동 금호맨션 앞','정기','M','60대',1,74.92,0.8,3440,21
'2017-02','131',' 증산2교','정기','M','60대',1,83.75,0.65,2820,17
'2017-02','810',' 이태원지하보도','정기','M','60대',1,23.42,0.21,910,8
'2017-02','811',' 녹사평역1번출구','정기','M','60대',2,162.08,1.55,6680,36
'2017-02','812',' 용산전쟁기념관','정기','M','60대',1,76.82,0.45,1940,19
'2017-02','813',' 삼각지역 3번출구','정기','M','60대',27,2181.95,14.82,63960,291
'2017-02','385',' 종각역 5번출구','정기','M','60대',2,96.23,0.93,4050,23
'2017-02','386',' 올림픽기념 국민생활관 앞','정기','M','60대',41,1119.69,10.1,43500,1253
'2017-02','387',' 훈련원공원주차장 앞','정기','M','60대',6,302.78,2.98,12880,110
'2017-02','184',' SK망원동주유소 건너편','정기','M','60대',1,33.5,0.33,1410,11
'2017-02','186',' 월드컵공원','정기','M','60대',8,1758.76,13.44,57880,322
'2017-02','188',' 홍은동 정원여중 입구','정기','M','60대',11,981.63,8.21,35430,215
'2017-02','194',' 증산교 앞','정기','M','60대',8,872.93,6.84,29500,184
'2017-02','198',' 충정2교','정기','M','60대',10,578.59,5.55,23870,90
'2017-02','557',' 도선동 주민센터 앞','정기','M','60대',18,782.53,6.13,26380,161
'2017-02','558',' 성동광진 교육지원청 앞','정기','M','60대',1,130.38,1.02,4390,30
'2017-02','559',' 왕십리역 4번 출구 건너편','정기','M','60대',5,221.87,1.72,7470,38
'2017-02','560',' 비전교회 앞','정기','M','60대',2,62.72,0.51,2210,12
'2017-02','563',' 성동세무서 건너편','정기','M','60대',3,70.53,0.63,2740,19
'2017-02','567',' 성수역 2번출구 앞','정기','M','60대',16,313.14,2.61,11320,96
'2017-02','568',' 청계8가사거리 부근','정기','M','60대',1,113.04,1.2,5190,59
'2017-02','579',' 마장역 4번출구','정기','M','60대',1,34.45,0.27,1160,8
'2017-02','583',' 청계천 생태교실 앞','정기','M','60대',1,272.48,2.38,10270,51
'2017-02','553',' 중곡 성원APT 앞','정기','M','60대',6,221.45,1.94,8400,36
'2017-02','136',' 대흥동 주민센터','정기','M','60대',5,221.67,2.14,9250,105
'2017-02','572',' 국립정신 건강센터 앞','정기','M','60대',17,1818.01,16.39,70630,360
'2017-02','574',' 아차산역4번출구','정기','M','60대',1,179.39,1.4,6040,31
'2017-02','137',' NH농협 신촌지점 앞','정기','M','60대',1,109.77,0.92,3960,29
'2017-02','622',' 전농사거리 교통섬','정기','M','60대',8,314.56,2.83,12220,77
'2017-02','631',' 답십리역 1번출구','정기','M','60대',9,530.35,4.75,20540,173
'2017-02','102',' 망원역 1번출구 앞','정기','M','60대',2,243.38,2.04,8780,53
'2017-02','633',' 청량리 기업은행 앞','정기','M','60대',18,1025.54,8.57,36980,420
'2017-02','639',' 서울시립대 후문','정기','M','60대',1,39.64,0.33,1430,12
'2017-02','640',' KEB하나은행 청량리역지점','정기','M','60대',7,154.6,1.33,5800,64
'2017-02','641',' 용두역 4번출구','정기','M','60대',6,664.52,5.81,25030,192
'2017-02','230',' 영등포구청역 1번출구','정기','M','60대',5,159.41,1.15,4970,44
'2017-02','260',' 여의도 마리나선착장 앞','정기','M','60대',3,892.42,6.54,28170,122
'2017-02','262',' 영문초등학교 사거리','정기','M','60대',2,151.87,1.37,5900,37
'2017-02','263',' 근로자회관 사거리','정기','M','60대',18,728.02,6.47,27830,620
'2017-02','141',' 연대 대운동장 옆','정기','M','60대',3,80.66,0.67,2910,18
'2017-02','267',' 삼성화재 사옥 옆','정기','M','60대',1,49.72,0.36,1550,9
'2017-02','271',' 샛강생태공원방문자센터 앞','정기','M','60대',3,146.98,1.32,5710,32
'2017-02','816',' 신용산역 6번출구 앞','정기','M','60대',4,132.8,0.97,4190,33
'2017-02','820',' 청파동입구 교차로','정기','M','60대',5,265.5,2.83,12190,103
'2017-02','822',' 이촌1동 마을공원','정기','M','60대',1,50.45,0.45,1960,8
'2017-02','823',' 효창동주민센터 앞','정기','M','60대',1,80.19,0.52,2250,16
'2017-02','199',' 서울 월드컵 경기장','정기','M','60대',4,916.5,6.71,28930,150
'2017-02','388',' 동성중학교 앞','정기','M','60대',4,111.18,1.14,4890,50
'2017-02','585',' 성수2가1동 공영주차장 인근','정기','M','60대',1,4.12,0.04,160,2
'2017-02','901',' 응암1동사무소','정기','M','60대',21,1076.8,8.95,38520,264
'2017-02','200',' 국회의원회관','정기','M','60대',1,312.13,2.61,11260,48
'2017-02','902',' 진관동 은빛초등학교','정기','M','60대',1,60.15,0.57,2450,13
'2017-02','903',' 은평뉴타운 아이파크','정기','M','60대',4,171.44,1.54,6660,102
'2017-02','906',' 연신내역 5번출구150M 아래','정기','M','60대',6,314.5,2.89,12460,84
'2017-02','907',' CJ 드림시티','정기','M','60대',2,161.99,1.39,5980,29
'2017-02','908',' 구산역 4번출구','정기','M','60대',1,179.39,1.75,7550,43
'2017-02','201',' 진미파라곤 앞','정기','M','60대',6,1065.55,8.92,38440,194
'2017-02','913',' 이마트 은평점','정기','M','60대',5,412.4,3.11,13400,104
'2017-02','914',' 새절역 2번출구','정기','M','60대',3,382.1,2.83,12200,69
'2017-02','917',' 녹번역 4번출구','정기','M','60대',22,1100.52,10.44,44990,238
'2017-02','921',' 신도고등학교','정기','M','60대',2,86.73,0.85,3650,18
'2017-02','202',' 국민일보 앞','정기','M','60대',6,938.31,7.93,34190,151
'2017-02','922',' 연신내역 4번출구','정기','M','60대',1,249.27,1.87,8070,37
'2017-02','923',' 국민은행 연서지점','정기','M','60대',6,1764.63,13.24,57130,297
'2017-02','924',' 메뚜기다리','정기','M','60대',1,36.59,0.36,1540,7
'2017-02','927',' 연신내역 3번출구 인근','정기','M','60대',11,139.45,1.31,5680,33
'2017-02','932',' 예일여중','정기','M','60대',1,145.25,1.22,5240,28
'2017-02','103',' 망원역 2번출구 앞','정기','M','60대',2,92.58,0.77,3340,20
'2017-02','203',' 국회의사당역 3번출구 옆','정기','M','60대',9,755.08,6.73,28980,162
'2017-02','205',' 산업은행 앞','정기','M','60대',3,267.53,1.99,8600,42
'2017-02','206',' KBS 앞','정기','M','60대',32,1593.32,14.37,61900,1051
'2017-02','209',' 유진투자증권빌딩 앞','정기','M','60대',2,117.41,1.01,4360,25
'2017-02','210',' IFC몰','정기','M','60대',1,16.94,0.16,690,3
'2017-02','211',' 여의도역 4번출구 옆','정기','M','60대',1,35.28,0.26,1100,9
'2017-02','212',' 여의도역 1번출구 옆','정기','M','60대',1,14.27,0.16,680,3
'2017-02','213',' KT앞','정기','M','60대',13,241.46,2.64,11350,58
'2017-02','218',' 증권거래소 앞','정기','M','60대',1,15.21,0.15,640,5
'2017-02','219',' 롯데캐슬엠파이어 옆','정기','M','60대',6,2257.93,17.13,73820,292
'2017-02','220',' 미성아파트 A동 앞','정기','M','60대',3,1229.34,9.23,39800,144
'2017-02','217',' NH농협은행 앞','정기','M','60대',1,31.15,0.28,1210,7
'2017-02','221',' 여의도초교 앞','정기','M','60대',39,2678.62,24.09,103880,722
'2017-02','222',' 시범아파트버스정류장 옆','정기','M','60대',2,252.46,2.14,9230,44
'2017-02','223',' 진주아파트상가 앞','정기','M','60대',17,642.63,5.95,25670,233
'2017-02','105',' 합정역 5번출구 앞','정기','M','60대',1,43.8,0.37,1580,10
'2017-02','224',' 롯데캐슬 앞','정기','M','60대',1,32.4,0.23,1010,5
'2017-02','225',' 앙카라공원 앞','정기','M','60대',5,196.12,1.83,7850,47
'2017-02','226',' 샛강역 1번출구 앞','정기','M','60대',1,52.82,0.4,1710,8
'2017-02','207',' 여의나루역 1번출구 앞','정기','M','60대',4,81.84,0.74,3180,15
'2017-02','106',' 합정역 7번출구 앞','정기','M','60대',11,505.61,4.83,20800,217
'2017-02','421',' 마포구청 앞','정기','M','60대',1,104.07,0.85,3650,24
'2017-02','409',' 누리꿈스퀘어 옆','정기','M','60대',3,232.26,1.81,7820,31
'2017-02','419',' 홈플러스 앞','정기','M','60대',3,405.37,3.24,13980,78
'2017-02','418',' 월드컵경기장역 3번출구 옆','정기','M','60대',3,281.85,2.2,9490,52
'2017-02','413',' 상암월드컵파크 3단지 후문','정기','M','60대',1,39.5,0.31,1330,5
'2017-02','415',' DMC역 9번출구 앞','정기','M','60대',1,109.2,0.89,3830,15
'2017-02','502',' 뚝섬유원지역 1번출구 앞','정기','M','60대',2,162.9,1.42,6140,94
'2017-02','400',' 상암한화오벨리스크 1차 앞','정기','M','70대~',23,1300.1,11.21,48280,242
'2017-02','515',' 광양중학교 앞','정기','M','70대~',1,269.44,2.26,9720,64
'2017-02','300',' 정동사거리','정기','M','70대~',6,332.84,2.87,12360,127
'2017-02','303',' 광화문역 1번출구 앞','정기','M','70대~',6,218.44,1.86,8000,86
'2017-02','304',' 광화문역 2번출구 앞','정기','M','70대~',2,142.18,1.23,5280,55
'2017-02','305',' 종로구청 옆','정기','M','70대~',3,188.76,1.62,7010,59
'2017-02','306',' 광화문역 7번출구 앞','정기','M','70대~',2,113.1,0.97,4200,48
'2017-02','308',' 광화문 S타워 앞','정기','M','70대~',1,5.92,0.05,220,1
'2017-02','310',' 청계광장 옆','정기','M','70대~',2,116.06,1,4310,38
'2017-02','311',' 서울광장 옆','정기','M','70대~',7,284.09,2.43,10420,108
'2017-02','312',' 시청역 1번출구 뒤','정기','M','70대~',12,633.08,5.37,23150,252
'2017-02','313',' 서울역 광장 파출소 옆','정기','M','70대~',12,211.6,1.63,7030,61
'2017-02','315',' 신한은행 안국역지점 옆','정기','M','70대~',1,42.21,0.38,1640,12
'2017-02','316',' 종각역 1번출구 앞','정기','M','70대~',10,428.27,3.61,15530,163
'2017-02','318',' 광교사거리 남측','정기','M','70대~',3,343.02,3.05,13130,29
'2017-02','320',' 을지로입구역 4번출구 앞','정기','M','70대~',28,1251.61,11.39,49180,555
'2017-02','321',' KEB 하나은행 본점 앞','정기','M','70대~',7,305.31,2.97,12850,173
'2017-02','324',' 신세계백화점 본점 앞','정기','M','70대~',3,95.51,0.83,3590,43
'2017-02','330',' 청계천 한빛광장','정기','M','70대~',7,340.91,2.95,12660,155
'2017-02','331',' 을지로2가 사거리 북측','정기','M','70대~',6,343.8,2.91,12530,139
'2017-02','332',' 을지로2가 사거리 남측','정기','M','70대~',5,185.71,1.58,6860,117
'2017-02','334',' 종로3가역 2번출구 뒤','정기','M','70대~',7,326.51,2.93,12580,92
'2017-02','335',' 종로3가역 15번출구 앞','정기','M','70대~',4,107.99,0.98,4230,47
'2017-02','336',' 티마크 호텔 앞','정기','M','70대~',5,266.41,2.4,10350,53
'2017-02','339',' 종로4가 사거리','정기','M','70대~',5,240.18,2.31,9950,111
'2017-02','341',' 혜화역 3번출구 뒤','정기','M','70대~',2,116.4,1.03,4430,23
'2017-02','342',' 대학로 마로니에공원','정기','M','70대~',1,31.05,0.26,1120,9
'2017-02','343',' 예일빌딩(율곡로) 앞','정기','M','70대~',2,101.42,0.92,3940,26
'2017-02','349',' 사직동주민센터','정기','M','70대~',1,81.08,0.73,3150,26
'2017-02','350','KEB 하나은행(내자동 지점) 앞','정기','M','70대~',1,35.28,0.3,1310,8
'2017-02','361',' 동묘앞역 1번출구 뒤','정기','M','70대~',2,119.44,1.08,4640,34
'2017-02','368',' SK 서린빌딩 앞','정기','M','70대~',2,48.14,0.44,1870,9
'2017-02','370',' 시청역(2호선) 9번출구 뒤','정기','M','70대~',12,600.71,5.06,21870,281
'2017-02','377',' 서울역 4번출구 앞','정기','M','70대~',6,270.19,2.29,9920,129
'2017-02','381',' 장충체육관','정기','M','70대~',1,18.58,0.16,690,8
'2017-02','144',' 공덕역 8번출구','정기','M','70대~',1,19.13,0.16,690,5
'2017-02','147',' 마포역 4번출구 뒤','정기','M','70대~',1,31.51,0.27,1170,14
'2017-02','152',' 마포구민체육센터 앞','정기','M','70대~',1,36.42,0.29,1260,6
'2017-02','154',' 마포구청역 ','정기','M','70대~',4,229.53,1.84,7940,50
'2017-02','157',' 애오개역 4번출구 앞','정기','M','70대~',1,0,0,0,29
'2017-02','165',' 중앙근린공원','정기','M','70대~',11,321.31,3.24,13990,229
'2017-02','166',' 가재울 초등학교','정기','M','70대~',4,91.17,0.92,3970,24
'2017-02','170',' 가재울 뉴타운 주유소 옆','정기','M','70대~',1,123.8,1.25,5390,40
'2017-02','171',' 임광빌딩 앞','정기','M','70대~',13,271.21,2.08,9010,49
'2017-02','175',' 홍연2교옆','정기','M','70대~',2,212.68,2.15,9260,62
'2017-02','179',' 가좌역 4번출구 앞','정기','M','70대~',1,77.01,0.66,2860,17
'2017-02','520',' 상왕십리역 4번 출구 앞','정기','M','70대~',1,48.45,0.31,1330,9
'2017-02','523',' 옥수동성당 옆','정기','M','70대~',3,410.33,4,17270,95
'2017-02','124',' 서강대 정문 건너편','정기','M','70대~',3,167.99,1.41,6060,33
'2017-02','613',' 신설동역 10번출구 앞','정기','M','70대~',1,25.31,0.22,940,14
'2017-02','245',' 삼성생명 당산사옥 앞','정기','M','70대~',1,257.8,2.01,8680,49
'2017-02','101',' (구)합정동 주민센터','정기','M','70대~',6,315.5,3.13,13440,70
'2017-02','385',' 종각역 5번출구','정기','M','70대~',29,1322.76,11.23,48440,620
'2017-02','181',' 망원초록길 입구','정기','M','70대~',1,100.37,1.01,4370,23
'2017-02','559',' 왕십리역 4번 출구 건너편','정기','M','70대~',1,34.61,0.22,950,6
'2017-02','565',' 옥수역 3번출구','정기','M','70대~',1,148.74,1.45,6260,37
'2017-02','102',' 망원역 1번출구 앞','정기','M','70대~',2,53.74,0.54,2340,10
'2017-02','230',' 영등포구청역 1번출구','정기','M','70대~',2,77.55,0.67,2880,36
'2017-02','268',' 그랜드컨벤션센터 앞','정기','M','70대~',1,30.7,0.26,1140,11
'2017-02','272',' 당산육갑문','정기','M','70대~',2,481.14,3.76,16200,94
'2017-02','903',' 은평뉴타운 아이파크','정기','M','70대~',6,881.72,5.74,24740,172
'2017-02','905',' 구파발역 2번출구','정기','M','70대~',7,391.32,2.54,10980,71
'2017-02','906',' 연신내역 5번출구150M 아래','정기','M','70대~',1,82.68,0.61,2610,48
'2017-02','907',' CJ 드림시티','정기','M','70대~',11,1455.17,9.49,40830,303
'2017-02','908',' 구산역 4번출구','정기','M','70대~',21,1170.29,8.57,36940,488
'2017-02','913',' 이마트 은평점','정기','M','70대~',1,159.68,1.38,5930,38
'2017-02','202',' 국민일보 앞','정기','M','70대~',2,60.32,0.52,2240,51
'2017-02','926',' 불광역 8번출구','정기','M','70대~',10,504.24,4.54,19590,147
'2017-02','927',' 연신내역 3번출구 인근','정기','M','70대~',8,637.6,4.14,17890,147
'2017-02','931',' 역촌파출소','정기','M','70대~',21,826.72,7.02,30310,134
'2017-02','932',' 예일여중','정기','M','70대~',3,161.46,1.05,4530,33
'2017-02','933',' LG서비스 역촌점','정기','M','70대~',4,160.39,1.04,4500,39
'2017-02','103',' 망원역 2번출구 앞','정기','M','70대~',2,58.08,0.52,2260,9
'2017-02','204',' 국회의사당역 5번출구 옆','정기','M','70대~',1,31.78,0.27,1180,30
'2017-02','203',' 국회의사당역 3번출구 옆','정기','M','70대~',9,481.57,4.12,17720,250
'2017-02','205',' 산업은행 앞','정기','M','70대~',2,49.42,0.42,1810,22
'2017-02','209',' 유진투자증권빌딩 앞','정기','M','70대~',5,138.68,1.2,5150,39
'2017-02','210',' IFC몰','정기','M','70대~',8,223.77,1.94,8310,193
'2017-02','211',' 여의도역 4번출구 옆','정기','M','70대~',30,1000.52,8.65,37230,632
'2017-02','212',' 여의도역 1번출구 옆','정기','M','70대~',54,2239.88,19.27,82980,1516
'2017-02','213',' KT앞','정기','M','70대~',1,24.24,0.21,900,19
'2017-02','104',' 합정역 1번출구 앞','정기','M','70대~',1,38.51,0.33,1430,15
'2017-02','214',' 금융감독원 앞','정기','M','70대~',1,52.78,0.45,1960,43
'2017-02','218',' 증권거래소 앞','정기','M','70대~',2,106.64,0.92,3960,48
'2017-02','219',' 롯데캐슬엠파이어 옆','정기','M','70대~',1,27.72,0.23,1000,6
'2017-02','217',' NH농협은행 앞','정기','M','70대~',4,119.4,0.96,4110,41
'2017-02','223',' 진주아파트상가 앞','정기','M','70대~',1,27.44,0.23,990,6
'2017-02','224',' 롯데캐슬 앞','정기','M','70대~',1,56.28,0.48,2090,23
'2017-02','225',' 앙카라공원 앞','정기','M','70대~',9,266.66,2.24,9620,178
'2017-02','226',' 샛강역 1번출구 앞','정기','M','70대~',2,135.17,1.16,5020,55
'2017-02','207',' 여의나루역 1번출구 앞','정기','M','70대~',18,923.7,7.95,34300,379
'2017-02','401',' 상암월드컵파크 10단지 앞','정기','M','70대~',3,149.99,1.3,5570,39
'2017-02','403',' 부엉이공원 앞','정기','M','70대~',4,181.49,1.56,6740,44
'2017-02','421',' 마포구청 앞','정기','M','70대~',1,30.55,0.31,1330,8
'2017-02','408',' LG CNS앞','정기','M','70대~',2,145.42,1.25,5400,50
'2017-02','419',' 홈플러스 앞','정기','M','70대~',5,320.03,3.03,13080,63
'2017-02','418',' 월드컵경기장역 3번출구 옆','정기','M','70대~',11,334.15,3.35,14550,83
'2017-02','411',' DMC홍보관','정기','M','70대~',1,44.43,0.38,1650,11
'2017-02','412',' DMC산학협력연구센터 앞','정기','M','70대~',1,16.96,0.15,630,4
'2017-02','413',' 상암월드컵파크 3단지 후문','정기','M','70대~',13,1313.54,13.26,57190,256
'2017-02','417',' DMC역 2번출구 옆','정기','M','70대~',2,151.39,1.29,5530,33
'2017-02','414',' 상암동주민센터 옆','정기','M','70대~',4,564.95,4.88,20980,196
'2017-02','415',' DMC역 9번출구 앞','정기','M','70대~',9,493.57,4.23,18260,116
'2017-02','416',' 상암월드컵파크 1단지 교차로','정기','M','70대~',1,56.01,0.48,2080,18
'2017-02','501',' 광진구의회 앞','정기','M','70대~',2,60.11,0.64,2760,22
'2017-02','502',' 뚝섬유원지역 1번출구 앞','정기','M','70대~',4,292.07,3.11,13410,85
'2017-02','503',' 더샵스타시티 C동 앞','일일(회원)','F','~10대',3,324.84,2.93,12620,173
'2017-02','510',' 서울숲 남문 버스정류소 옆','일일(회원)','F','~10대',4,400.34,4.73,20370,222
'2017-02','511',' 서울숲역 4번 출구 옆','일일(회원)','F','~10대',5,400.97,3.94,17010,198
'2017-02','512',' 뚝섬역 1번 출구 옆','일일(회원)','F','~10대',1,1.19,0.01,60,11
'2017-02','309',' 광화문역 6번출구 옆','일일(회원)','F','~10대',1,55.86,0.5,2170,18
'2017-02','314',' 국립현대미술관','일일(회원)','F','~10대',1,47.88,0.43,1860,40
'2017-02','316',' 종각역 1번출구 앞','일일(회원)','F','~10대',1,95.5,0.86,3710,43
'2017-02','320',' 을지로입구역 4번출구 앞','일일(회원)','F','~10대',1,130.24,1.17,5060,51
'2017-02','326',' 안국역 5번출구 앞','일일(회원)','F','~10대',1,127.57,1.27,5460,118
'2017-02','331',' 을지로2가 사거리 북측','일일(회원)','F','~10대',2,206.94,1.86,8040,91
'2017-02','341',' 혜화역 3번출구 뒤','일일(회원)','F','~10대',1,290.35,2.62,11280,141
'2017-02','346',' 맥스타일 앞','일일(회원)','F','~10대',2,259.46,2.34,10080,107
'2017-02','117',' 홍은사거리','일일(회원)','F','~10대',1,26,0.23,1010,7
'2017-02','356',' KT혜화지사 앞','일일(회원)','F','~10대',2,178.64,1.61,6940,108
'2017-02','367',' 독립문역 3-1번출구 ','일일(회원)','F','~10대',1,358.3,3.23,13920,78
'2017-02','348',' 독립문역 사거리','일일(회원)','F','~10대',1,77.99,0.7,3030,27
'2017-02','118',' 광흥창역 2번출구 앞','일일(회원)','F','~10대',1,63.68,0.62,2680,21
'2017-02','383',' 신당역 12번 출구 뒤','일일(회원)','F','~10대',1,49.42,0.45,1920,12
'2017-02','142',' 아현역 4번출구 앞','일일(회원)','F','~10대',2,62.55,0.57,2430,35
'2017-02','146',' 마포역 1번출구 뒤','일일(회원)','F','~10대',9,828.76,7.76,33440,239
'2017-02','147',' 마포역 4번출구 뒤','일일(회원)','F','~10대',2,234.7,2.06,8890,172
'2017-02','148',' 용강동 주민센터 앞','일일(회원)','F','~10대',1,54.65,0.53,2300,13
'2017-02','152',' 마포구민체육센터 앞','일일(회원)','F','~10대',1,187.13,1.69,7270,71
'2017-02','154',' 마포구청역 ','일일(회원)','F','~10대',1,38.35,0.35,1490,19
'2017-02','156',' 서울서부지방법원 앞','일일(회원)','F','~10대',1,71.3,0.64,2770,32
'2017-02','157',' 애오개역 4번출구 앞','일일(회원)','F','~10대',2,260.08,2.46,10590,114
'2017-02','159',' 이대역 4번 출구','일일(회원)','F','~10대',2,106.31,0.96,4130,38
'2017-02','163',' 명지전문대학교 정문 앞','일일(회원)','F','~10대',1,177.35,1.6,6890,55
'2017-02','170',' 가재울 뉴타운 주유소 옆','일일(회원)','F','~10대',1,231.15,2.08,8980,51
'2017-02','121',' 마포소방서 앞','일일(회원)','F','~10대',2,160.62,1.45,6240,96
'2017-02','175',' 홍연2교옆','일일(회원)','F','~10대',1,100.39,1.18,5070,35
'2017-02','521',' 왕십리역 11번 출구 앞','일일(회원)','F','~10대',2,244.28,2.2,9490,86
'2017-02','122',' 신성기사식당 앞','일일(회원)','F','~10대',2,76.71,0.69,2980,32
'2017-02','524',' 래미안금호하이리버 아파트 102동 옆','일일(회원)','F','~10대',1,8.15,0.1,420,5
'2017-02','525',' 한양대병원사거리','일일(회원)','F','~10대',3,96.4,0.94,4030,48
'2017-02','534',' 금호사거리','일일(회원)','F','~10대',1,88.68,1.06,4570,42
'2017-02','537',' 한양대후문역 부근','일일(회원)','F','~10대',2,69.38,0.68,2920,27
'2017-02','542',' 강변역 4번출구 뒤','일일(회원)','F','~10대',1,0.99,0.01,50,3
'2017-02','543',' 구의공원(테크노마트 앞)','일일(회원)','F','~10대',2,176.32,1.59,6850,68
'2017-02','548',' 자양나들목','일일(회원)','F','~10대',2,237.58,2.14,9230,91
'2017-02','600',' 휘경2동 주민센터','일일(회원)','F','~10대',1,66.53,0.78,3360,23
'2017-02','609',' 제기2교','일일(회원)','F','~10대',1,119,1.39,6010,109
'2017-02','615',' 용두동 레미안허브리츠아파트 앞','일일(회원)','F','~10대',1,54.33,0.57,2450,45
'2017-02','228',' 선유도역 3번출구 앞','일일(회원)','F','~10대',1,31.92,0.29,1240,10
'2017-02','126',' 서강대 후문 옆','일일(회원)','F','~10대',1,33.03,0.32,1390,6
'2017-02','234',' 영등포구민체육센터 앞','일일(회원)','F','~10대',1,7.57,0.09,390,11
'2017-02','127',' 현대벤처빌 앞','일일(회원)','F','~10대',2,89.96,0.99,4290,44
'2017-02','247',' 당산역 10번출구 앞','일일(회원)','F','~10대',1,29.44,0.29,1260,8
'2017-02','249',' 여의도중학교 옆','일일(회원)','F','~10대',2,116.86,1.05,4540,75
'2017-02','252',' 보라매역4번출구','일일(회원)','F','~10대',2,204.31,2.47,10670,158
'2017-02','253',' 신풍역 5번출구 인근','일일(회원)','F','~10대',2,89.47,0.95,4060,47
'2017-02','130',' 신촌역(2호선) 7번출구 앞','일일(회원)','F','~10대',4,240.65,2.31,9940,128
'2017-02','800',' 목월공원 앞','일일(회원)','F','~10대',2,164.74,1.48,6400,33
'2017-02','806',' 전자랜드 본관 앞','일일(회원)','F','~10대',4,274.13,2.46,10650,109
'2017-02','807',' 서울역 12번 출구 앞','일일(회원)','F','~10대',1,57.78,0.71,3040,15
'2017-02','808',' 서빙고동 금호맨션 앞','일일(회원)','F','~10대',2,609.45,6.07,26160,221
'2017-02','131',' 증산2교','일일(회원)','F','~10대',1,81.85,0.74,3180,21
'2017-02','815',' LIG강촌아파트 103동앞','일일(회원)','F','~10대',1,146.94,1.51,6510,52
'2017-02','132',' 창천문화공원','일일(회원)','F','~10대',1,163.09,1.84,7920,71
'2017-02','182',' 망원2빗물펌프장 앞','일일(회원)','F','~10대',1,233.47,3.34,14380,104
'2017-02','183',' 하늘채코오롱아파트 건너편','일일(회원)','F','~10대',1,181.96,2.13,9190,173
'2017-02','186',' 월드컵공원','일일(회원)','F','~10대',3,233.3,2.29,9840,113
'2017-02','188',' 홍은동 정원여중 입구','일일(회원)','F','~10대',1,54.05,0.49,2100,23
'2017-02','558',' 성동광진 교육지원청 앞','일일(회원)','F','~10대',2,54.42,0.53,2290,18
'2017-02','559',' 왕십리역 4번 출구 건너편','일일(회원)','F','~10대',1,84.71,0.89,3820,22
'2017-02','561',' 서울숲역 2번출구 앞','일일(회원)','F','~10대',2,154.68,1.72,7420,94
'2017-02','565',' 옥수역 3번출구','일일(회원)','F','~10대',5,837.56,9.44,40700,352
'2017-02','579',' 마장역 4번출구','일일(회원)','F','~10대',1,243.28,2.59,11170,57
'2017-02','583',' 청계천 생태교실 앞','일일(회원)','F','~10대',2,237.95,2.4,10360,78
'2017-02','553',' 중곡 성원APT 앞','일일(회원)','F','~10대',1,315.06,2.84,12240,89
'2017-02','576',' 광나루역 3번 출구','일일(회원)','F','~10대',4,307.58,2.78,11950,98
'2017-02','625',' 답십리초등학교 앞(현대시장 옆)','일일(회원)','F','~10대',1,112.46,1.32,5680,61
'2017-02','634',' 외국어대 정문 앞','일일(회원)','F','~10대',1,81.46,0.87,3740,74
'2017-02','640',' KEB하나은행 청량리역지점','일일(회원)','F','~10대',1,321.91,3.43,14780,144
'2017-02','641',' 용두역 4번출구','일일(회원)','F','~10대',2,188.59,1.91,8210,57
'2017-02','230',' 영등포구청역 1번출구','일일(회원)','F','~10대',2,131.54,1.31,5630,68
'2017-02','267',' 삼성화재 사옥 옆','일일(회원)','F','~10대',1,77.42,0.91,3910,56
'2017-02','272',' 당산육갑문','일일(회원)','F','~10대',3,406.94,4.43,19060,135
'2017-02','816',' 신용산역 6번출구 앞','일일(회원)','F','~10대',1,54.55,0.67,2870,20
'2017-02','825',' 서빙고동 주민센터 앞','일일(회원)','F','~10대',2,159.89,2,8590,44
'2017-02','900',' 은평예술회관','일일(회원)','F','~10대',1,87,0.78,3380,34
'2017-02','905',' 구파발역 2번출구','일일(회원)','F','~10대',1,453.8,4.09,17630,116
'2017-02','906',' 연신내역 5번출구150M 아래','일일(회원)','F','~10대',2,137.56,1.38,5960,62
'2017-02','907',' CJ 드림시티','일일(회원)','F','~10대',5,1058.19,10.5,45260,342
'2017-02','914',' 새절역 2번출구','일일(회원)','F','~10대',4,1131.57,9.06,39080,264
'2017-02','924',' 메뚜기다리','일일(회원)','F','~10대',1,38.71,0.42,1810,11
'2017-02','926',' 불광역 8번출구','일일(회원)','F','~10대',2,493.95,4.45,19190,123
'2017-02','933',' LG서비스 역촌점','일일(회원)','F','~10대',1,353.93,3.19,13750,66
'2017-02','588',' 뚝섬 유원지역','일일(회원)','F','~10대',1,56.83,0.64,2760,35
'2017-02','204',' 국회의사당역 5번출구 옆','일일(회원)','F','~10대',3,267.35,2.71,11700,130
'2017-02','203',' 국회의사당역 3번출구 옆','일일(회원)','F','~10대',2,152.64,1.37,5930,56
'2017-02','206',' KBS 앞','일일(회원)','F','~10대',3,446.21,5.51,23730,216
'2017-02','211',' 여의도역 4번출구 옆','일일(회원)','F','~10대',2,101.93,0.92,3960,107
'2017-02','212',' 여의도역 1번출구 옆','일일(회원)','F','~10대',1,117.75,1.17,5040,41
'2017-02','215',' 여의도고교 앞','일일(회원)','F','~10대',3,264.87,2.53,10920,163
'2017-02','221',' 여의도초교 앞','일일(회원)','F','~10대',2,269.5,2.43,10470,109
'2017-02','222',' 시범아파트버스정류장 옆','일일(회원)','F','~10대',1,85.75,0.85,3670,39
'2017-02','224',' 롯데캐슬 앞','일일(회원)','F','~10대',3,203.49,1.94,8360,87
'2017-02','207',' 여의나루역 1번출구 앞','일일(회원)','F','~10대',20,1892.33,18.45,79550,869
'2017-02','401',' 상암월드컵파크 10단지 앞','일일(회원)','F','~10대',1,48.23,0.49,2100,17
'2017-02','409',' 누리꿈스퀘어 옆','일일(회원)','F','~10대',1,40.42,0.41,1760,21
'2017-02','419',' 홈플러스 앞','일일(회원)','F','~10대',4,702.84,6.34,27360,237
'2017-02','412',' DMC산학협력연구센터 앞','일일(회원)','F','~10대',1,86.25,0.84,3630,31
'2017-02','414',' 상암동주민센터 옆','일일(회원)','F','~10대',1,17.92,0.18,780,5
'2017-02','500',' 어린이대공원역 3번출구 앞','일일(회원)','F','~10대',2,241.18,2.18,9370,97
'2017-02','501',' 광진구의회 앞','일일(회원)','F','~10대',3,204.7,2.22,9600,98
'2017-02','502',' 뚝섬유원지역 1번출구 앞','일일(회원)','F','~10대',6,494.48,4.85,20890,236
'2017-02','108',' 서교동 사거리','일일(회원)','F','20대',5,481.17,4.63,19930,169
'2017-02','503',' 더샵스타시티 C동 앞','일일(회원)','F','20대',11,369.63,3.61,15540,132
'2017-02','504',' 신자초교입구교차로','일일(회원)','F','20대',3,66.08,0.69,2980,17
'2017-02','505',' 자양사거리 광진아크로텔 앞','일일(회원)','F','20대',15,1289.01,13.23,57020,681
'2017-02','506',' 금호 어울림 아파트 앞','일일(회원)','F','20대',3,398.86,4.33,18680,134
'2017-02','508',' 성수아카데미타워 앞','일일(회원)','F','20대',1,25.23,0.27,1180,8
'2017-02','509',' 이마트 버스정류소 옆','일일(회원)','F','20대',14,732.19,6.97,30060,316
'2017-02','510',' 서울숲 남문 버스정류소 옆','일일(회원)','F','20대',11,930.43,9.28,40010,512
'2017-02','511',' 서울숲역 4번 출구 옆','일일(회원)','F','20대',26,2416.08,23.77,102550,1340
'2017-02','512',' 뚝섬역 1번 출구 옆','일일(회원)','F','20대',7,673.52,6.95,29970,253
'2017-02','109',' 제일빌딩 앞','일일(회원)','F','20대',10,938.72,10.02,43210,595
'2017-02','400',' 상암한화오벨리스크 1차 앞','일일(회원)','F','20대',2,242.47,2.19,9420,206
'2017-02','513',' 뚝섬역 5번 출구 정류소 옆','일일(회원)','F','20대',14,1305.58,13.42,57830,567
'2017-02','514',' 성수사거리 버스정류장 앞','일일(회원)','F','20대',5,426.39,4.53,19560,229
'2017-02','515',' 광양중학교 앞','일일(회원)','F','20대',11,2148.46,21.31,91890,635
'2017-02','516',' 광진메디칼 앞','일일(회원)','F','20대',7,642.34,6.83,29410,255
'2017-02','300',' 정동사거리','일일(회원)','F','20대',5,361.71,3.44,14800,142
'2017-02','301',' 경복궁역 7번출구 앞','일일(회원)','F','20대',3,120.53,1.12,4830,31
'2017-02','302',' 경복궁역 4번출구 뒤','일일(회원)','F','20대',3,134.48,1.36,5870,63
'2017-02','303',' 광화문역 1번출구 앞','일일(회원)','F','20대',2,98.92,1.09,4710,87
'2017-02','115',' 사루비아 빌딩 앞','일일(회원)','F','20대',5,273.12,2.86,12290,145
'2017-02','304',' 광화문역 2번출구 앞','일일(회원)','F','20대',1,99.53,1.06,4570,33
'2017-02','305',' 종로구청 옆','일일(회원)','F','20대',4,177.41,1.63,7060,71
'2017-02','306',' 광화문역 7번출구 앞','일일(회원)','F','20대',4,153.87,1.69,7300,105
'2017-02','307',' 서울역사박물관 앞','일일(회원)','F','20대',5,404.86,4.1,17690,148
'2017-02','308',' 광화문 S타워 앞','일일(회원)','F','20대',1,21.58,0.25,1090,17
'2017-02','309',' 광화문역 6번출구 옆','일일(회원)','F','20대',1,12.1,0.11,470,3
'2017-02','310',' 청계광장 옆','일일(회원)','F','20대',6,326.87,3.22,13890,168
'2017-02','311',' 서울광장 옆','일일(회원)','F','20대',5,554.42,5.55,23920,176
'2017-02','312',' 시청역 1번출구 뒤','일일(회원)','F','20대',5,306.85,2.99,12940,117
'2017-02','313',' 서울역 광장 파출소 옆','일일(회원)','F','20대',5,471.85,4.7,20340,159
'2017-02','314',' 국립현대미술관','일일(회원)','F','20대',13,493.95,5.18,22250,174
'2017-02','315',' 신한은행 안국역지점 옆','일일(회원)','F','20대',9,531.83,5.87,25240,233
'2017-02','316',' 종각역 1번출구 앞','일일(회원)','F','20대',15,1039.05,10.15,43710,534
'2017-02','318',' 광교사거리 남측','일일(회원)','F','20대',8,503.87,5.17,22230,241
'2017-02','320',' 을지로입구역 4번출구 앞','일일(회원)','F','20대',4,169.24,1.74,7560,124
'2017-02','321',' KEB 하나은행 본점 앞','일일(회원)','F','20대',4,235.88,2.15,9320,86
'2017-02','322',' 명동성당 앞','일일(회원)','F','20대',3,222.19,2.09,9000,86
'2017-02','116',' 일진아이윌아파트 옆','일일(회원)','F','20대',6,503.05,5.72,24610,131
'2017-02','324',' 신세계백화점 본점 앞','일일(회원)','F','20대',3,250.96,2.93,12630,73
'2017-02','326',' 안국역 5번출구 앞','일일(회원)','F','20대',5,388.78,3.7,15980,242
'2017-02','327',' 낙원상가 옆','일일(회원)','F','20대',4,232.04,2.29,9830,80
'2017-02','328',' 탑골공원 앞','일일(회원)','F','20대',11,695.79,6.93,29870,256
'2017-02','329',' 청계2가 사거리 옆','일일(회원)','F','20대',7,847.64,7.68,33070,179
'2017-02','331',' 을지로2가 사거리 북측','일일(회원)','F','20대',3,236.78,2.15,9270,71
'2017-02','332',' 을지로2가 사거리 남측','일일(회원)','F','20대',9,931.53,9.48,40880,335
'2017-02','111',' 상수역 2번출구 앞','일일(회원)','F','20대',13,1620.42,15.47,66600,574
'2017-02','334',' 종로3가역 2번출구 뒤','일일(회원)','F','20대',6,207.37,2.23,9650,86
'2017-02','335',' 종로3가역 15번출구 앞','일일(회원)','F','20대',8,536.17,5.18,22360,236
'2017-02','336',' 티마크 호텔 앞','일일(회원)','F','20대',5,247.82,2.69,11590,138
'2017-02','337',' 창경궁 입구','일일(회원)','F','20대',5,376.27,4.05,17430,181
'2017-02','338',' 세운스퀘어 앞','일일(회원)','F','20대',13,743.06,8.53,36860,361
'2017-02','339',' 종로4가 사거리','일일(회원)','F','20대',4,262.9,2.8,12020,105
'2017-02','340',' 혜화동 로터리','일일(회원)','F','20대',6,323.57,3.76,16180,180
'2017-02','341',' 혜화역 3번출구 뒤','일일(회원)','F','20대',11,1196.47,12.67,54630,512
'2017-02','342',' 대학로 마로니에공원','일일(회원)','F','20대',11,899.43,9.28,39970,384
'2017-02','343',' 예일빌딩(율곡로) 앞','일일(회원)','F','20대',3,254.31,2.75,11830,96
'2017-02','112',' 극동방송국 앞','일일(회원)','F','20대',10,800.99,8.59,36930,553
'2017-02','344',' 성균관대 E하우스 앞','일일(회원)','F','20대',7,505.1,4.5,19390,191
'2017-02','345',' 서울보증보험본사 앞','일일(회원)','F','20대',4,283.34,3.05,13140,218
'2017-02','346',' 맥스타일 앞','일일(회원)','F','20대',12,587.72,6.19,26700,257
'2017-02','347',' 동대문역사문화공원역 9번출구 앞','일일(회원)','F','20대',6,378.75,3.81,16410,166
'2017-02','349',' 사직동주민센터','일일(회원)','F','20대',2,179.15,1.81,7800,66
'2017-02','350','KEB 하나은행(내자동 지점) 앞','일일(회원)','F','20대',3,165.22,1.83,7920,72
'2017-02','351',' 청운초교 앞 삼거리','일일(회원)','F','20대',5,305.51,3.48,15040,105
'2017-02','352',' 중앙고입구 삼거리','일일(회원)','F','20대',2,94.64,1.11,4780,22
'2017-02','353',' 재동초교 앞 삼거리','일일(회원)','F','20대',3,84.09,0.94,4040,69
'2017-02','117',' 홍은사거리','일일(회원)','F','20대',2,173.25,2.03,8750,60
'2017-02','354',' 포르투갈 대사관 앞','일일(회원)','F','20대',2,160.35,1.31,5670,108
'2017-02','355',' 서울사대부속초교 앞','일일(회원)','F','20대',1,0,0,0,51
'2017-02','356',' KT혜화지사 앞','일일(회원)','F','20대',8,552.35,5.81,24990,219
'2017-02','358',' 성대입구 사거리','일일(회원)','F','20대',14,994.66,10.15,43740,449
'2017-02','359',' 원남동사거리','일일(회원)','F','20대',3,61.79,0.64,2770,71
'2017-02','361',' 동묘앞역 1번출구 뒤','일일(회원)','F','20대',4,388.24,4.06,17510,165
'2017-02','362',' 청계8가 사거리','일일(회원)','F','20대',1,29.63,0.3,1290,10
'2017-02','363',' 신설동역 11번출구 뒤','일일(회원)','F','20대',1,57.82,0.68,2920,55
'2017-02','113',' 홍대입구역 2번출구 앞','일일(회원)','F','20대',27,1881.25,18.67,80480,696
'2017-02','367',' 독립문역 3-1번출구 ','일일(회원)','F','20대',4,326.58,3.16,13640,113
'2017-02','368',' SK 서린빌딩 앞','일일(회원)','F','20대',2,186.26,1.8,7740,64
'2017-02','369',' 광화문 시민열린마당','일일(회원)','F','20대',1,212.31,1.8,7770,74
'2017-02','348',' 독립문역 사거리','일일(회원)','F','20대',1,89.32,0.81,3470,25
'2017-02','370',' 시청역(2호선) 9번출구 뒤','일일(회원)','F','20대',2,246.53,2.57,11050,68
'2017-02','371',' 동대입구역 6번출구 뒤','일일(회원)','F','20대',10,801.77,7.84,33760,427
'2017-02','372',' 약수역 3번출구 뒤','일일(회원)','F','20대',5,204.93,2.16,9300,100
'2017-02','373',' 청구 어린이공원','일일(회원)','F','20대',1,56.07,0.41,1770,6
'2017-02','374',' 청구역 2번출구 앞','일일(회원)','F','20대',4,248.82,2.66,11460,83
'2017-02','118',' 광흥창역 2번출구 앞','일일(회원)','F','20대',3,86.58,0.93,4040,44
'2017-02','375',' 다산 어린이공원','일일(회원)','F','20대',3,126.13,1.3,5560,57
'2017-02','377',' 서울역 4번출구 앞','일일(회원)','F','20대',4,174.26,1.57,6770,137
'2017-02','378',' 청계7가 사거리','일일(회원)','F','20대',5,153.39,1.77,7620,47
'2017-02','379',' 서울역9번출구','일일(회원)','F','20대',2,179.91,1.67,7200,81
'2017-02','380',' CJ제일제당 앞','일일(회원)','F','20대',3,145.79,1.45,6210,58
'2017-02','381',' 장충체육관','일일(회원)','F','20대',1,56.19,0.6,2580,22
'2017-02','382',' 약수역 10번출구 앞','일일(회원)','F','20대',5,227.6,2.34,10040,200
'2017-02','383',' 신당역 12번 출구 뒤','일일(회원)','F','20대',6,536.17,5.48,23630,207
'2017-02','114',' 홍대입구역 8번출구 앞','일일(회원)','F','20대',14,1403.86,14.73,63490,511
'2017-02','142',' 아현역 4번출구 앞','일일(회원)','F','20대',3,672,6.24,26900,159
'2017-02','143',' 공덕역 2번출구','일일(회원)','F','20대',3,145.58,1.36,5870,44
'2017-02','144',' 공덕역 8번출구','일일(회원)','F','20대',18,1989.4,16.93,73030,688
'2017-02','145',' 공덕역 5번출구','일일(회원)','F','20대',2,61.33,0.72,3120,29
'2017-02','146',' 마포역 1번출구 뒤','일일(회원)','F','20대',12,1800.39,17.26,74350,538
'2017-02','147',' 마포역 4번출구 뒤','일일(회원)','F','20대',9,1183.03,11.35,48920,362
'2017-02','148',' 용강동 주민센터 앞','일일(회원)','F','20대',3,261.19,2.33,10050,66
'2017-02','150',' 서강대역 2번출구 앞','일일(회원)','F','20대',3,200.88,2.11,9090,77
'2017-02','151',' 망원1동주민센터','일일(회원)','F','20대',5,194.29,2.02,8700,72
'2017-02','152',' 마포구민체육센터 앞','일일(회원)','F','20대',18,2337.7,23.25,100300,843
'2017-02','119',' 서강나루 공원','일일(회원)','F','20대',4,795.21,7.33,31590,222
'2017-02','153',' 성산2교 사거리','일일(회원)','F','20대',12,1010.07,8.87,38170,303
'2017-02','154',' 마포구청역 ','일일(회원)','F','20대',11,1036.56,10.53,45440,440
'2017-02','155',' 가좌역1 번출구 뒤','일일(회원)','F','20대',1,91.63,0.83,3560,25
'2017-02','156',' 서울서부지방법원 앞','일일(회원)','F','20대',1,57.14,0.52,2220,14
'2017-02','157',' 애오개역 4번출구 앞','일일(회원)','F','20대',3,265.86,3.12,13470,124
'2017-02','158',' 독립문 어린이 공원','일일(회원)','F','20대',3,359.85,3.24,13980,112
'2017-02','159',' 이대역 4번 출구','일일(회원)','F','20대',7,433.05,3.81,16470,144
'2017-02','160',' 북아현동 가구거리','일일(회원)','F','20대',9,1200.78,11.89,51230,358
'2017-02','161',' 무악재역1번 출구','일일(회원)','F','20대',1,71.04,0.64,2760,57
'2017-02','162',' 봉원고가차도 밑','일일(회원)','F','20대',5,184.89,2.08,8990,63
'2017-02','163',' 명지전문대학교 정문 앞','일일(회원)','F','20대',4,329.92,3.59,15480,121
'2017-02','164',' 북가좌1동 주민센터 ','일일(회원)','F','20대',4,905.31,8.68,37410,176
'2017-02','165',' 중앙근린공원','일일(회원)','F','20대',1,158.76,1.98,8530,59
'2017-02','166',' 가재울 초등학교','일일(회원)','F','20대',4,611.74,6.6,28470,150
'2017-02','167',' 연가초등학교 옆','일일(회원)','F','20대',2,223.59,2.44,10500,72
'2017-02','168',' 남가좌동 사거리','일일(회원)','F','20대',2,133.64,1.51,6490,101
'2017-02','169',' 북가좌 삼거리','일일(회원)','F','20대',4,421.65,4.12,17720,156
'2017-02','170',' 가재울 뉴타운 주유소 옆','일일(회원)','F','20대',6,1116.16,10.88,46860,239
'2017-02','172',' 서대문소방서','일일(회원)','F','20대',1,82.98,0.88,3810,23
'2017-02','121',' 마포소방서 앞','일일(회원)','F','20대',3,205.45,1.9,8180,64
'2017-02','173',' 서대문역 8번출구 앞','일일(회원)','F','20대',3,350.26,4.1,17690,117
'2017-02','175',' 홍연2교옆','일일(회원)','F','20대',16,2149.02,20.5,88380,948
'2017-02','179',' 가좌역 4번출구 앞','일일(회원)','F','20대',6,647.18,7.22,31170,186
'2017-02','180',' 충정로역 7번출구 뒤','일일(회원)','F','20대',2,293.24,3.12,13440,90
'2017-02','518',' 청계천 박물관 앞','일일(회원)','F','20대',2,81.89,0.8,3470,27
'2017-02','519',' 양지사거리','일일(회원)','F','20대',3,497.85,4.82,20750,142
'2017-02','520',' 상왕십리역 4번 출구 앞','일일(회원)','F','20대',3,291.22,2.58,11090,134
'2017-02','521',' 왕십리역 11번 출구 앞','일일(회원)','F','20대',7,903.38,8.51,36690,246
'2017-02','523',' 옥수동성당 옆','일일(회원)','F','20대',1,122.78,1.36,5850,30
'2017-02','122',' 신성기사식당 앞','일일(회원)','F','20대',3,268.08,2.68,11540,105
'2017-02','524',' 래미안금호하이리버 아파트 102동 옆','일일(회원)','F','20대',1,33.26,0.39,1680,12
'2017-02','525',' 한양대병원사거리','일일(회원)','F','20대',16,1833.14,18.65,80420,598
'2017-02','526',' 용답토속공원 앞','일일(회원)','F','20대',1,82.68,0.81,3480,26
'2017-02','529',' 장한평역 8번 출구 앞','일일(회원)','F','20대',1,72.94,0.71,3070,23
'2017-02','530',' 청계벽산아파트 앞','일일(회원)','F','20대',2,249.62,2.75,11850,91
'2017-02','533',' 우리은행 금호동 지점 앞','일일(회원)','F','20대',2,128.95,1.4,6030,45
'2017-02','534',' 금호사거리','일일(회원)','F','20대',1,123.55,1.11,4800,44
'2017-02','535',' 응봉삼거리','일일(회원)','F','20대',6,599.68,4.99,21480,179
'2017-02','536',' 행당역 2번출구 앞','일일(회원)','F','20대',1,26.51,0.24,1030,9
'2017-02','537',' 한양대후문역 부근','일일(회원)','F','20대',7,995.61,10.44,44950,324
'2017-02','123',' 문화촌 공원','일일(회원)','F','20대',3,383.9,3.64,15690,87
'2017-02','538',' 답십리역 8번출구 앞','일일(회원)','F','20대',1,138.22,1.25,5370,45
'2017-02','539',' 군자교교차로','일일(회원)','F','20대',3,383.51,4.12,17750,100
'2017-02','540',' 군자역 7번출구 베스트샵 앞','일일(회원)','F','20대',15,1301.94,13.67,58930,400
'2017-02','542',' 강변역 4번출구 뒤','일일(회원)','F','20대',10,1610.84,14.89,64170,478
'2017-02','543',' 구의공원(테크노마트 앞)','일일(회원)','F','20대',4,327.98,3.04,13090,133
'2017-02','544',' 광남중학교','일일(회원)','F','20대',2,193.77,2.18,9410,48
'2017-02','546',' 잠실대교북단 교차로','일일(회원)','F','20대',6,313.44,3.52,15170,184
'2017-02','548',' 자양나들목','일일(회원)','F','20대',8,994.6,10.13,43670,329
'2017-02','549',' 아차산역 3번출구','일일(회원)','F','20대',6,526.5,5.02,21600,214
'2017-02','600',' 휘경2동 주민센터','일일(회원)','F','20대',2,371.38,3.65,15740,147
'2017-02','601',' 용신동주민센터','일일(회원)','F','20대',1,39.6,0.46,2000,18
'2017-02','602',' 장안동 사거리','일일(회원)','F','20대',8,700.99,7.22,31130,273
'2017-02','605',' 신설동역8번출구','일일(회원)','F','20대',1,214.72,3,12910,135
'2017-02','607',' 신이문역 2번출구','일일(회원)','F','20대',9,1217.01,11.02,47560,364
'2017-02','608',' 전농삼성아파트','일일(회원)','F','20대',4,257.38,2.23,9650,74
'2017-02','609',' 제기2교','일일(회원)','F','20대',8,1172.43,11.33,48850,355
'2017-02','125',' 서강대 남문 옆','일일(회원)','F','20대',4,620.8,6.03,25960,230
'2017-02','613',' 신설동역 10번출구 앞','일일(회원)','F','20대',5,239.58,2.69,11570,127
'2017-02','614',' 용두동 사거리','일일(회원)','F','20대',11,1099.69,10.61,45670,364
'2017-02','615',' 용두동 레미안허브리츠아파트 앞','일일(회원)','F','20대',3,292.49,2.72,11700,163
'2017-02','616',' 서울시립대 앞','일일(회원)','F','20대',2,108.64,1.35,5820,55
'2017-02','617',' 청솔우성아파트 앞','일일(회원)','F','20대',1,78.51,0.71,3050,18
'2017-02','227',' 양평2나들목 보행통로 입구','일일(회원)','F','20대',6,827.75,8.42,36330,250
'2017-02','228',' 선유도역 3번출구 앞','일일(회원)','F','20대',7,763.2,7.27,31360,298
'2017-02','229',' 양평1 보행육교 앞','일일(회원)','F','20대',1,0,0,0,43
'2017-02','126',' 서강대 후문 옆','일일(회원)','F','20대',15,818.25,8.23,35510,382
'2017-02','232',' 양평우림 이비즈센타 앞','일일(회원)','F','20대',25,1517.93,17,73270,574
'2017-02','234',' 영등포구민체육센터 앞','일일(회원)','F','20대',2,50.52,0.5,2140,31
'2017-02','235',' 신길동 우리은행 옆','일일(회원)','F','20대',2,171.15,1.1,4760,31
'2017-02','236',' 문래동자이아파트 앞','일일(회원)','F','20대',2,119.21,1.05,4530,41
'2017-02','237',' 보라매 두산위브 건너편','일일(회원)','F','20대',5,260.09,2.49,10720,184
'2017-02','238',' 제2구민체육센타 앞','일일(회원)','F','20대',3,266.52,2.54,10940,67
'2017-02','239',' 유스호스텔 앞','일일(회원)','F','20대',1,51.48,0.46,2000,15
'2017-02','240',' 문래역 4번출구 앞','일일(회원)','F','20대',6,495.31,4.83,20830,157
'2017-02','127',' 현대벤처빌 앞','일일(회원)','F','20대',6,862.09,8.16,35180,273
'2017-02','241',' 신길우성1차아파트 앞 공원','일일(회원)','F','20대',1,140.56,1.61,6960,74
'2017-02','242',' 신길선원가와인아파트 앞','일일(회원)','F','20대',4,318.47,2.63,11330,99
'2017-02','243',' 이앤씨드림타워 앞','일일(회원)','F','20대',4,126.9,1.39,6000,43
'2017-02','244',' 영등포삼환아파트 앞','일일(회원)','F','20대',7,806.15,7.65,32900,309
'2017-02','245',' 삼성생명 당산사옥 앞','일일(회원)','F','20대',3,647.87,5.83,25170,133
'2017-02','247',' 당산역 10번출구 앞','일일(회원)','F','20대',15,1920.17,18.75,80820,678
'2017-02','248',' 초원아파트 앞','일일(회원)','F','20대',9,1383.25,15.32,66110,453
'2017-02','249',' 여의도중학교 옆','일일(회원)','F','20대',10,975.85,9.49,40890,343
'2017-02','250',' 대림아파트 사거리','일일(회원)','F','20대',1,45.05,0.41,1750,32
'2017-02','251',' 서울지방병무청 버스정류장','일일(회원)','F','20대',1,24.84,0.3,1280,9
'2017-02','101',' (구)합정동 주민센터','일일(회원)','F','20대',4,646.01,6.75,29090,188
'2017-02','128',' 신촌역(2호선) 1번출구 옆','일일(회원)','F','20대',13,1121.83,10.27,44200,353
'2017-02','252',' 보라매역4번출구','일일(회원)','F','20대',9,1252.36,12.88,55450,522
'2017-02','253',' 신풍역 5번출구 인근','일일(회원)','F','20대',1,19.91,0.25,1070,14
'2017-02','254',' 도림신협 앞','일일(회원)','F','20대',1,234.75,2.29,9880,67
'2017-02','256',' 동아에코빌입구','일일(회원)','F','20대',6,1007.77,10.13,43720,293
'2017-02','257',' 신길삼거리(우리은행)','일일(회원)','F','20대',6,331.38,3.43,14800,96
'2017-02','258',' 신길역3번출구','일일(회원)','F','20대',3,210.36,2.36,10180,129
'2017-02','259',' 대방역6번출구','일일(회원)','F','20대',11,1696,17.39,74950,731
'2017-02','700',' KB국민은행 염창역 지점 앞','일일(회원)','F','20대',5,695.16,7.98,34410,227
'2017-02','701',' 목동사거리 부근','일일(회원)','F','20대',1,104.76,0.94,4070,38
'2017-02','129',' 신촌역(2호선) 6번출구 옆','일일(회원)','F','20대',2,416.39,3.99,17190,111
'2017-02','702',' 목4동주민센터 옆','일일(회원)','F','20대',2,572.56,4.86,20960,199
'2017-02','703',' 오목교역 7번출구 앞','일일(회원)','F','20대',10,1210.23,11.63,50090,393
'2017-02','706',' 신정네거리역','일일(회원)','F','20대',3,221.23,2.02,8690,56
'2017-02','707',' 신정3동주민센터','일일(회원)','F','20대',10,1067.91,10.81,46570,414
'2017-02','708',' 서울출입국관리사무소 앞','일일(회원)','F','20대',3,496.2,5.66,24400,194
'2017-02','712',' 강월초교입구 사거리','일일(회원)','F','20대',1,158.46,1.72,7410,54
'2017-02','130',' 신촌역(2호선) 7번출구 앞','일일(회원)','F','20대',6,470.55,4.23,18180,188
'2017-02','714',' 한국SGI 양천문화회관 앞','일일(회원)','F','20대',2,224.75,2.15,9240,67
'2017-02','800',' 목월공원 앞','일일(회원)','F','20대',2,154.22,1.3,5610,115
'2017-02','802',' 한강진역 2번 출구 앞','일일(회원)','F','20대',3,595.97,5.51,23770,127
'2017-02','803',' 한남초교 앞 보도육교','일일(회원)','F','20대',1,168.36,1.79,7730,52
'2017-02','805',' 문배어린이공원 앞','일일(회원)','F','20대',3,468.63,3.98,17140,152
'2017-02','806',' 전자랜드 본관 앞','일일(회원)','F','20대',1,123.87,1.58,6800,61
'2017-02','807',' 서울역 12번 출구 앞','일일(회원)','F','20대',3,127.21,1.22,5250,58
'2017-02','808',' 서빙고동 금호맨션 앞','일일(회원)','F','20대',4,523.06,6.16,26570,244
'2017-02','131',' 증산2교','일일(회원)','F','20대',11,2059.47,19.91,85760,566
'2017-02','809',' 한남 유수지 복개주차장','일일(회원)','F','20대',12,2368.05,22.15,95410,572
'2017-02','810',' 이태원지하보도','일일(회원)','F','20대',4,422.33,4.82,20790,318
'2017-02','811',' 녹사평역1번출구','일일(회원)','F','20대',22,2546.15,25.5,109930,917
'2017-02','812',' 용산전쟁기념관','일일(회원)','F','20대',7,519.79,4.88,21050,277
'2017-02','813',' 삼각지역 3번출구','일일(회원)','F','20대',3,563.43,6.08,26230,150
'2017-02','815',' LIG강촌아파트 103동앞','일일(회원)','F','20대',6,906,8.97,38650,319
'2017-02','385',' 종각역 5번출구','일일(회원)','F','20대',7,283.27,2.81,12090,116
'2017-02','132',' 창천문화공원','일일(회원)','F','20대',8,989.86,10.24,44120,389
'2017-02','182',' 망원2빗물펌프장 앞','일일(회원)','F','20대',8,1370.77,14.67,63270,423
'2017-02','183',' 하늘채코오롱아파트 건너편','일일(회원)','F','20대',7,634.66,6.73,29010,250
'2017-02','184',' SK망원동주유소 건너편','일일(회원)','F','20대',8,743.61,7.76,33500,392
'2017-02','185',' 마포 신수공원 앞','일일(회원)','F','20대',2,311.2,2.81,12090,65
'2017-02','186',' 월드컵공원','일일(회원)','F','20대',19,1599.23,16.83,72570,616
'2017-02','177',' 북가좌 초등학교','일일(회원)','F','20대',2,165.62,1.81,7800,57
'2017-02','188',' 홍은동 정원여중 입구','일일(회원)','F','20대',3,444.36,4.61,19860,122
'2017-02','191',' 정명학원','일일(회원)','F','20대',3,432.02,4.19,18070,174
'2017-02','192',' 연서어린이공원','일일(회원)','F','20대',7,735.17,8.62,37130,339
'2017-02','178',' 증산3교 앞','일일(회원)','F','20대',6,671.22,7.04,30410,223
'2017-02','133',' 해담는다리','일일(회원)','F','20대',13,1923.88,18.7,80570,547
'2017-02','194',' 증산교 앞','일일(회원)','F','20대',8,611.64,6.14,26390,237
'2017-02','195',' 모래내고가차도 ','일일(회원)','F','20대',2,73.18,0.7,3030,18
'2017-02','196',' 연희교차로 인근','일일(회원)','F','20대',5,392.34,4.32,18640,157
'2017-02','198',' 충정2교','일일(회원)','F','20대',1,196.38,1.98,8550,50
'2017-02','556',' 달맞이공원','일일(회원)','F','20대',4,800.36,7.61,32800,174
'2017-02','557',' 도선동 주민센터 앞','일일(회원)','F','20대',3,196.34,1.92,8250,54
'2017-02','558',' 성동광진 교육지원청 앞','일일(회원)','F','20대',3,98.69,0.93,4030,45
'2017-02','134',' 연세로 명물길','일일(회원)','F','20대',2,160.38,1.69,7320,47
'2017-02','559',' 왕십리역 4번 출구 건너편','일일(회원)','F','20대',10,1348.96,14.59,62870,535
'2017-02','560',' 비전교회 앞','일일(회원)','F','20대',2,262.73,3.03,13070,88
'2017-02','561',' 서울숲역 2번출구 앞','일일(회원)','F','20대',9,761.93,8.09,34900,482
'2017-02','562',' 군자지하보도 앞','일일(회원)','F','20대',1,144.18,1.54,6620,50
'2017-02','563',' 성동세무서 건너편','일일(회원)','F','20대',1,138.48,1.25,5380,44
'2017-02','565',' 옥수역 3번출구','일일(회원)','F','20대',29,4667.69,50.76,218910,1428
'2017-02','567',' 성수역 2번출구 앞','일일(회원)','F','20대',10,821.89,8.28,35680,365
'2017-02','568',' 청계8가사거리 부근','일일(회원)','F','20대',7,240.09,2.71,11680,128
'2017-02','135',' 명물길 원형무대 앞','일일(회원)','F','20대',1,227.15,2.22,9560,82
'2017-02','569',' 응봉현대아파트 정류소','일일(회원)','F','20대',2,314.88,2.07,8910,49
'2017-02','578',' 성동세무서 부근','일일(회원)','F','20대',3,133.59,1.2,5190,56
'2017-02','579',' 마장역 4번출구','일일(회원)','F','20대',4,280.37,2.56,11050,200
'2017-02','580',' 신금호역 3번출구 뒤','일일(회원)','F','20대',5,236.62,2.55,10990,85
'2017-02','583',' 청계천 생태교실 앞','일일(회원)','F','20대',8,1413.01,15.04,64830,416
'2017-02','551',' 구의삼성쉐르빌 앞','일일(회원)','F','20대',4,255.6,2.63,11320,166
'2017-02','553',' 중곡 성원APT 앞','일일(회원)','F','20대',1,243.94,2.86,12320,55
'2017-02','136',' 대흥동 주민센터','일일(회원)','F','20대',3,143.21,1.64,7100,60
'2017-02','554',' 아차산역 사거리','일일(회원)','F','20대',1,73.72,0.51,2190,18
'2017-02','571',' 어린이대공원역6번출구','일일(회원)','F','20대',14,1005.75,10.59,45680,412
'2017-02','572',' 국립정신 건강센터 앞','일일(회원)','F','20대',4,353.88,3.42,14740,165
'2017-02','573',' 구의문주차장 앞','일일(회원)','F','20대',9,735.38,7.06,30410,238
'2017-02','574',' 아차산역4번출구','일일(회원)','F','20대',9,834.65,7.88,34000,241
'2017-02','576',' 광나루역 3번 출구','일일(회원)','F','20대',1,201.57,2.07,8930,59
'2017-02','577',' 광진청소년수련관','일일(회원)','F','20대',5,1301.27,14.35,61880,511
'2017-02','137',' NH농협 신촌지점 앞','일일(회원)','F','20대',3,331.22,3.45,14840,146
'2017-02','622',' 전농사거리 교통섬','일일(회원)','F','20대',5,409.48,4.19,18090,107
'2017-02','623',' 서울시립대 정문 앞','일일(회원)','F','20대',6,423.98,4.43,19140,134
'2017-02','624',' 전농동 동아아파트 앞','일일(회원)','F','20대',7,374.54,3.76,16200,140
'2017-02','625',' 답십리초등학교 앞(현대시장 옆)','일일(회원)','F','20대',5,510.11,5.42,23340,201
'2017-02','626',' 군자교 서측 녹지대','일일(회원)','F','20대',1,43.76,0.39,1700,31
'2017-02','627',' 장안동삼거리 교통섬','일일(회원)','F','20대',4,257.31,2.5,10800,121
'2017-02','628',' 휘봉고등학교 앞','일일(회원)','F','20대',2,106.62,0.98,4260,43
'2017-02','630',' 동대문구 보건소','일일(회원)','F','20대',1,49.68,0.45,1930,13
'2017-02','631',' 답십리역 1번출구','일일(회원)','F','20대',1,65.64,0.59,2550,15
'2017-02','102',' 망원역 1번출구 앞','일일(회원)','F','20대',9,560.15,5.29,22840,189
'2017-02','138',' 신촌동 제1공영주차장 앞','일일(회원)','F','20대',5,243.84,2.28,9830,89
'2017-02','633',' 청량리 기업은행 앞','일일(회원)','F','20대',10,731.52,7.23,31120,278
'2017-02','634',' 외국어대 정문 앞','일일(회원)','F','20대',12,1283.27,12.5,53850,423
'2017-02','635',' 시조사 앞 (청량고정문 옆)','일일(회원)','F','20대',1,74.13,0.9,3900,56
'2017-02','637',' KAIST 경영대학 앞','일일(회원)','F','20대',4,281.86,2.61,11230,95
'2017-02','638',' 서울시립대 정보기술관','일일(회원)','F','20대',2,134.73,1.44,6210,48
'2017-02','639',' 서울시립대 후문','일일(회원)','F','20대',9,395.95,4.3,18540,321
'2017-02','640',' KEB하나은행 청량리역지점','일일(회원)','F','20대',2,121.6,1.19,5110,81
'2017-02','641',' 용두역 4번출구','일일(회원)','F','20대',7,686.08,6.71,28890,230
'2017-02','642',' 신답역 사거리','일일(회원)','F','20대',6,444.83,4.06,17520,100
'2017-02','140',' 이화여대 후문','일일(회원)','F','20대',4,153.43,1.63,7070,54
'2017-02','643',' 동대문구민체육센터 (육교아래)','일일(회원)','F','20대',3,1374.59,12.98,55970,412
'2017-02','230',' 영등포구청역 1번출구','일일(회원)','F','20대',8,642.15,6.88,29570,218
'2017-02','260',' 여의도 마리나선착장 앞','일일(회원)','F','20대',1,83.14,0.75,3230,26
'2017-02','262',' 영문초등학교 사거리','일일(회원)','F','20대',1,15.21,0.11,480,5
'2017-02','263',' 근로자회관 사거리','일일(회원)','F','20대',4,330.38,3.57,15360,146
'2017-02','264',' 교보생명보험 앞','일일(회원)','F','20대',6,274.03,2.78,11970,101
'2017-02','141',' 연대 대운동장 옆','일일(회원)','F','20대',7,1005.92,11.66,50320,474
'2017-02','266',' 영등포청과시장 사거리','일일(회원)','F','20대',12,1099.69,10.37,44670,344
'2017-02','267',' 삼성화재 사옥 옆','일일(회원)','F','20대',4,234.55,2.81,12130,121
'2017-02','268',' 그랜드컨벤션센터 앞','일일(회원)','F','20대',3,157.41,1.47,6340,43
'2017-02','271',' 샛강생태공원방문자센터 앞','일일(회원)','F','20대',5,667.25,7.2,31040,259
'2017-02','272',' 당산육갑문','일일(회원)','F','20대',13,1435.61,15.41,66470,529
'2017-02','716','신정6동 주민센터 인근','일일(회원)','F','20대',2,64.5,0.65,2790,36
'2017-02','139',' 연세대 정문 건너편','일일(회원)','F','20대',1,29.08,0.32,1360,12
'2017-02','720',' 서울강월초등학교 앞','일일(회원)','F','20대',5,961.99,10,43120,366
'2017-02','816',' 신용산역 6번출구 앞','일일(회원)','F','20대',10,1256.15,12.87,55500,377
'2017-02','817',' 삼각지역 4번출구 앞','일일(회원)','F','20대',6,888.81,8.23,35430,272
'2017-02','818',' 숙명여대 입구 교차로','일일(회원)','F','20대',3,268.34,2.42,10410,156
'2017-02','819',' 선린인터넷 고등학교','일일(회원)','F','20대',7,913.51,9.07,39110,407
'2017-02','820',' 청파동입구 교차로','일일(회원)','F','20대',6,830.52,7.82,33670,234
'2017-02','822',' 이촌1동 마을공원','일일(회원)','F','20대',17,2474.93,24.04,103730,851
'2017-02','823',' 효창동주민센터 앞','일일(회원)','F','20대',3,610.05,5.68,24470,232
'2017-02','825',' 서빙고동 주민센터 앞','일일(회원)','F','20대',14,2170.06,22.54,97160,581
'2017-02','199',' 서울 월드컵 경기장','일일(회원)','F','20대',14,935.7,9.95,42890,525
'2017-02','388',' 동성중학교 앞','일일(회원)','F','20대',4,386.17,3.99,17190,191
'2017-02','584',' 광진광장 교통섬','일일(회원)','F','20대',12,790.7,7.64,32940,306
'2017-02','585',' 성수2가1동 공영주차장 인근','일일(회원)','F','20대',3,475.26,4.56,19650,135
'2017-02','900',' 은평예술회관','일일(회원)','F','20대',4,170.68,1.5,6450,56
'2017-02','901',' 응암1동사무소','일일(회원)','F','20대',5,401.69,3.68,15840,144
'2017-02','200',' 국회의원회관','일일(회원)','F','20대',3,105.81,1.02,4340,36
'2017-02','902',' 진관동 은빛초등학교','일일(회원)','F','20대',3,313.42,2.96,12760,110
'2017-02','904',' 은평뉴타운 푸르지오','일일(회원)','F','20대',3,178.81,1.87,8040,57
'2017-02','905',' 구파발역 2번출구','일일(회원)','F','20대',6,698.16,7.29,31440,216
'2017-02','906',' 연신내역 5번출구150M 아래','일일(회원)','F','20대',6,579.11,6.17,26620,165
'2017-02','907',' CJ 드림시티','일일(회원)','F','20대',33,5029.78,49.55,213610,1616
'2017-02','908',' 구산역 4번출구','일일(회원)','F','20대',2,235.73,2.25,9710,65
'2017-02','911',' 은평평화공원(역촌역4번출구)','일일(회원)','F','20대',5,495.31,5.07,21860,123
'2017-02','201',' 진미파라곤 앞','일일(회원)','F','20대',6,810.17,8.61,37080,204
'2017-02','912',' 응암오거리','일일(회원)','F','20대',4,209.42,2.41,10410,117
'2017-02','913',' 이마트 은평점','일일(회원)','F','20대',6,386.84,3.65,15670,124
'2017-02','914',' 새절역 2번출구','일일(회원)','F','20대',18,2147.16,21.83,94140,680
'2017-02','915',' 증산역 4번출구','일일(회원)','F','20대',10,1349.75,14.52,62530,514
'2017-02','916',' 평생학습관 앞','일일(회원)','F','20대',1,160.08,1.71,7350,59
'2017-02','917',' 녹번역 4번출구','일일(회원)','F','20대',2,48.82,0.42,1840,12
'2017-02','919',' 서울혁신파크','일일(회원)','F','20대',1,78.88,0.96,4150,31
'2017-02','921',' 신도고등학교','일일(회원)','F','20대',3,487.71,5.01,21580,171
'2017-02','202',' 국민일보 앞','일일(회원)','F','20대',5,702.57,7.2,31090,214
'2017-02','922',' 연신내역 4번출구','일일(회원)','F','20대',2,105.51,1.15,4960,50
'2017-02','924',' 메뚜기다리','일일(회원)','F','20대',4,460.82,3.79,16340,134
'2017-02','925',' 불광역 2번출구','일일(회원)','F','20대',1,0,0,0,9
'2017-02','926',' 불광역 8번출구','일일(회원)','F','20대',4,294.31,2.8,12080,96
'2017-02','927',' 연신내역 3번출구 인근','일일(회원)','F','20대',3,163.59,1.45,6250,51
'2017-02','928',' 은평역사한옥박물관','일일(회원)','F','20대',2,103.12,1.09,4720,40
'2017-02','930',' 구 서부경찰서 건너편','일일(회원)','F','20대',2,151.09,1.37,5870,58
'2017-02','931',' 역촌파출소','일일(회원)','F','20대',7,518.4,5.77,24810,223
'2017-02','932',' 예일여중','일일(회원)','F','20대',5,850.04,8.19,35320,385
'2017-02','933',' LG서비스 역촌점','일일(회원)','F','20대',4,697.35,7.67,33060,259
'2017-02','587',' KEB하나은행 성수중앙지점','일일(회원)','F','20대',1,24.12,0.24,1050,10
'2017-02','588',' 뚝섬 유원지역','일일(회원)','F','20대',7,866.42,9.28,40020,350
'2017-02','103',' 망원역 2번출구 앞','일일(회원)','F','20대',9,839.29,8.21,35460,422
'2017-02','204',' 국회의사당역 5번출구 옆','일일(회원)','F','20대',4,470.1,5.25,22670,218
'2017-02','203',' 국회의사당역 3번출구 옆','일일(회원)','F','20대',7,1152.01,10.67,45970,319
'2017-02','205',' 산업은행 앞','일일(회원)','F','20대',14,2320.07,21.33,91970,769
'2017-02','206',' KBS 앞','일일(회원)','F','20대',3,309.05,2.95,12750,119
'2017-02','210',' IFC몰','일일(회원)','F','20대',8,773.79,7.71,33240,248
'2017-02','211',' 여의도역 4번출구 옆','일일(회원)','F','20대',11,1428.89,14.62,63050,582
'2017-02','212',' 여의도역 1번출구 옆','일일(회원)','F','20대',15,2014.61,18.95,81730,915
'2017-02','213',' KT앞','일일(회원)','F','20대',5,28712.71,8.66,37350,325
'2017-02','104',' 합정역 1번출구 앞','일일(회원)','F','20대',15,3260.99,33.01,142220,1103
'2017-02','214',' 금융감독원 앞','일일(회원)','F','20대',4,211.44,2.27,9770,91
'2017-02','218',' 증권거래소 앞','일일(회원)','F','20대',2,885.36,9.79,42200,232
'2017-02','220',' 미성아파트 A동 앞','일일(회원)','F','20대',9,602.83,5.95,25630,284
'2017-02','215',' 여의도고교 앞','일일(회원)','F','20대',7,1197.7,11.06,47670,450
'2017-02','216',' 삼부아파트1동 앞','일일(회원)','F','20대',6,922.89,8.83,38070,254
'2017-02','217',' NH농협은행 앞','일일(회원)','F','20대',1,72.71,0.71,3060,22
'2017-02','221',' 여의도초교 앞','일일(회원)','F','20대',5,397.15,4.07,17550,146
'2017-02','222',' 시범아파트버스정류장 옆','일일(회원)','F','20대',2,103.22,1,4310,33
'2017-02','223',' 진주아파트상가 앞','일일(회원)','F','20대',2,90.53,0.89,3830,25
'2017-02','105',' 합정역 5번출구 앞','일일(회원)','F','20대',4,387.42,3.93,16910,182
'2017-02','224',' 롯데캐슬 앞','일일(회원)','F','20대',4,1170.22,11.44,49310,358
'2017-02','225',' 앙카라공원 앞','일일(회원)','F','20대',3,462.79,4.26,18350,116
'2017-02','226',' 샛강역 1번출구 앞','일일(회원)','F','20대',3,447.36,4.03,17380,141
'2017-02','207',' 여의나루역 1번출구 앞','일일(회원)','F','20대',83,12357.46,126.12,543640,5067
'2017-02','402',' 상암월드컵파크 9단지 앞','일일(회원)','F','20대',3,396.07,3.99,17150,124
'2017-02','403',' 부엉이공원 앞','일일(회원)','F','20대',5,437.53,4.59,19780,293
'2017-02','106',' 합정역 7번출구 앞','일일(회원)','F','20대',11,1089.03,11.15,48050,763
'2017-02','405',' DMC빌 앞','일일(회원)','F','20대',2,272.53,2.66,11470,90
'2017-02','421',' 마포구청 앞','일일(회원)','F','20대',17,1899.42,18.14,78290,543
'2017-02','407',' 마포구 육아종합지원센터','일일(회원)','F','20대',1,60.33,0.64,2770,19
'2017-02','408',' LG CNS앞','일일(회원)','F','20대',5,407.87,4.42,19050,169
'2017-02','420',' 서울시 공공자전거 상암센터','일일(회원)','F','20대',8,1039.38,11.28,48610,779
'2017-02','409',' 누리꿈스퀘어 옆','일일(회원)','F','20대',6,625.85,7.15,30840,257
'2017-02','419',' 홈플러스 앞','일일(회원)','F','20대',26,2446.22,25.54,110140,960
'2017-02','410',' 상암중학교 옆','일일(회원)','F','20대',1,26.25,0.24,1020,8
'2017-02','418',' 월드컵경기장역 3번출구 옆','일일(회원)','F','20대',33,3818.01,37.92,163390,1331
'2017-02','107',' 신한은행 서교동금융센터점 앞','일일(회원)','F','20대',13,982.79,9.3,40210,331
'2017-02','411',' DMC홍보관','일일(회원)','F','20대',8,1111.28,12.51,53910,333
'2017-02','412',' DMC산학협력연구센터 앞','일일(회원)','F','20대',3,489.06,4.41,19000,160
'2017-02','417',' DMC역 2번출구 옆','일일(회원)','F','20대',7,523.32,5.9,25390,179
'2017-02','414',' 상암동주민센터 옆','일일(회원)','F','20대',2,339.9,3.46,14920,122
'2017-02','415',' DMC역 9번출구 앞','일일(회원)','F','20대',6,368.03,3.86,16620,166
'2017-02','416',' 상암월드컵파크 1단지 교차로','일일(회원)','F','20대',2,102.29,0.85,3690,24
'2017-02','500',' 어린이대공원역 3번출구 앞','일일(회원)','F','20대',16,1242.46,12.35,53280,459
'2017-02','501',' 광진구의회 앞','일일(회원)','F','20대',26,2535.57,25.42,109570,907
'2017-02','502',' 뚝섬유원지역 1번출구 앞','일일(회원)','F','20대',73,9681.08,97.85,421680,3288
'2017-02','504',' 신자초교입구교차로','일일(회원)','F','30대',4,358.86,3.19,13730,212
'2017-02','505',' 자양사거리 광진아크로텔 앞','일일(회원)','F','30대',3,166.26,1.65,7070,68
'2017-02','506',' 금호 어울림 아파트 앞','일일(회원)','F','30대',1,75.14,0.83,3580,20
'2017-02','508',' 성수아카데미타워 앞','일일(회원)','F','30대',1,48.91,0.44,1900,17
'2017-02','509',' 이마트 버스정류소 옆','일일(회원)','F','30대',5,539.18,6.83,29430,162
'2017-02','510',' 서울숲 남문 버스정류소 옆','일일(회원)','F','30대',1,94.98,0.83,3580,45
'2017-02','511',' 서울숲역 4번 출구 옆','일일(회원)','F','30대',9,1546.84,15.95,68770,440
'2017-02','512',' 뚝섬역 1번 출구 옆','일일(회원)','F','30대',2,201.72,1.97,8490,87
'2017-02','109',' 제일빌딩 앞','일일(회원)','F','30대',2,428.39,4.3,18560,116
'2017-02','400',' 상암한화오벨리스크 1차 앞','일일(회원)','F','30대',2,177.03,1.55,6660,87
'2017-02','513',' 뚝섬역 5번 출구 정류소 옆','일일(회원)','F','30대',1,0.22,0,10,2
'2017-02','514',' 성수사거리 버스정류장 앞','일일(회원)','F','30대',2,61.42,0.66,2830,19
'2017-02','516',' 광진메디칼 앞','일일(회원)','F','30대',3,68.63,0.87,3750,71
'2017-02','300',' 정동사거리','일일(회원)','F','30대',2,86.66,0.81,3500,27
'2017-02','301',' 경복궁역 7번출구 앞','일일(회원)','F','30대',1,25.49,0.26,1110,10
'2017-02','302',' 경복궁역 4번출구 뒤','일일(회원)','F','30대',1,0,0,0,9
'2017-02','305',' 종로구청 옆','일일(회원)','F','30대',1,26.46,0.3,1310,11
'2017-02','306',' 광화문역 7번출구 앞','일일(회원)','F','30대',1,51.42,0.57,2450,17
'2017-02','307',' 서울역사박물관 앞','일일(회원)','F','30대',4,173.74,2.02,8750,82
'2017-02','308',' 광화문 S타워 앞','일일(회원)','F','30대',3,134.24,1.35,5810,55
'2017-02','309',' 광화문역 6번출구 옆','일일(회원)','F','30대',2,83.91,0.76,3260,32
'2017-02','310',' 청계광장 옆','일일(회원)','F','30대',1,25.42,0.25,1070,6
'2017-02','311',' 서울광장 옆','일일(회원)','F','30대',1,59.95,0.61,2610,56
'2017-02','312',' 시청역 1번출구 뒤','일일(회원)','F','30대',2,106.2,1.01,4350,31
'2017-02','313',' 서울역 광장 파출소 옆','일일(회원)','F','30대',1,24.8,0.23,1010,6
'2017-02','314',' 국립현대미술관','일일(회원)','F','30대',2,110.48,1.3,5580,39
'2017-02','318',' 광교사거리 남측','일일(회원)','F','30대',3,118.71,1.32,5680,46
'2017-02','320',' 을지로입구역 4번출구 앞','일일(회원)','F','30대',3,123.18,1.12,4840,60
'2017-02','321',' KEB 하나은행 본점 앞','일일(회원)','F','30대',1,51.84,0.57,2470,21
'2017-02','322',' 명동성당 앞','일일(회원)','F','30대',1,0,0,0,5
'2017-02','324',' 신세계백화점 본점 앞','일일(회원)','F','30대',2,117.12,1.05,4550,35
'2017-02','326',' 안국역 5번출구 앞','일일(회원)','F','30대',1,37.97,0.44,1880,19
'2017-02','327',' 낙원상가 옆','일일(회원)','F','30대',1,64.35,0.58,2500,25
'2017-02','328',' 탑골공원 앞','일일(회원)','F','30대',1,63.79,0.42,1810,30
'2017-02','329',' 청계2가 사거리 옆','일일(회원)','F','30대',1,15.03,0.16,690,5
'2017-02','331',' 을지로2가 사거리 북측','일일(회원)','F','30대',2,94.88,0.97,4150,26
'2017-02','332',' 을지로2가 사거리 남측','일일(회원)','F','30대',2,66.73,0.78,3370,18
'2017-02','111',' 상수역 2번출구 앞','일일(회원)','F','30대',2,394,3.62,15620,123
'2017-02','334',' 종로3가역 2번출구 뒤','일일(회원)','F','30대',2,334.2,2.26,9730,74
'2017-02','335',' 종로3가역 15번출구 앞','일일(회원)','F','30대',1,229.86,2.07,8930,60
'2017-02','337',' 창경궁 입구','일일(회원)','F','30대',3,204.91,2.21,9530,116
'2017-02','338',' 세운스퀘어 앞','일일(회원)','F','30대',3,212.89,2.24,9620,147
'2017-02','339',' 종로4가 사거리','일일(회원)','F','30대',2,135.83,1.59,6860,55
'2017-02','340',' 혜화동 로터리','일일(회원)','F','30대',2,90.69,1.06,4580,47
'2017-02','341',' 혜화역 3번출구 뒤','일일(회원)','F','30대',1,36.04,0.42,1820,63
'2017-02','342',' 대학로 마로니에공원','일일(회원)','F','30대',2,265.92,3.12,13430,222
'2017-02','112',' 극동방송국 앞','일일(회원)','F','30대',1,103.13,0.89,3830,43
'2017-02','346',' 맥스타일 앞','일일(회원)','F','30대',4,384.27,3.9,16850,148
'2017-02','349',' 사직동주민센터','일일(회원)','F','30대',3,148.15,1.46,6330,48
'2017-02','117',' 홍은사거리','일일(회원)','F','30대',1,116.27,1.29,5540,28
'2017-02','354',' 포르투갈 대사관 앞','일일(회원)','F','30대',2,36.04,0.32,1400,71
'2017-02','358',' 성대입구 사거리','일일(회원)','F','30대',1,25.7,0.27,1180,25
'2017-02','359',' 원남동사거리','일일(회원)','F','30대',2,145.19,1.43,6160,43
'2017-02','362',' 청계8가 사거리','일일(회원)','F','30대',7,450.15,2.98,12810,123
'2017-02','363',' 신설동역 11번출구 뒤','일일(회원)','F','30대',1,48.76,0.38,1620,10
'2017-02','364',' 창신역 1번출구 앞','일일(회원)','F','30대',1,14.45,0.17,730,4
'2017-02','113',' 홍대입구역 2번출구 앞','일일(회원)','F','30대',6,468,4.7,20300,222
'2017-02','367',' 독립문역 3-1번출구 ','일일(회원)','F','30대',1,59.02,0.48,2070,19
'2017-02','348',' 독립문역 사거리','일일(회원)','F','30대',1,71.56,0.64,2780,30
'2017-02','370',' 시청역(2호선) 9번출구 뒤','일일(회원)','F','30대',1,17.82,0.21,900,12
'2017-02','371',' 동대입구역 6번출구 뒤','일일(회원)','F','30대',2,129.47,1.17,5030,51
'2017-02','118',' 광흥창역 2번출구 앞','일일(회원)','F','30대',1,82.16,1.15,4940,36
'2017-02','377',' 서울역 4번출구 앞','일일(회원)','F','30대',2,155.1,1.61,6950,57
'2017-02','378',' 청계7가 사거리','일일(회원)','F','30대',2,69.5,0.82,3510,33
'2017-02','379',' 서울역9번출구','일일(회원)','F','30대',3,708.7,6.59,28400,95
'2017-02','383',' 신당역 12번 출구 뒤','일일(회원)','F','30대',2,198.8,1.83,7850,62
'2017-02','384',' 종로학원본원 ','일일(회원)','F','30대',1,59.46,0.54,2310,18
'2017-02','114',' 홍대입구역 8번출구 앞','일일(회원)','F','30대',1,64.75,0.68,2920,25
'2017-02','142',' 아현역 4번출구 앞','일일(회원)','F','30대',2,101.58,1.16,5030,27
'2017-02','143',' 공덕역 2번출구','일일(회원)','F','30대',1,181.65,1.93,8340,43
'2017-02','145',' 공덕역 5번출구','일일(회원)','F','30대',1,61.4,0.53,2280,10
'2017-02','146',' 마포역 1번출구 뒤','일일(회원)','F','30대',5,506.89,5.05,21760,164
'2017-02','147',' 마포역 4번출구 뒤','일일(회원)','F','30대',1,168.6,1.52,6550,32
'2017-02','148',' 용강동 주민센터 앞','일일(회원)','F','30대',1,187.51,2.2,9470,131
'2017-02','150',' 서강대역 2번출구 앞','일일(회원)','F','30대',1,141.57,1.28,5500,42
'2017-02','151',' 망원1동주민센터','일일(회원)','F','30대',2,203.14,1.82,7830,146
'2017-02','152',' 마포구민체육센터 앞','일일(회원)','F','30대',8,939.28,9.32,40190,356
'2017-02','119',' 서강나루 공원','일일(회원)','F','30대',4,312.5,3.31,14260,82
'2017-02','153',' 성산2교 사거리','일일(회원)','F','30대',1,26.77,0.24,1040,8
'2017-02','154',' 마포구청역 ','일일(회원)','F','30대',1,29.4,0.31,1350,15
'2017-02','156',' 서울서부지방법원 앞','일일(회원)','F','30대',1,64.04,0.72,3110,28
'2017-02','157',' 애오개역 4번출구 앞','일일(회원)','F','30대',1,78.88,0.77,3320,21
'2017-02','159',' 이대역 4번 출구','일일(회원)','F','30대',2,176.58,1.59,6860,60
'2017-02','160',' 북아현동 가구거리','일일(회원)','F','30대',3,90.07,0.99,4260,61
'2017-02','166',' 가재울 초등학교','일일(회원)','F','30대',3,475.74,5.15,22180,104
'2017-02','167',' 연가초등학교 옆','일일(회원)','F','30대',1,95.78,0.97,4170,90
'2017-02','170',' 가재울 뉴타운 주유소 옆','일일(회원)','F','30대',1,24.15,0.25,1070,4
'2017-02','171',' 임광빌딩 앞','일일(회원)','F','30대',1,36.92,0.34,1480,51
'2017-02','172',' 서대문소방서','일일(회원)','F','30대',1,203.35,1.83,7900,50
'2017-02','121',' 마포소방서 앞','일일(회원)','F','30대',2,107.27,1.09,4680,40
'2017-02','173',' 서대문역 8번출구 앞','일일(회원)','F','30대',9,431.39,4.29,18470,84
'2017-02','175',' 홍연2교옆','일일(회원)','F','30대',1,41.18,0.37,1600,10
'2017-02','179',' 가좌역 4번출구 앞','일일(회원)','F','30대',2,127.73,1.34,5760,58
'2017-02','519',' 양지사거리','일일(회원)','F','30대',1,57.34,0.42,1810,34
'2017-02','122',' 신성기사식당 앞','일일(회원)','F','30대',2,299.88,3.47,14970,89
'2017-02','525',' 한양대병원사거리','일일(회원)','F','30대',2,319.33,3.15,13550,163
'2017-02','529',' 장한평역 8번 출구 앞','일일(회원)','F','30대',2,115.03,1.18,5050,46
'2017-02','530',' 청계벽산아파트 앞','일일(회원)','F','30대',1,2.49,0.03,140,5
'2017-02','534',' 금호사거리','일일(회원)','F','30대',1,72.69,0.82,3530,25
'2017-02','536',' 행당역 2번출구 앞','일일(회원)','F','30대',3,385.31,4.52,19460,144
'2017-02','537',' 한양대후문역 부근','일일(회원)','F','30대',1,48.79,0.51,2200,15
'2017-02','123',' 문화촌 공원','일일(회원)','F','30대',1,211.7,2.26,9720,97
'2017-02','539',' 군자교교차로','일일(회원)','F','30대',2,430.61,4.52,19480,176
'2017-02','540',' 군자역 7번출구 베스트샵 앞','일일(회원)','F','30대',3,181.65,1.79,7760,74
'2017-02','544',' 광남중학교','일일(회원)','F','30대',2,488.45,4.52,19470,137
'2017-02','546',' 잠실대교북단 교차로','일일(회원)','F','30대',4,93.91,1.07,4610,80
'2017-02','548',' 자양나들목','일일(회원)','F','30대',2,260.89,2.28,9840,97
'2017-02','549',' 아차산역 3번출구','일일(회원)','F','30대',1,78.88,0.77,3320,17
'2017-02','604',' 답십리초등학교 옆 공원','일일(회원)','F','30대',1,41.1,0.4,1730,30
'2017-02','606',' 휘경공고앞','일일(회원)','F','30대',1,378.64,3.41,14710,68
'2017-02','607',' 신이문역 2번출구','일일(회원)','F','30대',1,9.37,0.1,430,11
'2017-02','609',' 제기2교','일일(회원)','F','30대',1,171.19,1.82,7860,69
'2017-02','125',' 서강대 남문 옆','일일(회원)','F','30대',2,208.36,1.98,8530,51
'2017-02','612',' 시립동부병원 앞 사거리','일일(회원)','F','30대',1,55.21,0.44,1910,51
'2017-02','613',' 신설동역 10번출구 앞','일일(회원)','F','30대',3,181.67,1.66,7170,52
'2017-02','614',' 용두동 사거리','일일(회원)','F','30대',1,97.61,1.14,4930,48
'2017-02','615',' 용두동 레미안허브리츠아파트 앞','일일(회원)','F','30대',1,45.38,0.44,1910,24
'2017-02','617',' 청솔우성아파트 앞','일일(회원)','F','30대',1,68.17,0.73,3130,26
'2017-02','227',' 양평2나들목 보행통로 입구','일일(회원)','F','30대',1,69.68,0.91,3910,29
'2017-02','228',' 선유도역 3번출구 앞','일일(회원)','F','30대',3,435.97,4.01,17260,97
'2017-02','232',' 양평우림 이비즈센타 앞','일일(회원)','F','30대',5,504.62,5.09,21990,176
'2017-02','234',' 영등포구민체육센터 앞','일일(회원)','F','30대',4,104.69,0.71,3110,149
'2017-02','236',' 문래동자이아파트 앞','일일(회원)','F','30대',1,75.27,0.82,3520,36
'2017-02','237',' 보라매 두산위브 건너편','일일(회원)','F','30대',5,608.73,6.14,26440,223
'2017-02','238',' 제2구민체육센타 앞','일일(회원)','F','30대',1,27.66,0.29,1270,9
'2017-02','239',' 유스호스텔 앞','일일(회원)','F','30대',4,633.72,7.26,31260,256
'2017-02','127',' 현대벤처빌 앞','일일(회원)','F','30대',1,200.77,2.26,9750,50
'2017-02','241',' 신길우성1차아파트 앞 공원','일일(회원)','F','30대',1,149.74,1.91,8220,59
'2017-02','243',' 이앤씨드림타워 앞','일일(회원)','F','30대',4,174.4,1.69,7320,44
'2017-02','244',' 영등포삼환아파트 앞','일일(회원)','F','30대',3,294.3,3.39,14620,109
'2017-02','247',' 당산역 10번출구 앞','일일(회원)','F','30대',3,413.64,4.55,19570,174
'2017-02','248',' 초원아파트 앞','일일(회원)','F','30대',3,387.37,3.79,16300,93
'2017-02','249',' 여의도중학교 옆','일일(회원)','F','30대',7,1030.57,10.14,43700,335
'2017-02','250',' 대림아파트 사거리','일일(회원)','F','30대',1,155.95,1.58,6790,44
'2017-02','252',' 보라매역4번출구','일일(회원)','F','30대',1,124.84,1.13,4850,45
'2017-02','254',' 도림신협 앞','일일(회원)','F','30대',1,55.2,0.38,1640,32
'2017-02','259',' 대방역6번출구','일일(회원)','F','30대',4,425.24,4.57,19730,138
'2017-02','700',' KB국민은행 염창역 지점 앞','일일(회원)','F','30대',3,481.28,5.07,21870,142
'2017-02','701',' 목동사거리 부근','일일(회원)','F','30대',1,64.88,0.88,3810,54
'2017-02','703',' 오목교역 7번출구 앞','일일(회원)','F','30대',1,129.06,1.35,5820,34
'2017-02','711',' 신일해피트리아파트 앞','일일(회원)','F','30대',3,148.52,1.35,5770,27
'2017-02','800',' 목월공원 앞','일일(회원)','F','30대',1,214.67,1.93,8340,57
'2017-02','807',' 서울역 12번 출구 앞','일일(회원)','F','30대',1,10.07,0.1,410,3
'2017-02','808',' 서빙고동 금호맨션 앞','일일(회원)','F','30대',2,82.6,0.94,4060,105
'2017-02','131',' 증산2교','일일(회원)','F','30대',2,198.73,1.98,8550,96
'2017-02','809',' 한남 유수지 복개주차장','일일(회원)','F','30대',4,1184.64,11.11,47890,245
'2017-02','810',' 이태원지하보도','일일(회원)','F','30대',1,2.97,0.03,150,4
'2017-02','811',' 녹사평역1번출구','일일(회원)','F','30대',6,566.26,6.48,27930,212
'2017-02','812',' 용산전쟁기념관','일일(회원)','F','30대',1,58.69,0.53,2280,24
'2017-02','815',' LIG강촌아파트 103동앞','일일(회원)','F','30대',2,269.48,3.16,13610,55
'2017-02','385',' 종각역 5번출구','일일(회원)','F','30대',3,89.58,0.81,3480,27
'2017-02','386',' 올림픽기념 국민생활관 앞','일일(회원)','F','30대',1,34.85,0.37,1600,53
'2017-02','181',' 망원초록길 입구','일일(회원)','F','30대',1,100.32,1.11,4780,57
'2017-02','182',' 망원2빗물펌프장 앞','일일(회원)','F','30대',10,2134.37,22.06,95100,630
'2017-02','183',' 하늘채코오롱아파트 건너편','일일(회원)','F','30대',2,100.9,1.04,4470,61
'2017-02','184',' SK망원동주유소 건너편','일일(회원)','F','30대',1,137.93,1.32,5710,57
'2017-02','185',' 마포 신수공원 앞','일일(회원)','F','30대',3,457.52,4.18,18000,160
'2017-02','186',' 월드컵공원','일일(회원)','F','30대',13,949.53,10.92,47100,580
'2017-02','192',' 연서어린이공원','일일(회원)','F','30대',4,242.49,2.18,9360,57
'2017-02','557',' 도선동 주민센터 앞','일일(회원)','F','30대',5,96.83,0.99,4290,49
'2017-02','134',' 연세로 명물길','일일(회원)','F','30대',1,128.91,1.45,6260,80
'2017-02','559',' 왕십리역 4번 출구 건너편','일일(회원)','F','30대',1,66.67,0.6,2590,26
'2017-02','560',' 비전교회 앞','일일(회원)','F','30대',2,58.13,0.64,2770,22
'2017-02','561',' 서울숲역 2번출구 앞','일일(회원)','F','30대',1,26.77,0.24,1040,10
'2017-02','563',' 성동세무서 건너편','일일(회원)','F','30대',1,100.64,0.91,3910,19
'2017-02','565',' 옥수역 3번출구','일일(회원)','F','30대',3,464.47,4.36,18770,137
'2017-02','567',' 성수역 2번출구 앞','일일(회원)','F','30대',1,87.12,1.02,4400,33
'2017-02','135',' 명물길 원형무대 앞','일일(회원)','F','30대',1,53.59,0.46,1990,12
'2017-02','580',' 신금호역 3번출구 뒤','일일(회원)','F','30대',1,149.21,1.46,6280,47
'2017-02','581',' 용답초등학교','일일(회원)','F','30대',1,119.79,1.4,6050,38
'2017-02','583',' 청계천 생태교실 앞','일일(회원)','F','30대',13,2115.32,20.81,89620,561
'2017-02','552',' 대림아크로리버 앞','일일(회원)','F','30대',2,313.47,3,12950,85
'2017-02','553',' 중곡 성원APT 앞','일일(회원)','F','30대',1,176.83,1.59,6870,91
'2017-02','554',' 아차산역 사거리','일일(회원)','F','30대',2,77.02,0.83,3590,26
'2017-02','571',' 어린이대공원역6번출구','일일(회원)','F','30대',2,68.75,0.8,3450,60
'2017-02','572',' 국립정신 건강센터 앞','일일(회원)','F','30대',1,104.76,0.94,4070,33
'2017-02','574',' 아차산역4번출구','일일(회원)','F','30대',2,137.96,1.24,5360,37
'2017-02','576',' 광나루역 3번 출구','일일(회원)','F','30대',1,201.12,2.07,8910,58
'2017-02','577',' 광진청소년수련관','일일(회원)','F','30대',1,123.55,1.11,4800,43
'2017-02','137',' NH농협 신촌지점 앞','일일(회원)','F','30대',2,36.14,0.36,1580,31
'2017-02','623',' 서울시립대 정문 앞','일일(회원)','F','30대',1,86.9,0.93,3990,51
'2017-02','627',' 장안동삼거리 교통섬','일일(회원)','F','30대',1,235.82,2.76,11910,87
'2017-02','628',' 휘봉고등학교 앞','일일(회원)','F','30대',4,1156.51,13.55,58410,278
'2017-02','630',' 동대문구 보건소','일일(회원)','F','30대',1,66.84,0.49,2110,15
'2017-02','631',' 답십리역 1번출구','일일(회원)','F','30대',1,374,3.37,14530,80
'2017-02','102',' 망원역 1번출구 앞','일일(회원)','F','30대',2,147.9,1.42,6140,40
'2017-02','633',' 청량리 기업은행 앞','일일(회원)','F','30대',1,28.53,0.3,1310,23
'2017-02','641',' 용두역 4번출구','일일(회원)','F','30대',2,252.71,2.38,10300,85
'2017-02','140',' 이화여대 후문','일일(회원)','F','30대',1,21.36,0.19,830,10
'2017-02','230',' 영등포구청역 1번출구','일일(회원)','F','30대',1,69.89,0.77,3330,33
'2017-02','260',' 여의도 마리나선착장 앞','일일(회원)','F','30대',2,267.06,3,12930,68
'2017-02','266',' 영등포청과시장 사거리','일일(회원)','F','30대',1,39.54,0.45,1920,12
'2017-02','268',' 그랜드컨벤션센터 앞','일일(회원)','F','30대',1,74.27,0.79,3410,34
'2017-02','272',' 당산육갑문','일일(회원)','F','30대',3,535.97,5.45,23520,187
'2017-02','719',' 홍익병원앞 교차로','일일(회원)','F','30대',1,52.11,0.65,2800,29
'2017-02','720',' 서울강월초등학교 앞','일일(회원)','F','30대',1,68.71,0.81,3470,48
'2017-02','816',' 신용산역 6번출구 앞','일일(회원)','F','30대',4,647.81,6.16,26590,218
'2017-02','817',' 삼각지역 4번출구 앞','일일(회원)','F','30대',4,663.31,6.25,26940,174
'2017-02','818',' 숙명여대 입구 교차로','일일(회원)','F','30대',2,35.05,0.35,1500,24
'2017-02','819',' 선린인터넷 고등학교','일일(회원)','F','30대',2,261.91,2.6,11210,97
'2017-02','820',' 청파동입구 교차로','일일(회원)','F','30대',4,485.27,3.62,15610,168
'2017-02','822',' 이촌1동 마을공원','일일(회원)','F','30대',1,360.03,3.1,13370,145
'2017-02','825',' 서빙고동 주민센터 앞','일일(회원)','F','30대',4,872.04,8.85,38130,236
'2017-02','199',' 서울 월드컵 경기장','일일(회원)','F','30대',4,665.84,6.1,26320,145
'2017-02','584',' 광진광장 교통섬','일일(회원)','F','30대',2,179.65,1.95,8380,69
'2017-02','901',' 응암1동사무소','일일(회원)','F','30대',1,103.75,1.22,5240,33
'2017-02','906',' 연신내역 5번출구150M 아래','일일(회원)','F','30대',3,284.78,3.18,13680,119
'2017-02','907',' CJ 드림시티','일일(회원)','F','30대',7,409.73,4.23,18300,256
'2017-02','909',' 백련산 힐스테이트 3차','일일(회원)','F','30대',1,785.03,5.75,24780,212
'2017-02','201',' 진미파라곤 앞','일일(회원)','F','30대',2,138.47,1.31,5640,38
'2017-02','912',' 응암오거리','일일(회원)','F','30대',2,287.37,2.38,10280,107
'2017-02','913',' 이마트 은평점','일일(회원)','F','30대',2,148.52,1.52,6530,45
'2017-02','914',' 새절역 2번출구','일일(회원)','F','30대',3,433.91,4.86,20970,145
'2017-02','919',' 서울혁신파크','일일(회원)','F','30대',3,932,11.07,47690,298
'2017-02','921',' 신도고등학교','일일(회원)','F','30대',1,42.21,0.38,1640,31
'2017-02','202',' 국민일보 앞','일일(회원)','F','30대',4,448.39,4.04,17420,112
'2017-02','923',' 국민은행 연서지점','일일(회원)','F','30대',1,60.32,0.55,2380,68
'2017-02','924',' 메뚜기다리','일일(회원)','F','30대',1,215.96,1.86,8020,35
'2017-02','927',' 연신내역 3번출구 인근','일일(회원)','F','30대',3,122.37,1.21,5220,98
'2017-02','931',' 역촌파출소','일일(회원)','F','30대',1,207.98,1.87,8080,52
'2017-02','932',' 예일여중','일일(회원)','F','30대',1,70.1,0.77,3340,53
'2017-02','933',' LG서비스 역촌점','일일(회원)','F','30대',1,61.21,0.75,3220,26
'2017-02','587',' KEB하나은행 성수중앙지점','일일(회원)','F','30대',1,40.93,0.37,1590,11
'2017-02','588',' 뚝섬 유원지역','일일(회원)','F','30대',1,48.51,0.57,2450,22
'2017-02','103',' 망원역 2번출구 앞','일일(회원)','F','30대',1,22.2,0.22,950,10
'2017-02','204',' 국회의사당역 5번출구 옆','일일(회원)','F','30대',1,103.59,1.01,4360,46
'2017-02','203',' 국회의사당역 3번출구 옆','일일(회원)','F','30대',4,192.64,1.83,7870,53
'2017-02','205',' 산업은행 앞','일일(회원)','F','30대',8,794.98,8.7,37560,443
'2017-02','206',' KBS 앞','일일(회원)','F','30대',9,667.66,6.5,28000,295
'2017-02','209',' 유진투자증권빌딩 앞','일일(회원)','F','30대',1,29.59,0.33,1410,12
'2017-02','210',' IFC몰','일일(회원)','F','30대',7,714.35,7.47,32200,261
'2017-02','211',' 여의도역 4번출구 옆','일일(회원)','F','30대',7,860.37,8.49,36560,321
'2017-02','212',' 여의도역 1번출구 옆','일일(회원)','F','30대',6,414.46,3.77,16220,118
'2017-02','213',' KT앞','일일(회원)','F','30대',1,130.66,1.42,6110,44
'2017-02','214',' 금융감독원 앞','일일(회원)','F','30대',2,274.65,2.85,12290,94
'2017-02','218',' 증권거래소 앞','일일(회원)','F','30대',1,108.35,1.06,4560,37
'2017-02','219',' 롯데캐슬엠파이어 옆','일일(회원)','F','30대',2,63.58,0.57,2470,16
'2017-02','220',' 미성아파트 A동 앞','일일(회원)','F','30대',1,21.62,0.19,840,9
'2017-02','215',' 여의도고교 앞','일일(회원)','F','30대',2,135.39,1.22,5260,65
'2017-02','216',' 삼부아파트1동 앞','일일(회원)','F','30대',1,170.98,1.79,7710,33
'2017-02','221',' 여의도초교 앞','일일(회원)','F','30대',2,434.83,4.18,18010,116
'2017-02','222',' 시범아파트버스정류장 옆','일일(회원)','F','30대',3,234.78,2.5,10800,70
'2017-02','223',' 진주아파트상가 앞','일일(회원)','F','30대',2,167.31,1.51,6500,50
'2017-02','105',' 합정역 5번출구 앞','일일(회원)','F','30대',1,490.88,4.79,20660,105
'2017-02','226',' 샛강역 1번출구 앞','일일(회원)','F','30대',1,322.88,3.38,14560,132
'2017-02','207',' 여의나루역 1번출구 앞','일일(회원)','F','30대',7,622.4,5.69,24520,313
'2017-02','402',' 상암월드컵파크 9단지 앞','일일(회원)','F','30대',2,166.54,1.5,6470,46
'2017-02','403',' 부엉이공원 앞','일일(회원)','F','30대',1,39.42,0.42,1810,13
'2017-02','406',' 상암월드컵파크 7단지 앞','일일(회원)','F','30대',1,97.04,0.87,3770,18
'2017-02','421',' 마포구청 앞','일일(회원)','F','30대',5,210.29,2.47,10620,68
'2017-02','407',' 마포구 육아종합지원센터','일일(회원)','F','30대',2,224.34,2.21,9510,67
'2017-02','420',' 서울시 공공자전거 상암센터','일일(회원)','F','30대',3,281.74,2.8,12030,121
'2017-02','409',' 누리꿈스퀘어 옆','일일(회원)','F','30대',7,606.94,5.46,23530,197
'2017-02','419',' 홈플러스 앞','일일(회원)','F','30대',12,1286.71,13.33,57450,509
'2017-02','418',' 월드컵경기장역 3번출구 옆','일일(회원)','F','30대',2,209.78,1.89,8150,40
'2017-02','107',' 신한은행 서교동금융센터점 앞','일일(회원)','F','30대',5,210.98,2.08,9000,248
'2017-02','411',' DMC홍보관','일일(회원)','F','30대',2,252.61,2.47,10630,84
'2017-02','412',' DMC산학협력연구센터 앞','일일(회원)','F','30대',2,107.32,1.26,5420,36
'2017-02','413',' 상암월드컵파크 3단지 후문','일일(회원)','F','30대',1,115.43,1.28,5500,43
'2017-02','417',' DMC역 2번출구 옆','일일(회원)','F','30대',3,181.29,1.77,7610,66
'2017-02','415',' DMC역 9번출구 앞','일일(회원)','F','30대',2,56.27,0.47,2030,49
'2017-02','416',' 상암월드컵파크 1단지 교차로','일일(회원)','F','30대',1,128.44,1.16,4990,37
'2017-02','501',' 광진구의회 앞','일일(회원)','F','30대',3,244.47,2.42,10430,142
'2017-02','502',' 뚝섬유원지역 1번출구 앞','일일(회원)','F','30대',5,1129.23,10.83,46670,307
'2017-02','503',' 더샵스타시티 C동 앞','일일(회원)','F','40대',2,187.15,2.28,9850,83
'2017-02','511',' 서울숲역 4번 출구 옆','일일(회원)','F','40대',10,1039.75,11.67,50320,524
'2017-02','300',' 정동사거리','일일(회원)','F','40대',2,104.21,1.2,5160,53
'2017-02','301',' 경복궁역 7번출구 앞','일일(회원)','F','40대',2,255.93,3.26,14050,146
'2017-02','304',' 광화문역 2번출구 앞','일일(회원)','F','40대',1,27.92,0.33,1410,42
'2017-02','307',' 서울역사박물관 앞','일일(회원)','F','40대',1,63.94,0.81,3510,42
'2017-02','309',' 광화문역 6번출구 옆','일일(회원)','F','40대',1,52.25,0.47,2030,16
'2017-02','312',' 시청역 1번출구 뒤','일일(회원)','F','40대',1,141.7,1.48,6390,61
'2017-02','316',' 종각역 1번출구 앞','일일(회원)','F','40대',4,323.34,3.19,13710,133
'2017-02','320',' 을지로입구역 4번출구 앞','일일(회원)','F','40대',2,159.33,1.44,6190,64
'2017-02','321',' KEB 하나은행 본점 앞','일일(회원)','F','40대',1,48.27,0.55,2390,35
'2017-02','116',' 일진아이윌아파트 옆','일일(회원)','F','40대',1,53.06,0.54,2310,18
'2017-02','326',' 안국역 5번출구 앞','일일(회원)','F','40대',4,117.17,1.32,5690,38
'2017-02','327',' 낙원상가 옆','일일(회원)','F','40대',7,851.47,7.66,33080,266
'2017-02','328',' 탑골공원 앞','일일(회원)','F','40대',2,256.88,2.31,9980,67
'2017-02','111',' 상수역 2번출구 앞','일일(회원)','F','40대',1,0,0,0,113
'2017-02','339',' 종로4가 사거리','일일(회원)','F','40대',1,47.27,0.4,1730,40
'2017-02','341',' 혜화역 3번출구 뒤','일일(회원)','F','40대',1,30.63,0.28,1190,22
'2017-02','342',' 대학로 마로니에공원','일일(회원)','F','40대',3,224.53,2.63,11340,300
'2017-02','345',' 서울보증보험본사 앞','일일(회원)','F','40대',1,14.93,0.13,580,6
'2017-02','352',' 중앙고입구 삼거리','일일(회원)','F','40대',2,95.93,0.98,4250,33
'2017-02','353',' 재동초교 앞 삼거리','일일(회원)','F','40대',1,49.3,0.58,2490,23
'2017-02','117',' 홍은사거리','일일(회원)','F','40대',2,221.1,1.99,8590,55
'2017-02','113',' 홍대입구역 2번출구 앞','일일(회원)','F','40대',3,322.08,3.82,16490,109
'2017-02','348',' 독립문역 사거리','일일(회원)','F','40대',3,127.27,1.21,5220,56
'2017-02','370',' 시청역(2호선) 9번출구 뒤','일일(회원)','F','40대',1,44.69,0.46,1980,20
'2017-02','371',' 동대입구역 6번출구 뒤','일일(회원)','F','40대',1,78.76,0.71,3060,29
'2017-02','118',' 광흥창역 2번출구 앞','일일(회원)','F','40대',2,321.75,4.3,18520,179
'2017-02','379',' 서울역9번출구','일일(회원)','F','40대',1,160.62,1.57,6760,70
'2017-02','383',' 신당역 12번 출구 뒤','일일(회원)','F','40대',1,181.72,1.64,7060,35
'2017-02','144',' 공덕역 8번출구','일일(회원)','F','40대',1,127.12,1.24,5350,79
'2017-02','147',' 마포역 4번출구 뒤','일일(회원)','F','40대',3,777.48,6.75,29100,256
'2017-02','152',' 마포구민체육센터 앞','일일(회원)','F','40대',4,497.55,4.89,21070,181
'2017-02','153',' 성산2교 사거리','일일(회원)','F','40대',1,62.25,0.61,2620,32
'2017-02','154',' 마포구청역 ','일일(회원)','F','40대',1,35.78,0.32,1390,18
'2017-02','158',' 독립문 어린이 공원','일일(회원)','F','40대',1,26.77,0.24,1040,5
'2017-02','163',' 명지전문대학교 정문 앞','일일(회원)','F','40대',1,171.43,1.55,6660,52
'2017-02','164',' 북가좌1동 주민센터 ','일일(회원)','F','40대',2,324.39,2.98,12860,127
'2017-02','165',' 중앙근린공원','일일(회원)','F','40대',7,1132.77,10.22,44050,437
'2017-02','166',' 가재울 초등학교','일일(회원)','F','40대',1,92.66,1.04,4500,21
'2017-02','170',' 가재울 뉴타운 주유소 옆','일일(회원)','F','40대',1,52.87,0.62,2670,18
'2017-02','171',' 임광빌딩 앞','일일(회원)','F','40대',2,183.01,1.7,7350,78
'2017-02','172',' 서대문소방서','일일(회원)','F','40대',1,113.49,1.45,6230,48
'2017-02','173',' 서대문역 8번출구 앞','일일(회원)','F','40대',3,81.88,0.92,3970,44
'2017-02','175',' 홍연2교옆','일일(회원)','F','40대',1,468.57,3.52,15170,144
'2017-02','179',' 가좌역 4번출구 앞','일일(회원)','F','40대',2,176.69,1.75,7530,59
'2017-02','180',' 충정로역 7번출구 뒤','일일(회원)','F','40대',1,99.97,0.69,2970,23
'2017-02','520',' 상왕십리역 4번 출구 앞','일일(회원)','F','40대',1,55.66,0.58,2510,17
'2017-02','122',' 신성기사식당 앞','일일(회원)','F','40대',1,194.59,1.75,7560,38
'2017-02','123',' 문화촌 공원','일일(회원)','F','40대',2,493.19,5.96,25710,243
'2017-02','550',' 서울시설공단 앞','일일(회원)','F','40대',5,2.06,0.02,100,68
'2017-02','544',' 광남중학교','일일(회원)','F','40대',2,282.19,2.95,12710,102
'2017-02','600',' 휘경2동 주민센터','일일(회원)','F','40대',1,0,0,0,59
'2017-02','604',' 답십리초등학교 옆 공원','일일(회원)','F','40대',2,199.65,2.48,10670,57
'2017-02','605',' 신설동역8번출구','일일(회원)','F','40대',1,0,0,0,48
'2017-02','607',' 신이문역 2번출구','일일(회원)','F','40대',1,260.65,2.55,10970,70
'2017-02','610',' 동대문중 교차로','일일(회원)','F','40대',1,31.43,0.34,1470,15
'2017-02','229',' 양평1 보행육교 앞','일일(회원)','F','40대',4,307.93,2.99,12960,130
'2017-02','232',' 양평우림 이비즈센타 앞','일일(회원)','F','40대',4,320.46,2.89,12450,116
'2017-02','235',' 신길동 우리은행 옆','일일(회원)','F','40대',1,32.02,0.34,1470,7
'2017-02','239',' 유스호스텔 앞','일일(회원)','F','40대',2,91.48,0.98,4200,26
'2017-02','240',' 문래역 4번출구 앞','일일(회원)','F','40대',4,181.96,1.69,7260,57
'2017-02','242',' 신길선원가와인아파트 앞','일일(회원)','F','40대',6,295.13,2.75,11830,160
'2017-02','243',' 이앤씨드림타워 앞','일일(회원)','F','40대',1,72.84,0.66,2830,172
'2017-02','245',' 삼성생명 당산사옥 앞','일일(회원)','F','40대',1,27.66,0.29,1270,12
'2017-02','101',' (구)합정동 주민센터','일일(회원)','F','40대',1,84.04,0.91,3930,27
'2017-02','128',' 신촌역(2호선) 1번출구 옆','일일(회원)','F','40대',1,91.28,1.07,4610,48
'2017-02','257',' 신길삼거리(우리은행)','일일(회원)','F','40대',4,404.16,3.76,16200,242
'2017-02','702',' 목4동주민센터 옆','일일(회원)','F','40대',2,287.26,2.59,11160,97
'2017-02','800',' 목월공원 앞','일일(회원)','F','40대',1,456.37,4.11,17730,69
'2017-02','807',' 서울역 12번 출구 앞','일일(회원)','F','40대',2,178.51,1.87,8050,97
'2017-02','813',' 삼각지역 3번출구','일일(회원)','F','40대',1,141.17,1.65,7130,60
'2017-02','815',' LIG강촌아파트 103동앞','일일(회원)','F','40대',1,186.37,2.06,8880,66
'2017-02','387',' 훈련원공원주차장 앞','일일(회원)','F','40대',1,35.52,0.32,1380,12
'2017-02','184',' SK망원동주유소 건너편','일일(회원)','F','40대',5,359.74,3.51,15140,123
'2017-02','185',' 마포 신수공원 앞','일일(회원)','F','40대',1,66.67,0.64,2760,28
'2017-02','186',' 월드컵공원','일일(회원)','F','40대',7,760.15,7.15,30860,322
'2017-02','188',' 홍은동 정원여중 입구','일일(회원)','F','40대',2,98.27,0.92,3960,61
'2017-02','178',' 증산3교 앞','일일(회원)','F','40대',1,144.42,1.21,5210,50
'2017-02','133',' 해담는다리','일일(회원)','F','40대',1,72.53,0.77,3330,26
'2017-02','561',' 서울숲역 2번출구 앞','일일(회원)','F','40대',1,384.08,3.69,15900,100
'2017-02','569',' 응봉현대아파트 정류소','일일(회원)','F','40대',1,78.74,1.13,4850,53
'2017-02','581',' 용답초등학교','일일(회원)','F','40대',1,60.05,0.78,3370,35
'2017-02','583',' 청계천 생태교실 앞','일일(회원)','F','40대',1,65.4,0.85,3670,22
'2017-02','551',' 구의삼성쉐르빌 앞','일일(회원)','F','40대',1,7.84,0.08,360,28
'2017-02','552',' 대림아크로리버 앞','일일(회원)','F','40대',1,85.97,0.77,3340,16
'2017-02','622',' 전농사거리 교통섬','일일(회원)','F','40대',2,56.62,0.52,2200,29
'2017-02','625',' 답십리초등학교 앞(현대시장 옆)','일일(회원)','F','40대',2,152.7,1.58,6800,73
'2017-02','633',' 청량리 기업은행 앞','일일(회원)','F','40대',1,207.9,1.62,7000,57
'2017-02','634',' 외국어대 정문 앞','일일(회원)','F','40대',2,341.31,3.08,13260,60
'2017-02','643',' 동대문구민체육센터 (육교아래)','일일(회원)','F','40대',1,125.93,0.98,4240,61
'2017-02','230',' 영등포구청역 1번출구','일일(회원)','F','40대',1,40.15,0.39,1690,11
'2017-02','262',' 영문초등학교 사거리','일일(회원)','F','40대',2,89.1,0.86,3700,24
'2017-02','825',' 서빙고동 주민센터 앞','일일(회원)','F','40대',2,249.38,2.62,11300,59
'2017-02','199',' 서울 월드컵 경기장','일일(회원)','F','40대',2,280.07,2.47,10650,78
'2017-02','388',' 동성중학교 앞','일일(회원)','F','40대',1,69.04,0.88,3790,33
'2017-02','906',' 연신내역 5번출구150M 아래','일일(회원)','F','40대',1,57.14,0.52,2220,19
'2017-02','907',' CJ 드림시티','일일(회원)','F','40대',1,179.41,1.62,6970,52
'2017-02','201',' 진미파라곤 앞','일일(회원)','F','40대',3,137.22,1.46,6300,53
'2017-02','913',' 이마트 은평점','일일(회원)','F','40대',1,0.18,0,10,5
'2017-02','933',' LG서비스 역촌점','일일(회원)','F','40대',1,157.27,1.42,6110,39
'2017-02','588',' 뚝섬 유원지역','일일(회원)','F','40대',1,169.01,1.8,7760,49
'2017-02','103',' 망원역 2번출구 앞','일일(회원)','F','40대',2,53.31,0.6,2580,45
'2017-02','204',' 국회의사당역 5번출구 옆','일일(회원)','F','40대',1,33.32,0.35,1530,12
'2017-02','205',' 산업은행 앞','일일(회원)','F','40대',4,440.68,4.41,18980,279
'2017-02','206',' KBS 앞','일일(회원)','F','40대',2,276.85,2.75,11860,109
'2017-02','210',' IFC몰','일일(회원)','F','40대',11,881.89,7.2,30930,237
'2017-02','211',' 여의도역 4번출구 옆','일일(회원)','F','40대',1,45.33,0.37,1590,44
'2017-02','104',' 합정역 1번출구 앞','일일(회원)','F','40대',1,235.22,1.91,8250,48
'2017-02','214',' 금융감독원 앞','일일(회원)','F','40대',1,70.52,0.74,3180,35
'2017-02','220',' 미성아파트 A동 앞','일일(회원)','F','40대',1,73.87,0.67,2870,60
'2017-02','216',' 삼부아파트1동 앞','일일(회원)','F','40대',1,34.78,0.28,1220,7
'2017-02','224',' 롯데캐슬 앞','일일(회원)','F','40대',1,107.67,1.19,5130,52
'2017-02','225',' 앙카라공원 앞','일일(회원)','F','40대',1,231.66,2.26,9750,53
'2017-02','207',' 여의나루역 1번출구 앞','일일(회원)','F','40대',5,478.21,4.21,18140,194
'2017-02','402',' 상암월드컵파크 9단지 앞','일일(회원)','F','40대',3,120.8,1.43,6160,65
'2017-02','403',' 부엉이공원 앞','일일(회원)','F','40대',1,93.71,0.95,4080,37
'2017-02','406',' 상암월드컵파크 7단지 앞','일일(회원)','F','40대',1,0,0,0,76
'2017-02','420',' 서울시 공공자전거 상암센터','일일(회원)','F','40대',1,138.52,1.35,5830,53
'2017-02','409',' 누리꿈스퀘어 옆','일일(회원)','F','40대',1,465.1,3.63,15660,90
'2017-02','419',' 홈플러스 앞','일일(회원)','F','40대',6,471.85,4.53,19490,163
'2017-02','410',' 상암중학교 옆','일일(회원)','F','40대',4,216.35,2.29,9840,158
'2017-02','418',' 월드컵경기장역 3번출구 옆','일일(회원)','F','40대',5,347.82,3.57,15390,200
'2017-02','412',' DMC산학협력연구센터 앞','일일(회원)','F','40대',1,83.4,0.81,3510,26
'2017-02','417',' DMC역 2번출구 옆','일일(회원)','F','40대',1,46.57,0.57,2450,12
'2017-02','414',' 상암동주민센터 옆','일일(회원)','F','40대',1,40.49,0.49,2130,21
'2017-02','502',' 뚝섬유원지역 1번출구 앞','일일(회원)','F','40대',4,227.99,2.23,9640,157
'2017-02','511',' 서울숲역 4번 출구 옆','일일(회원)','F','50대',1,67.7,0.61,2630,20
'2017-02','400',' 상암한화오벨리스크 1차 앞','일일(회원)','F','50대',1,32.43,0.29,1260,9
'2017-02','302',' 경복궁역 4번출구 뒤','일일(회원)','F','50대',1,98.96,0.83,3570,40
'2017-02','304',' 광화문역 2번출구 앞','일일(회원)','F','50대',1,63.91,0.62,2690,18
'2017-02','116',' 일진아이윌아파트 옆','일일(회원)','F','50대',1,77.93,0.57,2460,16
'2017-02','342',' 대학로 마로니에공원','일일(회원)','F','50대',2,69.09,0.72,3120,21
'2017-02','343',' 예일빌딩(율곡로) 앞','일일(회원)','F','50대',1,33.03,0.32,1390,9
'2017-02','117',' 홍은사거리','일일(회원)','F','50대',1,61.06,0.6,2570,10
'2017-02','358',' 성대입구 사거리','일일(회원)','F','50대',1,144.7,1.41,6090,40
'2017-02','113',' 홍대입구역 2번출구 앞','일일(회원)','F','50대',1,80.78,0.59,2550,30
'2017-02','118',' 광흥창역 2번출구 앞','일일(회원)','F','50대',1,101.54,0.94,4070,23
'2017-02','146',' 마포역 1번출구 뒤','일일(회원)','F','50대',1,203.6,1.84,7910,48
'2017-02','147',' 마포역 4번출구 뒤','일일(회원)','F','50대',1,115.87,0.62,2660,17
'2017-02','160',' 북아현동 가구거리','일일(회원)','F','50대',2,316.48,3.09,13320,88
'2017-02','161',' 무악재역1번 출구','일일(회원)','F','50대',1,128.3,1.25,5400,33
'2017-02','179',' 가좌역 4번출구 앞','일일(회원)','F','50대',2,118.99,1.01,4330,36
'2017-02','525',' 한양대병원사거리','일일(회원)','F','50대',2,379.3,4.01,17270,132
'2017-02','540',' 군자역 7번출구 베스트샵 앞','일일(회원)','F','50대',1,24.71,0.22,960,5
'2017-02','600',' 휘경2동 주민센터','일일(회원)','F','50대',1,132.82,1.2,5160,51
'2017-02','125',' 서강대 남문 옆','일일(회원)','F','50대',2,159.66,0.99,4260,29
'2017-02','610',' 동대문중 교차로','일일(회원)','F','50대',1,129.49,1.26,5450,59
'2017-02','228',' 선유도역 3번출구 앞','일일(회원)','F','50대',1,79.61,0.83,3590,39
'2017-02','243',' 이앤씨드림타워 앞','일일(회원)','F','50대',1,39.25,0.41,1770,16
'2017-02','259',' 대방역6번출구','일일(회원)','F','50대',2,137.74,1.38,5950,61
'2017-02','714',' 한국SGI 양천문화회관 앞','일일(회원)','F','50대',1,239.66,1.65,7120,54
'2017-02','131',' 증산2교','일일(회원)','F','50대',1,57.97,0.71,3050,18
'2017-02','809',' 한남 유수지 복개주차장','일일(회원)','F','50대',1,134.24,1.57,6780,56
'2017-02','183',' 하늘채코오롱아파트 건너편','일일(회원)','F','50대',2,116.75,0.73,3170,23
'2017-02','188',' 홍은동 정원여중 입구','일일(회원)','F','50대',3,584.98,6.61,28500,161
'2017-02','134',' 연세로 명물길','일일(회원)','F','50대',1,111.59,0.7,3030,24
'2017-02','561',' 서울숲역 2번출구 앞','일일(회원)','F','50대',1,103.61,1.06,4590,40
'2017-02','580',' 신금호역 3번출구 뒤','일일(회원)','F','50대',1,59.88,0.5,2160,61
'2017-02','583',' 청계천 생태교실 앞','일일(회원)','F','50대',4,963.39,9.15,39430,262
'2017-02','571',' 어린이대공원역6번출구','일일(회원)','F','50대',1,46.33,0.42,1800,32
'2017-02','626',' 군자교 서측 녹지대','일일(회원)','F','50대',1,147.23,1.33,5720,52
'2017-02','102',' 망원역 1번출구 앞','일일(회원)','F','50대',1,79.52,0.58,2510,28
'2017-02','141',' 연대 대운동장 옆','일일(회원)','F','50대',1,28.51,0.21,900,10
'2017-02','271',' 샛강생태공원방문자센터 앞','일일(회원)','F','50대',1,350.77,3.61,15540,134
'2017-02','906',' 연신내역 5번출구150M 아래','일일(회원)','F','50대',1,126.9,1.14,4930,36
'2017-02','911',' 은평평화공원(역촌역4번출구)','일일(회원)','F','50대',1,60.45,0.74,3180,24
'2017-02','915',' 증산역 4번출구','일일(회원)','F','50대',1,284.43,2.56,11050,65
'2017-02','921',' 신도고등학교','일일(회원)','F','50대',1,40.27,0.52,2260,45
'2017-02','925',' 불광역 2번출구','일일(회원)','F','50대',1,55.12,0.54,2320,16
'2017-02','204',' 국회의사당역 5번출구 옆','일일(회원)','F','50대',1,142.8,1.39,6010,61
'2017-02','203',' 국회의사당역 3번출구 옆','일일(회원)','F','50대',1,37.78,0.49,2120,15
'2017-02','206',' KBS 앞','일일(회원)','F','50대',1,71.95,0.92,3950,61
'2017-02','211',' 여의도역 4번출구 옆','일일(회원)','F','50대',2,352.98,4.31,18570,123
'2017-02','220',' 미성아파트 A동 앞','일일(회원)','F','50대',1,140.37,1.47,6330,47
'2017-02','221',' 여의도초교 앞','일일(회원)','F','50대',1,21.23,0.19,800,10
'2017-02','105',' 합정역 5번출구 앞','일일(회원)','F','50대',1,110.68,1,4300,22
'2017-02','207',' 여의나루역 1번출구 앞','일일(회원)','F','50대',3,433.87,3.85,16590,159
'2017-02','421',' 마포구청 앞','일일(회원)','F','50대',1,178.25,1.12,4840,35
'2017-02','407',' 마포구 육아종합지원센터','일일(회원)','F','50대',1,32.69,0.29,1270,10
'2017-02','420',' 서울시 공공자전거 상암센터','일일(회원)','F','50대',2,193.98,2.03,8730,104
'2017-02','419',' 홈플러스 앞','일일(회원)','F','50대',2,234.32,2.35,10140,71
'2017-02','418',' 월드컵경기장역 3번출구 옆','일일(회원)','F','50대',2,158.53,1.94,8340,88
'2017-02','501',' 광진구의회 앞','일일(회원)','F','50대',1,105.34,1.31,5660,42
'2017-02','502',' 뚝섬유원지역 1번출구 앞','일일(회원)','F','50대',1,197.43,1.96,8450,53
'2017-02','117',' 홍은사거리','일일(회원)','F','60대',2,402.83,3.63,15650,99
'2017-02','355',' 서울사대부속초교 앞','일일(회원)','F','60대',1,9.54,0.1,430,2
'2017-02','148',' 용강동 주민센터 앞','일일(회원)','F','60대',1,74.45,0.87,3760,48
'2017-02','123',' 문화촌 공원','일일(회원)','F','60대',1,31.15,0.28,1210,11
'2017-02','102',' 망원역 1번출구 앞','일일(회원)','F','60대',2,186.63,2.54,10960,414
'2017-02','719',' 홍익병원앞 교차로','일일(회원)','F','60대',1,218.02,2.66,11470,86
'2017-02','503',' 더샵스타시티 C동 앞','일일(회원)','F','70대~',1,37.84,0.34,1470,10
'2017-02','311',' 서울광장 옆','일일(회원)','F','70대~',1,56.22,0.53,2290,18
'2017-02','315',' 신한은행 안국역지점 옆','일일(회원)','F','70대~',1,84.21,0.8,3430,55
'2017-02','326',' 안국역 5번출구 앞','일일(회원)','F','70대~',1,21.85,0.21,890,10
'2017-02','337',' 창경궁 입구','일일(회원)','F','70대~',1,202.8,1.92,8260,56
'2017-02','353',' 재동초교 앞 삼거리','일일(회원)','F','70대~',1,195.43,1.85,7960,54
'2017-02','117',' 홍은사거리','일일(회원)','F','70대~',1,141.78,1.06,4590,31
'2017-02','120',' 신수동 사거리','일일(회원)','F','70대~',2,205.04,2.17,9390,60
'2017-02','170',' 가재울 뉴타운 주유소 옆','일일(회원)','F','70대~',1,108.11,0.97,4200,29
'2017-02','248',' 초원아파트 앞','일일(회원)','F','70대~',1,264.06,2.01,8660,42
'2017-02','194',' 증산교 앞','일일(회원)','F','70대~',1,113.06,1.32,5710,39
'2017-02','556',' 달맞이공원','일일(회원)','F','70대~',1,734.72,6.83,29450,89
'2017-02','552',' 대림아크로리버 앞','일일(회원)','F','70대~',1,482.1,4.87,20990,171
'2017-02','817',' 삼각지역 4번출구 앞','일일(회원)','F','70대~',1,63.73,0.48,2090,13
'2017-02','820',' 청파동입구 교차로','일일(회원)','F','70대~',1,83.85,0.64,2750,13
'2017-02','388',' 동성중학교 앞','일일(회원)','F','70대~',1,86.91,0.86,3720,60
'2017-02','907',' CJ 드림시티','일일(회원)','F','70대~',1,61.78,0.46,2000,12
'2017-02','908',' 구산역 4번출구','일일(회원)','F','70대~',1,113.98,0.86,3690,22
'2017-02','909',' 백련산 힐스테이트 3차','일일(회원)','F','70대~',1,235.6,1.87,8040,95
'2017-02','911',' 은평평화공원(역촌역4번출구)','일일(회원)','F','70대~',1,55.04,0.64,2780,19
'2017-02','103',' 망원역 2번출구 앞','일일(회원)','F','70대~',1,98.84,0.74,3200,17
'2017-02','105',' 합정역 5번출구 앞','일일(회원)','F','70대~',1,234.51,1.96,8460,74
'2017-02','500',' 어린이대공원역 3번출구 앞','일일(회원)','F','70대~',2,99.1,0.9,3850,28
'2017-02','503',' 더샵스타시티 C동 앞','일일(회원)','M','~10대',1,80.78,0.39,1700,34
'2017-02','509',' 이마트 버스정류소 옆','일일(회원)','M','~10대',4,163.27,1.37,5890,53
'2017-02','512',' 뚝섬역 1번 출구 옆','일일(회원)','M','~10대',2,124.74,1.05,4500,32
'2017-02','300',' 정동사거리','일일(회원)','M','~10대',2,132.78,1.36,5830,54
'2017-02','302',' 경복궁역 4번출구 뒤','일일(회원)','M','~10대',2,73.92,0.61,2610,17
'2017-02','304',' 광화문역 2번출구 앞','일일(회원)','M','~10대',6,280.82,2.42,10450,114
'2017-02','305',' 종로구청 옆','일일(회원)','M','~10대',2,1285.32,1.44,6200,113
'2017-02','306',' 광화문역 7번출구 앞','일일(회원)','M','~10대',2,135.39,1.22,5260,37
'2017-02','307',' 서울역사박물관 앞','일일(회원)','M','~10대',1,33.5,0.22,940,8
'2017-02','308',' 광화문 S타워 앞','일일(회원)','M','~10대',1,1416.69,1.11,4770,36
'2017-02','310',' 청계광장 옆','일일(회원)','M','~10대',3,298.3,2.2,9490,90
'2017-02','311',' 서울광장 옆','일일(회원)','M','~10대',2,36.21,0.34,1470,18
'2017-02','313',' 서울역 광장 파출소 옆','일일(회원)','M','~10대',1,80.94,0.68,2920,15
'2017-02','316',' 종각역 1번출구 앞','일일(회원)','M','~10대',1,40.99,0.27,1150,13
'2017-02','322',' 명동성당 앞','일일(회원)','M','~10대',2,112.38,0.84,3580,28
'2017-02','324',' 신세계백화점 본점 앞','일일(회원)','M','~10대',3,306.03,2.25,9660,100
'2017-02','326',' 안국역 5번출구 앞','일일(회원)','M','~10대',2,192.76,1.97,8460,79
'2017-02','328',' 탑골공원 앞','일일(회원)','M','~10대',1,66.29,0.43,1860,25
'2017-02','329',' 청계2가 사거리 옆','일일(회원)','M','~10대',2,287.18,2.41,10360,52
'2017-02','111',' 상수역 2번출구 앞','일일(회원)','M','~10대',1,29.6,0.27,1150,5
'2017-02','334',' 종로3가역 2번출구 뒤','일일(회원)','M','~10대',6,404.17,2.86,12320,117
'2017-02','339',' 종로4가 사거리','일일(회원)','M','~10대',3,95.32,0.65,2830,20
'2017-02','340',' 혜화동 로터리','일일(회원)','M','~10대',2,2729.43,2.13,9190,81
'2017-02','341',' 혜화역 3번출구 뒤','일일(회원)','M','~10대',1,107,0.9,3860,22
'2017-02','346',' 맥스타일 앞','일일(회원)','M','~10대',1,55.16,0.46,1990,22
'2017-02','347',' 동대문역사문화공원역 9번출구 앞','일일(회원)','M','~10대',2,135.55,1.16,5020,38
'2017-02','352',' 중앙고입구 삼거리','일일(회원)','M','~10대',2,152.54,0.99,4280,41
'2017-02','355',' 서울사대부속초교 앞','일일(회원)','M','~10대',1,152.54,0.99,4280,32
'2017-02','356',' KT혜화지사 앞','일일(회원)','M','~10대',2,89.79,0.75,3240,21
'2017-02','358',' 성대입구 사거리','일일(회원)','M','~10대',1,164.8,1.42,6120,40
'2017-02','113',' 홍대입구역 2번출구 앞','일일(회원)','M','~10대',2,137.57,1.07,4640,38
'2017-02','367',' 독립문역 3-1번출구 ','일일(회원)','M','~10대',1,47.36,0.43,1840,9
'2017-02','369',' 광화문 시민열린마당','일일(회원)','M','~10대',5,697.43,2.57,11120,139
'2017-02','348',' 독립문역 사거리','일일(회원)','M','~10대',1,381.35,2.23,9630,89
'2017-02','118',' 광흥창역 2번출구 앞','일일(회원)','M','~10대',1,64.61,0.58,2510,25
'2017-02','375',' 다산 어린이공원','일일(회원)','M','~10대',1,58.69,0.53,2280,30
'2017-02','377',' 서울역 4번출구 앞','일일(회원)','M','~10대',5,547.39,4.35,18780,261
'2017-02','379',' 서울역9번출구','일일(회원)','M','~10대',4,391.6,3.45,14860,97
'2017-02','383',' 신당역 12번 출구 뒤','일일(회원)','M','~10대',1,28.83,0.24,1040,6
'2017-02','384',' 종로학원본원 ','일일(회원)','M','~10대',1,15.19,0.14,590,3
'2017-02','114',' 홍대입구역 8번출구 앞','일일(회원)','M','~10대',3,285.3,2.11,9080,59
'2017-02','146',' 마포역 1번출구 뒤','일일(회원)','M','~10대',3,360.76,2.96,12740,110
'2017-02','159',' 이대역 4번 출구','일일(회원)','M','~10대',1,85.66,0.78,3380,15
'2017-02','160',' 북아현동 가구거리','일일(회원)','M','~10대',1,183.38,1.58,6810,47
'2017-02','162',' 봉원고가차도 밑','일일(회원)','M','~10대',1,44.53,0.4,1730,7
'2017-02','163',' 명지전문대학교 정문 앞','일일(회원)','M','~10대',2,117.61,1.25,5400,61
'2017-02','164',' 북가좌1동 주민센터 ','일일(회원)','M','~10대',4,808.6,7.08,30560,352
'2017-02','165',' 중앙근린공원','일일(회원)','M','~10대',2,351.56,3.5,15090,101
'2017-02','179',' 가좌역 4번출구 앞','일일(회원)','M','~10대',1,72.25,0.48,2050,13
'2017-02','180',' 충정로역 7번출구 뒤','일일(회원)','M','~10대',1,23.94,0.22,930,7
'2017-02','519',' 양지사거리','일일(회원)','M','~10대',1,69.3,0.58,2500,17
'2017-02','525',' 한양대병원사거리','일일(회원)','M','~10대',1,197.09,1.65,7110,45
'2017-02','526',' 용답토속공원 앞','일일(회원)','M','~10대',2,319.2,1.93,8310,73
'2017-02','530',' 청계벽산아파트 앞','일일(회원)','M','~10대',1,22.55,0.17,730,2
'2017-02','537',' 한양대후문역 부근','일일(회원)','M','~10대',1,231.96,1.81,7810,43
'2017-02','538',' 답십리역 8번출구 앞','일일(회원)','M','~10대',1,36.49,0.22,950,4
'2017-02','542',' 강변역 4번출구 뒤','일일(회원)','M','~10대',1,167.98,1.41,6060,39
'2017-02','543',' 구의공원(테크노마트 앞)','일일(회원)','M','~10대',3,427.17,3.57,15410,83
'2017-02','544',' 광남중학교','일일(회원)','M','~10대',1,532.46,3.47,14940,105
'2017-02','546',' 잠실대교북단 교차로','일일(회원)','M','~10대',2,84.17,0.76,3270,56
'2017-02','600',' 휘경2동 주민센터','일일(회원)','M','~10대',1,369.14,2.23,9610,56
'2017-02','606',' 휘경공고앞','일일(회원)','M','~10대',1,230.37,2.08,8950,54
'2017-02','607',' 신이문역 2번출구','일일(회원)','M','~10대',2,848.36,4.07,17560,115
'2017-02','609',' 제기2교','일일(회원)','M','~10대',1,155.91,1.47,6350,29
'2017-02','613',' 신설동역 10번출구 앞','일일(회원)','M','~10대',1,70.01,0.63,2720,27
'2017-02','617',' 청솔우성아파트 앞','일일(회원)','M','~10대',1,70.01,0.63,2720,21
'2017-02','227',' 양평2나들목 보행통로 입구','일일(회원)','M','~10대',1,146.14,1.53,6590,58
'2017-02','228',' 선유도역 3번출구 앞','일일(회원)','M','~10대',1,156.6,1.67,7190,29
'2017-02','229',' 양평1 보행육교 앞','일일(회원)','M','~10대',2,455.84,3.61,15530,112
'2017-02','127',' 현대벤처빌 앞','일일(회원)','M','~10대',1,44.33,0.45,1930,19
'2017-02','241',' 신길우성1차아파트 앞 공원','일일(회원)','M','~10대',1,100.39,0.9,3900,27
'2017-02','244',' 영등포삼환아파트 앞','일일(회원)','M','~10대',6,579.96,4.73,20360,127
'2017-02','247',' 당산역 10번출구 앞','일일(회원)','M','~10대',1,94.64,0.55,2390,16
'2017-02','248',' 초원아파트 앞','일일(회원)','M','~10대',1,296.89,2.6,11190,47
'2017-02','252',' 보라매역4번출구','일일(회원)','M','~10대',1,175.29,1.58,6810,105
'2017-02','253',' 신풍역 5번출구 인근','일일(회원)','M','~10대',1,33.15,0.21,900,6
'2017-02','254',' 도림신협 앞','일일(회원)','M','~10대',1,219.1,2.29,9880,68
'2017-02','257',' 신길삼거리(우리은행)','일일(회원)','M','~10대',1,126.85,1.33,5720,49
'2017-02','259',' 대방역6번출구','일일(회원)','M','~10대',1,57.02,0.43,1870,17
'2017-02','700',' KB국민은행 염창역 지점 앞','일일(회원)','M','~10대',1,210.1,1.52,6550,51
'2017-02','704',' 남부법원검찰청 교차로','일일(회원)','M','~10대',1,28.51,0.22,960,7
'2017-02','706',' 신정네거리역','일일(회원)','M','~10대',2,204.63,1.41,6110,73
'2017-02','800',' 목월공원 앞','일일(회원)','M','~10대',3,346.78,2.91,12510,79
'2017-02','802',' 한강진역 2번 출구 앞','일일(회원)','M','~10대',1,259.92,2.99,12870,59
'2017-02','803',' 한남초교 앞 보도육교','일일(회원)','M','~10대',3,97.91,0.81,3450,39
'2017-02','806',' 전자랜드 본관 앞','일일(회원)','M','~10대',4,341.42,2.99,12880,118
'2017-02','807',' 서울역 12번 출구 앞','일일(회원)','M','~10대',1,85.54,0.56,2400,16
'2017-02','808',' 서빙고동 금호맨션 앞','일일(회원)','M','~10대',2,581.26,5.24,22610,169
'2017-02','809',' 한남 유수지 복개주차장','일일(회원)','M','~10대',9,982.3,8.23,35430,299
'2017-02','812',' 용산전쟁기념관','일일(회원)','M','~10대',5,480.42,3.12,13480,143
'2017-02','815',' LIG강촌아파트 103동앞','일일(회원)','M','~10대',1,266.05,2.29,9880,58
'2017-02','386',' 올림픽기념 국민생활관 앞','일일(회원)','M','~10대',1,178.38,1.61,6930,52
'2017-02','182',' 망원2빗물펌프장 앞','일일(회원)','M','~10대',1,59.2,0.53,2300,9
'2017-02','185',' 마포 신수공원 앞','일일(회원)','M','~10대',1,288.49,2.17,9340,45
'2017-02','186',' 월드컵공원','일일(회원)','M','~10대',5,411.81,3.51,15090,226
'2017-02','188',' 홍은동 정원여중 입구','일일(회원)','M','~10대',1,373.33,2.96,12740,73
'2017-02','195',' 모래내고가차도 ','일일(회원)','M','~10대',1,37.78,0.37,1590,10
'2017-02','558',' 성동광진 교육지원청 앞','일일(회원)','M','~10대',1,153.49,0.95,4080,23
'2017-02','134',' 연세로 명물길','일일(회원)','M','~10대',2,683.43,4.75,20470,128
'2017-02','559',' 왕십리역 4번 출구 건너편','일일(회원)','M','~10대',3,185.45,1.67,7170,47
'2017-02','561',' 서울숲역 2번출구 앞','일일(회원)','M','~10대',6,1463.46,13.68,58970,371
'2017-02','565',' 옥수역 3번출구','일일(회원)','M','~10대',3,350.1,2.93,12630,57
'2017-02','568',' 청계8가사거리 부근','일일(회원)','M','~10대',1,22.55,0.17,730,4
'2017-02','552',' 대림아크로리버 앞','일일(회원)','M','~10대',2,1025.38,9.85,42450,308
'2017-02','624',' 전농동 동아아파트 앞','일일(회원)','M','~10대',1,83.14,0.75,3230,39
'2017-02','102',' 망원역 1번출구 앞','일일(회원)','M','~10대',1,161.62,1.66,7160,34
'2017-02','638',' 서울시립대 정보기술관','일일(회원)','M','~10대',1,126.78,0.81,3480,21
'2017-02','639',' 서울시립대 후문','일일(회원)','M','~10대',3,75.34,0.76,3280,18
'2017-02','641',' 용두역 4번출구','일일(회원)','M','~10대',4,462.28,3.66,15760,120
'2017-02','642',' 신답역 사거리','일일(회원)','M','~10대',2,155.11,1.26,5440,25
'2017-02','230',' 영등포구청역 1번출구','일일(회원)','M','~10대',1,135.94,1.42,6130,41
'2017-02','260',' 여의도 마리나선착장 앞','일일(회원)','M','~10대',6,458.78,4.22,18190,110
'2017-02','267',' 삼성화재 사옥 옆','일일(회원)','M','~10대',1,97.3,0.9,3900,57
'2017-02','270',' 증권거래소후문교차로','일일(회원)','M','~10대',1,314.9,2.6,11200,108
'2017-02','272',' 당산육갑문','일일(회원)','M','~10대',2,461.62,4.29,18500,153
'2017-02','817',' 삼각지역 4번출구 앞','일일(회원)','M','~10대',1,59.32,0.5,2140,16
'2017-02','818',' 숙명여대 입구 교차로','일일(회원)','M','~10대',2,128.16,0.88,3810,26
'2017-02','819',' 선린인터넷 고등학교','일일(회원)','M','~10대',4,479.04,4.15,17940,107
'2017-02','822',' 이촌1동 마을공원','일일(회원)','M','~10대',1,179.27,1.17,5030,14
'2017-02','825',' 서빙고동 주민센터 앞','일일(회원)','M','~10대',4,648.77,5.23,22520,137
'2017-02','584',' 광진광장 교통섬','일일(회원)','M','~10대',2,284.89,2.29,9880,62
'2017-02','200',' 국회의원회관','일일(회원)','M','~10대',1,134.43,0.96,4140,33
'2017-02','905',' 구파발역 2번출구','일일(회원)','M','~10대',1,62.2,0.47,2040,7
'2017-02','906',' 연신내역 5번출구150M 아래','일일(회원)','M','~10대',1,76.96,0.69,2990,20
'2017-02','908',' 구산역 4번출구','일일(회원)','M','~10대',1,109.14,1.23,5300,23
'2017-02','911',' 은평평화공원(역촌역4번출구)','일일(회원)','M','~10대',1,230.03,2.01,8670,61
'2017-02','202',' 국민일보 앞','일일(회원)','M','~10대',1,40.42,0.29,1260,10
'2017-02','103',' 망원역 2번출구 앞','일일(회원)','M','~10대',1,347.75,3.13,13510,65
'2017-02','204',' 국회의사당역 5번출구 옆','일일(회원)','M','~10대',1,76.84,0.71,3080,26
'2017-02','205',' 산업은행 앞','일일(회원)','M','~10대',3,560.46,5.15,22190,114
'2017-02','206',' KBS 앞','일일(회원)','M','~10대',1,21.11,0.19,820,8
'2017-02','209',' 유진투자증권빌딩 앞','일일(회원)','M','~10대',1,37.14,0.31,1340,10
'2017-02','210',' IFC몰','일일(회원)','M','~10대',2,98.97,0.89,3840,29
'2017-02','211',' 여의도역 4번출구 옆','일일(회원)','M','~10대',2,137.59,1.43,6170,51
'2017-02','212',' 여의도역 1번출구 옆','일일(회원)','M','~10대',1,321.72,2.33,10030,84
'2017-02','219',' 롯데캐슬엠파이어 옆','일일(회원)','M','~10대',2,150.04,1.12,4820,37
'2017-02','215',' 여의도고교 앞','일일(회원)','M','~10대',3,572.38,5.32,22940,161
'2017-02','221',' 여의도초교 앞','일일(회원)','M','~10대',1,66.86,0.58,2520,16
'2017-02','222',' 시범아파트버스정류장 옆','일일(회원)','M','~10대',1,63.97,0.46,1970,17
'2017-02','224',' 롯데캐슬 앞','일일(회원)','M','~10대',1,46.9,0.44,1880,13
'2017-02','225',' 앙카라공원 앞','일일(회원)','M','~10대',2,298.67,2.36,10180,106
'2017-02','207',' 여의나루역 1번출구 앞','일일(회원)','M','~10대',11,1918.05,19.05,82170,585
'2017-02','106',' 합정역 7번출구 앞','일일(회원)','M','~10대',1,81.26,0.79,3420,18
'2017-02','405',' DMC빌 앞','일일(회원)','M','~10대',1,21.34,0.23,980,4
'2017-02','421',' 마포구청 앞','일일(회원)','M','~10대',3,402.26,2.85,12300,88
'2017-02','420',' 서울시 공공자전거 상암센터','일일(회원)','M','~10대',2,83.92,0.76,3260,26
'2017-02','419',' 홈플러스 앞','일일(회원)','M','~10대',2,322.04,2.95,12720,80
'2017-02','418',' 월드컵경기장역 3번출구 옆','일일(회원)','M','~10대',4,366.93,3.49,15020,88
'2017-02','417',' DMC역 2번출구 옆','일일(회원)','M','~10대',2,370.95,3.15,13590,134
'2017-02','500',' 어린이대공원역 3번출구 앞','일일(회원)','M','~10대',1,103.2,0.83,3570,21
'2017-02','501',' 광진구의회 앞','일일(회원)','M','~10대',1,130.2,1.25,5390,38
'2017-02','502',' 뚝섬유원지역 1번출구 앞','일일(회원)','M','~10대',7,736.94,6.29,27070,206
'2017-02','108',' 서교동 사거리','일일(회원)','M','20대',11,1293.92,11.54,49790,317
'2017-02','503',' 더샵스타시티 C동 앞','일일(회원)','M','20대',8,739.53,6.23,26850,265
'2017-02','504',' 신자초교입구교차로','일일(회원)','M','20대',6,838.13,6.35,27370,459
'2017-02','505',' 자양사거리 광진아크로텔 앞','일일(회원)','M','20대',12,2264.23,17.87,76970,351
'2017-02','506',' 금호 어울림 아파트 앞','일일(회원)','M','20대',3,469.82,3.42,14710,95
'2017-02','508',' 성수아카데미타워 앞','일일(회원)','M','20대',2,86.98,0.76,3300,31
'2017-02','509',' 이마트 버스정류소 옆','일일(회원)','M','20대',7,386.93,3.43,14720,155
'2017-02','510',' 서울숲 남문 버스정류소 옆','일일(회원)','M','20대',9,1378.23,10.14,43720,384
'2017-02','511',' 서울숲역 4번 출구 옆','일일(회원)','M','20대',26,3333.59,27.06,116650,1272
'2017-02','512',' 뚝섬역 1번 출구 옆','일일(회원)','M','20대',21,2263.65,18.48,79740,672
'2017-02','109',' 제일빌딩 앞','일일(회원)','M','20대',18,1960.82,16.57,71440,561
'2017-02','400',' 상암한화오벨리스크 1차 앞','일일(회원)','M','20대',4,326.55,2.21,9540,40
'2017-02','513',' 뚝섬역 5번 출구 정류소 옆','일일(회원)','M','20대',8,998.87,8.85,38100,208
'2017-02','514',' 성수사거리 버스정류장 앞','일일(회원)','M','20대',6,517.76,4.44,19180,126
'2017-02','515',' 광양중학교 앞','일일(회원)','M','20대',6,966.62,8.51,36670,174
'2017-02','516',' 광진메디칼 앞','일일(회원)','M','20대',11,865.96,7.28,31330,352
'2017-02','300',' 정동사거리','일일(회원)','M','20대',11,1185.1,10.31,44470,202
'2017-02','301',' 경복궁역 7번출구 앞','일일(회원)','M','20대',3,247.56,2.27,9830,48
'2017-02','302',' 경복궁역 4번출구 뒤','일일(회원)','M','20대',10,1138.32,9.12,39370,255
'2017-02','303',' 광화문역 1번출구 앞','일일(회원)','M','20대',6,256.42,2.56,11070,124
'2017-02','115',' 사루비아 빌딩 앞','일일(회원)','M','20대',21,2155.16,17.71,76290,655
'2017-02','304',' 광화문역 2번출구 앞','일일(회원)','M','20대',8,579.67,4.84,20900,182
'2017-02','305',' 종로구청 옆','일일(회원)','M','20대',5,446.36,3.85,16600,181
'2017-02','306',' 광화문역 7번출구 앞','일일(회원)','M','20대',5,224.58,1.81,7830,86
'2017-02','307',' 서울역사박물관 앞','일일(회원)','M','20대',8,1172.85,9.58,41320,262
'2017-02','308',' 광화문 S타워 앞','일일(회원)','M','20대',10,873.3,7.83,33700,292
'2017-02','309',' 광화문역 6번출구 옆','일일(회원)','M','20대',6,718.93,5.92,25520,227
'2017-02','310',' 청계광장 옆','일일(회원)','M','20대',3,227.75,1.98,8500,92
'2017-02','311',' 서울광장 옆','일일(회원)','M','20대',14,1022.55,8.22,35430,281
'2017-02','312',' 시청역 1번출구 뒤','일일(회원)','M','20대',3,393.48,2.72,11710,89
'2017-02','313',' 서울역 광장 파출소 옆','일일(회원)','M','20대',4,690.88,5.73,24680,181
'2017-02','110',' 사천교','일일(회원)','M','20대',6,627.93,5.17,22290,193
'2017-02','314',' 국립현대미술관','일일(회원)','M','20대',10,848.1,7.21,31070,244
'2017-02','315',' 신한은행 안국역지점 옆','일일(회원)','M','20대',21,1535.3,12.38,53470,486
'2017-02','316',' 종각역 1번출구 앞','일일(회원)','M','20대',7,512.07,4.63,19910,188
'2017-02','318',' 광교사거리 남측','일일(회원)','M','20대',2,235.68,1.82,7840,91
'2017-02','320',' 을지로입구역 4번출구 앞','일일(회원)','M','20대',4,528.5,3.98,17120,157
'2017-02','321',' KEB 하나은행 본점 앞','일일(회원)','M','20대',10,713.08,6.05,26050,177
'2017-02','322',' 명동성당 앞','일일(회원)','M','20대',5,314.63,2.77,11950,110
'2017-02','116',' 일진아이윌아파트 옆','일일(회원)','M','20대',11,1225.79,9.72,41850,281
'2017-02','324',' 신세계백화점 본점 앞','일일(회원)','M','20대',7,728.15,5.19,22340,283
'2017-02','326',' 안국역 5번출구 앞','일일(회원)','M','20대',11,934.61,7.64,32880,319
'2017-02','327',' 낙원상가 옆','일일(회원)','M','20대',7,412.34,3.41,14680,106
'2017-02','328',' 탑골공원 앞','일일(회원)','M','20대',24,2884.99,23.2,99930,674
'2017-02','329',' 청계2가 사거리 옆','일일(회원)','M','20대',20,1102.86,9.49,40880,423
'2017-02','330',' 청계천 한빛광장','일일(회원)','M','20대',9,954.64,7.57,32640,337
'2017-02','331',' 을지로2가 사거리 북측','일일(회원)','M','20대',3,452.71,4.08,17610,78
'2017-02','332',' 을지로2가 사거리 남측','일일(회원)','M','20대',4,332.82,2.34,10060,62
'2017-02','111',' 상수역 2번출구 앞','일일(회원)','M','20대',16,1935.31,17.33,74720,501
'2017-02','334',' 종로3가역 2번출구 뒤','일일(회원)','M','20대',5,237.06,2.1,9090,88
'2017-02','335',' 종로3가역 15번출구 앞','일일(회원)','M','20대',10,1006.98,8.52,36760,262
'2017-02','336',' 티마크 호텔 앞','일일(회원)','M','20대',13,1073.57,8.54,36860,284
'2017-02','337',' 창경궁 입구','일일(회원)','M','20대',9,898.94,7.05,30370,212
'2017-02','338',' 세운스퀘어 앞','일일(회원)','M','20대',28,2513.56,20.72,89450,812
'2017-02','339',' 종로4가 사거리','일일(회원)','M','20대',16,1458.05,11.97,51660,369
'2017-02','340',' 혜화동 로터리','일일(회원)','M','20대',10,933.6,8.07,34740,277
'2017-02','341',' 혜화역 3번출구 뒤','일일(회원)','M','20대',19,1334.87,10.89,46830,513
'2017-02','342',' 대학로 마로니에공원','일일(회원)','M','20대',25,2343.45,19.13,82440,962
'2017-02','343',' 예일빌딩(율곡로) 앞','일일(회원)','M','20대',2,144.91,1.31,5630,44
'2017-02','112',' 극동방송국 앞','일일(회원)','M','20대',20,2322.74,18.83,81110,600
'2017-02','344',' 성균관대 E하우스 앞','일일(회원)','M','20대',6,470.32,4.24,18280,148
'2017-02','345',' 서울보증보험본사 앞','일일(회원)','M','20대',1,174.6,1.44,6210,53
'2017-02','346',' 맥스타일 앞','일일(회원)','M','20대',12,963.86,8.35,36000,440
'2017-02','347',' 동대문역사문화공원역 9번출구 앞','일일(회원)','M','20대',10,993.1,8.96,38550,236
'2017-02','349',' 사직동주민센터','일일(회원)','M','20대',5,359.78,3.16,13630,114
'2017-02','350','KEB 하나은행(내자동 지점) 앞','일일(회원)','M','20대',5,378.58,2.93,12650,134
'2017-02','351',' 청운초교 앞 삼거리','일일(회원)','M','20대',11,1408.45,10.75,46370,419
'2017-02','352',' 중앙고입구 삼거리','일일(회원)','M','20대',2,241.74,2.08,8950,92
'2017-02','353',' 재동초교 앞 삼거리','일일(회원)','M','20대',4,339.73,2.7,11640,117
'2017-02','117',' 홍은사거리','일일(회원)','M','20대',1,86.96,0.71,3050,15
'2017-02','354',' 포르투갈 대사관 앞','일일(회원)','M','20대',16,1168.28,9.92,42760,313
'2017-02','355',' 서울사대부속초교 앞','일일(회원)','M','20대',5,447.11,3.98,17120,131
'2017-02','356',' KT혜화지사 앞','일일(회원)','M','20대',11,719.56,5.84,25130,283
'2017-02','358',' 성대입구 사거리','일일(회원)','M','20대',26,2273.3,17.96,77410,554
'2017-02','359',' 원남동사거리','일일(회원)','M','20대',10,609.22,5.05,21750,171
'2017-02','361',' 동묘앞역 1번출구 뒤','일일(회원)','M','20대',9,944.42,8.12,35030,282
'2017-02','362',' 청계8가 사거리','일일(회원)','M','20대',6,650.96,4.99,21440,163
'2017-02','363',' 신설동역 11번출구 뒤','일일(회원)','M','20대',8,877.16,7.4,31900,307
'2017-02','364',' 창신역 1번출구 앞','일일(회원)','M','20대',3,257.21,2.32,9990,88
'2017-02','113',' 홍대입구역 2번출구 앞','일일(회원)','M','20대',43,4085.15,33.91,146000,1042
'2017-02','367',' 독립문역 3-1번출구 ','일일(회원)','M','20대',3,266.58,2.33,10010,69
'2017-02','368',' SK 서린빌딩 앞','일일(회원)','M','20대',3,287.5,2.2,9490,66
'2017-02','369',' 광화문 시민열린마당','일일(회원)','M','20대',6,257.63,2.4,10390,71
'2017-02','348',' 독립문역 사거리','일일(회원)','M','20대',3,676.91,4.91,21190,154
'2017-02','370',' 시청역(2호선) 9번출구 뒤','일일(회원)','M','20대',6,619.9,5.43,23410,220
'2017-02','371',' 동대입구역 6번출구 뒤','일일(회원)','M','20대',9,1053.99,8.62,37100,279
'2017-02','372',' 약수역 3번출구 뒤','일일(회원)','M','20대',4,469.11,3.81,16420,101
'2017-02','374',' 청구역 2번출구 앞','일일(회원)','M','20대',7,507,4.23,18200,116
'2017-02','118',' 광흥창역 2번출구 앞','일일(회원)','M','20대',12,1124.36,9.01,38800,274
'2017-02','375',' 다산 어린이공원','일일(회원)','M','20대',18,1877.61,15.53,66930,519
'2017-02','377',' 서울역 4번출구 앞','일일(회원)','M','20대',3,254.34,2.08,8950,93
'2017-02','378',' 청계7가 사거리','일일(회원)','M','20대',4,252.31,2.05,8880,83
'2017-02','379',' 서울역9번출구','일일(회원)','M','20대',9,1225.94,9.87,42550,339
'2017-02','380',' CJ제일제당 앞','일일(회원)','M','20대',17,2229.19,15.39,66320,579
'2017-02','381',' 장충체육관','일일(회원)','M','20대',2,338.51,2.73,11770,132
'2017-02','382',' 약수역 10번출구 앞','일일(회원)','M','20대',4,495.92,3.85,16590,256
'2017-02','383',' 신당역 12번 출구 뒤','일일(회원)','M','20대',15,1225.62,10.39,44700,304
'2017-02','384',' 종로학원본원 ','일일(회원)','M','20대',3,189.53,1.85,7970,72
'2017-02','114',' 홍대입구역 8번출구 앞','일일(회원)','M','20대',21,2146.95,16.68,71930,437
'2017-02','142',' 아현역 4번출구 앞','일일(회원)','M','20대',5,265.77,2.6,11200,82
'2017-02','143',' 공덕역 2번출구','일일(회원)','M','20대',9,1355.19,13.22,56940,342
'2017-02','144',' 공덕역 8번출구','일일(회원)','M','20대',13,893.51,7.55,32590,296
'2017-02','145',' 공덕역 5번출구','일일(회원)','M','20대',11,1210,8.74,37710,333
'2017-02','146',' 마포역 1번출구 뒤','일일(회원)','M','20대',12,1992.7,14.83,63940,382
'2017-02','147',' 마포역 4번출구 뒤','일일(회원)','M','20대',8,1259.52,10.4,44870,249
'2017-02','148',' 용강동 주민센터 앞','일일(회원)','M','20대',1,42.47,0.38,1650,16
'2017-02','150',' 서강대역 2번출구 앞','일일(회원)','M','20대',20,2190.33,18.23,78590,566
'2017-02','151',' 망원1동주민센터','일일(회원)','M','20대',3,126.56,1.11,4810,48
'2017-02','152',' 마포구민체육센터 앞','일일(회원)','M','20대',20,3404.16,27.18,117100,795
'2017-02','119',' 서강나루 공원','일일(회원)','M','20대',11,1580.76,13,56010,404
'2017-02','153',' 성산2교 사거리','일일(회원)','M','20대',9,1592.26,12.34,53210,333
'2017-02','154',' 마포구청역 ','일일(회원)','M','20대',9,1885.3,15.17,65310,295
'2017-02','155',' 가좌역1 번출구 뒤','일일(회원)','M','20대',7,491.64,4.21,18160,119
'2017-02','156',' 서울서부지방법원 앞','일일(회원)','M','20대',2,85.97,0.76,3290,16
'2017-02','157',' 애오개역 4번출구 앞','일일(회원)','M','20대',2,450.13,3.94,17010,107
'2017-02','158',' 독립문 어린이 공원','일일(회원)','M','20대',5,499,4.13,17810,111
'2017-02','159',' 이대역 4번 출구','일일(회원)','M','20대',7,444.76,4.14,17830,126
'2017-02','160',' 북아현동 가구거리','일일(회원)','M','20대',19,2824.34,24.73,106570,864
'2017-02','161',' 무악재역1번 출구','일일(회원)','M','20대',4,369.05,2.93,12610,127
'2017-02','162',' 봉원고가차도 밑','일일(회원)','M','20대',24,1026.09,8.7,37470,178
'2017-02','120',' 신수동 사거리','일일(회원)','M','20대',4,284.71,2.18,9380,53
'2017-02','163',' 명지전문대학교 정문 앞','일일(회원)','M','20대',13,1440.34,12.45,53670,410
'2017-02','164',' 북가좌1동 주민센터 ','일일(회원)','M','20대',3,91.64,0.91,3900,30
'2017-02','165',' 중앙근린공원','일일(회원)','M','20대',2,124.71,1.29,5530,55
'2017-02','166',' 가재울 초등학교','일일(회원)','M','20대',3,112.27,0.99,4250,22
'2017-02','167',' 연가초등학교 옆','일일(회원)','M','20대',4,580.35,4.35,18810,121
'2017-02','168',' 남가좌동 사거리','일일(회원)','M','20대',4,501.45,3.94,16980,128
'2017-02','169',' 북가좌 삼거리','일일(회원)','M','20대',1,184.79,1.27,5490,60
'2017-02','170',' 가재울 뉴타운 주유소 옆','일일(회원)','M','20대',5,846.19,7.25,31250,255
'2017-02','171',' 임광빌딩 앞','일일(회원)','M','20대',5,660.24,5.4,23320,136
'2017-02','172',' 서대문소방서','일일(회원)','M','20대',4,296.67,2.3,9920,100
'2017-02','121',' 마포소방서 앞','일일(회원)','M','20대',3,411.73,3.51,15080,83
'2017-02','173',' 서대문역 8번출구 앞','일일(회원)','M','20대',6,358.71,2.7,11680,145
'2017-02','175',' 홍연2교옆','일일(회원)','M','20대',14,2707.69,23.54,101460,644
'2017-02','179',' 가좌역 4번출구 앞','일일(회원)','M','20대',8,973.76,8.65,37320,268
'2017-02','180',' 충정로역 7번출구 뒤','일일(회원)','M','20대',6,582.12,5.54,23840,159
'2017-02','519',' 양지사거리','일일(회원)','M','20대',12,1220.31,9.7,41840,441
'2017-02','520',' 상왕십리역 4번 출구 앞','일일(회원)','M','20대',1,0,0,0,8
'2017-02','521',' 왕십리역 11번 출구 앞','일일(회원)','M','20대',19,972.11,6.77,29170,353
'2017-02','523',' 옥수동성당 옆','일일(회원)','M','20대',3,492,3.71,15990,80
'2017-02','122',' 신성기사식당 앞','일일(회원)','M','20대',10,1270.46,10.82,46640,432
'2017-02','524',' 래미안금호하이리버 아파트 102동 옆','일일(회원)','M','20대',4,692.52,6.24,26900,233
'2017-02','525',' 한양대병원사거리','일일(회원)','M','20대',62,9944.77,85.32,367770,2804
'2017-02','526',' 용답토속공원 앞','일일(회원)','M','20대',5,533.09,4.46,19240,126
'2017-02','529',' 장한평역 8번 출구 앞','일일(회원)','M','20대',14,1118.45,8.35,35990,267
'2017-02','530',' 청계벽산아파트 앞','일일(회원)','M','20대',1,18.79,0.17,730,2
'2017-02','534',' 금호사거리','일일(회원)','M','20대',1,486.21,4.07,17540,88
'2017-02','535',' 응봉삼거리','일일(회원)','M','20대',2,717.51,5,21560,122
'2017-02','536',' 행당역 2번출구 앞','일일(회원)','M','20대',28,2038.35,13.35,57580,591
'2017-02','537',' 한양대후문역 부근','일일(회원)','M','20대',15,2415.58,18.39,79270,392
'2017-02','123',' 문화촌 공원','일일(회원)','M','20대',1,144.27,1.28,5520,30
'2017-02','538',' 답십리역 8번출구 앞','일일(회원)','M','20대',12,1162.75,9.05,39000,262
'2017-02','550',' 서울시설공단 앞','일일(회원)','M','20대',6,388.93,2.67,11520,96
'2017-02','539',' 군자교교차로','일일(회원)','M','20대',3,385.58,2.91,12540,108
'2017-02','540',' 군자역 7번출구 베스트샵 앞','일일(회원)','M','20대',27,2739.94,23.31,100410,651
'2017-02','542',' 강변역 4번출구 뒤','일일(회원)','M','20대',8,656.41,6.24,26880,226
'2017-02','543',' 구의공원(테크노마트 앞)','일일(회원)','M','20대',10,1105.7,8.83,38030,493
'2017-02','544',' 광남중학교','일일(회원)','M','20대',2,344.4,3.1,13380,89
'2017-02','546',' 잠실대교북단 교차로','일일(회원)','M','20대',5,552.25,4.62,19950,202
'2017-02','548',' 자양나들목','일일(회원)','M','20대',8,549.07,4.74,20460,238
'2017-02','124',' 서강대 정문 건너편','일일(회원)','M','20대',10,1401.83,11.51,49650,338
'2017-02','600',' 휘경2동 주민센터','일일(회원)','M','20대',6,1065.83,8.73,37690,298
'2017-02','601',' 용신동주민센터','일일(회원)','M','20대',2,88.31,0.52,2230,24
'2017-02','602',' 장안동 사거리','일일(회원)','M','20대',16,1378.38,10.39,44770,310
'2017-02','604',' 답십리초등학교 옆 공원','일일(회원)','M','20대',23,1752.55,12.68,54690,308
'2017-02','605',' 신설동역8번출구','일일(회원)','M','20대',6,2150.06,14.82,63880,421
'2017-02','606',' 휘경공고앞','일일(회원)','M','20대',1,29.46,0.29,1240,7
'2017-02','607',' 신이문역 2번출구','일일(회원)','M','20대',6,501.6,4.1,17690,162
'2017-02','608',' 전농삼성아파트','일일(회원)','M','20대',1,50.45,0.57,2450,15
'2017-02','609',' 제기2교','일일(회원)','M','20대',13,1526.31,12.89,55560,509
'2017-02','125',' 서강대 남문 옆','일일(회원)','M','20대',21,3589.66,29.1,125430,720
'2017-02','610',' 동대문중 교차로','일일(회원)','M','20대',8,568.95,5.29,22790,137
'2017-02','612',' 시립동부병원 앞 사거리','일일(회원)','M','20대',2,265.52,2.07,8940,36
'2017-02','613',' 신설동역 10번출구 앞','일일(회원)','M','20대',12,1103.98,8.9,38370,367
'2017-02','614',' 용두동 사거리','일일(회원)','M','20대',16,1693.49,13.66,58880,524
'2017-02','615',' 용두동 레미안허브리츠아파트 앞','일일(회원)','M','20대',3,1454.03,11.63,50130,257
'2017-02','616',' 서울시립대 앞','일일(회원)','M','20대',4,446.4,3.5,15090,125
'2017-02','617',' 청솔우성아파트 앞','일일(회원)','M','20대',2,101.79,0.89,3810,21
'2017-02','227',' 양평2나들목 보행통로 입구','일일(회원)','M','20대',1,247.6,1.42,6130,58
'2017-02','228',' 선유도역 3번출구 앞','일일(회원)','M','20대',7,1098.7,8.7,37490,225
'2017-02','229',' 양평1 보행육교 앞','일일(회원)','M','20대',2,348.91,3.38,14590,104
'2017-02','126',' 서강대 후문 옆','일일(회원)','M','20대',16,1281.06,10.48,45100,375
'2017-02','231',' 남부고용노동지청 남측','일일(회원)','M','20대',2,227.98,1.8,7780,43
'2017-02','232',' 양평우림 이비즈센타 앞','일일(회원)','M','20대',5,625.93,4.39,18940,201
'2017-02','234',' 영등포구민체육센터 앞','일일(회원)','M','20대',5,917.38,7.73,33320,173
'2017-02','235',' 신길동 우리은행 옆','일일(회원)','M','20대',1,76.71,0.69,2980,21
'2017-02','236',' 문래동자이아파트 앞','일일(회원)','M','20대',9,940.62,7.63,32880,305
'2017-02','237',' 보라매 두산위브 건너편','일일(회원)','M','20대',4,445.37,3.57,15360,139
'2017-02','238',' 제2구민체육센타 앞','일일(회원)','M','20대',3,183.49,1.33,5740,32
'2017-02','239',' 유스호스텔 앞','일일(회원)','M','20대',4,342.82,2.95,12670,71
'2017-02','240',' 문래역 4번출구 앞','일일(회원)','M','20대',4,176.77,1.57,6760,81
'2017-02','127',' 현대벤처빌 앞','일일(회원)','M','20대',13,2686.72,20.36,87750,365
'2017-02','241',' 신길우성1차아파트 앞 공원','일일(회원)','M','20대',4,962.9,6.8,29270,211
'2017-02','242',' 신길선원가와인아파트 앞','일일(회원)','M','20대',9,1135.1,10.03,43250,236
'2017-02','243',' 이앤씨드림타워 앞','일일(회원)','M','20대',1,35.21,0.36,1560,9
'2017-02','244',' 영등포삼환아파트 앞','일일(회원)','M','20대',9,1510.6,11.64,50200,309
'2017-02','245',' 삼성생명 당산사옥 앞','일일(회원)','M','20대',1,80.78,0.56,2400,15
'2017-02','247',' 당산역 10번출구 앞','일일(회원)','M','20대',11,1765.11,14.87,64170,320
'2017-02','248',' 초원아파트 앞','일일(회원)','M','20대',16,2593.72,22.58,97210,660
'2017-02','249',' 여의도중학교 옆','일일(회원)','M','20대',16,2530.77,19.85,85570,630
'2017-02','250',' 대림아파트 사거리','일일(회원)','M','20대',10,1831.29,14.34,61820,431
'2017-02','251',' 서울지방병무청 버스정류장','일일(회원)','M','20대',2,133.74,1.17,5070,27
'2017-02','101',' (구)합정동 주민센터','일일(회원)','M','20대',6,595.92,4.86,20950,189
'2017-02','128',' 신촌역(2호선) 1번출구 옆','일일(회원)','M','20대',25,3000.21,25.37,109430,819
'2017-02','252',' 보라매역4번출구','일일(회원)','M','20대',18,3152.75,25.75,110980,1040
'2017-02','253',' 신풍역 5번출구 인근','일일(회원)','M','20대',13,1357.76,11.27,48560,235
'2017-02','255',' 도림4거리','일일(회원)','M','20대',2,121.77,0.77,3290,26
'2017-02','256',' 동아에코빌입구','일일(회원)','M','20대',3,801.32,5.83,25140,258
'2017-02','257',' 신길삼거리(우리은행)','일일(회원)','M','20대',8,996.77,7.61,32790,370
'2017-02','258',' 신길역3번출구','일일(회원)','M','20대',6,455.61,4.35,18790,195
'2017-02','259',' 대방역6번출구','일일(회원)','M','20대',23,3388.59,27.09,116750,869
'2017-02','700',' KB국민은행 염창역 지점 앞','일일(회원)','M','20대',7,1303.56,10.94,47180,317
'2017-02','129',' 신촌역(2호선) 6번출구 옆','일일(회원)','M','20대',18,1612.97,13.58,58520,447
'2017-02','702',' 목4동주민센터 옆','일일(회원)','M','20대',5,701.88,6.14,26440,187
'2017-02','703',' 오목교역 7번출구 앞','일일(회원)','M','20대',24,4469.56,36.41,156950,1067
'2017-02','704',' 남부법원검찰청 교차로','일일(회원)','M','20대',2,264.41,2.98,12820,61
'2017-02','706',' 신정네거리역','일일(회원)','M','20대',5,329.42,2.63,11350,88
'2017-02','707',' 신정3동주민센터','일일(회원)','M','20대',2,196.59,2.04,8790,66
'2017-02','708',' 서울출입국관리사무소 앞','일일(회원)','M','20대',6,335.16,3.03,13080,178
'2017-02','709',' 신정3동 현장민원실 앞','일일(회원)','M','20대',3,1696.87,12.26,52830,408
'2017-02','130',' 신촌역(2호선) 7번출구 앞','일일(회원)','M','20대',15,1333.07,10.64,45840,360
'2017-02','714',' 한국SGI 양천문화회관 앞','일일(회원)','M','20대',2,445.41,3.96,17050,87
'2017-02','800',' 목월공원 앞','일일(회원)','M','20대',4,599.77,4.59,19800,171
'2017-02','802',' 한강진역 2번 출구 앞','일일(회원)','M','20대',4,385.73,3.12,13480,93
'2017-02','803',' 한남초교 앞 보도육교','일일(회원)','M','20대',2,399.31,2.82,12190,69
'2017-02','805',' 문배어린이공원 앞','일일(회원)','M','20대',3,183.11,1.36,5880,41
'2017-02','806',' 전자랜드 본관 앞','일일(회원)','M','20대',10,1287.66,11.23,48370,313
'2017-02','807',' 서울역 12번 출구 앞','일일(회원)','M','20대',9,788.77,5.79,24940,198
'2017-02','808',' 서빙고동 금호맨션 앞','일일(회원)','M','20대',4,581.23,4.83,20800,184
'2017-02','131',' 증산2교','일일(회원)','M','20대',7,1419.09,11.15,48070,383
'2017-02','809',' 한남 유수지 복개주차장','일일(회원)','M','20대',18,4393.11,36.26,156320,1049
'2017-02','810',' 이태원지하보도','일일(회원)','M','20대',3,384.08,3.49,15040,101
'2017-02','811',' 녹사평역1번출구','일일(회원)','M','20대',28,5550.29,41.41,178510,1130
'2017-02','812',' 용산전쟁기념관','일일(회원)','M','20대',15,2334.86,16.27,70170,738
'2017-02','813',' 삼각지역 3번출구','일일(회원)','M','20대',6,508.8,3.4,14680,130
'2017-02','815',' LIG강촌아파트 103동앞','일일(회원)','M','20대',10,2122.01,16.08,69320,416
'2017-02','385',' 종각역 5번출구','일일(회원)','M','20대',17,2430.32,18.92,81480,556
'2017-02','386',' 올림픽기념 국민생활관 앞','일일(회원)','M','20대',3,292.81,2.38,10260,83
'2017-02','387',' 훈련원공원주차장 앞','일일(회원)','M','20대',7,598.05,5.01,21590,300
'2017-02','181',' 망원초록길 입구','일일(회원)','M','20대',2,291.64,3.05,13150,102
'2017-02','132',' 창천문화공원','일일(회원)','M','20대',20,2638.24,22.03,94960,754
'2017-02','182',' 망원2빗물펌프장 앞','일일(회원)','M','20대',9,1131.42,9.68,41700,306
'2017-02','183',' 하늘채코오롱아파트 건너편','일일(회원)','M','20대',10,655.56,5.47,23440,162
'2017-02','184',' SK망원동주유소 건너편','일일(회원)','M','20대',4,433.37,3.73,16030,108
'2017-02','185',' 마포 신수공원 앞','일일(회원)','M','20대',3,510.52,3.86,16640,123
'2017-02','186',' 월드컵공원','일일(회원)','M','20대',20,2133.8,17.98,77480,930
'2017-02','188',' 홍은동 정원여중 입구','일일(회원)','M','20대',2,583.91,4.57,19690,90
'2017-02','191',' 정명학원','일일(회원)','M','20대',8,493.58,4.31,18530,105
'2017-02','192',' 연서어린이공원','일일(회원)','M','20대',1,29.91,0.27,1180,5
'2017-02','178',' 증산3교 앞','일일(회원)','M','20대',2,577.55,4.62,19900,91
'2017-02','133',' 해담는다리','일일(회원)','M','20대',9,1304.69,10.71,46200,288
'2017-02','194',' 증산교 앞','일일(회원)','M','20대',23,4940.91,39.49,170250,1071
'2017-02','195',' 모래내고가차도 ','일일(회원)','M','20대',13,1073.2,8.62,37160,193
'2017-02','196',' 연희교차로 인근','일일(회원)','M','20대',12,1047.73,8.22,35360,293
'2017-02','198',' 충정2교','일일(회원)','M','20대',7,529.14,4.37,18830,107
'2017-02','556',' 달맞이공원','일일(회원)','M','20대',15,2957.35,24.64,106250,631
'2017-02','557',' 도선동 주민센터 앞','일일(회원)','M','20대',4,332.42,2.86,12370,80
'2017-02','558',' 성동광진 교육지원청 앞','일일(회원)','M','20대',8,597.91,4.78,20650,121
'2017-02','134',' 연세로 명물길','일일(회원)','M','20대',15,2485.79,20.82,89830,577
'2017-02','559',' 왕십리역 4번 출구 건너편','일일(회원)','M','20대',21,1943.71,14.97,64650,572
'2017-02','560',' 비전교회 앞','일일(회원)','M','20대',6,751.09,6.17,26610,180
'2017-02','561',' 서울숲역 2번출구 앞','일일(회원)','M','20대',6,618.73,5.38,23240,329
'2017-02','562',' 군자지하보도 앞','일일(회원)','M','20대',2,35.64,0.23,1000,32
'2017-02','563',' 성동세무서 건너편','일일(회원)','M','20대',17,1535.02,12.67,54620,289
'2017-02','565',' 옥수역 3번출구','일일(회원)','M','20대',24,5377.62,44.17,190290,1258
'2017-02','567',' 성수역 2번출구 앞','일일(회원)','M','20대',9,809.33,6.92,29820,290
'2017-02','568',' 청계8가사거리 부근','일일(회원)','M','20대',16,1664.07,12.63,54390,367
'2017-02','135',' 명물길 원형무대 앞','일일(회원)','M','20대',8,617.09,5.71,24610,168
'2017-02','569',' 응봉현대아파트 정류소','일일(회원)','M','20대',2,123.18,1.05,4520,33
'2017-02','578',' 성동세무서 부근','일일(회원)','M','20대',2,203.94,1.44,6220,54
'2017-02','579',' 마장역 4번출구','일일(회원)','M','20대',7,670.69,5.75,24800,164
'2017-02','580',' 신금호역 3번출구 뒤','일일(회원)','M','20대',4,268.96,2.52,10830,73
'2017-02','581',' 용답초등학교','일일(회원)','M','20대',20,1107.13,8.9,38330,207
'2017-02','582',' 경일중학교 앞','일일(회원)','M','20대',1,35.48,0.26,1120,6
'2017-02','583',' 청계천 생태교실 앞','일일(회원)','M','20대',20,3906.82,30.05,129380,802
'2017-02','551',' 구의삼성쉐르빌 앞','일일(회원)','M','20대',9,2015.58,14.81,63860,669
'2017-02','552',' 대림아크로리버 앞','일일(회원)','M','20대',6,561.99,4.49,19330,200
'2017-02','553',' 중곡 성원APT 앞','일일(회원)','M','20대',3,461.25,3.94,17000,112
'2017-02','136',' 대흥동 주민센터','일일(회원)','M','20대',1,98.79,0.92,3960,47
'2017-02','554',' 아차산역 사거리','일일(회원)','M','20대',3,70.27,0.63,2730,66
'2017-02','555',' 구의3동주민센터','일일(회원)','M','20대',2,34.76,0.26,1110,27
'2017-02','571',' 어린이대공원역6번출구','일일(회원)','M','20대',22,1829.96,14.51,62540,651
'2017-02','572',' 국립정신 건강센터 앞','일일(회원)','M','20대',5,430.27,3.54,15230,176
'2017-02','573',' 구의문주차장 앞','일일(회원)','M','20대',19,1463.35,13.37,57670,346
'2017-02','574',' 아차산역4번출구','일일(회원)','M','20대',7,539.45,4.69,20240,148
'2017-02','575',' 중앙농협 중곡지점','일일(회원)','M','20대',3,756.92,5.64,24310,151
'2017-02','576',' 광나루역 3번 출구','일일(회원)','M','20대',3,185.32,1.44,6200,64
'2017-02','577',' 광진청소년수련관','일일(회원)','M','20대',4,1034.99,5.55,23940,97
'2017-02','621',' 동대문중학교 옆','일일(회원)','M','20대',1,156.82,1.67,7200,48
'2017-02','137',' NH농협 신촌지점 앞','일일(회원)','M','20대',11,1283.97,9.36,40320,319
'2017-02','622',' 전농사거리 교통섬','일일(회원)','M','20대',6,550.26,4.88,21020,128
'2017-02','623',' 서울시립대 정문 앞','일일(회원)','M','20대',20,1462.59,11.4,49230,470
'2017-02','624',' 전농동 동아아파트 앞','일일(회원)','M','20대',10,1137.18,8.21,35310,330
'2017-02','625',' 답십리초등학교 앞(현대시장 옆)','일일(회원)','M','20대',8,673.23,5.97,25710,291
'2017-02','626',' 군자교 서측 녹지대','일일(회원)','M','20대',5,320.46,2.43,10510,62
'2017-02','627',' 장안동삼거리 교통섬','일일(회원)','M','20대',4,656.24,6.1,26330,157
'2017-02','630',' 동대문구 보건소','일일(회원)','M','20대',2,149.55,1.32,5720,35
'2017-02','631',' 답십리역 1번출구','일일(회원)','M','20대',3,207.23,1.68,7250,56
'2017-02','102',' 망원역 1번출구 앞','일일(회원)','M','20대',6,558.01,4.43,19110,153
'2017-02','138',' 신촌동 제1공영주차장 앞','일일(회원)','M','20대',6,272.9,2.39,10280,60
'2017-02','633',' 청량리 기업은행 앞','일일(회원)','M','20대',17,1331.12,11.22,48370,448
'2017-02','634',' 외국어대 정문 앞','일일(회원)','M','20대',23,3053.74,25.73,110910,903
'2017-02','635',' 시조사 앞 (청량고정문 옆)','일일(회원)','M','20대',10,927.66,7.67,33040,254
'2017-02','636',' 세종대왕기념관 교차로','일일(회원)','M','20대',1,55.08,0.5,2140,12
'2017-02','637',' KAIST 경영대학 앞','일일(회원)','M','20대',5,726.5,6.09,26290,169
'2017-02','638',' 서울시립대 정보기술관','일일(회원)','M','20대',3,518.72,4.57,19670,171
'2017-02','639',' 서울시립대 후문','일일(회원)','M','20대',27,2056.9,18.24,78710,495
'2017-02','640',' KEB하나은행 청량리역지점','일일(회원)','M','20대',7,833.41,6.6,28460,205
'2017-02','641',' 용두역 4번출구','일일(회원)','M','20대',13,1383.7,11.53,49700,405
'2017-02','642',' 신답역 사거리','일일(회원)','M','20대',4,189.45,1.53,6600,61
'2017-02','140',' 이화여대 후문','일일(회원)','M','20대',16,767.51,6.23,26820,272
'2017-02','643',' 동대문구민체육센터 (육교아래)','일일(회원)','M','20대',4,987.55,8.98,38680,179
'2017-02','230',' 영등포구청역 1번출구','일일(회원)','M','20대',11,1399.51,12.69,54660,533
'2017-02','260',' 여의도 마리나선착장 앞','일일(회원)','M','20대',16,1766.98,15.15,65330,490
'2017-02','262',' 영문초등학교 사거리','일일(회원)','M','20대',6,429.92,3.2,13790,211
'2017-02','263',' 근로자회관 사거리','일일(회원)','M','20대',2,144.69,1.64,7060,50
'2017-02','141',' 연대 대운동장 옆','일일(회원)','M','20대',15,2052.4,16.53,71250,595
'2017-02','266',' 영등포청과시장 사거리','일일(회원)','M','20대',18,2679.39,23.24,100230,752
'2017-02','267',' 삼성화재 사옥 옆','일일(회원)','M','20대',2,634.57,4.7,20270,127
'2017-02','268',' 그랜드컨벤션센터 앞','일일(회원)','M','20대',7,991.36,7.92,34150,280
'2017-02','270',' 증권거래소후문교차로','일일(회원)','M','20대',6,1301.2,8.51,36710,227
'2017-02','272',' 당산육갑문','일일(회원)','M','20대',8,2021.17,17.29,74490,483
'2017-02','716','신정6동 주민센터 인근','일일(회원)','M','20대',9,454.64,3.88,16750,183
'2017-02','139',' 연세대 정문 건너편','일일(회원)','M','20대',10,1023.3,7.95,34200,226
'2017-02','719',' 홍익병원앞 교차로','일일(회원)','M','20대',1,20.69,0.16,670,10
'2017-02','816',' 신용산역 6번출구 앞','일일(회원)','M','20대',22,3024.11,23.88,102990,697
'2017-02','817',' 삼각지역 4번출구 앞','일일(회원)','M','20대',7,692.05,5.83,25160,154
'2017-02','818',' 숙명여대 입구 교차로','일일(회원)','M','20대',3,284.76,2.49,10680,83
'2017-02','819',' 선린인터넷 고등학교','일일(회원)','M','20대',8,817.03,6.58,28330,243
'2017-02','820',' 청파동입구 교차로','일일(회원)','M','20대',9,1507.04,14.24,61460,430
'2017-02','822',' 이촌1동 마을공원','일일(회원)','M','20대',26,6231.68,49.34,212750,1338
'2017-02','823',' 효창동주민센터 앞','일일(회원)','M','20대',4,645.8,6.43,27740,58
'2017-02','825',' 서빙고동 주민센터 앞','일일(회원)','M','20대',21,4323.96,34.89,150460,948
'2017-02','199',' 서울 월드컵 경기장','일일(회원)','M','20대',15,1582.97,10.5,45290,482
'2017-02','388',' 동성중학교 앞','일일(회원)','M','20대',8,1539.97,12.2,52580,461
'2017-02','584',' 광진광장 교통섬','일일(회원)','M','20대',17,2029.21,16.71,72070,596
'2017-02','585',' 성수2가1동 공영주차장 인근','일일(회원)','M','20대',1,76.78,0.64,2770,28
'2017-02','586',' 마장동 주민센터','일일(회원)','M','20대',3,164.82,1.5,6460,34
'2017-02','900',' 은평예술회관','일일(회원)','M','20대',2,92.13,0.99,4230,101
'2017-02','901',' 응암1동사무소','일일(회원)','M','20대',3,1722.3,14.03,60460,298
'2017-02','200',' 국회의원회관','일일(회원)','M','20대',1,275.86,2.65,11420,90
'2017-02','903',' 은평뉴타운 아이파크','일일(회원)','M','20대',1,25.48,0.23,990,3
'2017-02','905',' 구파발역 2번출구','일일(회원)','M','20대',3,204.46,1.73,7470,57
'2017-02','906',' 연신내역 5번출구150M 아래','일일(회원)','M','20대',5,468.79,3.9,16820,95
'2017-02','907',' CJ 드림시티','일일(회원)','M','20대',31,2982.66,25.83,111370,1658
'2017-02','908',' 구산역 4번출구','일일(회원)','M','20대',5,414.19,3.49,15040,102
'2017-02','911',' 은평평화공원(역촌역4번출구)','일일(회원)','M','20대',7,641.04,5.16,22220,191
'2017-02','201',' 진미파라곤 앞','일일(회원)','M','20대',3,466.45,3.45,14910,131
'2017-02','912',' 응암오거리','일일(회원)','M','20대',3,692.6,5.83,25100,85
'2017-02','913',' 이마트 은평점','일일(회원)','M','20대',10,1139.61,8.96,38580,284
'2017-02','914',' 새절역 2번출구','일일(회원)','M','20대',12,2353.03,20.69,89190,533
'2017-02','915',' 증산역 4번출구','일일(회원)','M','20대',7,1219.31,9.77,42090,275
'2017-02','917',' 녹번역 4번출구','일일(회원)','M','20대',4,705.85,6.32,27270,54
'2017-02','919',' 서울혁신파크','일일(회원)','M','20대',1,42.21,0.38,1640,14
'2017-02','921',' 신도고등학교','일일(회원)','M','20대',2,295.03,2.58,11100,68
'2017-02','202',' 국민일보 앞','일일(회원)','M','20대',16,1811.7,14.68,63270,215
'2017-02','922',' 연신내역 4번출구','일일(회원)','M','20대',13,1173.16,10.15,43820,593
'2017-02','923',' 국민은행 연서지점','일일(회원)','M','20대',2,605.85,4.87,20990,154
'2017-02','924',' 메뚜기다리','일일(회원)','M','20대',1,357.59,2.87,12370,56
'2017-02','925',' 불광역 2번출구','일일(회원)','M','20대',2,138.78,1.23,5310,30
'2017-02','926',' 불광역 8번출구','일일(회원)','M','20대',6,647.42,5.59,24120,168
'2017-02','927',' 연신내역 3번출구 인근','일일(회원)','M','20대',2,221.11,1.91,8200,63
'2017-02','928',' 은평역사한옥박물관','일일(회원)','M','20대',2,643.5,5.8,25000,222
'2017-02','931',' 역촌파출소','일일(회원)','M','20대',3,126.83,1.1,4710,29
'2017-02','932',' 예일여중','일일(회원)','M','20대',7,739.92,6.59,28390,283
'2017-02','933',' LG서비스 역촌점','일일(회원)','M','20대',2,364.93,2.9,12470,102
'2017-02','588',' 뚝섬 유원지역','일일(회원)','M','20대',11,2082.77,18.39,79250,568
'2017-02','103',' 망원역 2번출구 앞','일일(회원)','M','20대',9,785.79,6.48,27910,177
'2017-02','204',' 국회의사당역 5번출구 옆','일일(회원)','M','20대',4,482.04,3.8,16340,141
'2017-02','203',' 국회의사당역 3번출구 옆','일일(회원)','M','20대',5,604.67,5.02,21580,186
'2017-02','205',' 산업은행 앞','일일(회원)','M','20대',16,2409.26,19.49,83960,779
'2017-02','206',' KBS 앞','일일(회원)','M','20대',8,1034.87,7.98,34440,218
'2017-02','209',' 유진투자증권빌딩 앞','일일(회원)','M','20대',9,1736.64,14.71,63410,387
'2017-02','210',' IFC몰','일일(회원)','M','20대',15,1511.66,12.98,55950,417
'2017-02','211',' 여의도역 4번출구 옆','일일(회원)','M','20대',35,4967.7,40.35,174010,1466
'2017-02','212',' 여의도역 1번출구 옆','일일(회원)','M','20대',27,3326.41,29.27,126170,1079
'2017-02','213',' KT앞','일일(회원)','M','20대',10,2516.22,23.56,101590,820
'2017-02','104',' 합정역 1번출구 앞','일일(회원)','M','20대',21,2518.4,20.23,87270,789
'2017-02','214',' 금융감독원 앞','일일(회원)','M','20대',7,625.52,5.48,23590,157
'2017-02','219',' 롯데캐슬엠파이어 옆','일일(회원)','M','20대',7,563.49,4.29,18510,176
'2017-02','220',' 미성아파트 A동 앞','일일(회원)','M','20대',3,75.16,0.66,2850,50
'2017-02','215',' 여의도고교 앞','일일(회원)','M','20대',14,1044.11,8.54,36840,536
'2017-02','216',' 삼부아파트1동 앞','일일(회원)','M','20대',4,237.09,2.11,9130,83
'2017-02','221',' 여의도초교 앞','일일(회원)','M','20대',32,4359.61,36.13,155880,1213
'2017-02','222',' 시범아파트버스정류장 옆','일일(회원)','M','20대',9,529.34,4.74,20530,120
'2017-02','223',' 진주아파트상가 앞','일일(회원)','M','20대',9,434.9,3.93,16940,102
'2017-02','105',' 합정역 5번출구 앞','일일(회원)','M','20대',13,1729.15,14.38,61960,402
'2017-02','224',' 롯데캐슬 앞','일일(회원)','M','20대',2,43.07,0.42,1810,11
'2017-02','225',' 앙카라공원 앞','일일(회원)','M','20대',7,203.54,1.94,8370,93
'2017-02','226',' 샛강역 1번출구 앞','일일(회원)','M','20대',6,898.96,7.54,32530,299
'2017-02','207',' 여의나루역 1번출구 앞','일일(회원)','M','20대',66,10307.23,85.62,368950,3362
'2017-02','401',' 상암월드컵파크 10단지 앞','일일(회원)','M','20대',3,192.04,1.53,6610,61
'2017-02','402',' 상암월드컵파크 9단지 앞','일일(회원)','M','20대',2,557.76,3.71,15980,70
'2017-02','403',' 부엉이공원 앞','일일(회원)','M','20대',9,572.96,5.06,21850,178
'2017-02','106',' 합정역 7번출구 앞','일일(회원)','M','20대',13,2253.91,19.09,82200,635
'2017-02','421',' 마포구청 앞','일일(회원)','M','20대',23,2772.72,24.1,103840,726
'2017-02','408',' LG CNS앞','일일(회원)','M','20대',1,76.92,0.6,2590,17
'2017-02','420',' 서울시 공공자전거 상암센터','일일(회원)','M','20대',11,1917.2,13.69,58980,477
'2017-02','409',' 누리꿈스퀘어 옆','일일(회원)','M','20대',8,544.11,4.13,17830,158
'2017-02','419',' 홈플러스 앞','일일(회원)','M','20대',44,4645.18,39.73,171190,1199
'2017-02','410',' 상암중학교 옆','일일(회원)','M','20대',4,410.46,3.48,15000,68
'2017-02','418',' 월드컵경기장역 3번출구 옆','일일(회원)','M','20대',19,3247.19,25.66,110560,867
'2017-02','107',' 신한은행 서교동금융센터점 앞','일일(회원)','M','20대',10,685.76,5.68,24480,324
'2017-02','411',' DMC홍보관','일일(회원)','M','20대',2,385.57,3.46,14910,103
'2017-02','412',' DMC산학협력연구센터 앞','일일(회원)','M','20대',7,833.3,6.56,28310,286
'2017-02','413',' 상암월드컵파크 3단지 후문','일일(회원)','M','20대',2,308.88,2.43,10490,54
'2017-02','417',' DMC역 2번출구 옆','일일(회원)','M','20대',4,537.45,4.36,18810,88
'2017-02','414',' 상암동주민센터 옆','일일(회원)','M','20대',2,177.99,1.49,6420,49
'2017-02','415',' DMC역 9번출구 앞','일일(회원)','M','20대',18,1682.12,13.11,56520,479
'2017-02','500',' 어린이대공원역 3번출구 앞','일일(회원)','M','20대',46,4184,33.86,145940,1557
'2017-02','501',' 광진구의회 앞','일일(회원)','M','20대',23,3567.1,31.39,135370,1097
'2017-02','502',' 뚝섬유원지역 1번출구 앞','일일(회원)','M','20대',33,6947.8,58.94,254040,1678
'2017-02','108',' 서교동 사거리','일일(회원)','M','30대',4,455.8,3.96,17060,214
'2017-02','503',' 더샵스타시티 C동 앞','일일(회원)','M','30대',7,374.48,3.19,13730,80
'2017-02','504',' 신자초교입구교차로','일일(회원)','M','30대',2,395.08,2.89,12430,60
'2017-02','505',' 자양사거리 광진아크로텔 앞','일일(회원)','M','30대',6,1112.37,8.67,37360,248
'2017-02','508',' 성수아카데미타워 앞','일일(회원)','M','30대',2,85.87,0.73,3140,20
'2017-02','509',' 이마트 버스정류소 옆','일일(회원)','M','30대',4,776.74,5.37,23150,108
'2017-02','511',' 서울숲역 4번 출구 옆','일일(회원)','M','30대',2,147.62,1.22,5260,67
'2017-02','512',' 뚝섬역 1번 출구 옆','일일(회원)','M','30대',12,1925.85,13.78,59450,358
'2017-02','109',' 제일빌딩 앞','일일(회원)','M','30대',3,216.08,1.89,8130,63
'2017-02','400',' 상암한화오벨리스크 1차 앞','일일(회원)','M','30대',2,95.47,0.82,3540,19
'2017-02','513',' 뚝섬역 5번 출구 정류소 옆','일일(회원)','M','30대',2,207.2,1.86,8050,77
'2017-02','514',' 성수사거리 버스정류장 앞','일일(회원)','M','30대',2,226.23,1.67,7210,72
'2017-02','515',' 광양중학교 앞','일일(회원)','M','30대',5,629.31,5.09,21950,182
'2017-02','516',' 광진메디칼 앞','일일(회원)','M','30대',5,657.9,5.21,22440,122
'2017-02','300',' 정동사거리','일일(회원)','M','30대',8,766.17,6.45,27820,143
'2017-02','302',' 경복궁역 4번출구 뒤','일일(회원)','M','30대',2,517.14,4.61,19860,142
'2017-02','303',' 광화문역 1번출구 앞','일일(회원)','M','30대',6,541.61,4.7,20230,173
'2017-02','304',' 광화문역 2번출구 앞','일일(회원)','M','30대',2,61.3,0.5,2150,26
'2017-02','305',' 종로구청 옆','일일(회원)','M','30대',3,99.87,0.9,3880,44
'2017-02','306',' 광화문역 7번출구 앞','일일(회원)','M','30대',4,211.9,1.7,7340,89
'2017-02','307',' 서울역사박물관 앞','일일(회원)','M','30대',13,1179.19,9.62,41530,335
'2017-02','308',' 광화문 S타워 앞','일일(회원)','M','30대',4,275.71,2.41,10420,80
'2017-02','310',' 청계광장 옆','일일(회원)','M','30대',5,288.46,2.35,10130,114
'2017-02','311',' 서울광장 옆','일일(회원)','M','30대',3,158.01,1.33,5710,47
'2017-02','312',' 시청역 1번출구 뒤','일일(회원)','M','30대',4,98.27,0.89,3820,28
'2017-02','313',' 서울역 광장 파출소 옆','일일(회원)','M','30대',1,357.11,2.32,10020,50
'2017-02','110',' 사천교','일일(회원)','M','30대',1,63.86,0.5,2150,13
'2017-02','314',' 국립현대미술관','일일(회원)','M','30대',4,401.35,3.16,13630,62
'2017-02','315',' 신한은행 안국역지점 옆','일일(회원)','M','30대',3,248.14,2.1,9050,69
'2017-02','316',' 종각역 1번출구 앞','일일(회원)','M','30대',7,378.28,2.82,12220,165
'2017-02','318',' 광교사거리 남측','일일(회원)','M','30대',5,1319.46,8.93,38510,202
'2017-02','320',' 을지로입구역 4번출구 앞','일일(회원)','M','30대',7,583.57,4.62,19970,180
'2017-02','321',' KEB 하나은행 본점 앞','일일(회원)','M','30대',2,152.73,1.1,4760,34
'2017-02','322',' 명동성당 앞','일일(회원)','M','30대',5,432.02,3.39,14590,110
'2017-02','116',' 일진아이윌아파트 옆','일일(회원)','M','30대',6,476.05,3.67,15820,91
'2017-02','326',' 안국역 5번출구 앞','일일(회원)','M','30대',2,155.33,1.19,5160,44
'2017-02','327',' 낙원상가 옆','일일(회원)','M','30대',14,1699.4,12.37,53310,314
'2017-02','328',' 탑골공원 앞','일일(회원)','M','30대',4,478.29,3.84,16550,132
'2017-02','329',' 청계2가 사거리 옆','일일(회원)','M','30대',6,784.89,6.66,28680,162
'2017-02','330',' 청계천 한빛광장','일일(회원)','M','30대',5,373.97,2.97,12770,119
'2017-02','331',' 을지로2가 사거리 북측','일일(회원)','M','30대',10,1162.52,9.07,39110,245
'2017-02','332',' 을지로2가 사거리 남측','일일(회원)','M','30대',1,50.19,0.45,1950,26
'2017-02','111',' 상수역 2번출구 앞','일일(회원)','M','30대',5,1376.36,9.53,41060,291
'2017-02','334',' 종로3가역 2번출구 뒤','일일(회원)','M','30대',4,129.35,0.95,4090,104
'2017-02','335',' 종로3가역 15번출구 앞','일일(회원)','M','30대',4,609.76,4.12,17780,104
'2017-02','336',' 티마크 호텔 앞','일일(회원)','M','30대',4,572.89,4.16,17950,136
'2017-02','337',' 창경궁 입구','일일(회원)','M','30대',1,173.95,1.34,5780,61
'2017-02','338',' 세운스퀘어 앞','일일(회원)','M','30대',5,241.75,1.91,8260,66
'2017-02','339',' 종로4가 사거리','일일(회원)','M','30대',7,915.16,6.37,27440,217
'2017-02','340',' 혜화동 로터리','일일(회원)','M','30대',8,2333.48,19.48,83980,451
'2017-02','341',' 혜화역 3번출구 뒤','일일(회원)','M','30대',11,951.08,8.64,37320,217
'2017-02','342',' 대학로 마로니에공원','일일(회원)','M','30대',5,317.79,2.76,11920,146
'2017-02','112',' 극동방송국 앞','일일(회원)','M','30대',4,270.48,1.93,8320,154
'2017-02','344',' 성균관대 E하우스 앞','일일(회원)','M','30대',3,114.58,0.85,3680,22
'2017-02','345',' 서울보증보험본사 앞','일일(회원)','M','30대',2,59.8,0.5,2150,12
'2017-02','346',' 맥스타일 앞','일일(회원)','M','30대',5,830.45,5.82,25060,120
'2017-02','347',' 동대문역사문화공원역 9번출구 앞','일일(회원)','M','30대',24,2127.82,18.75,80800,711
'2017-02','349',' 사직동주민센터','일일(회원)','M','30대',7,493.17,4.12,17750,113
'2017-02','350','KEB 하나은행(내자동 지점) 앞','일일(회원)','M','30대',6,403.05,3.46,14890,144
'2017-02','351',' 청운초교 앞 삼거리','일일(회원)','M','30대',1,68.43,0.5,2160,35
'2017-02','353',' 재동초교 앞 삼거리','일일(회원)','M','30대',1,42.2,0.33,1440,23
'2017-02','117',' 홍은사거리','일일(회원)','M','30대',3,723.98,4.72,20360,137
'2017-02','354',' 포르투갈 대사관 앞','일일(회원)','M','30대',2,210.62,1.35,5830,75
'2017-02','355',' 서울사대부속초교 앞','일일(회원)','M','30대',2,149.47,1.1,4760,156
'2017-02','356',' KT혜화지사 앞','일일(회원)','M','30대',9,480.13,4.61,19870,114
'2017-02','358',' 성대입구 사거리','일일(회원)','M','30대',3,172.05,1.46,6280,45
'2017-02','359',' 원남동사거리','일일(회원)','M','30대',3,251.31,2.09,8990,71
'2017-02','361',' 동묘앞역 1번출구 뒤','일일(회원)','M','30대',3,409.44,3.35,14400,110
'2017-02','362',' 청계8가 사거리','일일(회원)','M','30대',11,2215.16,14.34,61850,320
'2017-02','363',' 신설동역 11번출구 뒤','일일(회원)','M','30대',3,384.93,3.27,14080,98
'2017-02','364',' 창신역 1번출구 앞','일일(회원)','M','30대',1,13.96,0.11,470,9
'2017-02','113',' 홍대입구역 2번출구 앞','일일(회원)','M','30대',12,1010.08,8.47,36530,326
'2017-02','367',' 독립문역 3-1번출구 ','일일(회원)','M','30대',2,92.19,0.67,2910,16
'2017-02','368',' SK 서린빌딩 앞','일일(회원)','M','30대',3,494.02,4.15,17860,99
'2017-02','369',' 광화문 시민열린마당','일일(회원)','M','30대',2,165.23,1.26,5390,35
'2017-02','348',' 독립문역 사거리','일일(회원)','M','30대',9,510.92,4.15,17920,76
'2017-02','370',' 시청역(2호선) 9번출구 뒤','일일(회원)','M','30대',2,351.21,2.69,11580,55
'2017-02','371',' 동대입구역 6번출구 뒤','일일(회원)','M','30대',11,601.24,4.99,21440,309
'2017-02','372',' 약수역 3번출구 뒤','일일(회원)','M','30대',3,373.35,3.3,14240,90
'2017-02','373',' 청구 어린이공원','일일(회원)','M','30대',1,111.45,1,4330,23
'2017-02','374',' 청구역 2번출구 앞','일일(회원)','M','30대',1,63.06,0.57,2450,19
'2017-02','118',' 광흥창역 2번출구 앞','일일(회원)','M','30대',1,48.41,0.38,1630,8
'2017-02','375',' 다산 어린이공원','일일(회원)','M','30대',1,40.67,0.37,1580,9
'2017-02','378',' 청계7가 사거리','일일(회원)','M','30대',6,239.76,2,8630,64
'2017-02','379',' 서울역9번출구','일일(회원)','M','30대',3,540.07,3.64,15720,87
'2017-02','380',' CJ제일제당 앞','일일(회원)','M','30대',1,79.89,0.61,2620,20
'2017-02','382',' 약수역 10번출구 앞','일일(회원)','M','30대',1,109.84,0.96,4140,46
'2017-02','383',' 신당역 12번 출구 뒤','일일(회원)','M','30대',7,415.68,3.03,13110,253
'2017-02','384',' 종로학원본원 ','일일(회원)','M','30대',3,596.98,4.76,20530,107
'2017-02','114',' 홍대입구역 8번출구 앞','일일(회원)','M','30대',9,902.44,7.49,32300,236
'2017-02','143',' 공덕역 2번출구','일일(회원)','M','30대',5,737.33,5.88,25370,185
'2017-02','144',' 공덕역 8번출구','일일(회원)','M','30대',3,250.64,1.9,8210,43
'2017-02','146',' 마포역 1번출구 뒤','일일(회원)','M','30대',7,994.17,6.93,29920,251
'2017-02','148',' 용강동 주민센터 앞','일일(회원)','M','30대',2,352.18,3,12930,70
'2017-02','150',' 서강대역 2번출구 앞','일일(회원)','M','30대',3,476.4,3.95,17020,94
'2017-02','151',' 망원1동주민센터','일일(회원)','M','30대',2,198.94,1.88,8100,37
'2017-02','152',' 마포구민체육센터 앞','일일(회원)','M','30대',9,1275.91,11.08,47800,308
'2017-02','119',' 서강나루 공원','일일(회원)','M','30대',7,1533.63,10.71,46170,261
'2017-02','153',' 성산2교 사거리','일일(회원)','M','30대',9,1185.12,8.35,35970,184
'2017-02','154',' 마포구청역 ','일일(회원)','M','30대',5,343.95,2.74,11860,88
'2017-02','155',' 가좌역1 번출구 뒤','일일(회원)','M','30대',2,175.53,1.48,6400,47
'2017-02','156',' 서울서부지방법원 앞','일일(회원)','M','30대',1,4.51,0.04,190,4
'2017-02','157',' 애오개역 4번출구 앞','일일(회원)','M','30대',3,604.94,4.64,20000,131
'2017-02','158',' 독립문 어린이 공원','일일(회원)','M','30대',4,716.98,6.12,26350,94
'2017-02','159',' 이대역 4번 출구','일일(회원)','M','30대',5,364.24,2.92,12550,102
'2017-02','160',' 북아현동 가구거리','일일(회원)','M','30대',1,60.89,0.58,2480,15
'2017-02','162',' 봉원고가차도 밑','일일(회원)','M','30대',2,179.89,1.22,5230,24
'2017-02','163',' 명지전문대학교 정문 앞','일일(회원)','M','30대',4,607.77,5.36,23090,143
'2017-02','165',' 중앙근린공원','일일(회원)','M','30대',2,98.32,0.89,3820,47
'2017-02','166',' 가재울 초등학교','일일(회원)','M','30대',1,212.1,1.91,8240,54
'2017-02','167',' 연가초등학교 옆','일일(회원)','M','30대',1,125.45,1.15,4950,19
'2017-02','169',' 북가좌 삼거리','일일(회원)','M','30대',6,345.83,2.85,12300,60
'2017-02','170',' 가재울 뉴타운 주유소 옆','일일(회원)','M','30대',3,491.43,3.56,15340,100
'2017-02','171',' 임광빌딩 앞','일일(회원)','M','30대',3,156.46,1.28,5530,72
'2017-02','172',' 서대문소방서','일일(회원)','M','30대',8,640.4,4.84,20920,96
'2017-02','121',' 마포소방서 앞','일일(회원)','M','30대',4,355.31,2.72,11740,90
'2017-02','173',' 서대문역 8번출구 앞','일일(회원)','M','30대',3,329.55,2.5,10770,81
'2017-02','175',' 홍연2교옆','일일(회원)','M','30대',5,1316.16,8.58,37020,115
'2017-02','179',' 가좌역 4번출구 앞','일일(회원)','M','30대',1,137.21,1.04,4500,36
'2017-02','180',' 충정로역 7번출구 뒤','일일(회원)','M','30대',3,225.13,1.84,7930,68
'2017-02','518',' 청계천 박물관 앞','일일(회원)','M','30대',1,144.46,1.32,5700,51
'2017-02','519',' 양지사거리','일일(회원)','M','30대',2,157.11,1.16,4990,72
'2017-02','520',' 상왕십리역 4번 출구 앞','일일(회원)','M','30대',2,88.15,0.74,3180,24
'2017-02','521',' 왕십리역 11번 출구 앞','일일(회원)','M','30대',3,383.4,3.11,13360,187
'2017-02','523',' 옥수동성당 옆','일일(회원)','M','30대',1,324.82,2.24,9650,47
'2017-02','122',' 신성기사식당 앞','일일(회원)','M','30대',8,537.99,4.95,21350,228
'2017-02','525',' 한양대병원사거리','일일(회원)','M','30대',3,271.46,1.91,8230,86
'2017-02','526',' 용답토속공원 앞','일일(회원)','M','30대',4,535.46,3.95,17010,84
'2017-02','529',' 장한평역 8번 출구 앞','일일(회원)','M','30대',1,34,0.23,1010,5
'2017-02','530',' 청계벽산아파트 앞','일일(회원)','M','30대',1,128.21,0.99,4260,28
'2017-02','534',' 금호사거리','일일(회원)','M','30대',3,450.78,3.13,13470,75
'2017-02','535',' 응봉삼거리','일일(회원)','M','30대',2,75.06,0.52,2230,11
'2017-02','536',' 행당역 2번출구 앞','일일(회원)','M','30대',2,272.33,1.71,7340,67
'2017-02','537',' 한양대후문역 부근','일일(회원)','M','30대',1,73.18,0.36,1540,6
'2017-02','538',' 답십리역 8번출구 앞','일일(회원)','M','30대',2,176.18,1.1,4740,25
'2017-02','550',' 서울시설공단 앞','일일(회원)','M','30대',5,445.16,3.57,15390,107
'2017-02','539',' 군자교교차로','일일(회원)','M','30대',4,333.99,2.81,12120,61
'2017-02','540',' 군자역 7번출구 베스트샵 앞','일일(회원)','M','30대',4,235.76,1.82,7840,112
'2017-02','543',' 구의공원(테크노마트 앞)','일일(회원)','M','30대',1,138.82,0.86,3690,32
'2017-02','546',' 잠실대교북단 교차로','일일(회원)','M','30대',1,0,0,0,44
'2017-02','548',' 자양나들목','일일(회원)','M','30대',2,364.16,2.77,11920,69
'2017-02','601',' 용신동주민센터','일일(회원)','M','30대',4,541.32,3.97,17110,88
'2017-02','602',' 장안동 사거리','일일(회원)','M','30대',2,140.69,1.3,5640,51
'2017-02','605',' 신설동역8번출구','일일(회원)','M','30대',1,124.54,0.86,3700,86
'2017-02','606',' 휘경공고앞','일일(회원)','M','30대',1,492.11,3.39,14620,69
'2017-02','609',' 제기2교','일일(회원)','M','30대',4,491.54,4.1,17670,110
'2017-02','125',' 서강대 남문 옆','일일(회원)','M','30대',1,39.28,0.29,1240,11
'2017-02','610',' 동대문중 교차로','일일(회원)','M','30대',1,130.68,0.77,3300,35
'2017-02','612',' 시립동부병원 앞 사거리','일일(회원)','M','30대',1,132.75,1.05,4530,28
'2017-02','613',' 신설동역 10번출구 앞','일일(회원)','M','30대',4,393.79,2.96,12730,96
'2017-02','614',' 용두동 사거리','일일(회원)','M','30대',6,705.06,5.05,21800,255
'2017-02','615',' 용두동 레미안허브리츠아파트 앞','일일(회원)','M','30대',2,99.3,0.78,3380,26
'2017-02','617',' 청솔우성아파트 앞','일일(회원)','M','30대',2,262.97,1.62,6990,43
'2017-02','227',' 양평2나들목 보행통로 입구','일일(회원)','M','30대',4,411.84,3.49,15090,92
'2017-02','228',' 선유도역 3번출구 앞','일일(회원)','M','30대',4,409.02,3.3,14230,103
'2017-02','229',' 양평1 보행육교 앞','일일(회원)','M','30대',5,832.9,6.77,29120,153
'2017-02','126',' 서강대 후문 옆','일일(회원)','M','30대',1,111.71,1.01,4340,23
'2017-02','231',' 남부고용노동지청 남측','일일(회원)','M','30대',1,124.82,0.91,3940,36
'2017-02','232',' 양평우림 이비즈센타 앞','일일(회원)','M','30대',3,791.8,6.19,26660,221
'2017-02','234',' 영등포구민체육센터 앞','일일(회원)','M','30대',3,686.86,5.21,22470,102
'2017-02','235',' 신길동 우리은행 옆','일일(회원)','M','30대',1,111.77,0.91,3920,47
'2017-02','236',' 문래동자이아파트 앞','일일(회원)','M','30대',1,68.21,0.69,2970,15
'2017-02','237',' 보라매 두산위브 건너편','일일(회원)','M','30대',1,143.32,1.08,4640,43
'2017-02','238',' 제2구민체육센타 앞','일일(회원)','M','30대',2,69.71,0.62,2680,18
'2017-02','239',' 유스호스텔 앞','일일(회원)','M','30대',2,391.1,3.44,14810,98
'2017-02','127',' 현대벤처빌 앞','일일(회원)','M','30대',1,135.39,1.22,5260,33
'2017-02','241',' 신길우성1차아파트 앞 공원','일일(회원)','M','30대',1,64.15,0.46,2000,8
'2017-02','242',' 신길선원가와인아파트 앞','일일(회원)','M','30대',1,242.02,1.67,7190,39
'2017-02','243',' 이앤씨드림타워 앞','일일(회원)','M','30대',1,36.42,0.29,1260,8
'2017-02','244',' 영등포삼환아파트 앞','일일(회원)','M','30대',9,1091.65,8,34420,211
'2017-02','245',' 삼성생명 당산사옥 앞','일일(회원)','M','30대',1,380.02,2.62,11290,85
'2017-02','247',' 당산역 10번출구 앞','일일(회원)','M','30대',9,424.45,3.33,14400,87
'2017-02','248',' 초원아파트 앞','일일(회원)','M','30대',2,366.53,2.34,10110,132
'2017-02','249',' 여의도중학교 옆','일일(회원)','M','30대',3,616.7,5.06,21840,129
'2017-02','251',' 서울지방병무청 버스정류장','일일(회원)','M','30대',1,19.31,0.15,650,7
'2017-02','101',' (구)합정동 주민센터','일일(회원)','M','30대',3,518.24,4.42,19080,98
'2017-02','128',' 신촌역(2호선) 1번출구 옆','일일(회원)','M','30대',7,646.41,4.96,21320,145
'2017-02','252',' 보라매역4번출구','일일(회원)','M','30대',4,851.89,5.96,25700,207
'2017-02','258',' 신길역3번출구','일일(회원)','M','30대',3,795.37,4.4,18970,91
'2017-02','259',' 대방역6번출구','일일(회원)','M','30대',3,493.78,4.34,18700,111
'2017-02','700',' KB국민은행 염창역 지점 앞','일일(회원)','M','30대',2,489.83,4.23,18210,95
'2017-02','129',' 신촌역(2호선) 6번출구 옆','일일(회원)','M','30대',3,498.98,3.84,16530,136
'2017-02','702',' 목4동주민센터 옆','일일(회원)','M','30대',1,141.61,0.69,2980,14
'2017-02','703',' 오목교역 7번출구 앞','일일(회원)','M','30대',5,463.99,3.95,17000,117
'2017-02','704',' 남부법원검찰청 교차로','일일(회원)','M','30대',2,103.37,0.91,3910,29
'2017-02','706',' 신정네거리역','일일(회원)','M','30대',2,239.97,1.96,8470,108
'2017-02','711',' 신일해피트리아파트 앞','일일(회원)','M','30대',1,45.78,0.32,1360,4
'2017-02','712',' 강월초교입구 사거리','일일(회원)','M','30대',1,189.13,1.39,5970,116
'2017-02','130',' 신촌역(2호선) 7번출구 앞','일일(회원)','M','30대',1,56.82,0.49,2110,16
'2017-02','713',' 양서중학교 옆','일일(회원)','M','30대',3,937.4,6.87,29590,109
'2017-02','714',' 한국SGI 양천문화회관 앞','일일(회원)','M','30대',2,154.44,1.21,5200,65
'2017-02','800',' 목월공원 앞','일일(회원)','M','30대',4,396.16,3.14,13490,164
'2017-02','802',' 한강진역 2번 출구 앞','일일(회원)','M','30대',1,36.81,0.33,1430,11
'2017-02','806',' 전자랜드 본관 앞','일일(회원)','M','30대',1,96.82,0.76,3260,27
'2017-02','807',' 서울역 12번 출구 앞','일일(회원)','M','30대',1,28.51,0.17,720,3
'2017-02','808',' 서빙고동 금호맨션 앞','일일(회원)','M','30대',1,232.61,1.24,5340,74
'2017-02','131',' 증산2교','일일(회원)','M','30대',1,115.24,0.9,3880,18
'2017-02','809',' 한남 유수지 복개주차장','일일(회원)','M','30대',7,1496.62,12.18,52520,336
'2017-02','811',' 녹사평역1번출구','일일(회원)','M','30대',6,475.22,3.43,14790,100
'2017-02','812',' 용산전쟁기념관','일일(회원)','M','30대',2,167.38,1.32,5710,36
'2017-02','813',' 삼각지역 3번출구','일일(회원)','M','30대',1,86.74,0.78,3370,17
'2017-02','815',' LIG강촌아파트 103동앞','일일(회원)','M','30대',4,851.91,6.22,26820,167
'2017-02','385',' 종각역 5번출구','일일(회원)','M','30대',7,460.19,3.93,16890,184
'2017-02','386',' 올림픽기념 국민생활관 앞','일일(회원)','M','30대',1,202.63,1.38,5950,41
'2017-02','387',' 훈련원공원주차장 앞','일일(회원)','M','30대',5,631.67,5.18,22370,253
'2017-02','181',' 망원초록길 입구','일일(회원)','M','30대',1,137.51,1.07,4630,58
'2017-02','132',' 창천문화공원','일일(회원)','M','30대',3,555.29,4.3,18530,92
'2017-02','182',' 망원2빗물펌프장 앞','일일(회원)','M','30대',9,1484.11,11.38,49060,356
'2017-02','183',' 하늘채코오롱아파트 건너편','일일(회원)','M','30대',8,796.59,6.75,29120,286
'2017-02','184',' SK망원동주유소 건너편','일일(회원)','M','30대',4,325.42,2.99,12880,105
'2017-02','185',' 마포 신수공원 앞','일일(회원)','M','30대',2,244.09,1.81,7810,79
'2017-02','186',' 월드컵공원','일일(회원)','M','30대',30,3328.45,27.22,117300,1217
'2017-02','192',' 연서어린이공원','일일(회원)','M','30대',3,156.29,1.35,5830,28
'2017-02','178',' 증산3교 앞','일일(회원)','M','30대',5,729.09,6.83,29440,215
'2017-02','133',' 해담는다리','일일(회원)','M','30대',1,20.2,0.2,850,30
'2017-02','194',' 증산교 앞','일일(회원)','M','30대',2,204.88,1.33,5770,30
'2017-02','195',' 모래내고가차도 ','일일(회원)','M','30대',6,937.29,6.65,28650,140
'2017-02','196',' 연희교차로 인근','일일(회원)','M','30대',1,71.97,0.54,2330,22
'2017-02','198',' 충정2교','일일(회원)','M','30대',1,89.69,0.74,3190,16
'2017-02','556',' 달맞이공원','일일(회원)','M','30대',2,349.75,2.27,9790,69
'2017-02','558',' 성동광진 교육지원청 앞','일일(회원)','M','30대',6,411.16,3.53,15230,198
'2017-02','134',' 연세로 명물길','일일(회원)','M','30대',5,626.95,4.89,21030,128
'2017-02','559',' 왕십리역 4번 출구 건너편','일일(회원)','M','30대',4,261.51,2.14,9200,47
'2017-02','561',' 서울숲역 2번출구 앞','일일(회원)','M','30대',2,329.17,2.03,8750,106
'2017-02','562',' 군자지하보도 앞','일일(회원)','M','30대',1,34.33,0.24,1020,5
'2017-02','563',' 성동세무서 건너편','일일(회원)','M','30대',2,167.44,1.39,6020,41
'2017-02','565',' 옥수역 3번출구','일일(회원)','M','30대',5,741.23,5.6,24100,157
'2017-02','567',' 성수역 2번출구 앞','일일(회원)','M','30대',3,87.69,0.67,2880,11
'2017-02','568',' 청계8가사거리 부근','일일(회원)','M','30대',7,680.7,4.76,20480,202
'2017-02','569',' 응봉현대아파트 정류소','일일(회원)','M','30대',2,155.55,1.14,4910,28
'2017-02','578',' 성동세무서 부근','일일(회원)','M','30대',3,359.04,2.94,12650,112
'2017-02','581',' 용답초등학교','일일(회원)','M','30대',3,174.63,1.39,6000,40
'2017-02','582',' 경일중학교 앞','일일(회원)','M','30대',4,245.21,1.75,7490,39
'2017-02','583',' 청계천 생태교실 앞','일일(회원)','M','30대',7,2110.64,16.1,69390,261
'2017-02','551',' 구의삼성쉐르빌 앞','일일(회원)','M','30대',10,459.27,4.01,17310,161
'2017-02','553',' 중곡 성원APT 앞','일일(회원)','M','30대',5,755.46,6.21,26820,212
'2017-02','136',' 대흥동 주민센터','일일(회원)','M','30대',1,45.78,0.39,1700,10
'2017-02','554',' 아차산역 사거리','일일(회원)','M','30대',2,102.66,0.98,4240,22
'2017-02','555',' 구의3동주민센터','일일(회원)','M','30대',1,44.57,0.39,1680,7
'2017-02','571',' 어린이대공원역6번출구','일일(회원)','M','30대',2,63.56,0.5,2140,43
'2017-02','572',' 국립정신 건강센터 앞','일일(회원)','M','30대',6,619.56,5.31,22870,205
'2017-02','573',' 구의문주차장 앞','일일(회원)','M','30대',1,65.86,0.5,2160,16
'2017-02','574',' 아차산역4번출구','일일(회원)','M','30대',2,260.22,1.82,7840,56
'2017-02','577',' 광진청소년수련관','일일(회원)','M','30대',10,735.68,6.39,27520,124
'2017-02','621',' 동대문중학교 옆','일일(회원)','M','30대',1,78.57,0.58,2480,19
'2017-02','137',' NH농협 신촌지점 앞','일일(회원)','M','30대',3,435.45,3.4,14670,65
'2017-02','624',' 전농동 동아아파트 앞','일일(회원)','M','30대',7,389.78,3.5,15110,97
'2017-02','625',' 답십리초등학교 앞(현대시장 옆)','일일(회원)','M','30대',1,79,0.62,2660,14
'2017-02','631',' 답십리역 1번출구','일일(회원)','M','30대',1,374.77,3.38,14560,79
'2017-02','102',' 망원역 1번출구 앞','일일(회원)','M','30대',7,624.73,5.49,23610,202
'2017-02','138',' 신촌동 제1공영주차장 앞','일일(회원)','M','30대',1,57.36,0.49,2130,30
'2017-02','633',' 청량리 기업은행 앞','일일(회원)','M','30대',6,849.55,6.91,29790,254
'2017-02','634',' 외국어대 정문 앞','일일(회원)','M','30대',7,749.45,6.08,26220,272
'2017-02','635',' 시조사 앞 (청량고정문 옆)','일일(회원)','M','30대',1,315.12,2.46,10610,55
'2017-02','636',' 세종대왕기념관 교차로','일일(회원)','M','30대',2,265.75,2.17,9330,69
'2017-02','637',' KAIST 경영대학 앞','일일(회원)','M','30대',5,450.49,3.3,14220,76
'2017-02','639',' 서울시립대 후문','일일(회원)','M','30대',1,56.89,0.51,2210,25
'2017-02','640',' KEB하나은행 청량리역지점','일일(회원)','M','30대',1,368.29,2.96,12740,58
'2017-02','641',' 용두역 4번출구','일일(회원)','M','30대',2,247.28,2.22,9550,63
'2017-02','642',' 신답역 사거리','일일(회원)','M','30대',3,174.29,1.28,5530,108
'2017-02','643',' 동대문구민체육센터 (육교아래)','일일(회원)','M','30대',3,665.04,4.89,21060,99
'2017-02','230',' 영등포구청역 1번출구','일일(회원)','M','30대',5,220.97,1.82,7850,55
'2017-02','262',' 영문초등학교 사거리','일일(회원)','M','30대',1,42.86,0.32,1370,11
'2017-02','263',' 근로자회관 사거리','일일(회원)','M','30대',2,245.38,1.77,7650,63
'2017-02','264',' 교보생명보험 앞','일일(회원)','M','30대',1,184.56,1.66,7170,44
'2017-02','141',' 연대 대운동장 옆','일일(회원)','M','30대',1,170.56,1.37,5900,51
'2017-02','266',' 영등포청과시장 사거리','일일(회원)','M','30대',5,338.77,2.4,10330,139
'2017-02','267',' 삼성화재 사옥 옆','일일(회원)','M','30대',4,316.6,2.86,12300,64
'2017-02','268',' 그랜드컨벤션센터 앞','일일(회원)','M','30대',2,69.13,0.7,3010,16
'2017-02','272',' 당산육갑문','일일(회원)','M','30대',3,596.67,4.91,21210,171
'2017-02','716','신정6동 주민센터 인근','일일(회원)','M','30대',3,718.15,6.48,27900,296
'2017-02','139',' 연세대 정문 건너편','일일(회원)','M','30대',1,47.12,0.41,1750,9
'2017-02','719',' 홍익병원앞 교차로','일일(회원)','M','30대',1,296.52,2.17,9360,36
'2017-02','816',' 신용산역 6번출구 앞','일일(회원)','M','30대',6,1009.3,7.09,30580,1145
'2017-02','817',' 삼각지역 4번출구 앞','일일(회원)','M','30대',2,425.07,3.41,14700,68
'2017-02','818',' 숙명여대 입구 교차로','일일(회원)','M','30대',1,51.68,0.4,1740,16
'2017-02','819',' 선린인터넷 고등학교','일일(회원)','M','30대',1,194.59,1.27,5460,37
'2017-02','822',' 이촌1동 마을공원','일일(회원)','M','30대',6,1421.71,11.19,48250,326
'2017-02','825',' 서빙고동 주민센터 앞','일일(회원)','M','30대',1,216.6,1.53,6590,39
'2017-02','199',' 서울 월드컵 경기장','일일(회원)','M','30대',6,626.43,4.63,19980,213
'2017-02','388',' 동성중학교 앞','일일(회원)','M','30대',3,388.71,3.12,13440,93
'2017-02','584',' 광진광장 교통섬','일일(회원)','M','30대',2,150.03,1.2,5190,36
'2017-02','585',' 성수2가1동 공영주차장 인근','일일(회원)','M','30대',1,304.36,2.15,9260,49
'2017-02','900',' 은평예술회관','일일(회원)','M','30대',7,367.41,3.07,13220,141
'2017-02','901',' 응암1동사무소','일일(회원)','M','30대',3,102.66,0.71,3050,10
'2017-02','200',' 국회의원회관','일일(회원)','M','30대',3,292.45,2.26,9760,58
'2017-02','903',' 은평뉴타운 아이파크','일일(회원)','M','30대',1,13.59,0.11,470,7
'2017-02','905',' 구파발역 2번출구','일일(회원)','M','30대',1,150.16,1.1,4740,42
'2017-02','906',' 연신내역 5번출구150M 아래','일일(회원)','M','30대',5,1205.9,9.41,40570,239
'2017-02','907',' CJ 드림시티','일일(회원)','M','30대',21,3014.15,21.61,93100,422
'2017-02','908',' 구산역 4번출구','일일(회원)','M','30대',4,579.94,3.91,16840,87
'2017-02','909',' 백련산 힐스테이트 3차','일일(회원)','M','30대',3,222.91,2,8660,40
'2017-02','911',' 은평평화공원(역촌역4번출구)','일일(회원)','M','30대',3,73.49,0.68,2900,25
'2017-02','201',' 진미파라곤 앞','일일(회원)','M','30대',8,741.98,5.93,25530,169
'2017-02','913',' 이마트 은평점','일일(회원)','M','30대',8,555.86,4.74,20450,165
'2017-02','914',' 새절역 2번출구','일일(회원)','M','30대',14,2645.84,20.51,88410,623
'2017-02','915',' 증산역 4번출구','일일(회원)','M','30대',7,677.91,5.16,22280,168
'2017-02','916',' 평생학습관 앞','일일(회원)','M','30대',2,97.47,0.92,3970,58
'2017-02','921',' 신도고등학교','일일(회원)','M','30대',1,59.21,0.39,1680,31
'2017-02','202',' 국민일보 앞','일일(회원)','M','30대',12,2020.85,13.67,58940,328
'2017-02','922',' 연신내역 4번출구','일일(회원)','M','30대',3,345.22,2.93,12630,56
'2017-02','925',' 불광역 2번출구','일일(회원)','M','30대',1,112.48,1.01,4370,35
'2017-02','926',' 불광역 8번출구','일일(회원)','M','30대',3,133.07,1.18,5080,44
'2017-02','927',' 연신내역 3번출구 인근','일일(회원)','M','30대',1,70.2,0.64,2770,21
'2017-02','928',' 은평역사한옥박물관','일일(회원)','M','30대',1,70.96,0.67,2890,39
'2017-02','930',' 구 서부경찰서 건너편','일일(회원)','M','30대',3,361.99,3.26,14060,86
'2017-02','931',' 역촌파출소','일일(회원)','M','30대',4,456.51,3.17,13700,101
'2017-02','932',' 예일여중','일일(회원)','M','30대',1,91.54,0.78,3350,54
'2017-02','587',' KEB하나은행 성수중앙지점','일일(회원)','M','30대',3,181.12,1.53,6600,57
'2017-02','588',' 뚝섬 유원지역','일일(회원)','M','30대',1,367.9,2.73,11760,89
'2017-02','103',' 망원역 2번출구 앞','일일(회원)','M','30대',5,256.58,2.07,8920,55
'2017-02','204',' 국회의사당역 5번출구 옆','일일(회원)','M','30대',3,228.79,1.69,7280,62
'2017-02','203',' 국회의사당역 3번출구 옆','일일(회원)','M','30대',2,297.2,1.78,7700,49
'2017-02','205',' 산업은행 앞','일일(회원)','M','30대',18,2109.56,17.63,75900,835
'2017-02','206',' KBS 앞','일일(회원)','M','30대',5,715.84,5.96,25690,205
'2017-02','209',' 유진투자증권빌딩 앞','일일(회원)','M','30대',2,199.4,1.41,6090,46
'2017-02','210',' IFC몰','일일(회원)','M','30대',11,2009.25,16.05,69170,355
'2017-02','211',' 여의도역 4번출구 옆','일일(회원)','M','30대',10,1201.25,9.32,40210,238
'2017-02','212',' 여의도역 1번출구 옆','일일(회원)','M','30대',3,313.19,2.27,9770,54
'2017-02','213',' KT앞','일일(회원)','M','30대',12,1249.29,10.48,45150,215
'2017-02','104',' 합정역 1번출구 앞','일일(회원)','M','30대',7,990.79,7.48,32250,186
'2017-02','214',' 금융감독원 앞','일일(회원)','M','30대',5,1301.8,9.58,41330,222
'2017-02','218',' 증권거래소 앞','일일(회원)','M','30대',1,220.45,1.36,5860,31
'2017-02','219',' 롯데캐슬엠파이어 옆','일일(회원)','M','30대',2,228.76,1.9,8190,65
'2017-02','220',' 미성아파트 A동 앞','일일(회원)','M','30대',2,139.81,1.29,5530,47
'2017-02','215',' 여의도고교 앞','일일(회원)','M','30대',2,164.94,1.3,5640,31
'2017-02','216',' 삼부아파트1동 앞','일일(회원)','M','30대',1,448.77,3.51,15110,10
'2017-02','217',' NH농협은행 앞','일일(회원)','M','30대',5,210.66,1.77,7600,49
'2017-02','221',' 여의도초교 앞','일일(회원)','M','30대',4,284.63,2.23,9630,153
'2017-02','222',' 시범아파트버스정류장 옆','일일(회원)','M','30대',8,375.38,3.05,13120,75
'2017-02','223',' 진주아파트상가 앞','일일(회원)','M','30대',1,185.8,1.28,5520,44
'2017-02','105',' 합정역 5번출구 앞','일일(회원)','M','30대',1,221.16,1.66,7160,40
'2017-02','224',' 롯데캐슬 앞','일일(회원)','M','30대',3,231.23,1.91,8220,41
'2017-02','226',' 샛강역 1번출구 앞','일일(회원)','M','30대',4,968.92,6.82,29390,146
'2017-02','207',' 여의나루역 1번출구 앞','일일(회원)','M','30대',12,1104.11,8.72,37600,306
'2017-02','상암센터 정비실','상암센터 정비실','일일(회원)','M','30대',1,35.74,0.33,1410,18
'2017-02','402',' 상암월드컵파크 9단지 앞','일일(회원)','M','30대',3,239.27,1.89,8180,84
'2017-02','403',' 부엉이공원 앞','일일(회원)','M','30대',2,218.2,1.72,7410,56
'2017-02','106',' 합정역 7번출구 앞','일일(회원)','M','30대',6,729.85,6.68,28770,186
'2017-02','405',' DMC빌 앞','일일(회원)','M','30대',5,1000.22,9,38760,171
'2017-02','406',' 상암월드컵파크 7단지 앞','일일(회원)','M','30대',1,123.71,1.02,4400,34
'2017-02','421',' 마포구청 앞','일일(회원)','M','30대',8,696.68,5.64,24330,171
'2017-02','407',' 마포구 육아종합지원센터','일일(회원)','M','30대',4,614.66,4.27,18410,71
'2017-02','408',' LG CNS앞','일일(회원)','M','30대',3,407.73,3.67,15840,102
'2017-02','420',' 서울시 공공자전거 상암센터','일일(회원)','M','30대',6,626.56,5.03,21770,250
'2017-02','409',' 누리꿈스퀘어 옆','일일(회원)','M','30대',2,180.83,1.33,5700,50
'2017-02','419',' 홈플러스 앞','일일(회원)','M','30대',19,3042.94,23.15,99870,643
'2017-02','418',' 월드컵경기장역 3번출구 옆','일일(회원)','M','30대',11,1381.34,11.47,49440,377
'2017-02','107',' 신한은행 서교동금융센터점 앞','일일(회원)','M','30대',2,98.89,0.69,3000,26
'2017-02','412',' DMC산학협력연구센터 앞','일일(회원)','M','30대',3,487.56,3.63,15650,95
'2017-02','417',' DMC역 2번출구 옆','일일(회원)','M','30대',3,411.6,3.27,14140,76
'2017-02','414',' 상암동주민센터 옆','일일(회원)','M','30대',1,102.45,0.68,2940,14
'2017-02','415',' DMC역 9번출구 앞','일일(회원)','M','30대',7,733.52,6.02,25980,153
'2017-02','416',' 상암월드컵파크 1단지 교차로','일일(회원)','M','30대',1,162.36,1.16,5000,41
'2017-02','500',' 어린이대공원역 3번출구 앞','일일(회원)','M','30대',4,271.63,2.19,9410,72
'2017-02','501',' 광진구의회 앞','일일(회원)','M','30대',6,1413.67,10.39,44790,250
'2017-02','502',' 뚝섬유원지역 1번출구 앞','일일(회원)','M','30대',5,461.64,3.63,15700,225
'2017-02','503',' 더샵스타시티 C동 앞','일일(회원)','M','40대',3,234.42,2.28,9860,88
'2017-02','504',' 신자초교입구교차로','일일(회원)','M','40대',2,223.03,1.63,7040,31
'2017-02','506',' 금호 어울림 아파트 앞','일일(회원)','M','40대',1,106.76,0.78,3370,16
'2017-02','509',' 이마트 버스정류소 옆','일일(회원)','M','40대',3,903.25,6.54,28190,128
'2017-02','511',' 서울숲역 4번 출구 옆','일일(회원)','M','40대',1,92.06,0.86,3690,69
'2017-02','512',' 뚝섬역 1번 출구 옆','일일(회원)','M','40대',4,390.87,3.32,14330,168
'2017-02','400',' 상암한화오벨리스크 1차 앞','일일(회원)','M','40대',5,289.65,2.15,9300,104
'2017-02','513',' 뚝섬역 5번 출구 정류소 옆','일일(회원)','M','40대',1,67.3,0.72,3090,26
'2017-02','514',' 성수사거리 버스정류장 앞','일일(회원)','M','40대',1,127.71,0.87,3750,38
'2017-02','515',' 광양중학교 앞','일일(회원)','M','40대',1,185.8,1.28,5520,49
'2017-02','516',' 광진메디칼 앞','일일(회원)','M','40대',2,78.72,0.68,2910,44
'2017-02','300',' 정동사거리','일일(회원)','M','40대',2,150.54,1.22,5280,47
'2017-02','115',' 사루비아 빌딩 앞','일일(회원)','M','40대',2,129.01,1.1,4770,51
'2017-02','304',' 광화문역 2번출구 앞','일일(회원)','M','40대',2,355.96,2.84,12270,55
'2017-02','305',' 종로구청 옆','일일(회원)','M','40대',1,49.34,0.41,1780,19
'2017-02','307',' 서울역사박물관 앞','일일(회원)','M','40대',4,178.38,1.17,5100,52
'2017-02','309',' 광화문역 6번출구 옆','일일(회원)','M','40대',1,157.11,1.23,5290,77
'2017-02','310',' 청계광장 옆','일일(회원)','M','40대',4,276.32,2.1,9020,97
'2017-02','311',' 서울광장 옆','일일(회원)','M','40대',6,380.91,3.02,13010,124
'2017-02','312',' 시청역 1번출구 뒤','일일(회원)','M','40대',1,89.99,0.7,3030,14
'2017-02','313',' 서울역 광장 파출소 옆','일일(회원)','M','40대',1,196.42,1.44,6200,28
'2017-02','314',' 국립현대미술관','일일(회원)','M','40대',3,195.17,1.4,6070,70
'2017-02','315',' 신한은행 안국역지점 옆','일일(회원)','M','40대',2,66.15,0.6,2570,12
'2017-02','316',' 종각역 1번출구 앞','일일(회원)','M','40대',5,275.43,2.58,11090,102
'2017-02','318',' 광교사거리 남측','일일(회원)','M','40대',4,278.58,1.89,8140,120
'2017-02','321',' KEB 하나은행 본점 앞','일일(회원)','M','40대',1,86.68,0.71,3040,35
'2017-02','322',' 명동성당 앞','일일(회원)','M','40대',2,174.86,1.38,5950,38
'2017-02','324',' 신세계백화점 본점 앞','일일(회원)','M','40대',6,353.44,2.46,10570,76
'2017-02','326',' 안국역 5번출구 앞','일일(회원)','M','40대',1,378.08,2.95,12730,109
'2017-02','328',' 탑골공원 앞','일일(회원)','M','40대',1,62.01,0.4,1740,24
'2017-02','329',' 청계2가 사거리 옆','일일(회원)','M','40대',2,150.58,1.35,5850,47
'2017-02','330',' 청계천 한빛광장','일일(회원)','M','40대',1,265.16,1.67,7200,31
'2017-02','331',' 을지로2가 사거리 북측','일일(회원)','M','40대',1,50.68,0.37,1580,11
'2017-02','111',' 상수역 2번출구 앞','일일(회원)','M','40대',5,605.59,5.66,24350,178
'2017-02','334',' 종로3가역 2번출구 뒤','일일(회원)','M','40대',7,414.56,3.1,13370,121
'2017-02','335',' 종로3가역 15번출구 앞','일일(회원)','M','40대',1,158.82,1.43,6170,44
'2017-02','336',' 티마크 호텔 앞','일일(회원)','M','40대',3,352.46,2.4,10330,108
'2017-02','339',' 종로4가 사거리','일일(회원)','M','40대',2,80.54,0.52,2260,15
'2017-02','340',' 혜화동 로터리','일일(회원)','M','40대',1,98.83,0.85,3670,32
'2017-02','341',' 혜화역 3번출구 뒤','일일(회원)','M','40대',1,15.97,0.13,560,1
'2017-02','342',' 대학로 마로니에공원','일일(회원)','M','40대',1,66.24,0.9,3890,61
'2017-02','112',' 극동방송국 앞','일일(회원)','M','40대',2,186.28,1.66,7150,39
'2017-02','346',' 맥스타일 앞','일일(회원)','M','40대',4,753.29,5.26,22710,132
'2017-02','347',' 동대문역사문화공원역 9번출구 앞','일일(회원)','M','40대',1,202.19,1.27,5490,27
'2017-02','349',' 사직동주민센터','일일(회원)','M','40대',2,360.83,2.42,10430,71
'2017-02','350','KEB 하나은행(내자동 지점) 앞','일일(회원)','M','40대',2,214.58,1.84,7910,49
'2017-02','352',' 중앙고입구 삼거리','일일(회원)','M','40대',2,147.19,0.96,4130,41
'2017-02','353',' 재동초교 앞 삼거리','일일(회원)','M','40대',1,49.61,0.43,1870,9
'2017-02','117',' 홍은사거리','일일(회원)','M','40대',4,565.63,3.98,17190,74
'2017-02','354',' 포르투갈 대사관 앞','일일(회원)','M','40대',3,150.24,1.31,5630,107
'2017-02','355',' 서울사대부속초교 앞','일일(회원)','M','40대',1,154.68,1.01,4340,33
'2017-02','356',' KT혜화지사 앞','일일(회원)','M','40대',3,161.38,1.31,5660,37
'2017-02','361',' 동묘앞역 1번출구 뒤','일일(회원)','M','40대',1,92.03,0.88,3810,15
'2017-02','113',' 홍대입구역 2번출구 앞','일일(회원)','M','40대',15,1583.8,12.61,54370,339
'2017-02','367',' 독립문역 3-1번출구 ','일일(회원)','M','40대',2,92.72,0.7,3010,25
'2017-02','369',' 광화문 시민열린마당','일일(회원)','M','40대',3,167.43,1.55,6700,46
'2017-02','348',' 독립문역 사거리','일일(회원)','M','40대',1,363.92,2.13,9190,77
'2017-02','370',' 시청역(2호선) 9번출구 뒤','일일(회원)','M','40대',1,253.46,1.75,7530,34
'2017-02','371',' 동대입구역 6번출구 뒤','일일(회원)','M','40대',1,28.31,0.26,1100,10
'2017-02','372',' 약수역 3번출구 뒤','일일(회원)','M','40대',3,79.8,0.72,3100,17
'2017-02','373',' 청구 어린이공원','일일(회원)','M','40대',1,108.88,0.98,4230,23
'2017-02','118',' 광흥창역 2번출구 앞','일일(회원)','M','40대',2,126,1.02,4400,49
'2017-02','377',' 서울역 4번출구 앞','일일(회원)','M','40대',3,437.19,3.19,13770,85
'2017-02','378',' 청계7가 사거리','일일(회원)','M','40대',1,60.43,0.51,2180,40
'2017-02','380',' CJ제일제당 앞','일일(회원)','M','40대',1,66.78,0.58,2480,20
'2017-02','383',' 신당역 12번 출구 뒤','일일(회원)','M','40대',1,113.06,0.71,3070,16
'2017-02','384',' 종로학원본원 ','일일(회원)','M','40대',3,96.79,0.88,3760,27
'2017-02','114',' 홍대입구역 8번출구 앞','일일(회원)','M','40대',2,191.98,1.65,7080,60
'2017-02','142',' 아현역 4번출구 앞','일일(회원)','M','40대',1,191.55,1.6,6910,55
'2017-02','143',' 공덕역 2번출구','일일(회원)','M','40대',3,350.58,3.1,13390,58
'2017-02','144',' 공덕역 8번출구','일일(회원)','M','40대',3,144.7,1.16,4990,45
'2017-02','146',' 마포역 1번출구 뒤','일일(회원)','M','40대',2,105.55,0.95,4080,36
'2017-02','147',' 마포역 4번출구 뒤','일일(회원)','M','40대',3,1110.06,8.12,35040,146
'2017-02','148',' 용강동 주민센터 앞','일일(회원)','M','40대',1,111.81,0.84,3620,22
'2017-02','150',' 서강대역 2번출구 앞','일일(회원)','M','40대',1,42.2,0.33,1440,9
'2017-02','151',' 망원1동주민센터','일일(회원)','M','40대',1,149.18,1.29,5540,54
'2017-02','152',' 마포구민체육센터 앞','일일(회원)','M','40대',10,2053.83,15.37,66250,403
'2017-02','119',' 서강나루 공원','일일(회원)','M','40대',1,89.34,0.87,3760,46
'2017-02','154',' 마포구청역 ','일일(회원)','M','40대',1,89.58,0.81,3480,24
'2017-02','155',' 가좌역1 번출구 뒤','일일(회원)','M','40대',1,80.08,0.74,3210,43
'2017-02','156',' 서울서부지방법원 앞','일일(회원)','M','40대',3,161.86,1.42,6100,56
'2017-02','157',' 애오개역 4번출구 앞','일일(회원)','M','40대',4,386.55,3.6,15510,171
'2017-02','160',' 북아현동 가구거리','일일(회원)','M','40대',1,51.56,0.5,2170,14
'2017-02','165',' 중앙근린공원','일일(회원)','M','40대',2,297.78,2.23,9620,88
'2017-02','166',' 가재울 초등학교','일일(회원)','M','40대',3,503.28,4.09,17650,214
'2017-02','170',' 가재울 뉴타운 주유소 옆','일일(회원)','M','40대',3,419.76,3.07,13250,117
'2017-02','171',' 임광빌딩 앞','일일(회원)','M','40대',1,43.04,0.33,1430,8
'2017-02','172',' 서대문소방서','일일(회원)','M','40대',4,142.09,1.29,5520,29
'2017-02','121',' 마포소방서 앞','일일(회원)','M','40대',1,61.54,0.52,2220,30
'2017-02','173',' 서대문역 8번출구 앞','일일(회원)','M','40대',2,194.69,1.44,6210,41
'2017-02','175',' 홍연2교옆','일일(회원)','M','40대',4,994.21,8.56,36880,160
'2017-02','179',' 가좌역 4번출구 앞','일일(회원)','M','40대',3,359.99,2.85,12290,107
'2017-02','180',' 충정로역 7번출구 뒤','일일(회원)','M','40대',1,70.33,0.69,2960,18
'2017-02','518',' 청계천 박물관 앞','일일(회원)','M','40대',4,83.28,1.63,7010,58
'2017-02','519',' 양지사거리','일일(회원)','M','40대',1,164.4,1.01,4370,28
'2017-02','520',' 상왕십리역 4번 출구 앞','일일(회원)','M','40대',1,57.32,0.45,1930,15
'2017-02','525',' 한양대병원사거리','일일(회원)','M','40대',1,174.08,1.46,6280,59
'2017-02','123',' 문화촌 공원','일일(회원)','M','40대',1,335.61,2.62,11300,67
'2017-02','550',' 서울시설공단 앞','일일(회원)','M','40대',3,353.54,2.69,11600,80
'2017-02','539',' 군자교교차로','일일(회원)','M','40대',3,339.34,2.68,11550,118
'2017-02','540',' 군자역 7번출구 베스트샵 앞','일일(회원)','M','40대',1,122.2,0.97,4170,25
'2017-02','542',' 강변역 4번출구 뒤','일일(회원)','M','40대',2,449.73,3.38,14560,137
'2017-02','543',' 구의공원(테크노마트 앞)','일일(회원)','M','40대',3,840.09,6.45,27800,274
'2017-02','544',' 광남중학교','일일(회원)','M','40대',3,579.28,4.76,20510,172
'2017-02','546',' 잠실대교북단 교차로','일일(회원)','M','40대',1,13.8,0.1,410,4
'2017-02','548',' 자양나들목','일일(회원)','M','40대',2,178.55,1.17,5010,37
'2017-02','549',' 아차산역 3번출구','일일(회원)','M','40대',2,155.05,1.17,5020,62
'2017-02','124',' 서강대 정문 건너편','일일(회원)','M','40대',1,91.48,0.7,3000,40
'2017-02','600',' 휘경2동 주민센터','일일(회원)','M','40대',2,212.41,1.38,5960,22
'2017-02','601',' 용신동주민센터','일일(회원)','M','40대',1,58.49,0.49,2110,11
'2017-02','602',' 장안동 사거리','일일(회원)','M','40대',2,123.23,0.9,3890,21
'2017-02','605',' 신설동역8번출구','일일(회원)','M','40대',5,575.35,4.25,18310,149
'2017-02','606',' 휘경공고앞','일일(회원)','M','40대',4,397.27,2.9,12540,78
'2017-02','609',' 제기2교','일일(회원)','M','40대',4,821.64,5.95,25670,264
'2017-02','612',' 시립동부병원 앞 사거리','일일(회원)','M','40대',1,70.13,0.59,2530,21
'2017-02','613',' 신설동역 10번출구 앞','일일(회원)','M','40대',1,89.81,0.58,2520,13
'2017-02','614',' 용두동 사거리','일일(회원)','M','40대',1,81.97,0.53,2300,12
'2017-02','617',' 청솔우성아파트 앞','일일(회원)','M','40대',1,15.15,0.12,510,3
'2017-02','228',' 선유도역 3번출구 앞','일일(회원)','M','40대',2,202.82,1.61,6950,46
'2017-02','126',' 서강대 후문 옆','일일(회원)','M','40대',1,149.99,1.29,5570,42
'2017-02','236',' 문래동자이아파트 앞','일일(회원)','M','40대',2,168.74,1.35,5820,33
'2017-02','237',' 보라매 두산위브 건너편','일일(회원)','M','40대',1,135.59,0.99,4280,25
'2017-02','239',' 유스호스텔 앞','일일(회원)','M','40대',1,297.89,2.33,10030,60
'2017-02','127',' 현대벤처빌 앞','일일(회원)','M','40대',1,58.57,0.4,1740,6
'2017-02','241',' 신길우성1차아파트 앞 공원','일일(회원)','M','40대',1,123.85,0.97,4170,35
'2017-02','244',' 영등포삼환아파트 앞','일일(회원)','M','40대',2,262.61,1.92,8250,48
'2017-02','245',' 삼성생명 당산사옥 앞','일일(회원)','M','40대',2,290.03,2.28,9820,38
'2017-02','247',' 당산역 10번출구 앞','일일(회원)','M','40대',4,382.32,2.74,11790,118
'2017-02','250',' 대림아파트 사거리','일일(회원)','M','40대',2,122.87,0.96,4160,22
'2017-02','128',' 신촌역(2호선) 1번출구 옆','일일(회원)','M','40대',2,197.91,1.55,6660,61
'2017-02','252',' 보라매역4번출구','일일(회원)','M','40대',1,138.44,1.01,4370,24
'2017-02','259',' 대방역6번출구','일일(회원)','M','40대',7,664.02,5.33,22970,120
'2017-02','700',' KB국민은행 염창역 지점 앞','일일(회원)','M','40대',4,1084.28,9.24,39850,173
'2017-02','703',' 오목교역 7번출구 앞','일일(회원)','M','40대',3,212.32,1.52,6530,99
'2017-02','706',' 신정네거리역','일일(회원)','M','40대',3,353.44,2.43,10500,53
'2017-02','708',' 서울출입국관리사무소 앞','일일(회원)','M','40대',2,62.64,0.52,2260,67
'2017-02','712',' 강월초교입구 사거리','일일(회원)','M','40대',1,51.5,0.35,1530,7
'2017-02','130',' 신촌역(2호선) 7번출구 앞','일일(회원)','M','40대',1,85.93,0.72,3100,16
'2017-02','805',' 문배어린이공원 앞','일일(회원)','M','40대',3,201.59,1.66,7160,44
'2017-02','806',' 전자랜드 본관 앞','일일(회원)','M','40대',1,30.49,0.26,1100,6
'2017-02','807',' 서울역 12번 출구 앞','일일(회원)','M','40대',1,85.54,0.56,2400,16
'2017-02','809',' 한남 유수지 복개주차장','일일(회원)','M','40대',5,1457.55,11.03,47550,260
'2017-02','811',' 녹사평역1번출구','일일(회원)','M','40대',2,40.67,0.37,1580,25
'2017-02','812',' 용산전쟁기념관','일일(회원)','M','40대',5,316.12,2.06,8870,142
'2017-02','813',' 삼각지역 3번출구','일일(회원)','M','40대',2,116.26,0.85,3670,22
'2017-02','815',' LIG강촌아파트 103동앞','일일(회원)','M','40대',3,346.04,2.99,12860,191
'2017-02','385',' 종각역 5번출구','일일(회원)','M','40대',1,55.08,0.5,2140,32
'2017-02','386',' 올림픽기념 국민생활관 앞','일일(회원)','M','40대',3,108.92,0.88,3820,53
'2017-02','132',' 창천문화공원','일일(회원)','M','40대',1,40.8,0.43,1840,13
'2017-02','182',' 망원2빗물펌프장 앞','일일(회원)','M','40대',1,151.35,1.36,5880,64
'2017-02','183',' 하늘채코오롱아파트 건너편','일일(회원)','M','40대',3,1111.95,8.64,37240,147
'2017-02','184',' SK망원동주유소 건너편','일일(회원)','M','40대',1,72.98,0.45,1940,33
'2017-02','185',' 마포 신수공원 앞','일일(회원)','M','40대',2,609.3,4.96,21370,183
'2017-02','186',' 월드컵공원','일일(회원)','M','40대',21,2327.97,19.51,84140,1060
'2017-02','177',' 북가좌 초등학교','일일(회원)','M','40대',3,439.87,4.36,18780,102
'2017-02','191',' 정명학원','일일(회원)','M','40대',9,503.05,3.6,15460,72
'2017-02','178',' 증산3교 앞','일일(회원)','M','40대',1,47.1,0.42,1830,9
'2017-02','133',' 해담는다리','일일(회원)','M','40대',1,121.49,1.1,4720,54
'2017-02','194',' 증산교 앞','일일(회원)','M','40대',2,275.04,1.97,8470,62
'2017-02','198',' 충정2교','일일(회원)','M','40대',2,94.01,0.82,3550,28
'2017-02','558',' 성동광진 교육지원청 앞','일일(회원)','M','40대',2,211.3,1.55,6660,72
'2017-02','134',' 연세로 명물길','일일(회원)','M','40대',2,187.11,1.46,6300,157
'2017-02','561',' 서울숲역 2번출구 앞','일일(회원)','M','40대',1,0,0,0,66
'2017-02','563',' 성동세무서 건너편','일일(회원)','M','40대',2,160.62,1.44,6240,144
'2017-02','564',' 금호역 3번출구','일일(회원)','M','40대',1,339.17,2.65,11420,52
'2017-02','565',' 옥수역 3번출구','일일(회원)','M','40대',4,472.85,4.07,17540,129
'2017-02','567',' 성수역 2번출구 앞','일일(회원)','M','40대',2,269.04,1.85,7980,44
'2017-02','568',' 청계8가사거리 부근','일일(회원)','M','40대',1,673.44,7.17,30920,144
'2017-02','578',' 성동세무서 부근','일일(회원)','M','40대',1,90.17,0.48,2070,12
'2017-02','582',' 경일중학교 앞','일일(회원)','M','40대',1,25.84,0.2,870,6
'2017-02','583',' 청계천 생태교실 앞','일일(회원)','M','40대',6,700,5.78,24910,208
'2017-02','551',' 구의삼성쉐르빌 앞','일일(회원)','M','40대',3,244.48,1.88,8080,63
'2017-02','552',' 대림아크로리버 앞','일일(회원)','M','40대',4,235.79,2.1,9060,54
'2017-02','554',' 아차산역 사거리','일일(회원)','M','40대',3,444.79,2.89,12480,56
'2017-02','571',' 어린이대공원역6번출구','일일(회원)','M','40대',2,281.82,2,8650,56
'2017-02','574',' 아차산역4번출구','일일(회원)','M','40대',2,60.86,0.52,2260,42
'2017-02','575',' 중앙농협 중곡지점','일일(회원)','M','40대',1,116.09,1.05,4510,18
'2017-02','577',' 광진청소년수련관','일일(회원)','M','40대',1,148.78,1.34,5780,52
'2017-02','621',' 동대문중학교 옆','일일(회원)','M','40대',1,97.04,0.87,3770,32
'2017-02','137',' NH농협 신촌지점 앞','일일(회원)','M','40대',1,102.19,1.17,5060,28
'2017-02','622',' 전농사거리 교통섬','일일(회원)','M','40대',1,246.51,1.93,8300,40
'2017-02','627',' 장안동삼거리 교통섬','일일(회원)','M','40대',1,313.26,2.82,12170,88
'2017-02','633',' 청량리 기업은행 앞','일일(회원)','M','40대',2,241.84,1.67,7180,44
'2017-02','634',' 외국어대 정문 앞','일일(회원)','M','40대',1,29.23,0.28,1210,7
'2017-02','635',' 시조사 앞 (청량고정문 옆)','일일(회원)','M','40대',1,32.13,0.31,1330,7
'2017-02','636',' 세종대왕기념관 교차로','일일(회원)','M','40대',1,47.14,0.3,1280,6
'2017-02','641',' 용두역 4번출구','일일(회원)','M','40대',2,280.77,3.32,14300,141
'2017-02','642',' 신답역 사거리','일일(회원)','M','40대',3,232.73,1.52,6530,34
'2017-02','643',' 동대문구민체육센터 (육교아래)','일일(회원)','M','40대',1,911.43,6.67,28770,124
'2017-02','260',' 여의도 마리나선착장 앞','일일(회원)','M','40대',2,243.94,2.04,8800,74
'2017-02','262',' 영문초등학교 사거리','일일(회원)','M','40대',1,219.82,1.98,8540,43
'2017-02','263',' 근로자회관 사거리','일일(회원)','M','40대',3,434.23,3.92,16870,85
'2017-02','266',' 영등포청과시장 사거리','일일(회원)','M','40대',1,129.89,0.95,4100,16
'2017-02','267',' 삼성화재 사옥 옆','일일(회원)','M','40대',1,91.18,0.71,3070,17
'2017-02','270',' 증권거래소후문교차로','일일(회원)','M','40대',1,42.13,0.35,1520,13
'2017-02','271',' 샛강생태공원방문자센터 앞','일일(회원)','M','40대',1,90.6,0.82,3520,30
'2017-02','272',' 당산육갑문','일일(회원)','M','40대',5,683.97,5.48,23660,126
'2017-02','716','신정6동 주민센터 인근','일일(회원)','M','40대',2,82.57,0.6,2580,20
'2017-02','719',' 홍익병원앞 교차로','일일(회원)','M','40대',2,304.75,2.18,9400,41
'2017-02','720',' 서울강월초등학교 앞','일일(회원)','M','40대',1,388.44,2.68,11540,45
'2017-02','819',' 선린인터넷 고등학교','일일(회원)','M','40대',1,303.18,2.22,9570,57
'2017-02','820',' 청파동입구 교차로','일일(회원)','M','40대',7,585.91,4.65,20100,100
'2017-02','822',' 이촌1동 마을공원','일일(회원)','M','40대',1,82.33,0.54,2310,14
'2017-02','825',' 서빙고동 주민센터 앞','일일(회원)','M','40대',1,102.7,0.93,3990,14
'2017-02','199',' 서울 월드컵 경기장','일일(회원)','M','40대',2,343.65,2.98,12840,117
'2017-02','388',' 동성중학교 앞','일일(회원)','M','40대',2,74.05,0.64,2750,43
'2017-02','584',' 광진광장 교통섬','일일(회원)','M','40대',1,95.93,0.75,3230,19
'2017-02','585',' 성수2가1동 공영주차장 인근','일일(회원)','M','40대',1,489.14,3.58,15440,55
'2017-02','200',' 국회의원회관','일일(회원)','M','40대',1,66.41,0.5,2150,10
'2017-02','902',' 진관동 은빛초등학교','일일(회원)','M','40대',1,116.76,0.81,3510,19
'2017-02','903',' 은평뉴타운 아이파크','일일(회원)','M','40대',1,390.12,2.69,11590,46
'2017-02','904',' 은평뉴타운 푸르지오','일일(회원)','M','40대',2,630.17,4.48,19340,133
'2017-02','905',' 구파발역 2번출구','일일(회원)','M','40대',4,535.3,4.25,18320,152
'2017-02','906',' 연신내역 5번출구150M 아래','일일(회원)','M','40대',2,220.13,1.71,7380,56
'2017-02','907',' CJ 드림시티','일일(회원)','M','40대',7,950.85,7,30210,135
'2017-02','912',' 응암오거리','일일(회원)','M','40대',2,178.41,1.31,5610,31
'2017-02','913',' 이마트 은평점','일일(회원)','M','40대',2,188.54,1.58,6810,54
'2017-02','914',' 새절역 2번출구','일일(회원)','M','40대',2,157.98,1.32,5680,34
'2017-02','915',' 증산역 4번출구','일일(회원)','M','40대',3,335.93,2.2,9480,51
'2017-02','917',' 녹번역 4번출구','일일(회원)','M','40대',2,116.9,0.86,3690,20
'2017-02','921',' 신도고등학교','일일(회원)','M','40대',1,44.7,0.39,1660,15
'2017-02','202',' 국민일보 앞','일일(회원)','M','40대',2,125.81,0.96,4160,25
'2017-02','923',' 국민은행 연서지점','일일(회원)','M','40대',1,129.73,0.9,3900,16
'2017-02','924',' 메뚜기다리','일일(회원)','M','40대',1,46.33,0.42,1800,11
'2017-02','925',' 불광역 2번출구','일일(회원)','M','40대',1,63.04,0.46,1990,13
'2017-02','926',' 불광역 8번출구','일일(회원)','M','40대',4,281.02,2.71,11670,61
'2017-02','928',' 은평역사한옥박물관','일일(회원)','M','40대',1,166.73,1.38,5930,38
'2017-02','931',' 역촌파출소','일일(회원)','M','40대',1,128.19,1.16,4980,27
'2017-02','932',' 예일여중','일일(회원)','M','40대',3,245.72,1.69,7300,59
'2017-02','933',' LG서비스 역촌점','일일(회원)','M','40대',1,149.97,1.26,5410,26
'2017-02','587',' KEB하나은행 성수중앙지점','일일(회원)','M','40대',1,15.52,0.11,490,3
'2017-02','103',' 망원역 2번출구 앞','일일(회원)','M','40대',4,180.5,1.68,7230,63
'2017-02','204',' 국회의사당역 5번출구 옆','일일(회원)','M','40대',1,110.67,1.27,5480,33
'2017-02','205',' 산업은행 앞','일일(회원)','M','40대',9,1309.57,11.01,47400,506
'2017-02','206',' KBS 앞','일일(회원)','M','40대',4,862.23,6.41,27620,243
'2017-02','209',' 유진투자증권빌딩 앞','일일(회원)','M','40대',1,30.49,0.26,1100,8
'2017-02','210',' IFC몰','일일(회원)','M','40대',2,247.84,2.17,9370,63
'2017-02','211',' 여의도역 4번출구 옆','일일(회원)','M','40대',2,59.85,0.46,1980,9
'2017-02','213',' KT앞','일일(회원)','M','40대',3,245.19,1.48,6390,68
'2017-02','214',' 금융감독원 앞','일일(회원)','M','40대',10,944.5,7.79,33580,156
'2017-02','218',' 증권거래소 앞','일일(회원)','M','40대',2,23.17,0.21,900,4
'2017-02','219',' 롯데캐슬엠파이어 옆','일일(회원)','M','40대',2,113.02,0.86,3730,42
'2017-02','220',' 미성아파트 A동 앞','일일(회원)','M','40대',1,131.57,1.03,4430,43
'2017-02','216',' 삼부아파트1동 앞','일일(회원)','M','40대',6,561.67,3.91,16800,90
'2017-02','217',' NH농협은행 앞','일일(회원)','M','40대',4,119.95,1.09,4660,26
'2017-02','221',' 여의도초교 앞','일일(회원)','M','40대',6,2212.16,18.09,78000,350
'2017-02','222',' 시범아파트버스정류장 옆','일일(회원)','M','40대',5,235.53,1.9,8150,57
'2017-02','223',' 진주아파트상가 앞','일일(회원)','M','40대',2,297.78,2.45,10580,79
'2017-02','224',' 롯데캐슬 앞','일일(회원)','M','40대',4,438.02,3.51,15120,85
'2017-02','225',' 앙카라공원 앞','일일(회원)','M','40대',2,620.08,5.36,23130,126
'2017-02','207',' 여의나루역 1번출구 앞','일일(회원)','M','40대',7,678.95,5.98,25800,376
'2017-02','401',' 상암월드컵파크 10단지 앞','일일(회원)','M','40대',5,271.72,2.21,9530,47
'2017-02','403',' 부엉이공원 앞','일일(회원)','M','40대',9,399.77,3.11,13460,67
'2017-02','106',' 합정역 7번출구 앞','일일(회원)','M','40대',4,331.11,2.72,11730,336
'2017-02','406',' 상암월드컵파크 7단지 앞','일일(회원)','M','40대',1,108.39,0.75,3220,14
'2017-02','421',' 마포구청 앞','일일(회원)','M','40대',5,932.41,7.37,31720,209
'2017-02','407',' 마포구 육아종합지원센터','일일(회원)','M','40대',5,315.57,2.8,12060,50
'2017-02','420',' 서울시 공공자전거 상암센터','일일(회원)','M','40대',3,662.76,5.05,21770,596
'2017-02','409',' 누리꿈스퀘어 옆','일일(회원)','M','40대',1,39.35,0.32,1380,6
'2017-02','419',' 홈플러스 앞','일일(회원)','M','40대',3,631.16,4.31,18570,170
'2017-02','410',' 상암중학교 옆','일일(회원)','M','40대',1,13.13,0.12,510,1
'2017-02','418',' 월드컵경기장역 3번출구 옆','일일(회원)','M','40대',17,2019.59,15.13,65260,454
'2017-02','412',' DMC산학협력연구센터 앞','일일(회원)','M','40대',10,461.67,3.64,15680,68
'2017-02','413',' 상암월드컵파크 3단지 후문','일일(회원)','M','40대',2,144.84,1.16,5000,54
'2017-02','414',' 상암동주민센터 옆','일일(회원)','M','40대',2,50.99,0.41,1770,12
'2017-02','415',' DMC역 9번출구 앞','일일(회원)','M','40대',2,136.16,1,4310,41
'2017-02','500',' 어린이대공원역 3번출구 앞','일일(회원)','M','40대',2,162.93,1.35,5850,39
'2017-02','501',' 광진구의회 앞','일일(회원)','M','40대',2,221.64,1.78,7670,55
'2017-02','502',' 뚝섬유원지역 1번출구 앞','일일(회원)','M','40대',2,161.61,1.08,4640,124
'2017-02','510',' 서울숲 남문 버스정류소 옆','일일(회원)','M','50대',1,278.35,1.81,7810,48
'2017-02','511',' 서울숲역 4번 출구 옆','일일(회원)','M','50대',2,154.95,1.35,5840,97
'2017-02','300',' 정동사거리','일일(회원)','M','50대',1,21.68,0.17,730,5
'2017-02','115',' 사루비아 빌딩 앞','일일(회원)','M','50대',1,22.55,0.18,780,6
'2017-02','307',' 서울역사박물관 앞','일일(회원)','M','50대',1,23.45,0.22,940,5
'2017-02','309',' 광화문역 6번출구 옆','일일(회원)','M','50대',1,21.68,0.17,730,5
'2017-02','311',' 서울광장 옆','일일(회원)','M','50대',7,1205.77,8.84,38080,220
'2017-02','316',' 종각역 1번출구 앞','일일(회원)','M','50대',5,495.74,3.87,16670,131
'2017-02','320',' 을지로입구역 4번출구 앞','일일(회원)','M','50대',1,67.38,0.48,2050,34
'2017-02','322',' 명동성당 앞','일일(회원)','M','50대',1,55.72,0.49,2100,21
'2017-02','328',' 탑골공원 앞','일일(회원)','M','50대',1,43.35,0.37,1610,17
'2017-02','330',' 청계천 한빛광장','일일(회원)','M','50대',1,78.34,0.73,3140,38
'2017-02','336',' 티마크 호텔 앞','일일(회원)','M','50대',1,145.75,1,4330,79
'2017-02','338',' 세운스퀘어 앞','일일(회원)','M','50대',2,158.31,1.16,5000,49
'2017-02','340',' 혜화동 로터리','일일(회원)','M','50대',2,136.96,1.22,5240,30
'2017-02','341',' 혜화역 3번출구 뒤','일일(회원)','M','50대',1,86.44,0.61,2630,31
'2017-02','345',' 서울보증보험본사 앞','일일(회원)','M','50대',1,20.49,0.16,690,32
'2017-02','346',' 맥스타일 앞','일일(회원)','M','50대',4,273.75,2.31,9960,87
'2017-02','347',' 동대문역사문화공원역 9번출구 앞','일일(회원)','M','50대',1,109.78,0.77,3340,34
'2017-02','352',' 중앙고입구 삼거리','일일(회원)','M','50대',2,156.99,1.35,5830,31
'2017-02','355',' 서울사대부속초교 앞','일일(회원)','M','50대',1,37.13,0.29,1250,58
'2017-02','356',' KT혜화지사 앞','일일(회원)','M','50대',1,13.37,0.1,450,38
'2017-02','359',' 원남동사거리','일일(회원)','M','50대',1,18.41,0.14,620,5
'2017-02','118',' 광흥창역 2번출구 앞','일일(회원)','M','50대',1,200.02,2.21,9530,51
'2017-02','142',' 아현역 4번출구 앞','일일(회원)','M','50대',2,994.05,9.37,40400,295
'2017-02','143',' 공덕역 2번출구','일일(회원)','M','50대',1,41.47,0.28,1190,5
'2017-02','144',' 공덕역 8번출구','일일(회원)','M','50대',2,202.48,1.45,6250,47
'2017-02','146',' 마포역 1번출구 뒤','일일(회원)','M','50대',2,272.7,1.95,8370,35
'2017-02','147',' 마포역 4번출구 뒤','일일(회원)','M','50대',6,1030.1,8.54,36780,154
'2017-02','152',' 마포구민체육센터 앞','일일(회원)','M','50대',1,114.48,0.92,3960,26
'2017-02','154',' 마포구청역 ','일일(회원)','M','50대',1,50.11,0.4,1710,12
'2017-02','156',' 서울서부지방법원 앞','일일(회원)','M','50대',1,138.38,0.97,4160,29
'2017-02','157',' 애오개역 4번출구 앞','일일(회원)','M','50대',1,187.8,1.72,7410,36
'2017-02','160',' 북아현동 가구거리','일일(회원)','M','50대',2,114.8,1.04,4460,24
'2017-02','163',' 명지전문대학교 정문 앞','일일(회원)','M','50대',1,117.61,0.77,3300,24
'2017-02','165',' 중앙근린공원','일일(회원)','M','50대',1,154.46,1.37,5910,35
'2017-02','171',' 임광빌딩 앞','일일(회원)','M','50대',1,59.04,0.49,2130,16
'2017-02','175',' 홍연2교옆','일일(회원)','M','50대',1,70.12,0.54,2330,11
'2017-02','179',' 가좌역 4번출구 앞','일일(회원)','M','50대',2,163.37,1.55,6680,63
'2017-02','180',' 충정로역 7번출구 뒤','일일(회원)','M','50대',1,397.17,2.77,11940,58
'2017-02','518',' 청계천 박물관 앞','일일(회원)','M','50대',3,83.3,0.76,3330,54
'2017-02','520',' 상왕십리역 4번 출구 앞','일일(회원)','M','50대',2,386.92,2.78,11980,69
'2017-02','523',' 옥수동성당 옆','일일(회원)','M','50대',1,176.12,1.38,5930,35
'2017-02','524',' 래미안금호하이리버 아파트 102동 옆','일일(회원)','M','50대',3,395.12,3.86,16630,83
'2017-02','530',' 청계벽산아파트 앞','일일(회원)','M','50대',1,254.47,1.66,7140,55
'2017-02','535',' 응봉삼거리','일일(회원)','M','50대',1,139.49,1.1,4760,28
'2017-02','539',' 군자교교차로','일일(회원)','M','50대',1,67.08,0.56,2420,10
'2017-02','600',' 휘경2동 주민센터','일일(회원)','M','50대',1,75.13,0.86,3720,38
'2017-02','612',' 시립동부병원 앞 사거리','일일(회원)','M','50대',2,249.48,2.01,8630,49
'2017-02','613',' 신설동역 10번출구 앞','일일(회원)','M','50대',3,229.03,2.06,8890,54
'2017-02','228',' 선유도역 3번출구 앞','일일(회원)','M','50대',1,84.35,0.82,3550,17
'2017-02','229',' 양평1 보행육교 앞','일일(회원)','M','50대',2,146.36,1.22,5280,37
'2017-02','126',' 서강대 후문 옆','일일(회원)','M','50대',1,68.9,0.67,2900,15
'2017-02','127',' 현대벤처빌 앞','일일(회원)','M','50대',2,78.25,0.7,3040,23
'2017-02','244',' 영등포삼환아파트 앞','일일(회원)','M','50대',1,200.06,1.95,8420,54
'2017-02','247',' 당산역 10번출구 앞','일일(회원)','M','50대',3,291.52,2.4,10340,58
'2017-02','128',' 신촌역(2호선) 1번출구 옆','일일(회원)','M','50대',1,56.63,0.51,2200,14
'2017-02','252',' 보라매역4번출구','일일(회원)','M','50대',1,123.55,0.97,4160,15
'2017-02','257',' 신길삼거리(우리은행)','일일(회원)','M','50대',1,125.24,1.33,5750,46
'2017-02','258',' 신길역3번출구','일일(회원)','M','50대',1,0,0,0,40
'2017-02','703',' 오목교역 7번출구 앞','일일(회원)','M','50대',1,69.58,0.58,2510,17
'2017-02','707',' 신정3동주민센터','일일(회원)','M','50대',1,64.39,0.63,2710,62
'2017-02','805',' 문배어린이공원 앞','일일(회원)','M','50대',1,18.75,0.15,640,6
'2017-02','808',' 서빙고동 금호맨션 앞','일일(회원)','M','50대',6,1742.04,12.15,52370,260
'2017-02','809',' 한남 유수지 복개주차장','일일(회원)','M','50대',1,127.35,1.24,5360,27
'2017-02','182',' 망원2빗물펌프장 앞','일일(회원)','M','50대',5,719.43,6.47,27950,95
'2017-02','186',' 월드컵공원','일일(회원)','M','50대',1,117.85,1.15,4960,55
'2017-02','177',' 북가좌 초등학교','일일(회원)','M','50대',1,122.07,0.95,4110,19
'2017-02','192',' 연서어린이공원','일일(회원)','M','50대',1,233.13,1.95,8410,55
'2017-02','196',' 연희교차로 인근','일일(회원)','M','50대',1,103.49,0.83,3580,33
'2017-02','556',' 달맞이공원','일일(회원)','M','50대',4,531.79,3.8,16390,93
'2017-02','565',' 옥수역 3번출구','일일(회원)','M','50대',1,639.03,4.16,17930,58
'2017-02','569',' 응봉현대아파트 정류소','일일(회원)','M','50대',2,181.42,1.6,6900,69
'2017-02','583',' 청계천 생태교실 앞','일일(회원)','M','50대',4,1208.48,8.42,36330,154
'2017-02','575',' 중앙농협 중곡지점','일일(회원)','M','50대',1,180.51,1.43,6160,36
'2017-02','621',' 동대문중학교 옆','일일(회원)','M','50대',1,108.52,0.93,4030,30
'2017-02','623',' 서울시립대 정문 앞','일일(회원)','M','50대',1,216.45,2.11,9110,51
'2017-02','624',' 전농동 동아아파트 앞','일일(회원)','M','50대',1,320.05,2.08,8980,54
'2017-02','630',' 동대문구 보건소','일일(회원)','M','50대',1,378.54,2.64,11380,58
'2017-02','633',' 청량리 기업은행 앞','일일(회원)','M','50대',4,898.14,6.26,27000,143
'2017-02','636',' 세종대왕기념관 교차로','일일(회원)','M','50대',4,1048.48,7.32,31520,141
'2017-02','641',' 용두역 4번출구','일일(회원)','M','50대',3,740.24,4.82,20770,180
'2017-02','642',' 신답역 사거리','일일(회원)','M','50대',1,390.3,4.16,17920,99
'2017-02','230',' 영등포구청역 1번출구','일일(회원)','M','50대',1,91.42,0.94,4050,27
'2017-02','266',' 영등포청과시장 사거리','일일(회원)','M','50대',1,200.72,1.84,7920,34
'2017-02','267',' 삼성화재 사옥 옆','일일(회원)','M','50대',2,200.91,1.62,6950,38
'2017-02','268',' 그랜드컨벤션센터 앞','일일(회원)','M','50대',1,32.08,0.31,1350,7
'2017-02','901',' 응암1동사무소','일일(회원)','M','50대',1,26.37,0.21,900,6
'2017-02','907',' CJ 드림시티','일일(회원)','M','50대',1,30.48,0.24,1040,8
'2017-02','911',' 은평평화공원(역촌역4번출구)','일일(회원)','M','50대',1,36.75,0.27,1160,9
'2017-02','912',' 응암오거리','일일(회원)','M','50대',1,77.66,0.61,2650,14
'2017-02','202',' 국민일보 앞','일일(회원)','M','50대',1,446.33,4.02,17340,109
'2017-02','931',' 역촌파출소','일일(회원)','M','50대',1,165.84,1.62,6980,33
'2017-02','932',' 예일여중','일일(회원)','M','50대',1,144.34,1.13,4860,24
'2017-02','209',' 유진투자증권빌딩 앞','일일(회원)','M','50대',1,380.43,3.05,13160,54
'2017-02','210',' IFC몰','일일(회원)','M','50대',1,24.09,0.18,770,4
'2017-02','212',' 여의도역 1번출구 옆','일일(회원)','M','50대',1,270.78,2.44,10520,41
'2017-02','219',' 롯데캐슬엠파이어 옆','일일(회원)','M','50대',2,66.04,0.54,2300,27
'2017-02','220',' 미성아파트 A동 앞','일일(회원)','M','50대',1,32.54,0.24,1040,8
'2017-02','217',' NH농협은행 앞','일일(회원)','M','50대',1,19.4,0.14,620,5
'2017-02','221',' 여의도초교 앞','일일(회원)','M','50대',2,484.82,3.84,16540,92
'2017-02','223',' 진주아파트상가 앞','일일(회원)','M','50대',1,47.76,0.31,1340,6
'2017-02','105',' 합정역 5번출구 앞','일일(회원)','M','50대',1,246.51,1.93,8300,75
'2017-02','224',' 롯데캐슬 앞','일일(회원)','M','50대',1,146.48,1.21,5210,52
'2017-02','225',' 앙카라공원 앞','일일(회원)','M','50대',1,29.7,0.23,1000,7
'2017-02','207',' 여의나루역 1번출구 앞','일일(회원)','M','50대',7,876.19,7.97,34380,276
'2017-02','상암센터 정비실','상암센터 정비실','일일(회원)','M','50대',1,0,0,0,15
'2017-02','402',' 상암월드컵파크 9단지 앞','일일(회원)','M','50대',1,123.31,1.2,5190,25
'2017-02','420',' 서울시 공공자전거 상암센터','일일(회원)','M','50대',5,203.95,1.5,6440,54
'2017-02','419',' 홈플러스 앞','일일(회원)','M','50대',9,391.85,3.31,14240,144
'2017-02','107',' 신한은행 서교동금융센터점 앞','일일(회원)','M','50대',2,96.77,0.8,3450,24
'2017-02','503',' 더샵스타시티 C동 앞','일일(회원)','M','60대',5,1379.9,11.55,49780,248
'2017-02','301',' 경복궁역 7번출구 앞','일일(회원)','M','60대',1,57.56,0.4,1710,14
'2017-02','306',' 광화문역 7번출구 앞','일일(회원)','M','60대',1,50.82,0.32,1380,14
'2017-02','309',' 광화문역 6번출구 옆','일일(회원)','M','60대',1,55.12,0.4,1740,24
'2017-02','316',' 종각역 1번출구 앞','일일(회원)','M','60대',2,37.2,0.23,1010,26
'2017-02','369',' 광화문 시민열린마당','일일(회원)','M','60대',5,303.09,1.91,8230,157
'2017-02','378',' 청계7가 사거리','일일(회원)','M','60대',1,124.74,1.04,4500,32
'2017-02','165',' 중앙근린공원','일일(회원)','M','60대',1,118.25,1.1,4740,24
'2017-02','613',' 신설동역 10번출구 앞','일일(회원)','M','60대',1,96.47,0.81,3480,18
'2017-02','244',' 영등포삼환아파트 앞','일일(회원)','M','60대',1,59.66,0.56,2430,17
'2017-02','253',' 신풍역 5번출구 인근','일일(회원)','M','60대',1,8.59,0.07,310,2
'2017-02','703',' 오목교역 7번출구 앞','일일(회원)','M','60대',2,199.07,2.99,12890,195
'2017-02','706',' 신정네거리역','일일(회원)','M','60대',1,268.96,1.97,8490,58
'2017-02','132',' 창천문화공원','일일(회원)','M','60대',1,112.86,0.88,3800,34
'2017-02','186',' 월드컵공원','일일(회원)','M','60대',1,524.19,4.39,18910,78
'2017-02','194',' 증산교 앞','일일(회원)','M','60대',1,140.66,1.03,4440,28
'2017-02','556',' 달맞이공원','일일(회원)','M','60대',1,208.18,1.74,7510,36
'2017-02','565',' 옥수역 3번출구','일일(회원)','M','60대',2,391.13,3.27,14110,64
'2017-02','583',' 청계천 생태교실 앞','일일(회원)','M','60대',2,202.91,1.7,7320,64
'2017-02','631',' 답십리역 1번출구','일일(회원)','M','60대',1,155.79,1.3,5620,45
'2017-02','633',' 청량리 기업은행 앞','일일(회원)','M','60대',1,63.87,0.59,2560,49
'2017-02','822',' 이촌1동 마을공원','일일(회원)','M','60대',1,394.73,3.3,14240,59
'2017-02','825',' 서빙고동 주민센터 앞','일일(회원)','M','60대',1,344.01,2.88,12410,56
'2017-02','906',' 연신내역 5번출구150M 아래','일일(회원)','M','60대',2,219.86,1.61,6940,62
'2017-02','913',' 이마트 은평점','일일(회원)','M','60대',2,189.76,1.39,5990,39
'2017-02','204',' 국회의사당역 5번출구 옆','일일(회원)','M','60대',1,42.47,0.33,1430,13
'2017-02','205',' 산업은행 앞','일일(회원)','M','60대',6,189.49,1.49,6380,37
'2017-02','211',' 여의도역 4번출구 옆','일일(회원)','M','60대',1,89.4,0.7,3010,22
'2017-02','224',' 롯데캐슬 앞','일일(회원)','M','60대',1,194.32,1.63,7010,71
'2017-02','419',' 홈플러스 앞','일일(회원)','M','60대',1,164.22,1.48,6380,58
'2017-02','418',' 월드컵경기장역 3번출구 옆','일일(회원)','M','60대',2,284.17,2.56,11040,66
'2017-02','350','KEB 하나은행(내자동 지점) 앞','일일(회원)','M','70대~',1,43.4,0.32,1370,25
'2017-02','113',' 홍대입구역 2번출구 앞','일일(회원)','M','70대~',1,60.49,0.55,2350,26
'2017-02','375',' 다산 어린이공원','일일(회원)','M','70대~',1,471.56,4.25,18320,152
'2017-02','143',' 공덕역 2번출구','일일(회원)','M','70대~',1,153.25,1.5,6450,74
'2017-02','548',' 자양나들목','일일(회원)','M','70대~',1,0,0,0,64
'2017-02','101',' (구)합정동 주민센터','일일(회원)','M','70대~',1,174.99,1.14,4910,55
'2017-02','811',' 녹사평역1번출구','일일(회원)','M','70대~',1,399.66,2.55,10970,90
'2017-02','186',' 월드컵공원','일일(회원)','M','70대~',1,138.76,1.02,4380,30
'2017-02','195',' 모래내고가차도 ','일일(회원)','M','70대~',1,39.64,0.36,1540,11
'2017-02','640',' KEB하나은행 청량리역지점','일일(회원)','M','70대~',1,369.06,3.23,13910,55
'2017-02','205',' 산업은행 앞','일일(회원)','M','70대~',1,87.44,0.85,3680,57
'2017-02','415',' DMC역 9번출구 앞','일일(회원)','M','70대~',1,0,0,0,36
'2017-02','510',' 서울숲 남문 버스정류소 옆','일일(비회원)','F','~10대',2,164.48,1.48,6390,96
'2017-02','511',' 서울숲역 4번 출구 옆','일일(비회원)','F','~10대',1,150.84,1.36,5860,52
'2017-02','332',' 을지로2가 사거리 남측','일일(비회원)','F','~10대',1,76.19,0.69,2960,31
'2017-02','211',' 여의도역 4번출구 옆','일일(비회원)','F','~10대',1,105.79,0.95,4110,51
'2017-02','207',' 여의나루역 1번출구 앞','일일(비회원)','F','~10대',1,158.3,1.43,6150,49
'2017-02','106',' 합정역 7번출구 앞','일일(비회원)','F','~10대',1,49.94,0.45,1940,33
'2017-02','502',' 뚝섬유원지역 1번출구 앞','일일(비회원)','F','~10대',1,43.76,0.39,1700,58
'2017-02','108',' 서교동 사거리','일일(비회원)','F','20대',2,161.39,1.46,6270,66
'2017-02','503',' 더샵스타시티 C동 앞','일일(비회원)','F','20대',1,174.77,1.58,6790,89
'2017-02','509',' 이마트 버스정류소 옆','일일(비회원)','F','20대',2,57.4,0.52,2230,31
'2017-02','510',' 서울숲 남문 버스정류소 옆','일일(비회원)','F','20대',9,1094.98,9.86,42540,500
'2017-02','511',' 서울숲역 4번 출구 옆','일일(비회원)','F','20대',13,2033.44,18.41,79330,1074
'2017-02','512',' 뚝섬역 1번 출구 옆','일일(비회원)','F','20대',2,100.39,0.9,3900,42
'2017-02','109',' 제일빌딩 앞','일일(비회원)','F','20대',3,433.92,4.11,17700,228
'2017-02','514',' 성수사거리 버스정류장 앞','일일(비회원)','F','20대',1,105.79,0.95,4110,36
'2017-02','515',' 광양중학교 앞','일일(비회원)','F','20대',1,113.77,1.03,4420,70
'2017-02','302',' 경복궁역 4번출구 뒤','일일(비회원)','F','20대',1,101.67,0.92,3950,44
'2017-02','115',' 사루비아 빌딩 앞','일일(비회원)','F','20대',1,52.77,0.48,2050,20
'2017-02','306',' 광화문역 7번출구 앞','일일(비회원)','F','20대',1,65.12,0.59,2530,22
'2017-02','311',' 서울광장 옆','일일(비회원)','F','20대',3,338.99,3.05,13170,101
'2017-02','312',' 시청역 1번출구 뒤','일일(비회원)','F','20대',1,0,0,0,64
'2017-02','110',' 사천교','일일(비회원)','F','20대',1,109.4,0.99,4250,23
'2017-02','314',' 국립현대미술관','일일(비회원)','F','20대',3,308.62,2.79,11990,128
'2017-02','315',' 신한은행 안국역지점 옆','일일(비회원)','F','20대',3,83.14,0.75,3230,95
'2017-02','316',' 종각역 1번출구 앞','일일(비회원)','F','20대',1,161.13,1.45,6260,59
'2017-02','321',' KEB 하나은행 본점 앞','일일(비회원)','F','20대',1,231.15,2.08,8980,49
'2017-02','322',' 명동성당 앞','일일(비회원)','F','20대',1,46.85,0.42,1820,25
'2017-02','116',' 일진아이윌아파트 옆','일일(비회원)','F','20대',1,81.34,0.73,3160,26
'2017-02','326',' 안국역 5번출구 앞','일일(비회원)','F','20대',2,75.16,0.68,2920,44
'2017-02','328',' 탑골공원 앞','일일(비회원)','F','20대',1,114.54,1.03,4450,47
'2017-02','329',' 청계2가 사거리 옆','일일(비회원)','F','20대',1,67.7,0.61,2630,25
'2017-02','331',' 을지로2가 사거리 북측','일일(비회원)','F','20대',1,79.79,0.72,3100,30
'2017-02','334',' 종로3가역 2번출구 뒤','일일(비회원)','F','20대',2,251.22,2.26,9760,71
'2017-02','335',' 종로3가역 15번출구 앞','일일(비회원)','F','20대',1,0,0,0,51
'2017-02','336',' 티마크 호텔 앞','일일(비회원)','F','20대',2,221.88,2,8620,231
'2017-02','337',' 창경궁 입구','일일(비회원)','F','20대',2,109.14,0.98,4240,55
'2017-02','338',' 세운스퀘어 앞','일일(비회원)','F','20대',5,521.76,4.7,20270,163
'2017-02','339',' 종로4가 사거리','일일(비회원)','F','20대',1,19.05,0.17,740,12
'2017-02','340',' 혜화동 로터리','일일(비회원)','F','20대',1,49.42,0.45,1920,10
'2017-02','341',' 혜화역 3번출구 뒤','일일(비회원)','F','20대',2,282.62,2.55,10980,84
'2017-02','342',' 대학로 마로니에공원','일일(비회원)','F','20대',1,0,0,0,13
'2017-02','112',' 극동방송국 앞','일일(비회원)','F','20대',2,137.29,1.26,5460,33
'2017-02','344',' 성균관대 E하우스 앞','일일(비회원)','F','20대',2,51.48,0.47,2000,28
'2017-02','347',' 동대문역사문화공원역 9번출구 앞','일일(비회원)','F','20대',2,180.7,1.63,7020,61
'2017-02','352',' 중앙고입구 삼거리','일일(비회원)','F','20대',1,81.08,0.73,3150,48
'2017-02','353',' 재동초교 앞 삼거리','일일(비회원)','F','20대',1,59.97,0.54,2330,24
'2017-02','117',' 홍은사거리','일일(비회원)','F','20대',2,552.38,4.98,21460,97
'2017-02','354',' 포르투갈 대사관 앞','일일(비회원)','F','20대',1,66.41,0.6,2580,36
'2017-02','356',' KT혜화지사 앞','일일(비회원)','F','20대',1,108.11,0.97,4200,40
'2017-02','358',' 성대입구 사거리','일일(비회원)','F','20대',4,447.1,4.03,17370,196
'2017-02','359',' 원남동사거리','일일(비회원)','F','20대',2,39.9,0.36,1550,24
'2017-02','362',' 청계8가 사거리','일일(비회원)','F','20대',1,101.16,0.91,3930,37
'2017-02','363',' 신설동역 11번출구 뒤','일일(비회원)','F','20대',1,107.08,0.97,4160,47
'2017-02','113',' 홍대입구역 2번출구 앞','일일(비회원)','F','20대',11,810.56,7.28,31490,394
'2017-02','367',' 독립문역 3-1번출구 ','일일(비회원)','F','20대',2,200.77,1.81,7800,83
'2017-02','368',' SK 서린빌딩 앞','일일(비회원)','F','20대',1,57.92,0.52,2250,25
'2017-02','370',' 시청역(2호선) 9번출구 뒤','일일(비회원)','F','20대',1,1.54,0.01,60,9
'2017-02','371',' 동대입구역 6번출구 뒤','일일(비회원)','F','20대',2,218.27,1.97,8480,132
'2017-02','118',' 광흥창역 2번출구 앞','일일(비회원)','F','20대',2,134.36,1.21,5220,85
'2017-02','380',' CJ제일제당 앞','일일(비회원)','F','20대',1,94.98,0.86,3690,33
'2017-02','383',' 신당역 12번 출구 뒤','일일(비회원)','F','20대',1,4.47,0.06,240,2
'2017-02','114',' 홍대입구역 8번출구 앞','일일(비회원)','F','20대',4,605.15,5.45,23510,313
'2017-02','143',' 공덕역 2번출구','일일(비회원)','F','20대',1,211.33,1.9,8210,82
'2017-02','144',' 공덕역 8번출구','일일(비회원)','F','20대',1,191.51,1.73,7440,136
'2017-02','146',' 마포역 1번출구 뒤','일일(비회원)','F','20대',4,314.28,2.82,12210,152
'2017-02','152',' 마포구민체육센터 앞','일일(비회원)','F','20대',1,196.91,1.77,7650,54
'2017-02','119',' 서강나루 공원','일일(비회원)','F','20대',1,205.41,1.85,7980,72
'2017-02','153',' 성산2교 사거리','일일(비회원)','F','20대',1,35.26,0.32,1370,19
'2017-02','154',' 마포구청역 ','일일(비회원)','F','20대',1,46.85,0.42,1820,11
'2017-02','162',' 봉원고가차도 밑','일일(비회원)','F','20대',1,38.87,0.35,1510,20
'2017-02','120',' 신수동 사거리','일일(비회원)','F','20대',3,112.87,1.03,4430,35
'2017-02','169',' 북가좌 삼거리','일일(비회원)','F','20대',1,69.5,0.63,2700,17
'2017-02','121',' 마포소방서 앞','일일(비회원)','F','20대',1,39.12,0.35,1520,14
'2017-02','173',' 서대문역 8번출구 앞','일일(비회원)','F','20대',1,33.46,0.39,1690,15
'2017-02','175',' 홍연2교옆','일일(비회원)','F','20대',1,200,1.8,7770,36
'2017-02','518',' 청계천 박물관 앞','일일(비회원)','F','20대',1,81.34,0.73,3160,45
'2017-02','521',' 왕십리역 11번 출구 앞','일일(비회원)','F','20대',1,87.77,0.79,3410,72
'2017-02','525',' 한양대병원사거리','일일(비회원)','F','20대',4,793.57,7.15,30830,228
'2017-02','529',' 장한평역 8번 출구 앞','일일(비회원)','F','20대',1,62.81,0.57,2440,16
'2017-02','537',' 한양대후문역 부근','일일(비회원)','F','20대',1,0,0,0,89
'2017-02','539',' 군자교교차로','일일(비회원)','F','20대',2,181.98,1.64,7070,69
'2017-02','540',' 군자역 7번출구 베스트샵 앞','일일(비회원)','F','20대',6,457.66,4.12,17780,146
'2017-02','544',' 광남중학교','일일(비회원)','F','20대',1,168.85,1.52,6560,44
'2017-02','546',' 잠실대교북단 교차로','일일(비회원)','F','20대',1,0,0,0,41
'2017-02','548',' 자양나들목','일일(비회원)','F','20대',2,323.81,2.92,12580,120
'2017-02','124',' 서강대 정문 건너편','일일(비회원)','F','20대',2,69.24,0.62,2690,72
'2017-02','600',' 휘경2동 주민센터','일일(비회원)','F','20대',2,72.59,0.65,2820,117
'2017-02','608',' 전농삼성아파트','일일(비회원)','F','20대',1,52.39,0.57,2450,25
'2017-02','609',' 제기2교','일일(비회원)','F','20대',2,208.75,1.88,8110,70
'2017-02','612',' 시립동부병원 앞 사거리','일일(비회원)','F','20대',1,42.73,0.39,1660,19
'2017-02','614',' 용두동 사거리','일일(비회원)','F','20대',3,402.32,3.63,15630,129
'2017-02','615',' 용두동 레미안허브리츠아파트 앞','일일(비회원)','F','20대',1,110.42,1,4290,69
'2017-02','228',' 선유도역 3번출구 앞','일일(비회원)','F','20대',1,66.41,0.6,2580,55
'2017-02','231',' 남부고용노동지청 남측','일일(비회원)','F','20대',1,44.79,0.4,1740,17
'2017-02','232',' 양평우림 이비즈센타 앞','일일(비회원)','F','20대',3,302.71,2.73,11760,89
'2017-02','235',' 신길동 우리은행 옆','일일(비회원)','F','20대',2,534.36,4.82,20760,230
'2017-02','237',' 보라매 두산위브 건너편','일일(비회원)','F','20대',5,204.38,1.85,7940,70
'2017-02','238',' 제2구민체육센타 앞','일일(비회원)','F','20대',1,101.67,0.92,3950,53
'2017-02','240',' 문래역 4번출구 앞','일일(비회원)','F','20대',2,275.94,2.48,10720,80
'2017-02','127',' 현대벤처빌 앞','일일(비회원)','F','20대',4,560.87,5.05,21790,241
'2017-02','241',' 신길우성1차아파트 앞 공원','일일(비회원)','F','20대',1,708.62,6.39,27530,130
'2017-02','242',' 신길선원가와인아파트 앞','일일(비회원)','F','20대',2,241.18,2.17,9370,75
'2017-02','247',' 당산역 10번출구 앞','일일(비회원)','F','20대',3,136.16,1.22,5290,100
'2017-02','248',' 초원아파트 앞','일일(비회원)','F','20대',3,542.34,4.89,21070,178
'2017-02','249',' 여의도중학교 옆','일일(비회원)','F','20대',12,1561.58,14.32,61770,637
'2017-02','251',' 서울지방병무청 버스정류장','일일(비회원)','F','20대',1,39.12,0.35,1520,10
'2017-02','252',' 보라매역4번출구','일일(비회원)','F','20대',4,570.9,5.14,22180,233
'2017-02','253',' 신풍역 5번출구 인근','일일(비회원)','F','20대',2,342.34,3.09,13300,122
'2017-02','255',' 도림4거리','일일(비회원)','F','20대',1,45.3,0.41,1760,28
'2017-02','257',' 신길삼거리(우리은행)','일일(비회원)','F','20대',1,79.54,0.72,3090,60
'2017-02','258',' 신길역3번출구','일일(비회원)','F','20대',1,71.3,0.64,2770,59
'2017-02','259',' 대방역6번출구','일일(비회원)','F','20대',3,1212.35,10.92,47100,394
'2017-02','700',' KB국민은행 염창역 지점 앞','일일(비회원)','F','20대',1,260.75,2.35,10130,54
'2017-02','703',' 오목교역 7번출구 앞','일일(비회원)','F','20대',2,85.2,0.77,3310,79
'2017-02','711',' 신일해피트리아파트 앞','일일(비회원)','F','20대',1,278.51,2.51,10820,112
'2017-02','712',' 강월초교입구 사거리','일일(비회원)','F','20대',2,79.28,0.72,3080,28
'2017-02','130',' 신촌역(2호선) 7번출구 앞','일일(비회원)','F','20대',3,186.1,1.68,7230,119
'2017-02','802',' 한강진역 2번 출구 앞','일일(비회원)','F','20대',1,334.11,3.01,12980,80
'2017-02','805',' 문배어린이공원 앞','일일(비회원)','F','20대',1,199.19,2.33,10060,96
'2017-02','806',' 전자랜드 본관 앞','일일(비회원)','F','20대',1,177.86,1.6,6910,63
'2017-02','131',' 증산2교','일일(비회원)','F','20대',3,311.2,2.81,12090,70
'2017-02','809',' 한남 유수지 복개주차장','일일(비회원)','F','20대',1,265.89,2.4,10330,110
'2017-02','810',' 이태원지하보도','일일(비회원)','F','20대',2,372.45,3.35,14470,77
'2017-02','811',' 녹사평역1번출구','일일(비회원)','F','20대',3,177.35,1.59,6890,57
'2017-02','812',' 용산전쟁기념관','일일(비회원)','F','20대',3,186.86,1.69,7260,135
'2017-02','813',' 삼각지역 3번출구','일일(비회원)','F','20대',1,14.16,0.13,550,28
'2017-02','815',' LIG강촌아파트 103동앞','일일(비회원)','F','20대',2,255.6,2.3,9930,83
'2017-02','181',' 망원초록길 입구','일일(비회원)','F','20대',1,74.39,0.67,2890,16
'2017-02','132',' 창천문화공원','일일(비회원)','F','20대',1,99.61,0.9,3870,30
'2017-02','182',' 망원2빗물펌프장 앞','일일(비회원)','F','20대',2,476.96,4.29,18530,127
'2017-02','184',' SK망원동주유소 건너편','일일(비회원)','F','20대',2,170.14,1.53,6610,65
'2017-02','186',' 월드컵공원','일일(비회원)','F','20대',9,1257.14,11.33,48840,491
'2017-02','188',' 홍은동 정원여중 입구','일일(비회원)','F','20대',2,440.67,3.97,17120,126
'2017-02','178',' 증산3교 앞','일일(비회원)','F','20대',1,87.52,0.79,3400,41
'2017-02','133',' 해담는다리','일일(비회원)','F','20대',1,218.79,1.97,8500,47
'2017-02','556',' 달맞이공원','일일(비회원)','F','20대',1,62.03,0.56,2410,41
'2017-02','558',' 성동광진 교육지원청 앞','일일(비회원)','F','20대',3,212.1,1.9,8240,68
'2017-02','134',' 연세로 명물길','일일(비회원)','F','20대',1,103.73,0.93,4030,29
'2017-02','561',' 서울숲역 2번출구 앞','일일(비회원)','F','20대',1,118.66,1.07,4610,58
'2017-02','565',' 옥수역 3번출구','일일(비회원)','F','20대',2,491.64,4.43,19100,161
'2017-02','567',' 성수역 2번출구 앞','일일(비회원)','F','20대',1,248.65,2.24,9660,140
'2017-02','135',' 명물길 원형무대 앞','일일(비회원)','F','20대',2,151.35,1.36,5880,93
'2017-02','579',' 마장역 4번출구','일일(비회원)','F','20대',2,71.3,0.64,2770,55
'2017-02','580',' 신금호역 3번출구 뒤','일일(비회원)','F','20대',1,97.04,0.87,3770,55
'2017-02','582',' 경일중학교 앞','일일(비회원)','F','20대',1,34.49,0.31,1340,29
'2017-02','583',' 청계천 생태교실 앞','일일(비회원)','F','20대',9,2242.74,20.21,87130,472
'2017-02','571',' 어린이대공원역6번출구','일일(비회원)','F','20대',2,160.26,1.53,6610,102
'2017-02','573',' 구의문주차장 앞','일일(비회원)','F','20대',5,885.46,7.98,34400,352
'2017-02','577',' 광진청소년수련관','일일(비회원)','F','20대',1,163.71,1.48,6360,57
'2017-02','137',' NH농협 신촌지점 앞','일일(비회원)','F','20대',1,31.15,0.28,1210,9
'2017-02','622',' 전농사거리 교통섬','일일(비회원)','F','20대',1,65.89,0.59,2560,20
'2017-02','623',' 서울시립대 정문 앞','일일(비회원)','F','20대',2,79.8,0.72,3100,32
'2017-02','626',' 군자교 서측 녹지대','일일(비회원)','F','20대',1,93.44,0.84,3630,30
'2017-02','102',' 망원역 1번출구 앞','일일(비회원)','F','20대',2,415.7,3.75,16150,121
'2017-02','634',' 외국어대 정문 앞','일일(비회원)','F','20대',1,75.93,0.68,2950,19
'2017-02','636',' 세종대왕기념관 교차로','일일(비회원)','F','20대',1,101.93,0.92,3960,59
'2017-02','639',' 서울시립대 후문','일일(비회원)','F','20대',4,394.85,3.56,15340,277
'2017-02','640',' KEB하나은행 청량리역지점','일일(비회원)','F','20대',1,222.14,2,8630,60
'2017-02','140',' 이화여대 후문','일일(비회원)','F','20대',2,83.14,0.75,3230,30
'2017-02','230',' 영등포구청역 1번출구','일일(비회원)','F','20대',1,128.7,1.16,5000,46
'2017-02','262',' 영문초등학교 사거리','일일(비회원)','F','20대',1,315.32,2.84,12250,114
'2017-02','263',' 근로자회관 사거리','일일(비회원)','F','20대',3,431.41,3.89,16760,162
'2017-02','264',' 교보생명보험 앞','일일(비회원)','F','20대',1,11.07,0.1,430,3
'2017-02','266',' 영등포청과시장 사거리','일일(비회원)','F','20대',2,185.33,1.67,7200,55
'2017-02','271',' 샛강생태공원방문자센터 앞','일일(비회원)','F','20대',5,766.3,6.91,29770,235
'2017-02','272',' 당산육갑문','일일(비회원)','F','20대',4,559.33,5.05,21730,231
'2017-02','719',' 홍익병원앞 교차로','일일(비회원)','F','20대',1,63.06,0.57,2450,20
'2017-02','816',' 신용산역 6번출구 앞','일일(비회원)','F','20대',6,1328.19,11.98,51600,437
'2017-02','818',' 숙명여대 입구 교차로','일일(비회원)','F','20대',2,124.58,1.12,4840,60
'2017-02','820',' 청파동입구 교차로','일일(비회원)','F','20대',1,46.07,0.42,1790,17
'2017-02','822',' 이촌1동 마을공원','일일(비회원)','F','20대',2,1111.45,10.01,43180,286
'2017-02','823',' 효창동주민센터 앞','일일(비회원)','F','20대',2,142.35,1.28,5530,89
'2017-02','825',' 서빙고동 주민센터 앞','일일(비회원)','F','20대',2,418.53,3.78,16260,105
'2017-02','199',' 서울 월드컵 경기장','일일(비회원)','F','20대',8,779.67,7.03,30290,472
'2017-02','388',' 동성중학교 앞','일일(비회원)','F','20대',1,113.77,1.03,4420,49
'2017-02','584',' 광진광장 교통섬','일일(비회원)','F','20대',1,152.38,1.37,5920,53
'2017-02','585',' 성수2가1동 공영주차장 인근','일일(비회원)','F','20대',2,422.39,3.81,16410,106
'2017-02','900',' 은평예술회관','일일(비회원)','F','20대',1,478.25,4.31,18580,189
'2017-02','200',' 국회의원회관','일일(비회원)','F','20대',2,196.91,1.77,7650,111
'2017-02','904',' 은평뉴타운 푸르지오','일일(비회원)','F','20대',1,145.43,1.31,5650,148
'2017-02','905',' 구파발역 2번출구','일일(비회원)','F','20대',4,431.4,3.89,16760,150
'2017-02','906',' 연신내역 5번출구150M 아래','일일(비회원)','F','20대',1,171.43,1.55,6660,52
'2017-02','907',' CJ 드림시티','일일(비회원)','F','20대',3,669.5,6.04,26010,153
'2017-02','908',' 구산역 4번출구','일일(비회원)','F','20대',1,175.29,1.58,6810,40
'2017-02','909',' 백련산 힐스테이트 3차','일일(비회원)','F','20대',1,59.97,0.54,2330,20
'2017-02','911',' 은평평화공원(역촌역4번출구)','일일(비회원)','F','20대',1,27.03,0.24,1050,10
'2017-02','201',' 진미파라곤 앞','일일(비회원)','F','20대',2,426.25,3.84,16560,94
'2017-02','912',' 응암오거리','일일(비회원)','F','20대',1,80.57,0.73,3130,27
'2017-02','913',' 이마트 은평점','일일(비회원)','F','20대',2,131.02,1.18,5090,72
'2017-02','914',' 새절역 2번출구','일일(비회원)','F','20대',1,77.22,0.7,3000,20
'2017-02','915',' 증산역 4번출구','일일(비회원)','F','20대',1,67.95,0.61,2640,14
'2017-02','916',' 평생학습관 앞','일일(비회원)','F','20대',1,47.1,0.42,1830,15
'2017-02','921',' 신도고등학교','일일(비회원)','F','20대',1,119.43,1.08,4640,44
'2017-02','202',' 국민일보 앞','일일(비회원)','F','20대',2,423.93,3.82,16470,129
'2017-02','922',' 연신내역 4번출구','일일(비회원)','F','20대',1,93.18,0.84,3620,44
'2017-02','925',' 불광역 2번출구','일일(비회원)','F','20대',1,17.5,0.16,680,10
'2017-02','932',' 예일여중','일일(비회원)','F','20대',1,139.77,1.26,5430,54
'2017-02','103',' 망원역 2번출구 앞','일일(비회원)','F','20대',3,379.41,3.42,14740,131
'2017-02','204',' 국회의사당역 5번출구 옆','일일(비회원)','F','20대',1,115.83,1.04,4500,53
'2017-02','203',' 국회의사당역 3번출구 옆','일일(비회원)','F','20대',2,474.13,4.28,18420,116
'2017-02','205',' 산업은행 앞','일일(비회원)','F','20대',9,1531.8,13.81,59510,393
'2017-02','206',' KBS 앞','일일(비회원)','F','20대',7,784.29,7.08,30470,258
'2017-02','210',' IFC몰','일일(비회원)','F','20대',8,1291.74,12.25,52750,459
'2017-02','211',' 여의도역 4번출구 옆','일일(비회원)','F','20대',8,1797.24,16.28,70200,488
'2017-02','212',' 여의도역 1번출구 옆','일일(비회원)','F','20대',5,501.4,4.52,19480,202
'2017-02','104',' 합정역 1번출구 앞','일일(비회원)','F','20대',3,75.93,0.69,2950,111
'2017-02','218',' 증권거래소 앞','일일(비회원)','F','20대',2,206.95,1.86,8040,76
'2017-02','219',' 롯데캐슬엠파이어 옆','일일(비회원)','F','20대',2,1060.23,9.56,41190,204
'2017-02','215',' 여의도고교 앞','일일(비회원)','F','20대',6,846.08,7.63,32870,279
'2017-02','216',' 삼부아파트1동 앞','일일(비회원)','F','20대',1,139.51,1.26,5420,38
'2017-02','221',' 여의도초교 앞','일일(비회원)','F','20대',1,113.26,1.02,4400,58
'2017-02','222',' 시범아파트버스정류장 옆','일일(비회원)','F','20대',1,80.82,0.73,3140,24
'2017-02','225',' 앙카라공원 앞','일일(비회원)','F','20대',2,257.66,2.32,10010,88
'2017-02','226',' 샛강역 1번출구 앞','일일(비회원)','F','20대',2,101.16,0.91,3930,73
'2017-02','207',' 여의나루역 1번출구 앞','일일(비회원)','F','20대',46,7118.91,64.11,276370,3201
'2017-02','402',' 상암월드컵파크 9단지 앞','일일(비회원)','F','20대',1,52.51,0.47,2040,25
'2017-02','403',' 부엉이공원 앞','일일(비회원)','F','20대',1,0,0,0,40
'2017-02','106',' 합정역 7번출구 앞','일일(비회원)','F','20대',5,883.65,7.97,34330,321
'2017-02','421',' 마포구청 앞','일일(비회원)','F','20대',3,711.96,6.41,27660,183
'2017-02','407',' 마포구 육아종합지원센터','일일(비회원)','F','20대',1,71.04,0.64,2760,17
'2017-02','420',' 서울시 공공자전거 상암센터','일일(비회원)','F','20대',7,1237.58,11.09,47810,480
'2017-02','409',' 누리꿈스퀘어 옆','일일(비회원)','F','20대',2,181.99,1.64,7070,53
'2017-02','419',' 홈플러스 앞','일일(비회원)','F','20대',10,1196.24,10.99,47450,399
'2017-02','418',' 월드컵경기장역 3번출구 옆','일일(비회원)','F','20대',11,930.76,8.4,36160,422
'2017-02','107',' 신한은행 서교동금융센터점 앞','일일(비회원)','F','20대',1,23.94,0.22,930,8
'2017-02','411',' DMC홍보관','일일(비회원)','F','20대',1,132.56,1.19,5150,39
'2017-02','500',' 어린이대공원역 3번출구 앞','일일(비회원)','F','20대',4,319.13,2.91,12580,179
'2017-02','501',' 광진구의회 앞','일일(비회원)','F','20대',3,237.58,2.14,9230,72
'2017-02','502',' 뚝섬유원지역 1번출구 앞','일일(비회원)','F','20대',23,3990.01,36.27,156280,1304
'2017-02','508',' 성수아카데미타워 앞','일일(비회원)','F','30대',1,118.15,1.06,4590,52
'2017-02','511',' 서울숲역 4번 출구 옆','일일(비회원)','F','30대',1,135.65,1.22,5270,54
'2017-02','512',' 뚝섬역 1번 출구 옆','일일(비회원)','F','30대',2,144.14,1.3,5600,110
'2017-02','109',' 제일빌딩 앞','일일(비회원)','F','30대',1,73.94,0.9,3890,34
'2017-02','515',' 광양중학교 앞','일일(비회원)','F','30대',2,173.49,1.56,6740,50
'2017-02','300',' 정동사거리','일일(비회원)','F','30대',1,86.74,0.78,3370,15
'2017-02','309',' 광화문역 6번출구 옆','일일(비회원)','F','30대',1,18.02,0.16,700,8
'2017-02','313',' 서울역 광장 파출소 옆','일일(비회원)','F','30대',1,70.27,0.63,2730,23
'2017-02','316',' 종각역 1번출구 앞','일일(비회원)','F','30대',1,0,0,0,24
'2017-02','320',' 을지로입구역 4번출구 앞','일일(비회원)','F','30대',1,115.32,1.04,4480,80
'2017-02','116',' 일진아이윌아파트 옆','일일(비회원)','F','30대',1,29.6,0.27,1150,18
'2017-02','111',' 상수역 2번출구 앞','일일(비회원)','F','30대',1,46.33,0.42,1800,16
'2017-02','336',' 티마크 호텔 앞','일일(비회원)','F','30대',1,24.2,0.22,940,7
'2017-02','337',' 창경궁 입구','일일(비회원)','F','30대',1,0,0,0,7
'2017-02','338',' 세운스퀘어 앞','일일(비회원)','F','30대',2,91.08,0.92,4000,32
'2017-02','349',' 사직동주민센터','일일(비회원)','F','30대',1,61,0.55,2370,17
'2017-02','353',' 재동초교 앞 삼거리','일일(비회원)','F','30대',1,90.86,0.82,3530,40
'2017-02','113',' 홍대입구역 2번출구 앞','일일(비회원)','F','30대',2,88.03,0.79,3420,30
'2017-02','373',' 청구 어린이공원','일일(비회원)','F','30대',2,92.92,0.84,3610,34
'2017-02','383',' 신당역 12번 출구 뒤','일일(비회원)','F','30대',2,151.09,1.36,5870,42
'2017-02','147',' 마포역 4번출구 뒤','일일(비회원)','F','30대',1,275.42,2.48,10700,56
'2017-02','152',' 마포구민체육센터 앞','일일(비회원)','F','30대',2,227.02,2.05,8820,75
'2017-02','156',' 서울서부지방법원 앞','일일(비회원)','F','30대',1,174,1.57,6760,53
'2017-02','164',' 북가좌1동 주민센터 ','일일(비회원)','F','30대',1,65.12,0.59,2530,15
'2017-02','521',' 왕십리역 11번 출구 앞','일일(비회원)','F','30대',1,163.19,1.47,6340,93
'2017-02','530',' 청계벽산아파트 앞','일일(비회원)','F','30대',1,63.58,0.57,2470,33
'2017-02','535',' 응봉삼거리','일일(비회원)','F','30대',1,72.07,0.65,2800,34
'2017-02','536',' 행당역 2번출구 앞','일일(비회원)','F','30대',1,20.08,0.18,780,17
'2017-02','538',' 답십리역 8번출구 앞','일일(비회원)','F','30대',1,63.68,0.78,3350,27
'2017-02','550',' 서울시설공단 앞','일일(비회원)','F','30대',6,16.15,0.14,630,23
'2017-02','124',' 서강대 정문 건너편','일일(비회원)','F','30대',1,161.9,1.46,6290,51
'2017-02','602',' 장안동 사거리','일일(비회원)','F','30대',1,36.29,0.33,1410,16
'2017-02','605',' 신설동역8번출구','일일(비회원)','F','30대',1,114.54,1.03,4450,38
'2017-02','126',' 서강대 후문 옆','일일(비회원)','F','30대',1,211.33,1.9,8210,53
'2017-02','231',' 남부고용노동지청 남측','일일(비회원)','F','30대',1,51.74,0.47,2010,27
'2017-02','232',' 양평우림 이비즈센타 앞','일일(비회원)','F','30대',4,739.26,6.66,28720,253
'2017-02','237',' 보라매 두산위브 건너편','일일(비회원)','F','30대',1,18.79,0.17,730,5
'2017-02','239',' 유스호스텔 앞','일일(비회원)','F','30대',1,318.15,2.87,12360,130
'2017-02','243',' 이앤씨드림타워 앞','일일(비회원)','F','30대',1,24.97,0.23,970,39
'2017-02','703',' 오목교역 7번출구 앞','일일(비회원)','F','30대',1,255.86,2.31,9940,51
'2017-02','708',' 서울출입국관리사무소 앞','일일(비회원)','F','30대',1,101.16,0.91,3930,35
'2017-02','813',' 삼각지역 3번출구','일일(비회원)','F','30대',1,142.86,1.29,5550,54
'2017-02','385',' 종각역 5번출구','일일(비회원)','F','30대',1,41.44,0.37,1610,30
'2017-02','182',' 망원2빗물펌프장 앞','일일(비회원)','F','30대',2,191.51,1.72,7440,83
'2017-02','186',' 월드컵공원','일일(비회원)','F','30대',1,51.22,0.46,1990,15
'2017-02','178',' 증산3교 앞','일일(비회원)','F','30대',1,273.36,2.46,10620,84
'2017-02','194',' 증산교 앞','일일(비회원)','F','30대',1,251.48,2.27,9770,65
'2017-02','565',' 옥수역 3번출구','일일(비회원)','F','30대',1,57.92,0.52,2250,19
'2017-02','567',' 성수역 2번출구 앞','일일(비회원)','F','30대',3,196.92,1.78,7650,219
'2017-02','553',' 중곡 성원APT 앞','일일(비회원)','F','30대',1,136.62,1.33,5750,27
'2017-02','574',' 아차산역4번출구','일일(비회원)','F','30대',1,1.54,0.01,60,9
'2017-02','621',' 동대문중학교 옆','일일(비회원)','F','30대',1,62.03,0.56,2410,36
'2017-02','641',' 용두역 4번출구','일일(비회원)','F','30대',2,172.73,1.65,7090,44
'2017-02','140',' 이화여대 후문','일일(비회원)','F','30대',1,49.42,0.45,1920,29
'2017-02','643',' 동대문구민체육센터 (육교아래)','일일(비회원)','F','30대',1,289.58,2.61,11250,52
'2017-02','230',' 영등포구청역 1번출구','일일(비회원)','F','30대',1,71.04,0.64,2760,50
'2017-02','262',' 영문초등학교 사거리','일일(비회원)','F','30대',1,22.39,0.2,870,9
'2017-02','267',' 삼성화재 사옥 옆','일일(비회원)','F','30대',1,93.69,0.84,3640,24
'2017-02','816',' 신용산역 6번출구 앞','일일(비회원)','F','30대',1,80.57,0.73,3130,29
'2017-02','819',' 선린인터넷 고등학교','일일(비회원)','F','30대',1,37.84,0.34,1470,13
'2017-02','825',' 서빙고동 주민센터 앞','일일(비회원)','F','30대',2,414.41,3.74,16100,104
'2017-02','199',' 서울 월드컵 경기장','일일(비회원)','F','30대',1,254.31,2.29,9880,61
'2017-02','388',' 동성중학교 앞','일일(비회원)','F','30대',2,103.48,0.94,4020,41
'2017-02','907',' CJ 드림시티','일일(비회원)','F','30대',1,111.97,1.01,4350,23
'2017-02','913',' 이마트 은평점','일일(비회원)','F','30대',1,65.64,0.59,2550,24
'2017-02','914',' 새절역 2번출구','일일(비회원)','F','30대',4,540.28,4.87,20990,164
'2017-02','103',' 망원역 2번출구 앞','일일(비회원)','F','30대',1,353.15,3.18,13720,101
'2017-02','203',' 국회의사당역 3번출구 옆','일일(비회원)','F','30대',1,42.99,0.39,1670,14
'2017-02','205',' 산업은행 앞','일일(비회원)','F','30대',2,429.86,3.88,16700,114
'2017-02','211',' 여의도역 4번출구 옆','일일(비회원)','F','30대',1,304.5,2.74,11830,60
'2017-02','215',' 여의도고교 앞','일일(비회원)','F','30대',2,193.05,1.74,7500,85
'2017-02','221',' 여의도초교 앞','일일(비회원)','F','30대',1,110.68,1,4300,27
'2017-02','207',' 여의나루역 1번출구 앞','일일(비회원)','F','30대',2,266.66,2.4,10360,69
'2017-02','402',' 상암월드컵파크 9단지 앞','일일(비회원)','F','30대',1,80.05,0.72,3110,28
'2017-02','406',' 상암월드컵파크 7단지 앞','일일(비회원)','F','30대',1,144.14,1.3,5600,36
'2017-02','409',' 누리꿈스퀘어 옆','일일(비회원)','F','30대',1,22.14,0.2,860,21
'2017-02','419',' 홈플러스 앞','일일(비회원)','F','30대',2,344.14,3.1,13370,70
'2017-02','418',' 월드컵경기장역 3번출구 옆','일일(비회원)','F','30대',1,15.7,0.14,610,6
'2017-02','417',' DMC역 2번출구 옆','일일(비회원)','F','30대',1,0,0,0,40
'2017-02','501',' 광진구의회 앞','일일(비회원)','F','30대',1,87.77,0.79,3410,56
'2017-02','502',' 뚝섬유원지역 1번출구 앞','일일(비회원)','F','30대',4,264.34,2.68,11500,123
'2017-02','503',' 더샵스타시티 C동 앞','일일(비회원)','F','40대',1,143.63,1.29,5580,58
'2017-02','510',' 서울숲 남문 버스정류소 옆','일일(비회원)','F','40대',2,128.44,1.15,4990,116
'2017-02','341',' 혜화역 3번출구 뒤','일일(비회원)','F','40대',1,18.53,0.17,720,6
'2017-02','342',' 대학로 마로니에공원','일일(비회원)','F','40대',1,59.97,0.54,2330,54
'2017-02','354',' 포르투갈 대사관 앞','일일(비회원)','F','40대',1,77.73,0.7,3020,54
'2017-02','371',' 동대입구역 6번출구 뒤','일일(비회원)','F','40대',1,48.39,0.44,1880,29
'2017-02','143',' 공덕역 2번출구','일일(비회원)','F','40대',1,87.26,0.79,3390,34
'2017-02','152',' 마포구민체육센터 앞','일일(비회원)','F','40대',1,173.75,1.57,6750,69
'2017-02','519',' 양지사거리','일일(비회원)','F','40대',1,73.36,0.66,2850,35
'2017-02','548',' 자양나들목','일일(비회원)','F','40대',1,120.98,1.09,4700,44
'2017-02','600',' 휘경2동 주민센터','일일(비회원)','F','40대',1,120.21,1.08,4670,57
'2017-02','248',' 초원아파트 앞','일일(비회원)','F','40대',1,66.67,0.6,2590,51
'2017-02','249',' 여의도중학교 옆','일일(비회원)','F','40대',2,116.6,1.05,4530,73
'2017-02','253',' 신풍역 5번출구 인근','일일(비회원)','F','40대',1,150.88,1.47,6350,47
'2017-02','807',' 서울역 12번 출구 앞','일일(비회원)','F','40대',1,54.57,0.49,2120,32
'2017-02','131',' 증산2교','일일(비회원)','F','40대',1,128.7,1.16,5000,33
'2017-02','809',' 한남 유수지 복개주차장','일일(비회원)','F','40대',1,289.83,2.61,11260,56
'2017-02','186',' 월드컵공원','일일(비회원)','F','40대',1,139.25,1.26,5410,44
'2017-02','133',' 해담는다리','일일(비회원)','F','40대',2,233.98,2.11,9090,48
'2017-02','195',' 모래내고가차도 ','일일(비회원)','F','40대',1,237.32,2.14,9220,43
'2017-02','558',' 성동광진 교육지원청 앞','일일(비회원)','F','40대',1,380.95,3.43,14800,90
'2017-02','561',' 서울숲역 2번출구 앞','일일(비회원)','F','40대',2,203.46,2.14,9250,134
'2017-02','576',' 광나루역 3번 출구','일일(비회원)','F','40대',2,154.7,1.39,6010,45
'2017-02','577',' 광진청소년수련관','일일(비회원)','F','40대',1,103.22,0.93,4010,36
'2017-02','621',' 동대문중학교 옆','일일(비회원)','F','40대',1,70.69,0.83,3570,51
'2017-02','634',' 외국어대 정문 앞','일일(비회원)','F','40대',2,319.95,2.88,12430,89
'2017-02','260',' 여의도 마리나선착장 앞','일일(비회원)','F','40대',1,209.27,1.89,8130,52
'2017-02','272',' 당산육갑문','일일(비회원)','F','40대',2,494.72,4.46,19220,118
'2017-02','819',' 선린인터넷 고등학교','일일(비회원)','F','40대',1,29.6,0.27,1150,13
'2017-02','916',' 평생학습관 앞','일일(비회원)','F','40대',1,46.85,0.42,1820,13
'2017-02','205',' 산업은행 앞','일일(비회원)','F','40대',1,296.52,2.67,11520,119
'2017-02','206',' KBS 앞','일일(비회원)','F','40대',1,314.29,2.83,12210,106
'2017-02','211',' 여의도역 4번출구 옆','일일(비회원)','F','40대',2,181.46,1.64,7050,102
'2017-02','217',' NH농협은행 앞','일일(비회원)','F','40대',1,79.28,0.71,3080,22
'2017-02','223',' 진주아파트상가 앞','일일(비회원)','F','40대',1,65.64,0.59,2550,33
'2017-02','226',' 샛강역 1번출구 앞','일일(비회원)','F','40대',1,468.73,4.22,18210,51
'2017-02','207',' 여의나루역 1번출구 앞','일일(비회원)','F','40대',8,1276.39,11.8,50910,477
'2017-02','421',' 마포구청 앞','일일(비회원)','F','40대',1,151.87,1.37,5900,57
'2017-02','409',' 누리꿈스퀘어 옆','일일(비회원)','F','40대',1,106.33,1.25,5370,58
'2017-02','419',' 홈플러스 앞','일일(비회원)','F','40대',1,162.93,1.47,6330,123
'2017-02','502',' 뚝섬유원지역 1번출구 앞','일일(비회원)','F','40대',2,324.07,2.92,12590,136
'2017-02','510',' 서울숲 남문 버스정류소 옆','일일(비회원)','F','50대',1,129.47,1.17,5030,74
'2017-02','511',' 서울숲역 4번 출구 옆','일일(비회원)','F','50대',1,165.51,1.49,6430,52
'2017-02','514',' 성수사거리 버스정류장 앞','일일(비회원)','F','50대',1,119.95,1.08,4660,45
'2017-02','300',' 정동사거리','일일(비회원)','F','50대',1,71.81,0.65,2790,33
'2017-02','304',' 광화문역 2번출구 앞','일일(비회원)','F','50대',1,88.03,0.79,3420,26
'2017-02','334',' 종로3가역 2번출구 뒤','일일(비회원)','F','50대',1,82.37,0.74,3200,25
'2017-02','355',' 서울사대부속초교 앞','일일(비회원)','F','50대',1,78.25,0.71,3040,33
'2017-02','521',' 왕십리역 11번 출구 앞','일일(비회원)','F','50대',1,93.69,0.84,3640,68
'2017-02','525',' 한양대병원사거리','일일(비회원)','F','50대',1,154.18,1.39,5990,30
'2017-02','127',' 현대벤처빌 앞','일일(비회원)','F','50대',1,181.98,1.64,7070,66
'2017-02','642',' 신답역 사거리','일일(비회원)','F','50대',1,138.48,1.25,5380,74
'2017-02','818',' 숙명여대 입구 교차로','일일(비회원)','F','50대',1,131.53,1.19,5110,94
'2017-02','210',' IFC몰','일일(비회원)','F','50대',1,275.93,2.49,10720,52
'2017-02','207',' 여의나루역 1번출구 앞','일일(비회원)','F','50대',1,192.02,1.73,7460,70
'2017-02','199',' 서울 월드컵 경기장','일일(비회원)','F','60대',1,306.82,2.77,11920,65
'2017-02','180',' 충정로역 7번출구 뒤','일일(비회원)','F','70대~',2,233.97,2.11,9090,122
'2017-02','202',' 국민일보 앞','일일(비회원)','F','70대~',4,795.11,7.17,30890,142
'2017-02','249',' 여의도중학교 옆','일일(비회원)','M','~10대',1,80.05,0.72,3110,85
'2017-02','130',' 신촌역(2호선) 7번출구 앞','일일(비회원)','M','~10대',1,106.05,0.96,4120,44
'2017-02','196',' 연희교차로 인근','일일(비회원)','M','~10대',1,103.73,0.93,4030,23
'2017-02','211',' 여의도역 4번출구 옆','일일(비회원)','M','~10대',1,108.88,0.98,4230,51
'2017-02','421',' 마포구청 앞','일일(비회원)','M','~10대',1,112.23,1.01,4360,33
'2017-02','411',' DMC홍보관','일일(비회원)','M','~10대',1,171.69,1.55,6670,45
'2017-02','108',' 서교동 사거리','일일(비회원)','M','20대',6,1563.63,13.77,59350,442
'2017-02','510',' 서울숲 남문 버스정류소 옆','일일(비회원)','M','20대',10,1199.07,10.82,46670,508
'2017-02','511',' 서울숲역 4번 출구 옆','일일(비회원)','M','20대',14,2308.34,20.79,89680,825
'2017-02','109',' 제일빌딩 앞','일일(비회원)','M','20대',4,525.54,4.68,20180,220
'2017-02','515',' 광양중학교 앞','일일(비회원)','M','20대',1,33.2,0.3,1290,7
'2017-02','516',' 광진메디칼 앞','일일(비회원)','M','20대',1,40.15,0.36,1560,8
'2017-02','301',' 경복궁역 7번출구 앞','일일(비회원)','M','20대',1,132.56,1.19,5150,25
'2017-02','302',' 경복궁역 4번출구 뒤','일일(비회원)','M','20대',2,160.62,1.22,5260,55
'2017-02','306',' 광화문역 7번출구 앞','일일(비회원)','M','20대',2,195.88,1.77,7610,67
'2017-02','311',' 서울광장 옆','일일(비회원)','M','20대',5,357.01,3.22,13870,111
'2017-02','312',' 시청역 1번출구 뒤','일일(비회원)','M','20대',1,198.97,1.79,7730,66
'2017-02','110',' 사천교','일일(비회원)','M','20대',1,109.91,0.99,4270,22
'2017-02','314',' 국립현대미술관','일일(비회원)','M','20대',5,570.65,5.14,22170,201
'2017-02','315',' 신한은행 안국역지점 옆','일일(비회원)','M','20대',1,62.29,0.56,2420,26
'2017-02','316',' 종각역 1번출구 앞','일일(비회원)','M','20대',1,160.62,1.45,6240,58
'2017-02','320',' 을지로입구역 4번출구 앞','일일(비회원)','M','20대',1,90.86,0.82,3530,63
'2017-02','321',' KEB 하나은행 본점 앞','일일(비회원)','M','20대',6,951.61,8.58,36970,318
'2017-02','322',' 명동성당 앞','일일(비회원)','M','20대',1,45.05,0.41,1750,28
'2017-02','324',' 신세계백화점 본점 앞','일일(비회원)','M','20대',4,359.34,3.14,13570,718
'2017-02','326',' 안국역 5번출구 앞','일일(비회원)','M','20대',4,437.32,3.94,16990,213
'2017-02','327',' 낙원상가 옆','일일(비회원)','M','20대',2,84.69,0.77,3290,17
'2017-02','328',' 탑골공원 앞','일일(비회원)','M','20대',4,422.14,3.8,16400,179
'2017-02','329',' 청계2가 사거리 옆','일일(비회원)','M','20대',5,718.93,6.48,27930,215
'2017-02','330',' 청계천 한빛광장','일일(비회원)','M','20대',1,115.57,1.04,4490,55
'2017-02','331',' 을지로2가 사거리 북측','일일(비회원)','M','20대',3,401.77,2.58,11130,106
'2017-02','332',' 을지로2가 사거리 남측','일일(비회원)','M','20대',1,194.59,1.75,7560,31
'2017-02','111',' 상수역 2번출구 앞','일일(비회원)','M','20대',3,517.64,4.67,20110,329
'2017-02','334',' 종로3가역 2번출구 뒤','일일(비회원)','M','20대',3,209.27,1.88,8130,64
'2017-02','335',' 종로3가역 15번출구 앞','일일(비회원)','M','20대',2,198.71,1.79,7720,65
'2017-02','336',' 티마크 호텔 앞','일일(비회원)','M','20대',3,127.67,1.15,4960,22
'2017-02','337',' 창경궁 입구','일일(비회원)','M','20대',2,63.84,0.57,2480,34
'2017-02','338',' 세운스퀘어 앞','일일(비회원)','M','20대',5,323.29,2.92,12560,218
'2017-02','339',' 종로4가 사거리','일일(비회원)','M','20대',3,216.87,1.93,8360,69
'2017-02','341',' 혜화역 3번출구 뒤','일일(비회원)','M','20대',2,203.09,1.83,7890,41
'2017-02','342',' 대학로 마로니에공원','일일(비회원)','M','20대',1,49.94,0.45,1940,31
'2017-02','112',' 극동방송국 앞','일일(비회원)','M','20대',3,377.09,3.4,14650,97
'2017-02','344',' 성균관대 E하우스 앞','일일(비회원)','M','20대',1,44.02,0.4,1710,20
'2017-02','346',' 맥스타일 앞','일일(비회원)','M','20대',5,941.05,8.49,36560,279
'2017-02','347',' 동대문역사문화공원역 9번출구 앞','일일(비회원)','M','20대',1,47.36,0.43,1840,15
'2017-02','349',' 사직동주민센터','일일(비회원)','M','20대',4,600,5.42,23310,158
'2017-02','351',' 청운초교 앞 삼거리','일일(비회원)','M','20대',1,32.69,0.29,1270,12
'2017-02','352',' 중앙고입구 삼거리','일일(비회원)','M','20대',2,302.7,2.73,11760,137
'2017-02','353',' 재동초교 앞 삼거리','일일(비회원)','M','20대',2,127.93,1.15,4970,39
'2017-02','117',' 홍은사거리','일일(비회원)','M','20대',1,352.57,3.33,14360,116
'2017-02','354',' 포르투갈 대사관 앞','일일(비회원)','M','20대',3,327.42,2.96,12720,160
'2017-02','356',' KT혜화지사 앞','일일(비회원)','M','20대',4,192.83,1.71,7410,142
'2017-02','358',' 성대입구 사거리','일일(비회원)','M','20대',3,466.67,4.2,18130,106
'2017-02','359',' 원남동사거리','일일(비회원)','M','20대',2,118.92,1.07,4620,38
'2017-02','362',' 청계8가 사거리','일일(비회원)','M','20대',1,101.16,0.91,3930,37
'2017-02','113',' 홍대입구역 2번출구 앞','일일(비회원)','M','20대',5,781.73,7.03,30370,251
'2017-02','368',' SK 서린빌딩 앞','일일(비회원)','M','20대',1,58.94,0.53,2290,25
'2017-02','369',' 광화문 시민열린마당','일일(비회원)','M','20대',1,0,0,0,50
'2017-02','370',' 시청역(2호선) 9번출구 뒤','일일(비회원)','M','20대',1,158.56,1.43,6160,57
'2017-02','371',' 동대입구역 6번출구 뒤','일일(비회원)','M','20대',2,230.63,2.07,8960,149
'2017-02','372',' 약수역 3번출구 뒤','일일(비회원)','M','20대',2,465.12,4.19,18070,104
'2017-02','374',' 청구역 2번출구 앞','일일(비회원)','M','20대',1,23.42,0.21,910,15
'2017-02','118',' 광흥창역 2번출구 앞','일일(비회원)','M','20대',1,65.38,0.59,2540,19
'2017-02','375',' 다산 어린이공원','일일(비회원)','M','20대',2,639.38,5.77,24840,185
'2017-02','378',' 청계7가 사거리','일일(비회원)','M','20대',1,74.13,0.67,2880,26
'2017-02','380',' CJ제일제당 앞','일일(비회원)','M','20대',1,104.76,0.94,4070,55
'2017-02','383',' 신당역 12번 출구 뒤','일일(비회원)','M','20대',2,169.37,1.52,6580,46
'2017-02','114',' 홍대입구역 8번출구 앞','일일(비회원)','M','20대',4,856.12,7.72,33260,224
'2017-02','143',' 공덕역 2번출구','일일(비회원)','M','20대',4,1275.16,11.49,49540,505
'2017-02','144',' 공덕역 8번출구','일일(비회원)','M','20대',5,681.96,6.02,26000,376
'2017-02','145',' 공덕역 5번출구','일일(비회원)','M','20대',1,90.86,0.82,3530,22
'2017-02','146',' 마포역 1번출구 뒤','일일(비회원)','M','20대',4,664.02,5.37,23160,133
'2017-02','147',' 마포역 4번출구 뒤','일일(비회원)','M','20대',7,1023.69,9.24,39770,306
'2017-02','150',' 서강대역 2번출구 앞','일일(비회원)','M','20대',2,219.05,1.98,8510,52
'2017-02','151',' 망원1동주민센터','일일(비회원)','M','20대',1,244.53,2.2,9500,124
'2017-02','152',' 마포구민체육센터 앞','일일(비회원)','M','20대',4,526.38,4.75,20450,158
'2017-02','119',' 서강나루 공원','일일(비회원)','M','20대',1,196.4,1.77,7630,71
'2017-02','153',' 성산2교 사거리','일일(비회원)','M','20대',2,261.78,2.36,10170,52
'2017-02','154',' 마포구청역 ','일일(비회원)','M','20대',9,742.34,6.69,28840,203
'2017-02','155',' 가좌역1 번출구 뒤','일일(비회원)','M','20대',1,33.2,0.3,1290,11
'2017-02','156',' 서울서부지방법원 앞','일일(비회원)','M','20대',1,94.21,0.85,3660,49
'2017-02','158',' 독립문 어린이 공원','일일(비회원)','M','20대',1,72.59,0.65,2820,33
'2017-02','160',' 북아현동 가구거리','일일(비회원)','M','20대',1,105.2,0.89,3850,28
'2017-02','162',' 봉원고가차도 밑','일일(비회원)','M','20대',4,180.97,1.57,6770,31
'2017-02','120',' 신수동 사거리','일일(비회원)','M','20대',1,58.69,0.53,2280,19
'2017-02','163',' 명지전문대학교 정문 앞','일일(비회원)','M','20대',3,387.65,3.49,15060,134
'2017-02','164',' 북가좌1동 주민센터 ','일일(비회원)','M','20대',1,120.21,1.08,4670,39
'2017-02','167',' 연가초등학교 옆','일일(비회원)','M','20대',1,77.99,0.7,3030,23
'2017-02','168',' 남가좌동 사거리','일일(비회원)','M','20대',3,98.07,0.88,3810,50
'2017-02','169',' 북가좌 삼거리','일일(비회원)','M','20대',1,49.16,0.44,1910,8
'2017-02','170',' 가재울 뉴타운 주유소 옆','일일(비회원)','M','20대',10,827.79,7.45,32160,214
'2017-02','172',' 서대문소방서','일일(비회원)','M','20대',2,137.2,1.24,5330,36
'2017-02','175',' 홍연2교옆','일일(비회원)','M','20대',2,113.77,1.02,4420,27
'2017-02','179',' 가좌역 4번출구 앞','일일(비회원)','M','20대',4,383.53,3.46,14900,129
'2017-02','521',' 왕십리역 11번 출구 앞','일일(비회원)','M','20대',1,98.58,0.89,3830,48
'2017-02','523',' 옥수동성당 옆','일일(비회원)','M','20대',1,214.16,1.93,8320,88
'2017-02','122',' 신성기사식당 앞','일일(비회원)','M','20대',1,235.52,2.12,9150,116
'2017-02','525',' 한양대병원사거리','일일(비회원)','M','20대',8,1308.37,11.78,50830,439
'2017-02','526',' 용답토속공원 앞','일일(비회원)','M','20대',1,54.31,0.49,2110,9
'2017-02','529',' 장한평역 8번 출구 앞','일일(비회원)','M','20대',1,359.07,3.24,13950,136
'2017-02','535',' 응봉삼거리','일일(비회원)','M','20대',2,375.81,3.39,14600,91
'2017-02','536',' 행당역 2번출구 앞','일일(비회원)','M','20대',1,79.28,0.71,3080,18
'2017-02','537',' 한양대후문역 부근','일일(비회원)','M','20대',3,327.14,2.86,12300,63
'2017-02','538',' 답십리역 8번출구 앞','일일(비회원)','M','20대',1,162.16,1.46,6300,35
'2017-02','550',' 서울시설공단 앞','일일(비회원)','M','20대',2,0,0,0,5
'2017-02','540',' 군자역 7번출구 베스트샵 앞','일일(비회원)','M','20대',1,101.67,0.92,3950,18
'2017-02','542',' 강변역 4번출구 뒤','일일(비회원)','M','20대',4,764.21,6.89,29690,218
'2017-02','544',' 광남중학교','일일(비회원)','M','20대',3,481.6,4.34,18710,120
'2017-02','548',' 자양나들목','일일(비회원)','M','20대',5,847.36,7.64,32920,241
'2017-02','124',' 서강대 정문 건너편','일일(비회원)','M','20대',3,188.67,1.7,7330,49
'2017-02','600',' 휘경2동 주민센터','일일(비회원)','M','20대',1,366.28,3.3,14230,71
'2017-02','602',' 장안동 사거리','일일(비회원)','M','20대',1,117.12,1.06,4550,31
'2017-02','605',' 신설동역8번출구','일일(비회원)','M','20대',1,116.86,1.05,4540,38
'2017-02','609',' 제기2교','일일(비회원)','M','20대',4,514.81,4.64,20000,151
'2017-02','125',' 서강대 남문 옆','일일(비회원)','M','20대',7,476.48,4.07,17610,110
'2017-02','613',' 신설동역 10번출구 앞','일일(비회원)','M','20대',1,78.9,0.68,2930,30
'2017-02','614',' 용두동 사거리','일일(비회원)','M','20대',2,116.09,1.04,4510,30
'2017-02','615',' 용두동 레미안허브리츠아파트 앞','일일(비회원)','M','20대',1,89.32,0.81,3470,46
'2017-02','616',' 서울시립대 앞','일일(비회원)','M','20대',1,19.31,0.17,750,3
'2017-02','617',' 청솔우성아파트 앞','일일(비회원)','M','20대',1,115.71,1.13,4870,24
'2017-02','229',' 양평1 보행육교 앞','일일(비회원)','M','20대',1,219.82,1.98,8540,37
'2017-02','126',' 서강대 후문 옆','일일(비회원)','M','20대',1,267.95,2.42,10410,55
'2017-02','232',' 양평우림 이비즈센타 앞','일일(비회원)','M','20대',3,216.48,1.95,8410,74
'2017-02','236',' 문래동자이아파트 앞','일일(비회원)','M','20대',2,556.76,5.02,21630,204
'2017-02','239',' 유스호스텔 앞','일일(비회원)','M','20대',1,61.78,0.56,2400,17
'2017-02','240',' 문래역 4번출구 앞','일일(비회원)','M','20대',4,333.77,2.99,12910,169
'2017-02','241',' 신길우성1차아파트 앞 공원','일일(비회원)','M','20대',1,208.75,1.88,8110,62
'2017-02','243',' 이앤씨드림타워 앞','일일(비회원)','M','20대',1,105.28,0.95,4090,24
'2017-02','244',' 영등포삼환아파트 앞','일일(비회원)','M','20대',1,86.23,0.78,3350,53
'2017-02','245',' 삼성생명 당산사옥 앞','일일(비회원)','M','20대',2,196.14,1.76,7620,100
'2017-02','248',' 초원아파트 앞','일일(비회원)','M','20대',2,453.56,4.23,18230,152
'2017-02','249',' 여의도중학교 옆','일일(비회원)','M','20대',9,1133.08,10.22,44020,405
'2017-02','128',' 신촌역(2호선) 1번출구 옆','일일(비회원)','M','20대',4,675.15,6.09,26230,173
'2017-02','252',' 보라매역4번출구','일일(비회원)','M','20대',4,693.68,6.25,26950,247
'2017-02','255',' 도림4거리','일일(비회원)','M','20대',1,45.56,0.41,1770,25
'2017-02','256',' 동아에코빌입구','일일(비회원)','M','20대',3,784,6.87,29610,163
'2017-02','257',' 신길삼거리(우리은행)','일일(비회원)','M','20대',1,79.79,0.72,3100,59
'2017-02','258',' 신길역3번출구','일일(비회원)','M','20대',1,80.31,0.72,3120,58
'2017-02','259',' 대방역6번출구','일일(비회원)','M','20대',2,1033.46,9.31,40150,332
'2017-02','700',' KB국민은행 염창역 지점 앞','일일(비회원)','M','20대',1,271.56,2.45,10550,55
'2017-02','129',' 신촌역(2호선) 6번출구 옆','일일(비회원)','M','20대',4,501.16,4.51,19470,266
'2017-02','703',' 오목교역 7번출구 앞','일일(비회원)','M','20대',1,276.45,2.49,10740,94
'2017-02','130',' 신촌역(2호선) 7번출구 앞','일일(비회원)','M','20대',4,344.15,3.1,13370,137
'2017-02','714',' 한국SGI 양천문화회관 앞','일일(비회원)','M','20대',1,187.9,1.69,7300,53
'2017-02','800',' 목월공원 앞','일일(비회원)','M','20대',2,326.9,2.95,12700,96
'2017-02','805',' 문배어린이공원 앞','일일(비회원)','M','20대',1,270.9,2.33,10060,98
'2017-02','807',' 서울역 12번 출구 앞','일일(비회원)','M','20대',2,146.97,1.33,5710,29
'2017-02','131',' 증산2교','일일(비회원)','M','20대',1,159.85,1.44,6210,58
'2017-02','809',' 한남 유수지 복개주차장','일일(비회원)','M','20대',1,178.38,1.61,6930,40
'2017-02','810',' 이태원지하보도','일일(비회원)','M','20대',1,213.38,1.92,8290,98
'2017-02','811',' 녹사평역1번출구','일일(비회원)','M','20대',3,485.2,4.36,18850,167
'2017-02','812',' 용산전쟁기념관','일일(비회원)','M','20대',5,533.49,4.64,20020,263
'2017-02','813',' 삼각지역 3번출구','일일(비회원)','M','20대',2,794.59,7.16,30870,199
'2017-02','815',' LIG강촌아파트 103동앞','일일(비회원)','M','20대',3,239.9,2.16,9320,74
'2017-02','385',' 종각역 5번출구','일일(비회원)','M','20대',2,211.58,1.91,8220,60
'2017-02','386',' 올림픽기념 국민생활관 앞','일일(비회원)','M','20대',3,468.72,4.22,18210,200
'2017-02','387',' 훈련원공원주차장 앞','일일(비회원)','M','20대',1,166.8,1.5,6480,43
'2017-02','181',' 망원초록길 입구','일일(비회원)','M','20대',1,167.05,1.51,6490,36
'2017-02','132',' 창천문화공원','일일(비회원)','M','20대',4,581.98,5.24,22610,195
'2017-02','182',' 망원2빗물펌프장 앞','일일(비회원)','M','20대',3,372.72,3.37,14480,87
'2017-02','183',' 하늘채코오롱아파트 건너편','일일(비회원)','M','20대',1,36.55,0.33,1420,8
'2017-02','184',' SK망원동주유소 건너편','일일(비회원)','M','20대',1,72.59,0.65,2820,14
'2017-02','186',' 월드컵공원','일일(비회원)','M','20대',8,1293.96,11.67,50270,488
'2017-02','188',' 홍은동 정원여중 입구','일일(비회원)','M','20대',2,192.28,1.73,7470,80
'2017-02','194',' 증산교 앞','일일(비회원)','M','20대',1,48.13,0.43,1870,10
'2017-02','196',' 연희교차로 인근','일일(비회원)','M','20대',1,44.27,0.4,1720,7
'2017-02','556',' 달맞이공원','일일(비회원)','M','20대',1,152.38,1.37,5920,51
'2017-02','557',' 도선동 주민센터 앞','일일(비회원)','M','20대',1,122.52,1.1,4760,20
'2017-02','558',' 성동광진 교육지원청 앞','일일(비회원)','M','20대',5,696.53,6.19,26660,184
'2017-02','134',' 연세로 명물길','일일(비회원)','M','20대',3,253.02,2.28,9830,57
'2017-02','559',' 왕십리역 4번 출구 건너편','일일(비회원)','M','20대',3,246.58,2.22,9580,74
'2017-02','561',' 서울숲역 2번출구 앞','일일(비회원)','M','20대',2,260.49,2.35,10120,115
'2017-02','563',' 성동세무서 건너편','일일(비회원)','M','20대',1,25.23,0.23,980,8
'2017-02','565',' 옥수역 3번출구','일일(비회원)','M','20대',5,1115.58,10.05,43340,335
'2017-02','567',' 성수역 2번출구 앞','일일(비회원)','M','20대',1,102.19,0.92,3970,21
'2017-02','135',' 명물길 원형무대 앞','일일(비회원)','M','20대',3,470.26,4.25,18270,159
'2017-02','569',' 응봉현대아파트 정류소','일일(비회원)','M','20대',1,47.36,0.43,1840,20
'2017-02','579',' 마장역 4번출구','일일(비회원)','M','20대',1,39.38,0.35,1530,46
'2017-02','580',' 신금호역 3번출구 뒤','일일(비회원)','M','20대',1,158.04,1.42,6140,33
'2017-02','583',' 청계천 생태교실 앞','일일(비회원)','M','20대',4,543.63,4.89,21120,152
'2017-02','551',' 구의삼성쉐르빌 앞','일일(비회원)','M','20대',1,225.23,2.03,8750,84
'2017-02','553',' 중곡 성원APT 앞','일일(비회원)','M','20대',1,132.47,1.23,5310,51
'2017-02','555',' 구의3동주민센터','일일(비회원)','M','20대',1,78.25,0.71,3040,30
'2017-02','571',' 어린이대공원역6번출구','일일(비회원)','M','20대',7,845.66,7.54,32560,218
'2017-02','574',' 아차산역4번출구','일일(비회원)','M','20대',3,212.1,1.92,8240,60
'2017-02','576',' 광나루역 3번 출구','일일(비회원)','M','20대',3,1161.9,10.48,45140,383
'2017-02','577',' 광진청소년수련관','일일(비회원)','M','20대',1,164.22,1.48,6380,55
'2017-02','137',' NH농협 신촌지점 앞','일일(비회원)','M','20대',2,195.37,1.76,7590,60
'2017-02','625',' 답십리초등학교 앞(현대시장 옆)','일일(비회원)','M','20대',1,42.73,0.39,1660,8
'2017-02','630',' 동대문구 보건소','일일(비회원)','M','20대',2,104.76,0.94,4070,23
'2017-02','102',' 망원역 1번출구 앞','일일(비회원)','M','20대',1,187.39,1.69,7280,66
'2017-02','138',' 신촌동 제1공영주차장 앞','일일(비회원)','M','20대',1,0,0,0,11
'2017-02','633',' 청량리 기업은행 앞','일일(비회원)','M','20대',2,231.92,2.09,9010,77
'2017-02','634',' 외국어대 정문 앞','일일(비회원)','M','20대',5,394.62,3.62,15570,179
'2017-02','635',' 시조사 앞 (청량고정문 옆)','일일(비회원)','M','20대',3,178.12,1.61,6920,52
'2017-02','636',' 세종대왕기념관 교차로','일일(비회원)','M','20대',3,752.9,6.79,29250,179
'2017-02','638',' 서울시립대 정보기술관','일일(비회원)','M','20대',1,235.26,2.12,9140,89
'2017-02','639',' 서울시립대 후문','일일(비회원)','M','20대',3,170.66,1.54,6630,48
'2017-02','641',' 용두역 4번출구','일일(비회원)','M','20대',3,270.78,2.44,10520,73
'2017-02','642',' 신답역 사거리','일일(비회원)','M','20대',1,30.37,0.27,1180,7
'2017-02','140',' 이화여대 후문','일일(비회원)','M','20대',3,227.54,2.05,8840,73
'2017-02','260',' 여의도 마리나선착장 앞','일일(비회원)','M','20대',2,250.97,2.27,9750,77
'2017-02','262',' 영문초등학교 사거리','일일(비회원)','M','20대',1,42.47,0.38,1650,8
'2017-02','270',' 증권거래소후문교차로','일일(비회원)','M','20대',1,33.72,0.3,1310,9
'2017-02','271',' 샛강생태공원방문자센터 앞','일일(비회원)','M','20대',4,489.32,4.4,19010,181
'2017-02','272',' 당산육갑문','일일(비회원)','M','20대',3,966.49,8.47,36500,193
'2017-02','719',' 홍익병원앞 교차로','일일(비회원)','M','20대',2,1126.13,10.15,43750,298
'2017-02','816',' 신용산역 6번출구 앞','일일(비회원)','M','20대',11,1840.92,16.59,71520,579
'2017-02','818',' 숙명여대 입구 교차로','일일(비회원)','M','20대',3,456.89,4.12,17750,203
'2017-02','819',' 선린인터넷 고등학교','일일(비회원)','M','20대',2,176.06,1.59,6840,53
'2017-02','820',' 청파동입구 교차로','일일(비회원)','M','20대',1,136.68,1.23,5310,38
'2017-02','822',' 이촌1동 마을공원','일일(비회원)','M','20대',5,2497.79,20.78,89540,562
'2017-02','823',' 효창동주민센터 앞','일일(비회원)','M','20대',1,572.46,4.19,18070,167
'2017-02','825',' 서빙고동 주민센터 앞','일일(비회원)','M','20대',6,1045.57,9.43,40620,285
'2017-02','199',' 서울 월드컵 경기장','일일(비회원)','M','20대',2,447.11,4.03,17370,129
'2017-02','388',' 동성중학교 앞','일일(비회원)','M','20대',2,113.77,1.03,4420,26
'2017-02','584',' 광진광장 교통섬','일일(비회원)','M','20대',6,955.72,8.62,37130,252
'2017-02','585',' 성수2가1동 공영주차장 인근','일일(비회원)','M','20대',2,359.85,3.24,13980,89
'2017-02','900',' 은평예술회관','일일(비회원)','M','20대',4,311.46,2.81,12100,87
'2017-02','901',' 응암1동사무소','일일(비회원)','M','20대',1,46.07,0.42,1790,14
'2017-02','200',' 국회의원회관','일일(비회원)','M','20대',3,504.26,4.55,19590,196
'2017-02','902',' 진관동 은빛초등학교','일일(비회원)','M','20대',2,197.62,1.68,7230,37
'2017-02','903',' 은평뉴타운 아이파크','일일(비회원)','M','20대',1,41.96,0.38,1630,12
'2017-02','906',' 연신내역 5번출구150M 아래','일일(비회원)','M','20대',1,72.33,0.65,2810,34
'2017-02','907',' CJ 드림시티','일일(비회원)','M','20대',3,878.51,7.92,34130,212
'2017-02','201',' 진미파라곤 앞','일일(비회원)','M','20대',2,484.42,4.36,18820,108
'2017-02','913',' 이마트 은평점','일일(비회원)','M','20대',2,381.72,3.44,14830,184
'2017-02','914',' 새절역 2번출구','일일(비회원)','M','20대',1,216.22,1.95,8400,56
'2017-02','916',' 평생학습관 앞','일일(비회원)','M','20대',1,68.98,0.62,2680,22
'2017-02','921',' 신도고등학교','일일(비회원)','M','20대',1,127.41,1.15,4950,45
'2017-02','202',' 국민일보 앞','일일(비회원)','M','20대',4,6271.28,56.53,243640,206
'2017-02','927',' 연신내역 3번출구 인근','일일(비회원)','M','20대',2,128.19,1.16,4980,32
'2017-02','932',' 예일여중','일일(비회원)','M','20대',1,221.62,2,8610,53
'2017-02','587',' KEB하나은행 성수중앙지점','일일(비회원)','M','20대',2,232.18,2.09,9020,47
'2017-02','588',' 뚝섬 유원지역','일일(비회원)','M','20대',2,332.56,3,12920,115
'2017-02','103',' 망원역 2번출구 앞','일일(비회원)','M','20대',1,89.32,0.81,3470,28
'2017-02','204',' 국회의사당역 5번출구 옆','일일(비회원)','M','20대',2,284.17,2.56,11040,136
'2017-02','203',' 국회의사당역 3번출구 옆','일일(비회원)','M','20대',3,288.03,2.59,11190,94
'2017-02','205',' 산업은행 앞','일일(비회원)','M','20대',6,1472.59,13.27,57210,369
'2017-02','206',' KBS 앞','일일(비회원)','M','20대',1,110.17,0.99,4280,37
'2017-02','209',' 유진투자증권빌딩 앞','일일(비회원)','M','20대',3,292.92,2.64,11380,194
'2017-02','210',' IFC몰','일일(비회원)','M','20대',3,730.51,6.58,28380,265
'2017-02','211',' 여의도역 4번출구 옆','일일(비회원)','M','20대',9,1253.79,11.29,48710,517
'2017-02','212',' 여의도역 1번출구 옆','일일(비회원)','M','20대',4,600.26,5.42,23320,236
'2017-02','104',' 합정역 1번출구 앞','일일(비회원)','M','20대',9,1207.21,10.89,46900,408
'2017-02','214',' 금융감독원 앞','일일(비회원)','M','20대',5,817.24,7.37,31750,225
'2017-02','219',' 롯데캐슬엠파이어 옆','일일(비회원)','M','20대',2,951.61,8.57,36970,215
'2017-02','215',' 여의도고교 앞','일일(비회원)','M','20대',2,188.93,1.7,7340,64
'2017-02','221',' 여의도초교 앞','일일(비회원)','M','20대',3,272.59,2.46,10590,102
'2017-02','223',' 진주아파트상가 앞','일일(비회원)','M','20대',1,30.12,0.27,1170,14
'2017-02','105',' 합정역 5번출구 앞','일일(비회원)','M','20대',1,66.41,0.6,2580,17
'2017-02','225',' 앙카라공원 앞','일일(비회원)','M','20대',8,785.85,7.08,30530,273
'2017-02','226',' 샛강역 1번출구 앞','일일(비회원)','M','20대',3,294.72,2.66,11450,98
'2017-02','207',' 여의나루역 1번출구 앞','일일(비회원)','M','20대',37,6862.55,61.84,266610,2502
'2017-02','402',' 상암월드컵파크 9단지 앞','일일(비회원)','M','20대',2,459.46,4.14,17850,74
'2017-02','106',' 합정역 7번출구 앞','일일(비회원)','M','20대',4,519.43,4.68,20180,128
'2017-02','406',' 상암월드컵파크 7단지 앞','일일(비회원)','M','20대',1,111.97,1.01,4350,56
'2017-02','421',' 마포구청 앞','일일(비회원)','M','20대',5,1849.42,16.68,71850,461
'2017-02','407',' 마포구 육아종합지원센터','일일(비회원)','M','20대',1,17.25,0.16,670,5
'2017-02','420',' 서울시 공공자전거 상암센터','일일(비회원)','M','20대',4,656.88,5.93,25520,224
'2017-02','409',' 누리꿈스퀘어 옆','일일(비회원)','M','20대',4,398.45,3.59,15480,213
'2017-02','419',' 홈플러스 앞','일일(비회원)','M','20대',12,1846.31,16.64,71730,872
'2017-02','418',' 월드컵경기장역 3번출구 옆','일일(비회원)','M','20대',5,710.96,6.53,28180,243
'2017-02','412',' DMC산학협력연구센터 앞','일일(비회원)','M','20대',2,92.93,0.84,3610,32
'2017-02','417',' DMC역 2번출구 옆','일일(비회원)','M','20대',1,54.31,0.49,2110,11
'2017-02','414',' 상암동주민센터 옆','일일(비회원)','M','20대',3,510.17,4.6,19820,149
'2017-02','415',' DMC역 9번출구 앞','일일(비회원)','M','20대',1,54.31,0.49,2110,9
'2017-02','416',' 상암월드컵파크 1단지 교차로','일일(비회원)','M','20대',1,108.11,0.97,4200,33
'2017-02','500',' 어린이대공원역 3번출구 앞','일일(비회원)','M','20대',1,0,0,0,60
'2017-02','501',' 광진구의회 앞','일일(비회원)','M','20대',2,607.46,5.47,23600,174
'2017-02','502',' 뚝섬유원지역 1번출구 앞','일일(비회원)','M','20대',21,3721.49,33.42,144050,1255
'2017-02','505',' 자양사거리 광진아크로텔 앞','일일(비회원)','M','30대',1,39.38,0.35,1530,9
'2017-02','506',' 금호 어울림 아파트 앞','일일(비회원)','M','30대',1,116.34,1.05,4520,23
'2017-02','509',' 이마트 버스정류소 옆','일일(비회원)','M','30대',1,116.09,1.05,4510,15
'2017-02','511',' 서울숲역 4번 출구 옆','일일(비회원)','M','30대',2,155.22,1.4,6030,57
'2017-02','512',' 뚝섬역 1번 출구 옆','일일(비회원)','M','30대',2,283.14,2.55,11000,104
'2017-02','109',' 제일빌딩 앞','일일(비회원)','M','30대',2,218.04,1.83,7860,58
'2017-02','514',' 성수사거리 버스정류장 앞','일일(비회원)','M','30대',1,109.14,0.98,4240,38
'2017-02','301',' 경복궁역 7번출구 앞','일일(비회원)','M','30대',1,20.33,0.18,790,3
'2017-02','115',' 사루비아 빌딩 앞','일일(비회원)','M','30대',1,69.76,0.63,2710,21
'2017-02','307',' 서울역사박물관 앞','일일(비회원)','M','30대',1,108.11,0.97,4200,27
'2017-02','311',' 서울광장 옆','일일(비회원)','M','30대',1,0,0,0,27
'2017-02','313',' 서울역 광장 파출소 옆','일일(비회원)','M','30대',1,69.24,0.62,2690,25
'2017-02','314',' 국립현대미술관','일일(비회원)','M','30대',2,118.4,1.06,4600,33
'2017-02','116',' 일진아이윌아파트 옆','일일(비회원)','M','30대',1,150.84,1.36,5860,55
'2017-02','327',' 낙원상가 옆','일일(비회원)','M','30대',1,41.18,0.37,1600,7
'2017-02','331',' 을지로2가 사거리 북측','일일(비회원)','M','30대',1,19.96,0.19,840,4
'2017-02','332',' 을지로2가 사거리 남측','일일(비회원)','M','30대',2,111.19,1,4320,46
'2017-02','111',' 상수역 2번출구 앞','일일(비회원)','M','30대',2,219.3,1.98,8520,57
'2017-02','335',' 종로3가역 15번출구 앞','일일(비회원)','M','30대',1,20.2,0.2,850,7
'2017-02','336',' 티마크 호텔 앞','일일(비회원)','M','30대',1,73.62,0.66,2860,15
'2017-02','345',' 서울보증보험본사 앞','일일(비회원)','M','30대',2,83.91,0.76,3260,16
'2017-02','346',' 맥스타일 앞','일일(비회원)','M','30대',1,100.64,0.91,3910,25
'2017-02','352',' 중앙고입구 삼거리','일일(비회원)','M','30대',1,233.72,2.11,9080,63
'2017-02','356',' KT혜화지사 앞','일일(비회원)','M','30대',1,44.79,0.4,1740,12
'2017-02','361',' 동묘앞역 1번출구 뒤','일일(비회원)','M','30대',1,136.16,1.23,5290,47
'2017-02','362',' 청계8가 사거리','일일(비회원)','M','30대',1,53.54,0.48,2080,15
'2017-02','114',' 홍대입구역 8번출구 앞','일일(비회원)','M','30대',1,146.72,1.32,5700,31
'2017-02','145',' 공덕역 5번출구','일일(비회원)','M','30대',1,29.09,0.26,1130,8
'2017-02','147',' 마포역 4번출구 뒤','일일(비회원)','M','30대',1,188.67,1.7,7330,79
'2017-02','152',' 마포구민체육센터 앞','일일(비회원)','M','30대',2,183.82,1.58,6820,89
'2017-02','153',' 성산2교 사거리','일일(비회원)','M','30대',1,218.02,1.97,8470,47
'2017-02','154',' 마포구청역 ','일일(비회원)','M','30대',2,324.68,2.75,11870,68
'2017-02','157',' 애오개역 4번출구 앞','일일(비회원)','M','30대',1,55.08,0.5,2140,23
'2017-02','171',' 임광빌딩 앞','일일(비회원)','M','30대',1,35.52,0.32,1380,8
'2017-02','121',' 마포소방서 앞','일일(비회원)','M','30대',1,42.73,0.39,1660,10
'2017-02','525',' 한양대병원사거리','일일(비회원)','M','30대',1,90.6,0.82,3520,23
'2017-02','540',' 군자역 7번출구 베스트샵 앞','일일(비회원)','M','30대',1,99.87,0.9,3880,19
'2017-02','544',' 광남중학교','일일(비회원)','M','30대',1,283.91,2.56,11030,45
'2017-02','609',' 제기2교','일일(비회원)','M','30대',1,134.62,1.21,5230,42
'2017-02','232',' 양평우림 이비즈센타 앞','일일(비회원)','M','30대',4,390.73,3.53,15180,126
'2017-02','238',' 제2구민체육센타 앞','일일(비회원)','M','30대',3,170.91,1.54,6640,129
'2017-02','239',' 유스호스텔 앞','일일(비회원)','M','30대',1,319.95,2.88,12430,130
'2017-02','240',' 문래역 4번출구 앞','일일(비회원)','M','30대',1,315.57,2.84,12260,60
'2017-02','247',' 당산역 10번출구 앞','일일(비회원)','M','30대',2,453.28,4.08,17610,115
'2017-02','256',' 동아에코빌입구','일일(비회원)','M','30대',1,467.44,4.21,18160,101
'2017-02','259',' 대방역6번출구','일일(비회원)','M','30대',1,165.51,1.49,6430,62
'2017-02','703',' 오목교역 7번출구 앞','일일(비회원)','M','30대',1,70.27,0.63,2730,34
'2017-02','706',' 신정네거리역','일일(비회원)','M','30대',1,66.92,0.6,2600,17
'2017-02','708',' 서울출입국관리사무소 앞','일일(비회원)','M','30대',1,103.47,0.93,4020,34
'2017-02','714',' 한국SGI 양천문화회관 앞','일일(비회원)','M','30대',1,146.46,1.32,5690,37
'2017-02','807',' 서울역 12번 출구 앞','일일(비회원)','M','30대',2,86.23,0.78,3350,30
'2017-02','808',' 서빙고동 금호맨션 앞','일일(비회원)','M','30대',1,188.93,1.7,7340,72
'2017-02','809',' 한남 유수지 복개주차장','일일(비회원)','M','30대',1,178.38,1.61,6930,40
'2017-02','811',' 녹사평역1번출구','일일(비회원)','M','30대',1,62.29,0.56,2420,26
'2017-02','815',' LIG강촌아파트 103동앞','일일(비회원)','M','30대',2,168.34,1.52,6540,69
'2017-02','182',' 망원2빗물펌프장 앞','일일(비회원)','M','30대',1,241.96,2.18,9400,50
'2017-02','184',' SK망원동주유소 건너편','일일(비회원)','M','30대',1,204.38,1.84,7940,46
'2017-02','186',' 월드컵공원','일일(비회원)','M','30대',3,264.84,2.34,10120,155
'2017-02','559',' 왕십리역 4번 출구 건너편','일일(비회원)','M','30대',1,25.74,0.23,1000,6
'2017-02','561',' 서울숲역 2번출구 앞','일일(비회원)','M','30대',1,29.09,0.26,1130,7
'2017-02','565',' 옥수역 3번출구','일일(비회원)','M','30대',3,956.5,8.62,37160,146
'2017-02','568',' 청계8가사거리 부근','일일(비회원)','M','30대',1,111.45,1,4330,30
'2017-02','582',' 경일중학교 앞','일일(비회원)','M','30대',1,17.5,0.16,680,11
'2017-02','583',' 청계천 생태교실 앞','일일(비회원)','M','30대',1,258.69,2.33,10050,50
'2017-02','571',' 어린이대공원역6번출구','일일(비회원)','M','30대',1,118.15,1.06,4590,43
'2017-02','572',' 국립정신 건강센터 앞','일일(비회원)','M','30대',1,42.99,0.39,1670,10
'2017-02','576',' 광나루역 3번 출구','일일(비회원)','M','30대',1,58.43,0.53,2270,20
'2017-02','625',' 답십리초등학교 앞(현대시장 옆)','일일(비회원)','M','30대',1,115.83,1.04,4500,25
'2017-02','138',' 신촌동 제1공영주차장 앞','일일(비회원)','M','30대',1,86.23,0.78,3350,19
'2017-02','266',' 영등포청과시장 사거리','일일(비회원)','M','30대',1,58.69,0.53,2280,14
'2017-02','270',' 증권거래소후문교차로','일일(비회원)','M','30대',1,74.9,0.68,2910,24
'2017-02','271',' 샛강생태공원방문자센터 앞','일일(비회원)','M','30대',2,497.81,4.49,19340,91
'2017-02','272',' 당산육갑문','일일(비회원)','M','30대',1,188.67,1.7,7330,64
'2017-02','719',' 홍익병원앞 교차로','일일(비회원)','M','30대',1,92.66,0.84,3600,20
'2017-02','816',' 신용산역 6번출구 앞','일일(비회원)','M','30대',2,80.82,0.73,3140,85
'2017-02','818',' 숙명여대 입구 교차로','일일(비회원)','M','30대',1,142.86,1.29,5550,46
'2017-02','822',' 이촌1동 마을공원','일일(비회원)','M','30대',1,115.83,1.04,4500,43
'2017-02','199',' 서울 월드컵 경기장','일일(비회원)','M','30대',4,671.3,6.05,26080,222
'2017-02','900',' 은평예술회관','일일(비회원)','M','30대',1,88.39,0.86,3720,33
'2017-02','912',' 응암오거리','일일(비회원)','M','30대',1,111.97,1.01,4350,55
'2017-02','913',' 이마트 은평점','일일(비회원)','M','30대',1,65.89,0.59,2560,46
'2017-02','914',' 새절역 2번출구','일일(비회원)','M','30대',2,300.13,2.7,11660,131
'2017-02','202',' 국민일보 앞','일일(비회원)','M','30대',2,113.77,1.03,4420,119
'2017-02','923',' 국민은행 연서지점','일일(비회원)','M','30대',1,71.81,0.65,2790,15
'2017-02','924',' 메뚜기다리','일일(비회원)','M','30대',1,106.56,0.96,4140,21
'2017-02','932',' 예일여중','일일(비회원)','M','30대',1,63.58,0.57,2470,37
'2017-02','103',' 망원역 2번출구 앞','일일(비회원)','M','30대',1,22.14,0.2,860,11
'2017-02','203',' 국회의사당역 3번출구 옆','일일(비회원)','M','30대',1,42.47,0.38,1650,16
'2017-02','205',' 산업은행 앞','일일(비회원)','M','30대',2,134.36,1.22,5220,37
'2017-02','206',' KBS 앞','일일(비회원)','M','30대',1,96.01,0.87,3730,45
'2017-02','210',' IFC몰','일일(비회원)','M','30대',1,130.24,1.17,5060,26
'2017-02','212',' 여의도역 1번출구 옆','일일(비회원)','M','30대',1,106.56,0.96,4140,27
'2017-02','213',' KT앞','일일(비회원)','M','30대',1,100.64,0.91,3910,31
'2017-02','104',' 합정역 1번출구 앞','일일(비회원)','M','30대',1,157.53,1.42,6120,41
'2017-02','214',' 금융감독원 앞','일일(비회원)','M','30대',1,103.47,0.93,4020,42
'2017-02','219',' 롯데캐슬엠파이어 옆','일일(비회원)','M','30대',1,118.92,1.07,4620,42
'2017-02','221',' 여의도초교 앞','일일(비회원)','M','30대',2,561.13,5.05,21800,136
'2017-02','226',' 샛강역 1번출구 앞','일일(비회원)','M','30대',1,333.85,3.01,12970,73
'2017-02','207',' 여의나루역 1번출구 앞','일일(비회원)','M','30대',3,524.33,4.72,20370,151
'2017-02','403',' 부엉이공원 앞','일일(비회원)','M','30대',1,129.73,1.17,5040,57
'2017-02','106',' 합정역 7번출구 앞','일일(비회원)','M','30대',1,286.49,2.58,11130,48
'2017-02','419',' 홈플러스 앞','일일(비회원)','M','30대',3,391.25,3.53,15200,160
'2017-02','418',' 월드컵경기장역 3번출구 옆','일일(비회원)','M','30대',2,122,1.1,4740,106
'2017-02','500',' 어린이대공원역 3번출구 앞','일일(비회원)','M','30대',1,109.91,0.99,4270,55
'2017-02','501',' 광진구의회 앞','일일(비회원)','M','30대',1,121.75,1.1,4730,31
'2017-02','502',' 뚝섬유원지역 1번출구 앞','일일(비회원)','M','30대',1,149.81,1.35,5820,22
'2017-02','510',' 서울숲 남문 버스정류소 옆','일일(비회원)','M','40대',2,260.49,2.35,10120,106
'2017-02','511',' 서울숲역 4번 출구 옆','일일(비회원)','M','40대',2,317.89,2.86,12350,104
'2017-02','113',' 홍대입구역 2번출구 앞','일일(비회원)','M','40대',1,64.35,0.58,2500,13
'2017-02','160',' 북아현동 가구거리','일일(비회원)','M','40대',1,117.63,1.06,4570,35
'2017-02','167',' 연가초등학교 옆','일일(비회원)','M','40대',1,144.14,1.3,5600,30
'2017-02','535',' 응봉삼거리','일일(비회원)','M','40대',1,221.36,2,8600,60
'2017-02','600',' 휘경2동 주민센터','일일(비회원)','M','40대',1,125.87,1.13,4890,54
'2017-02','232',' 양평우림 이비즈센타 앞','일일(비회원)','M','40대',1,218.79,1.97,8500,66
'2017-02','259',' 대방역6번출구','일일(비회원)','M','40대',1,14.41,0.13,560,4
'2017-02','713',' 양서중학교 옆','일일(비회원)','M','40대',1,64.86,0.58,2520,47
'2017-02','809',' 한남 유수지 복개주차장','일일(비회원)','M','40대',1,0,0,0,58
'2017-02','186',' 월드컵공원','일일(비회원)','M','40대',5,648.94,5.73,24690,252
'2017-02','561',' 서울숲역 2번출구 앞','일일(비회원)','M','40대',1,248.65,2.24,9660,77
'2017-02','580',' 신금호역 3번출구 뒤','일일(비회원)','M','40대',1,118.4,1.07,4600,60
'2017-02','583',' 청계천 생태교실 앞','일일(비회원)','M','40대',1,37.32,0.34,1450,47
'2017-02','573',' 구의문주차장 앞','일일(비회원)','M','40대',1,76.96,0.69,2990,11
'2017-02','230',' 영등포구청역 1번출구','일일(비회원)','M','40대',1,334.36,3.01,12990,130
'2017-02','272',' 당산육갑문','일일(비회원)','M','40대',1,377.55,3.16,13620,131
'2017-02','902',' 진관동 은빛초등학교','일일(비회원)','M','40대',1,146.36,1.22,5280,82
'2017-02','906',' 연신내역 5번출구150M 아래','일일(비회원)','M','40대',1,224.97,2.03,8740,42
'2017-02','207',' 여의나루역 1번출구 앞','일일(비회원)','M','40대',4,440.26,4.12,17720,182
'2017-02','411',' DMC홍보관','일일(비회원)','M','40대',1,193.56,1.74,7520,44
'2017-02','416',' 상암월드컵파크 1단지 교차로','일일(비회원)','M','40대',1,92.41,0.83,3590,19
'2017-02','311',' 서울광장 옆','일일(비회원)','M','50대',1,287.4,2,8640,50
'2017-02','329',' 청계2가 사거리 옆','일일(비회원)','M','50대',1,67.18,0.61,2610,39
'2017-02','338',' 세운스퀘어 앞','일일(비회원)','M','50대',1,143.37,1.29,5570,66
'2017-02','117',' 홍은사거리','일일(비회원)','M','50대',1,802.06,7.23,31160,247
'2017-02','525',' 한양대병원사거리','일일(비회원)','M','50대',1,291.89,2.63,11340,91
'2017-02','613',' 신설동역 10번출구 앞','일일(비회원)','M','50대',1,149.55,1.35,5810,45
'2017-02','186',' 월드컵공원','일일(비회원)','M','50대',2,225.74,2.03,8770,101
'2017-02','583',' 청계천 생태교실 앞','일일(비회원)','M','50대',1,236.17,2.31,9940,49
'2017-02','265',' 영등포유통상가 사거리','일일(비회원)','M','50대',1,141.57,1.28,5500,32
'2017-02','586',' 마장동 주민센터','일일(비회원)','M','50대',1,105.02,0.95,4080,45
'2017-02','215',' 여의도고교 앞','일일(비회원)','M','50대',1,19.05,0.17,740,18
'2017-02','118',' 광흥창역 2번출구 앞','일일(비회원)','M','60대',5,1191.25,10.75,46280,171
'2017-02','150',' 서강대역 2번출구 앞','일일(비회원)','M','60대',1,248.39,2.24,9650,42
'2017-02','152',' 마포구민체육센터 앞','일일(비회원)','M','60대',5,1386.09,12.49,53850,204
'2017-02','238',' 제2구민체육센타 앞','일일(비회원)','M','60대',1,0,0,0,55
'2017-02','583',' 청계천 생태교실 앞','일일(비회원)','M','60대',1,502.7,4.53,19530,60
'2017-02','207',' 여의나루역 1번출구 앞','일일(비회원)','M','60대',1,52.77,0.48,2050,62
'2017-02','417',' DMC역 2번출구 옆','일일(비회원)','M','60대',1,140.28,1.26,5450,52
'2017-02','419',' 홈플러스 앞','일일(비회원)','M','70대~',1,393.31,3.54,15280,109
'2017-02','350','KEB 하나은행(내자동 지점) 앞','단체','F','~10대',4,243.14,2.63,11370,83
'2017-02','117',' 홍은사거리','단체','F','~10대',2,294.15,2.87,12380,76
'2017-02','113',' 홍대입구역 2번출구 앞','단체','F','~10대',2,290.35,2.62,11280,120
'2017-02','146',' 마포역 1번출구 뒤','단체','F','~10대',3,199.75,1.8,7760,156
'2017-02','147',' 마포역 4번출구 뒤','단체','F','~10대',2,647.87,5.84,25170,160
'2017-02','179',' 가좌역 4번출구 앞','단체','F','~10대',2,138.79,1.51,6490,48
'2017-02','249',' 여의도중학교 옆','단체','F','~10대',2,171.59,1.43,6190,83
'2017-02','250',' 대림아파트 사거리','단체','F','~10대',2,205.68,1.72,7420,118
'2017-02','704',' 남부법원검찰청 교차로','단체','F','~10대',3,690.88,8.61,37120,317
'2017-02','132',' 창천문화공원','단체','F','~10대',2,263.06,2.37,10220,98
'2017-02','260',' 여의도 마리나선착장 앞','단체','F','~10대',5,410.3,3.7,15940,179
'2017-02','822',' 이촌1동 마을공원','단체','F','~10대',2,618.71,6.04,26040,178
'2017-02','202',' 국민일보 앞','단체','F','~10대',3,227.29,2.05,8830,149
'2017-02','205',' 산업은행 앞','단체','F','~10대',5,520.98,4.71,20240,326
'2017-02','206',' KBS 앞','단체','F','~10대',2,216.99,1.96,8430,114
'2017-02','221',' 여의도초교 앞','단체','F','~10대',2,127.93,1.15,4970,66
'2017-02','207',' 여의나루역 1번출구 앞','단체','F','~10대',13,1184.87,11.16,48120,661
'2017-02','502',' 뚝섬유원지역 1번출구 앞','단체','F','~10대',4,303.66,3.17,13650,211
'2017-02','511',' 서울숲역 4번 출구 옆','단체','F','20대',13,1136.16,10.25,44140,765
'2017-02','514',' 성수사거리 버스정류장 앞','단체','F','20대',2,339.57,3.97,17150,234
'2017-02','354',' 포르투갈 대사관 앞','단체','F','20대',2,96.8,0.9,3880,50
'2017-02','356',' KT혜화지사 앞','단체','F','20대',2,178.6,2.09,9020,98
'2017-02','370',' 시청역(2호선) 9번출구 뒤','단체','F','20대',2,977.35,8.81,37970,252
'2017-02','371',' 동대입구역 6번출구 뒤','단체','F','20대',4,437.91,4.31,18600,289
'2017-02','143',' 공덕역 2번출구','단체','F','20대',2,86.36,0.87,3760,41
'2017-02','147',' 마포역 4번출구 뒤','단체','F','20대',3,132.81,1.19,5160,180
'2017-02','159',' 이대역 4번 출구','단체','F','20대',2,250.07,2.93,12630,72
'2017-02','160',' 북아현동 가구거리','단체','F','20대',1,150.32,1.35,5840,68
'2017-02','172',' 서대문소방서','단체','F','20대',2,322.13,3.43,14790,142
'2017-02','173',' 서대문역 8번출구 앞','단체','F','20대',2,37.07,0.33,1440,33
'2017-02','180',' 충정로역 7번출구 뒤','단체','F','20대',2,172.72,1.56,6710,80
'2017-02','519',' 양지사거리','단체','F','20대',2,184.3,1.66,7160,108
'2017-02','520',' 상왕십리역 4번 출구 앞','단체','F','20대',1,160.78,1.41,6060,80
'2017-02','239',' 유스호스텔 앞','단체','F','20대',2,127.57,0.88,3790,22
'2017-02','247',' 당산역 10번출구 앞','단체','F','20대',1,46.11,0.32,1370,9
'2017-02','249',' 여의도중학교 옆','단체','F','20대',2,193.82,1.74,7530,82
'2017-02','807',' 서울역 12번 출구 앞','단체','F','20대',3,1303,9.53,41130,312
'2017-02','811',' 녹사평역1번출구','단체','F','20대',2,76.7,0.69,2980,160
'2017-02','385',' 종각역 5번출구','단체','F','20대',2,24.97,0.28,1190,19
'2017-02','184',' SK망원동주유소 건너편','단체','F','20대',2,350.83,3.67,15820,114
'2017-02','194',' 증산교 앞','단체','F','20대',2,216.74,1.96,8420,129
'2017-02','623',' 서울시립대 정문 앞','단체','F','20대',2,188.36,2.4,10340,73
'2017-02','265',' 영등포유통상가 사거리','단체','F','20대',2,82.8,0.58,2460,14
'2017-02','272',' 당산육갑문','단체','F','20대',2,187.64,2.45,10530,127
'2017-02','388',' 동성중학교 앞','단체','F','20대',2,153.22,1.69,7300,76
'2017-02','200',' 국회의원회관','단체','F','20대',5,207.68,1.43,6170,414
'2017-02','912',' 응암오거리','단체','F','20대',2,114.23,1.49,6410,56
'2017-02','925',' 불광역 2번출구','단체','F','20대',2,296.26,2.67,11510,128
'2017-02','103',' 망원역 2번출구 앞','단체','F','20대',2,79.83,0.78,3360,22
'2017-02','204',' 국회의사당역 5번출구 옆','단체','F','20대',2,166.32,1.95,8400,82
'2017-02','211',' 여의도역 4번출구 옆','단체','F','20대',2,165.53,1.94,8360,114
'2017-02','218',' 증권거래소 앞','단체','F','20대',2,102.19,0.92,3970,63
'2017-02','219',' 롯데캐슬엠파이어 옆','단체','F','20대',2,257.92,2.32,10020,92
'2017-02','225',' 앙카라공원 앞','단체','F','20대',3,395.4,4.64,19970,203
'2017-02','207',' 여의나루역 1번출구 앞','단체','F','20대',4,884.02,9.04,38950,389
'2017-02','419',' 홈플러스 앞','단체','F','20대',2,224.14,2.63,11320,106
'2017-02','418',' 월드컵경기장역 3번출구 옆','단체','F','20대',2,129.73,1.69,7280,55
'2017-02','510',' 서울숲 남문 버스정류소 옆','단체','F','30대',3,58.45,0.57,2460,54
'2017-02','511',' 서울숲역 4번 출구 옆','단체','F','30대',6,1065.3,9.98,43050,305
'2017-02','109',' 제일빌딩 앞','단체','F','30대',2,148.26,1.81,7800,50
'2017-02','400',' 상암한화오벨리스크 1차 앞','단체','F','30대',2,196.91,1.77,7650,116
'2017-02','308',' 광화문 S타워 앞','단체','F','30대',2,137.97,1.24,5360,112
'2017-02','341',' 혜화역 3번출구 뒤','단체','F','30대',4,291.29,2.85,12260,309
'2017-02','383',' 신당역 12번 출구 뒤','단체','F','30대',2,293.43,3.44,14820,93
'2017-02','144',' 공덕역 8번출구','단체','F','30대',3,143.39,2.8,12070,218
'2017-02','152',' 마포구민체육센터 앞','단체','F','30대',9,1150.71,12.76,55010,595
'2017-02','542',' 강변역 4번출구 뒤','단체','F','30대',2,211.84,1.91,8230,70
'2017-02','601',' 용신동주민센터','단체','F','30대',2,281.95,3.31,14240,165
'2017-02','604',' 답십리초등학교 옆 공원','단체','F','30대',2,68.67,0.67,2890,43
'2017-02','615',' 용두동 레미안허브리츠아파트 앞','단체','F','30대',8,376.76,3.57,15370,231
'2017-02','249',' 여의도중학교 옆','단체','F','30대',11,1567.31,14.14,60890,550
'2017-02','806',' 전자랜드 본관 앞','단체','F','30대',3,282.88,2.54,10990,82
'2017-02','808',' 서빙고동 금호맨션 앞','단체','F','30대',4,40.25,0.56,2420,162
'2017-02','131',' 증산2교','단체','F','30대',2,53.54,0.49,2080,25
'2017-02','810',' 이태원지하보도','단체','F','30대',2,242.15,2.84,12230,104
'2017-02','813',' 삼각지역 3번출구','단체','F','30대',4,924.84,8.33,35930,191
'2017-02','186',' 월드컵공원','단체','F','30대',2,176.06,1.59,6840,40
'2017-02','178',' 증산3교 앞','단체','F','30대',2,197.17,1.77,7660,53
'2017-02','565',' 옥수역 3번출구','단체','F','30대',2,435.29,4.25,18320,92
'2017-02','583',' 청계천 생태교실 앞','단체','F','30대',15,2511.3,23.13,99690,777
'2017-02','626',' 군자교 서측 녹지대','단체','F','30대',9,1589.16,16.06,69190,701
'2017-02','102',' 망원역 1번출구 앞','단체','F','30대',2,72.07,0.81,3500,25
'2017-02','139',' 연세대 정문 건너편','단체','F','30대',2,282.37,2.55,10970,85
'2017-02','820',' 청파동입구 교차로','단체','F','30대',2,106.82,0.96,4150,58
'2017-02','825',' 서빙고동 주민센터 앞','단체','F','30대',2,299.38,3.5,15120,80
'2017-02','202',' 국민일보 앞','단체','F','30대',4,133.24,1.49,6470,106
'2017-02','588',' 뚝섬 유원지역','단체','F','30대',3,171.94,1.55,6680,87
'2017-02','219',' 롯데캐슬엠파이어 옆','단체','F','30대',6,308.47,3.47,14980,149
'2017-02','207',' 여의나루역 1번출구 앞','단체','F','30대',10,905.79,8.31,35790,457
'2017-02','406',' 상암월드컵파크 7단지 앞','단체','F','30대',2,77.99,0.7,3030,23
'2017-02','421',' 마포구청 앞','단체','F','30대',2,273.1,2.46,10610,137
'2017-02','419',' 홈플러스 앞','단체','F','30대',4,587,5.58,24080,210
'2017-02','502',' 뚝섬유원지역 1번출구 앞','단체','F','30대',5,543.63,4.9,21120,136
'2017-02','511',' 서울숲역 4번 출구 옆','단체','F','40대',2,150.16,1.46,6320,86
'2017-02','300',' 정동사거리','단체','F','40대',2,129.73,1.17,5040,48
'2017-02','110',' 사천교','단체','F','40대',4,341.15,3.99,17230,116
'2017-02','336',' 티마크 호텔 앞','단체','F','40대',4,316.49,2.32,9990,122
'2017-02','113',' 홍대입구역 2번출구 앞','단체','F','40대',2,202.35,1.69,7300,78
'2017-02','377',' 서울역 4번출구 앞','단체','F','40대',2,158.72,1.17,5010,46
'2017-02','152',' 마포구민체육센터 앞','단체','F','40대',2,513.96,5.28,22770,197
'2017-02','550',' 서울시설공단 앞','단체','F','40대',4,17.78,0.2,880,82
'2017-02','544',' 광남중학교','단체','F','40대',3,316.86,3.79,16330,143
'2017-02','610',' 동대문중 교차로','단체','F','40대',2,266.66,2.89,12470,107
'2017-02','800',' 목월공원 앞','단체','F','40대',2,483.96,5.16,22220,173
'2017-02','807',' 서울역 12번 출구 앞','단체','F','40대',2,507.51,3.72,16020,120
'2017-02','813',' 삼각지역 3번출구','단체','F','40대',2,283.34,3.32,14310,126
'2017-02','182',' 망원2빗물펌프장 앞','단체','F','40대',2,833.09,8.88,38250,289
'2017-02','194',' 증산교 앞','단체','F','40대',4,567.43,4.75,20470,185
'2017-02','574',' 아차산역4번출구','단체','F','40대',2,21.81,0.22,950,22
'2017-02','634',' 외국어대 정문 앞','단체','F','40대',2,1224.45,11.03,47570,226
'2017-02','641',' 용두역 4번출구','단체','F','40대',2,17.36,0.2,860,11
'2017-02','914',' 새절역 2번출구','단체','F','40대',3,171.31,1.67,7210,45
'2017-02','932',' 예일여중','단체','F','40대',3,1192.27,11.64,50180,490
'2017-02','204',' 국회의사당역 5번출구 옆','단체','F','40대',2,363.85,5.33,22970,257
'2017-02','206',' KBS 앞','단체','F','40대',2,210.67,1.54,6650,39
'2017-02','214',' 금융감독원 앞','단체','F','40대',2,136.82,1.43,6170,60
'2017-02','221',' 여의도초교 앞','단체','F','40대',1,0,0,0,50
'2017-02','222',' 시범아파트버스정류장 옆','단체','F','40대',2,1231.72,9.02,38880,159
'2017-02','223',' 진주아파트상가 앞','단체','F','40대',4,444.22,4.57,19680,230
'2017-02','207',' 여의나루역 1번출구 앞','단체','F','40대',15,2607.9,24.39,105090,1056
'2017-02','409',' 누리꿈스퀘어 옆','단체','F','40대',5,556.97,6.53,28130,292
'2017-02','410',' 상암중학교 옆','단체','F','40대',2,0,0,0,7
'2017-02','418',' 월드컵경기장역 3번출구 옆','단체','F','40대',5,947.46,7.93,34180,160
'2017-02','511',' 서울숲역 4번 출구 옆','단체','F','50대',10,1262.91,12.76,55000,435
'2017-02','339',' 종로4가 사거리','단체','F','50대',4,440.47,3.68,15890,382
'2017-02','172',' 서대문소방서','단체','F','50대',2,566.44,5.53,23840,106
'2017-02','712',' 강월초교입구 사거리','단체','F','60대',2,235.06,1.96,8480,116
'2017-02','302',' 경복궁역 4번출구 뒤','단체','M','~10대',1,27.59,0.19,810,7
'2017-02','115',' 사루비아 빌딩 앞','단체','M','~10대',4,291.06,2.54,10970,148
'2017-02','304',' 광화문역 2번출구 앞','단체','M','~10대',3,171.98,1.17,5050,121
'2017-02','312',' 시청역 1번출구 뒤','단체','M','~10대',2,134.87,0.91,3960,107
'2017-02','314',' 국립현대미술관','단체','M','~10대',4,418.28,3.77,16250,128
'2017-02','326',' 안국역 5번출구 앞','단체','M','~10대',4,129.2,1.16,5020,44
'2017-02','334',' 종로3가역 2번출구 뒤','단체','M','~10대',4,138.48,1.26,5380,32
'2017-02','356',' KT혜화지사 앞','단체','M','~10대',4,290.61,2.62,11290,106
'2017-02','358',' 성대입구 사거리','단체','M','~10대',2,727.06,5.91,25500,179
'2017-02','113',' 홍대입구역 2번출구 앞','단체','M','~10대',3,832.55,7.62,32850,255
'2017-02','114',' 홍대입구역 8번출구 앞','단체','M','~10대',3,157.52,1.05,4520,201
'2017-02','144',' 공덕역 8번출구','단체','M','~10대',3,1154.74,11.27,48600,213
'2017-02','519',' 양지사거리','단체','M','~10대',2,137.68,1.53,6560,82
'2017-02','525',' 한양대병원사거리','단체','M','~10대',1,132.52,0.8,3450,15
'2017-02','252',' 보라매역4번출구','단체','M','~10대',6,1329.77,15.57,67160,564
'2017-02','256',' 동아에코빌입구','단체','M','~10대',3,869.82,10.19,43930,308
'2017-02','559',' 왕십리역 4번 출구 건너편','단체','M','~10대',3,517.95,4,17210,166
'2017-02','581',' 용답초등학교','단체','M','~10대',2,238.16,1.44,6200,47
'2017-02','633',' 청량리 기업은행 앞','단체','M','~10대',2,107.95,1.09,4700,69
'2017-02','641',' 용두역 4번출구','단체','M','~10대',2,199.75,1.21,5200,28
'2017-02','272',' 당산육갑문','단체','M','~10대',2,118.07,1.04,4450,58
'2017-02','825',' 서빙고동 주민센터 앞','단체','M','~10대',6,281.57,2.58,11110,152
'2017-02','207',' 여의나루역 1번출구 앞','단체','M','~10대',1,190.08,1.86,8000,50
'2017-02','505',' 자양사거리 광진아크로텔 앞','단체','M','20대',2,245.76,0.99,4280,22
'2017-02','510',' 서울숲 남문 버스정류소 옆','단체','M','20대',2,349.63,2.27,9810,93
'2017-02','511',' 서울숲역 4번 출구 옆','단체','M','20대',3,873.73,6.4,27580,593
'2017-02','516',' 광진메디칼 앞','단체','M','20대',3,541.1,3.96,17080,319
'2017-02','304',' 광화문역 2번출구 앞','단체','M','20대',2,186.04,1.21,5220,117
'2017-02','314',' 국립현대미술관','단체','M','20대',3,352.58,2.83,12190,112
'2017-02','322',' 명동성당 앞','단체','M','20대',5,1252,9.17,39520,280
'2017-02','328',' 탑골공원 앞','단체','M','20대',2,306.13,2.46,10590,66
'2017-02','332',' 을지로2가 사거리 남측','단체','M','20대',2,48.14,0.44,1870,23
'2017-02','339',' 종로4가 사거리','단체','M','20대',1,221.48,1.85,7990,56
'2017-02','355',' 서울사대부속초교 앞','단체','M','20대',2,337.08,3.09,13300,120
'2017-02','113',' 홍대입구역 2번출구 앞','단체','M','20대',2,111.86,0.75,3210,23
'2017-02','154',' 마포구청역 ','단체','M','20대',2,459.88,3.85,16590,254
'2017-02','163',' 명지전문대학교 정문 앞','단체','M','20대',4,705.54,6.36,27410,210
'2017-02','525',' 한양대병원사거리','단체','M','20대',1,153.57,1.29,5540,41
'2017-02','540',' 군자역 7번출구 베스트샵 앞','단체','M','20대',3,591.2,4.45,19140,123
'2017-02','543',' 구의공원(테크노마트 앞)','단체','M','20대',3,884.52,7.44,32090,252
'2017-02','546',' 잠실대교북단 교차로','단체','M','20대',2,152.12,1.37,5910,50
'2017-02','609',' 제기2교','단체','M','20대',1,278.31,2.33,10040,56
'2017-02','247',' 당산역 10번출구 앞','단체','M','20대',2,298.38,3.18,13700,98
'2017-02','248',' 초원아파트 앞','단체','M','20대',4,735.24,6.53,28080,185
'2017-02','249',' 여의도중학교 옆','단체','M','20대',5,823.2,6.56,28240,277
'2017-02','259',' 대방역6번출구','단체','M','20대',2,564.9,4.42,19020,115
'2017-02','706',' 신정네거리역','단체','M','20대',2,79.79,0.72,3100,26
'2017-02','385',' 종각역 5번출구','단체','M','20대',2,90.36,0.76,3260,30
'2017-02','182',' 망원2빗물펌프장 앞','단체','M','20대',8,1022.65,9.21,39730,331
'2017-02','183',' 하늘채코오롱아파트 건너편','단체','M','20대',2,250.2,1.66,7180,76
'2017-02','559',' 왕십리역 4번 출구 건너편','단체','M','20대',2,416.35,3.69,15930,100
'2017-02','565',' 옥수역 3번출구','단체','M','20대',3,970.65,8.74,37710,277
'2017-02','567',' 성수역 2번출구 앞','단체','M','20대',1,98.01,0.77,3300,26
'2017-02','579',' 마장역 4번출구','단체','M','20대',2,317.67,2.66,11460,72
'2017-02','583',' 청계천 생태교실 앞','단체','M','20대',2,452.23,2.65,11420,54
'2017-02','553',' 중곡 성원APT 앞','단체','M','20대',2,225.78,2.1,9050,86
'2017-02','577',' 광진청소년수련관','단체','M','20대',4,704.54,2.84,12270,65
'2017-02','628',' 휘봉고등학교 앞','단체','M','20대',2,134.72,1.12,4860,38
'2017-02','140',' 이화여대 후문','단체','M','20대',4,3008.69,16.03,69070,511
'2017-02','230',' 영등포구청역 1번출구','단체','M','20대',2,89.08,0.95,4090,51
'2017-02','260',' 여의도 마리나선착장 앞','단체','M','20대',1,96.53,0.87,3750,30
'2017-02','268',' 그랜드컨벤션센터 앞','단체','M','20대',2,41.1,0.4,1730,21
'2017-02','271',' 샛강생태공원방문자센터 앞','단체','M','20대',3,1784.13,11.61,50060,1209
'2017-02','272',' 당산육갑문','단체','M','20대',4,679.07,6.87,29620,218
'2017-02','816',' 신용산역 6번출구 앞','단체','M','20대',2,455.85,3.47,14950,102
'2017-02','907',' CJ 드림시티','단체','M','20대',2,277.48,2.5,10780,109
'2017-02','103',' 망원역 2번출구 앞','단체','M','20대',4,432.17,3.89,16790,168
'2017-02','203',' 국회의사당역 3번출구 옆','단체','M','20대',2,83.75,0.72,3110,24
'2017-02','206',' KBS 앞','단체','M','20대',2,798.02,5.84,25190,129
'2017-02','211',' 여의도역 4번출구 옆','단체','M','20대',2,182.35,1.42,6140,87
'2017-02','105',' 합정역 5번출구 앞','단체','M','20대',2,610.47,4.47,19270,100
'2017-02','106',' 합정역 7번출구 앞','단체','M','20대',2,82.54,0.88,3790,38
'2017-02','500',' 어린이대공원역 3번출구 앞','단체','M','20대',7,684.69,5.11,22060,251
'2017-02','502',' 뚝섬유원지역 1번출구 앞','단체','M','20대',5,827.72,5.75,24830,162
'2017-02','505',' 자양사거리 광진아크로텔 앞','단체','M','30대',2,880.62,6.61,28510,176
'2017-02','511',' 서울숲역 4번 출구 옆','단체','M','30대',2,318.12,2.45,10570,159
'2017-02','335',' 종로3가역 15번출구 앞','단체','M','30대',1,19.4,0.16,690,4
'2017-02','339',' 종로4가 사거리','단체','M','30대',2,37.12,0.31,1320,12
'2017-02','372',' 약수역 3번출구 뒤','단체','M','30대',2,178.48,1.46,6260,45
'2017-02','377',' 서울역 4번출구 앞','단체','M','30대',2,598.46,4.68,20150,235
'2017-02','146',' 마포역 1번출구 뒤','단체','M','30대',2,148.78,1.34,5780,36
'2017-02','165',' 중앙근린공원','단체','M','30대',2,123.35,1.04,4450,51
'2017-02','166',' 가재울 초등학교','단체','M','30대',2,83.16,0.69,3000,83
'2017-02','121',' 마포소방서 앞','단체','M','30대',2,283.66,2.56,11020,88
'2017-02','543',' 구의공원(테크노마트 앞)','단체','M','30대',2,231.19,1.93,8340,76
'2017-02','124',' 서강대 정문 건너편','단체','M','30대',2,93.95,0.84,3650,65
'2017-02','609',' 제기2교','단체','M','30대',2,281.16,1.64,7100,60
'2017-02','614',' 용두동 사거리','단체','M','30대',2,150.29,1.17,5060,35
'2017-02','228',' 선유도역 3번출구 앞','단체','M','30대',4,1149.29,10.36,44650,486
'2017-02','247',' 당산역 10번출구 앞','단체','M','30대',2,403.52,2.36,10190,80
'2017-02','248',' 초원아파트 앞','단체','M','30대',2,386.7,2.16,9300,58
'2017-02','809',' 한남 유수지 복개주차장','단체','M','30대',1,237.16,1.83,7880,592
'2017-02','812',' 용산전쟁기념관','단체','M','30대',2,249.48,1.47,6300,52
'2017-02','188',' 홍은동 정원여중 입구','단체','M','30대',2,353.01,2.49,10740,70
'2017-02','565',' 옥수역 3번출구','단체','M','30대',2,455.86,2.33,10010,107
'2017-02','583',' 청계천 생태교실 앞','단체','M','30대',4,1618.28,13.02,56120,397
'2017-02','816',' 신용산역 6번출구 앞','단체','M','30대',2,272.84,1.6,6890,110
'2017-02','825',' 서빙고동 주민센터 앞','단체','M','30대',3,625.68,3.66,15800,92
'2017-02','205',' 산업은행 앞','단체','M','30대',5,1426.2,11.94,51450,415
'2017-02','209',' 유진투자증권빌딩 앞','단체','M','30대',2,139,1.26,5400,35
'2017-02','211',' 여의도역 4번출구 옆','단체','M','30대',2,396.63,2.9,12520,116
'2017-02','221',' 여의도초교 앞','단체','M','30대',2,503.57,4.04,17420,123
'2017-02','222',' 시범아파트버스정류장 옆','단체','M','30대',2,377.39,2.21,9530,102
'2017-02','419',' 홈플러스 앞','단체','M','30대',2,184.73,1.45,6220,55
'2017-02','418',' 월드컵경기장역 3번출구 옆','단체','M','30대',3,428.31,3.86,16640,147
'2017-02','502',' 뚝섬유원지역 1번출구 앞','단체','M','30대',11,1272.72,11.07,47700,401
'2017-02','510',' 서울숲 남문 버스정류소 옆','단체','M','40대',4,101.16,0.92,3930,61
'2017-02','511',' 서울숲역 4번 출구 옆','단체','M','40대',5,1315.95,10.75,46300,708
'2017-02','306',' 광화문역 7번출구 앞','단체','M','40대',2,207.46,1.87,8060,98
'2017-02','311',' 서울광장 옆','단체','M','40대',2,338.34,2.48,10680,120
'2017-02','318',' 광교사거리 남측','단체','M','40대',2,91.56,0.67,2890,36
'2017-02','342',' 대학로 마로니에공원','단체','M','40대',1,2.22,0.02,70,2
'2017-02','346',' 맥스타일 앞','단체','M','40대',2,81.73,0.6,2580,34
'2017-02','347',' 동대문역사문화공원역 9번출구 앞','단체','M','40대',1,96.31,0.71,3040,16
'2017-02','359',' 원남동사거리','단체','M','40대',3,242.99,1.78,7670,123
'2017-02','143',' 공덕역 2번출구','단체','M','40대',2,320.37,2.11,9090,68
'2017-02','518',' 청계천 박물관 앞','단체','M','40대',5,52.98,1.03,4460,48
'2017-02','536',' 행당역 2번출구 앞','단체','M','40대',2,511.08,4.99,21510,146
'2017-02','800',' 목월공원 앞','단체','M','40대',2,428.06,3.85,16630,99
'2017-02','183',' 하늘채코오롱아파트 건너편','단체','M','40대',2,239.38,2.16,9300,67
'2017-02','186',' 월드컵공원','단체','M','40대',3,442.88,4.32,18640,324
'2017-02','559',' 왕십리역 4번 출구 건너편','단체','M','40대',2,40.15,0.79,3380,38
'2017-02','580',' 신금호역 3번출구 뒤','단체','M','40대',4,1219.19,9.52,41050,311
'2017-02','581',' 용답초등학교','단체','M','40대',4,120.1,0.79,3370,71
'2017-02','571',' 어린이대공원역6번출구','단체','M','40대',3,334.24,2.3,9930,77
'2017-02','621',' 동대문중학교 옆','단체','M','40대',2,298.59,2.69,11600,110
'2017-02','260',' 여의도 마리나선착장 앞','단체','M','40대',2,485.46,4.37,18860,132
'2017-02','271',' 샛강생태공원방문자센터 앞','단체','M','40대',2,294.77,2.58,11110,126
'2017-02','825',' 서빙고동 주민센터 앞','단체','M','40대',6,1460.38,12.45,53710,355
'2017-02','199',' 서울 월드컵 경기장','단체','M','40대',2,126.52,1.48,6390,92
'2017-02','388',' 동성중학교 앞','단체','M','40대',2,232.85,1.7,7350,40
'2017-02','200',' 국회의원회관','단체','M','40대',10,366.23,2.86,12320,1137
'2017-02','902',' 진관동 은빛초등학교','단체','M','40대',1,127.51,1.07,4600,70
'2017-02','202',' 국민일보 앞','단체','M','40대',2,644.72,4.19,18090,99
'2017-02','206',' KBS 앞','단체','M','40대',5,753.46,4.59,19790,184
'2017-02','210',' IFC몰','단체','M','40대',2,422.69,2.75,11860,74
'2017-02','222',' 시범아파트버스정류장 옆','단체','M','40대',3,846.43,6.79,29280,160
'2017-02','420',' 서울시 공공자전거 상암센터','단체','M','40대',5,623.48,4.62,19900,183
'2017-02','419',' 홈플러스 앞','단체','M','40대',6,2234.85,17.41,75080,373
'2017-02','418',' 월드컵경기장역 3번출구 옆','단체','M','40대',2,292.92,2.64,11380,73
'2017-02','500',' 어린이대공원역 3번출구 앞','단체','M','40대',2,183.55,1.43,6180,44
'2017-02','511',' 서울숲역 4번 출구 옆','단체','M','50대',3,766.97,4.99,21520,523
'2017-02','186',' 월드컵공원','단체','M','50대',3,367.33,3.59,15460,151
'2017-02','641',' 용두역 4번출구','단체','M','50대',2,1238.68,9.07,39100,234
'2017-02','222',' 시범아파트버스정류장 옆','단체','M','50대',3,324.72,2.37,10250,84
'2017-02','642',' 신답역 사거리','단체','M','60대',2,465.7,3.9,16800,103
'2017-02','825',' 서빙고동 주민센터 앞','단체','M','60대',2,345.68,3.11,13430,82
'2017-02','108',' 서교동 사거리','일일(2시간권)','F','~10대',1,219.76,2.34,10090,53
'2017-02','342',' 대학로 마로니에공원','일일(2시간권)','F','~10대',2,23.94,0.22,930,15
'2017-02','117',' 홍은사거리','일일(2시간권)','F','~10대',2,527.38,5.27,22690,162
'2017-02','359',' 원남동사거리','일일(2시간권)','F','~10대',4,277.73,2.77,11930,144
'2017-02','142',' 아현역 4번출구 앞','일일(2시간권)','F','~10대',1,223.83,2.22,9580,90
'2017-02','145',' 공덕역 5번출구','일일(2시간권)','F','~10대',1,133.4,1.37,5910,83
'2017-02','146',' 마포역 1번출구 뒤','일일(2시간권)','F','~10대',1,216.73,1.95,8420,60
'2017-02','151',' 망원1동주민센터','일일(2시간권)','F','~10대',1,261.52,2.36,10160,104
'2017-02','152',' 마포구민체육센터 앞','일일(2시간권)','F','~10대',1,244.15,2.6,11210,99
'2017-02','167',' 연가초등학교 옆','일일(2시간권)','F','~10대',2,106.25,1.4,6030,44
'2017-02','122',' 신성기사식당 앞','일일(2시간권)','F','~10대',2,123.22,1.47,6350,248
'2017-02','607',' 신이문역 2번출구','일일(2시간권)','F','~10대',1,569.37,5.13,22120,112
'2017-02','613',' 신설동역 10번출구 앞','일일(2시간권)','F','~10대',1,124.84,1.13,4850,44
'2017-02','228',' 선유도역 3번출구 앞','일일(2시간권)','F','~10대',1,152.93,1.42,6130,33
'2017-02','126',' 서강대 후문 옆','일일(2시간권)','F','~10대',1,695.46,6.79,29270,188
'2017-02','237',' 보라매 두산위브 건너편','일일(2시간권)','F','~10대',1,282.52,3.38,14560,84
'2017-02','256',' 동아에코빌입구','일일(2시간권)','F','~10대',1,114.83,1.25,5370,114
'2017-02','800',' 목월공원 앞','일일(2시간권)','F','~10대',2,839.9,7.57,32630,285
'2017-02','559',' 왕십리역 4번 출구 건너편','일일(2시간권)','F','~10대',1,185.72,1.55,6700,58
'2017-02','579',' 마장역 4번출구','일일(2시간권)','F','~10대',1,403.15,4.29,18510,116
'2017-02','554',' 아차산역 사거리','일일(2시간권)','F','~10대',1,379.76,3.18,13700,124
'2017-02','267',' 삼성화재 사옥 옆','일일(2시간권)','F','~10대',1,196.26,1.92,8260,84
'2017-02','272',' 당산육갑문','일일(2시간권)','F','~10대',1,230.37,2.33,10030,84
'2017-02','388',' 동성중학교 앞','일일(2시간권)','F','~10대',1,294.59,2.54,10940,118
'2017-02','902',' 진관동 은빛초등학교','일일(2시간권)','F','~10대',2,321.04,2.61,11260,100
'2017-02','907',' CJ 드림시티','일일(2시간권)','F','~10대',1,346.98,3.13,13480,119
'2017-02','914',' 새절역 2번출구','일일(2시간권)','F','~10대',3,1233.76,9.57,41260,249
'2017-02','202',' 국민일보 앞','일일(2시간권)','F','~10대',3,435.65,4.08,17610,210
'2017-02','923',' 국민은행 연서지점','일일(2시간권)','F','~10대',1,320.98,2.89,12470,111
'2017-02','928',' 은평역사한옥박물관','일일(2시간권)','F','~10대',1,219.27,2.62,11300,106
'2017-02','205',' 산업은행 앞','일일(2시간권)','F','~10대',1,164.23,2,8640,71
'2017-02','211',' 여의도역 4번출구 옆','일일(2시간권)','F','~10대',1,182.36,2.14,9210,100
'2017-02','212',' 여의도역 1번출구 옆','일일(2시간권)','F','~10대',3,832.99,8.5,36660,324
'2017-02','215',' 여의도고교 앞','일일(2시간권)','F','~10대',2,619.12,6.85,29500,261
'2017-02','222',' 시범아파트버스정류장 옆','일일(2시간권)','F','~10대',1,100.13,0.9,3890,39
'2017-02','207',' 여의나루역 1번출구 앞','일일(2시간권)','F','~10대',3,414.84,3.87,16680,327
'2017-02','106',' 합정역 7번출구 앞','일일(2시간권)','F','~10대',1,722.76,7.43,32020,161
'2017-02','419',' 홈플러스 앞','일일(2시간권)','F','~10대',4,449.97,4.24,18290,187
'2017-02','502',' 뚝섬유원지역 1번출구 앞','일일(2시간권)','F','~10대',3,503.85,5.66,24370,314
'2017-02','108',' 서교동 사거리','일일(2시간권)','F','20대',2,184.55,1.67,7170,118
'2017-02','503',' 더샵스타시티 C동 앞','일일(2시간권)','F','20대',1,118.8,1.39,6000,84
'2017-02','510',' 서울숲 남문 버스정류소 옆','일일(2시간권)','F','20대',7,1421.31,13.18,56780,652
'2017-02','511',' 서울숲역 4번 출구 옆','일일(2시간권)','F','20대',5,800.68,8.54,36790,409
'2017-02','512',' 뚝섬역 1번 출구 옆','일일(2시간권)','F','20대',4,1120.62,10.72,46190,538
'2017-02','109',' 제일빌딩 앞','일일(2시간권)','F','20대',2,256.43,2.44,10520,126
'2017-02','514',' 성수사거리 버스정류장 앞','일일(2시간권)','F','20대',2,292.92,2.64,11380,146
'2017-02','515',' 광양중학교 앞','일일(2시간권)','F','20대',2,102.84,1.14,4900,141
'2017-02','516',' 광진메디칼 앞','일일(2시간권)','F','20대',1,78.5,0.78,3360,21
'2017-02','303',' 광화문역 1번출구 앞','일일(2시간권)','F','20대',1,368.08,3.32,14300,81
'2017-02','115',' 사루비아 빌딩 앞','일일(2시간권)','F','20대',3,99.91,0.87,3760,34
'2017-02','309',' 광화문역 6번출구 옆','일일(2시간권)','F','20대',2,422.93,4.39,18900,152
'2017-02','313',' 서울역 광장 파출소 옆','일일(2시간권)','F','20대',1,22.14,0.2,860,12
'2017-02','110',' 사천교','일일(2시간권)','F','20대',2,413.49,3.61,15560,182
'2017-02','314',' 국립현대미술관','일일(2시간권)','F','20대',1,152.9,1.38,5940,84
'2017-02','322',' 명동성당 앞','일일(2시간권)','F','20대',1,53.02,0.48,2060,33
'2017-02','328',' 탑골공원 앞','일일(2시간권)','F','20대',1,247.88,2.23,9630,96
'2017-02','331',' 을지로2가 사거리 북측','일일(2시간권)','F','20대',1,167.05,1.51,6490,77
'2017-02','111',' 상수역 2번출구 앞','일일(2시간권)','F','20대',1,213.05,2.5,10760,84
'2017-02','339',' 종로4가 사거리','일일(2시간권)','F','20대',2,229.49,2.18,9390,130
'2017-02','340',' 혜화동 로터리','일일(2시간권)','F','20대',1,236.35,3.22,13880,121
'2017-02','112',' 극동방송국 앞','일일(2시간권)','F','20대',6,1465.53,13.83,59570,562
'2017-02','350','KEB 하나은행(내자동 지점) 앞','일일(2시간권)','F','20대',1,130.01,1.55,6700,58
'2017-02','117',' 홍은사거리','일일(2시간권)','F','20대',1,349.8,3.53,15230,108
'2017-02','356',' KT혜화지사 앞','일일(2시간권)','F','20대',2,291.63,2.63,11330,147
'2017-02','361',' 동묘앞역 1번출구 뒤','일일(2시간권)','F','20대',1,120.11,1.44,6190,57
'2017-02','113',' 홍대입구역 2번출구 앞','일일(2시간권)','F','20대',1,223.42,2.01,8680,86
'2017-02','379',' 서울역9번출구','일일(2시간권)','F','20대',1,51.81,0.62,2670,47
'2017-02','382',' 약수역 10번출구 앞','일일(2시간권)','F','20대',1,84.17,0.76,3270,51
'2017-02','114',' 홍대입구역 8번출구 앞','일일(2시간권)','F','20대',1,212.36,2.26,9750,105
'2017-02','142',' 아현역 4번출구 앞','일일(2시간권)','F','20대',1,245.56,2.21,9540,90
'2017-02','144',' 공덕역 8번출구','일일(2시간권)','F','20대',3,422.1,4.79,20640,334
'2017-02','146',' 마포역 1번출구 뒤','일일(2시간권)','F','20대',3,415.44,3.75,16140,195
'2017-02','151',' 망원1동주민센터','일일(2시간권)','F','20대',1,194.08,2.23,9610,124
'2017-02','152',' 마포구민체육센터 앞','일일(2시간권)','F','20대',3,301.77,3.23,13900,155
'2017-02','119',' 서강나루 공원','일일(2시간권)','F','20대',1,27.67,0.32,1370,14
'2017-02','153',' 성산2교 사거리','일일(2시간권)','F','20대',1,67.2,0.55,2390,26
'2017-02','157',' 애오개역 4번출구 앞','일일(2시간권)','F','20대',1,488.03,4.4,18960,116
'2017-02','159',' 이대역 4번 출구','일일(2시간권)','F','20대',1,31.69,0.35,1510,49
'2017-02','160',' 북아현동 가구거리','일일(2시간권)','F','20대',2,182.94,1.92,8250,136
'2017-02','164',' 북가좌1동 주민센터 ','일일(2시간권)','F','20대',1,333.8,3.62,15610,79
'2017-02','169',' 북가좌 삼거리','일일(2시간권)','F','20대',2,781.75,7.76,33460,202
'2017-02','173',' 서대문역 8번출구 앞','일일(2시간권)','F','20대',1,165.13,1.97,8510,169
'2017-02','175',' 홍연2교옆','일일(2시간권)','F','20대',3,790.94,7.6,32780,262
'2017-02','521',' 왕십리역 11번 출구 앞','일일(2시간권)','F','20대',1,291.63,2.63,11330,121
'2017-02','524',' 래미안금호하이리버 아파트 102동 옆','일일(2시간권)','F','20대',1,321.49,2.9,12490,75
'2017-02','525',' 한양대병원사거리','일일(2시간권)','F','20대',10,2602.24,25.17,108570,940
'2017-02','537',' 한양대후문역 부근','일일(2시간권)','F','20대',1,89.83,0.81,3490,30
'2017-02','123',' 문화촌 공원','일일(2시간권)','F','20대',2,554.96,5.01,21560,231
'2017-02','538',' 답십리역 8번출구 앞','일일(2시간권)','F','20대',1,226.08,2.41,10380,211
'2017-02','540',' 군자역 7번출구 베스트샵 앞','일일(2시간권)','F','20대',1,142.88,1.47,6330,42
'2017-02','542',' 강변역 4번출구 뒤','일일(2시간권)','F','20대',1,366.02,3.3,14220,137
'2017-02','543',' 구의공원(테크노마트 앞)','일일(2시간권)','F','20대',2,1101.27,10.75,46350,218
'2017-02','544',' 광남중학교','일일(2시간권)','F','20대',1,351.13,3.88,16730,115
'2017-02','548',' 자양나들목','일일(2시간권)','F','20대',1,243.28,2.59,11170,56
'2017-02','549',' 아차산역 3번출구','일일(2시간권)','F','20대',2,167.05,1.51,6490,167
'2017-02','602',' 장안동 사거리','일일(2시간권)','F','20대',3,1093.32,10.26,44240,295
'2017-02','604',' 답십리초등학교 옆 공원','일일(2시간권)','F','20대',1,377.57,4.17,17990,81
'2017-02','607',' 신이문역 2번출구','일일(2시간권)','F','20대',2,1037.67,10.19,43910,217
'2017-02','609',' 제기2교','일일(2시간권)','F','20대',3,495.36,4.91,21140,175
'2017-02','125',' 서강대 남문 옆','일일(2시간권)','F','20대',2,418.04,3.95,17040,139
'2017-02','613',' 신설동역 10번출구 앞','일일(2시간권)','F','20대',2,30.89,0.36,1560,20
'2017-02','614',' 용두동 사거리','일일(2시간권)','F','20대',2,175.55,1.58,6820,201
'2017-02','228',' 선유도역 3번출구 앞','일일(2시간권)','F','20대',5,929.46,8.43,36300,343
'2017-02','126',' 서강대 후문 옆','일일(2시간권)','F','20대',1,190.36,2.03,8740,110
'2017-02','232',' 양평우림 이비즈센타 앞','일일(2시간권)','F','20대',2,407.98,4.69,20190,227
'2017-02','236',' 문래동자이아파트 앞','일일(2시간권)','F','20대',1,320.72,2.89,12460,112
'2017-02','237',' 보라매 두산위브 건너편','일일(2시간권)','F','20대',2,196.17,1.87,8030,134
'2017-02','238',' 제2구민체육센타 앞','일일(2시간권)','F','20대',3,859.72,7.75,33400,271
'2017-02','241',' 신길우성1차아파트 앞 공원','일일(2시간권)','F','20대',3,944.16,9.19,39610,298
'2017-02','242',' 신길선원가와인아파트 앞','일일(2시간권)','F','20대',1,338.22,3.05,13140,104
'2017-02','244',' 영등포삼환아파트 앞','일일(2시간권)','F','20대',3,678.76,6.12,26370,268
'2017-02','247',' 당산역 10번출구 앞','일일(2시간권)','F','20대',10,2720.78,28.83,124310,989
'2017-02','248',' 초원아파트 앞','일일(2시간권)','F','20대',3,553.28,6.29,27110,223
'2017-02','249',' 여의도중학교 옆','일일(2시간권)','F','20대',2,546.97,4.93,21250,197
'2017-02','252',' 보라매역4번출구','일일(2시간권)','F','20대',2,226.06,2.29,9850,208
'2017-02','253',' 신풍역 5번출구 인근','일일(2시간권)','F','20대',2,487.77,4.77,20560,191
'2017-02','254',' 도림신협 앞','일일(2시간권)','F','20대',1,368.34,3.32,14310,104
'2017-02','256',' 동아에코빌입구','일일(2시간권)','F','20대',1,108.62,0.98,4220,107
'2017-02','258',' 신길역3번출구','일일(2시간권)','F','20대',2,382.77,3.87,16680,168
'2017-02','259',' 대방역6번출구','일일(2시간권)','F','20대',2,444.27,4,17260,283
'2017-02','129',' 신촌역(2호선) 6번출구 옆','일일(2시간권)','F','20대',2,189.35,1.82,7840,223
'2017-02','702',' 목4동주민센터 옆','일일(2시간권)','F','20대',1,42.06,0.55,2360,19
'2017-02','703',' 오목교역 7번출구 앞','일일(2시간권)','F','20대',5,1263.9,12.05,51930,346
'2017-02','704',' 남부법원검찰청 교차로','일일(2시간권)','F','20대',2,470.8,4.92,21230,812
'2017-02','708',' 서울출입국관리사무소 앞','일일(2시간권)','F','20대',1,116.6,1.05,4530,72
'2017-02','709',' 신정3동 현장민원실 앞','일일(2시간권)','F','20대',2,373.41,3.94,16970,206
'2017-02','713',' 양서중학교 옆','일일(2시간권)','F','20대',1,42.37,0.5,2140,35
'2017-02','800',' 목월공원 앞','일일(2시간권)','F','20대',2,366.93,3.27,14090,137
'2017-02','802',' 한강진역 2번 출구 앞','일일(2시간권)','F','20대',1,102.19,0.92,3970,110
'2017-02','805',' 문배어린이공원 앞','일일(2시간권)','F','20대',2,478.76,4.31,18600,189
'2017-02','806',' 전자랜드 본관 앞','일일(2시간권)','F','20대',1,22.35,0.19,830,12
'2017-02','808',' 서빙고동 금호맨션 앞','일일(2시간권)','F','20대',1,167.82,1.51,6520,146
'2017-02','131',' 증산2교','일일(2시간권)','F','20대',2,442.35,5.08,21910,159
'2017-02','809',' 한남 유수지 복개주차장','일일(2시간권)','F','20대',5,1326.05,12.44,53590,409
'2017-02','811',' 녹사평역1번출구','일일(2시간권)','F','20대',1,276.38,2.28,9830,70
'2017-02','386',' 올림픽기념 국민생활관 앞','일일(2시간권)','F','20대',1,89.91,1.1,4730,39
'2017-02','181',' 망원초록길 입구','일일(2시간권)','F','20대',1,195.62,1.76,7600,113
'2017-02','182',' 망원2빗물펌프장 앞','일일(2시간권)','F','20대',2,1108.62,10,43070,218
'2017-02','183',' 하늘채코오롱아파트 건너편','일일(2시간권)','F','20대',1,596.14,5.37,23160,162
'2017-02','184',' SK망원동주유소 건너편','일일(2시간권)','F','20대',1,39.38,0.35,1530,14
'2017-02','186',' 월드컵공원','일일(2시간권)','F','20대',6,1332.19,12.1,52200,490
'2017-02','191',' 정명학원','일일(2시간권)','F','20대',1,96.23,1.13,4860,115
'2017-02','133',' 해담는다리','일일(2시간권)','F','20대',1,157.79,1.42,6130,110
'2017-02','194',' 증산교 앞','일일(2시간권)','F','20대',4,484.57,4.42,19090,288
'2017-02','196',' 연희교차로 인근','일일(2시간권)','F','20대',1,0,0,0,30
'2017-02','557',' 도선동 주민센터 앞','일일(2시간권)','F','20대',1,131.27,1.18,5100,116
'2017-02','558',' 성동광진 교육지원청 앞','일일(2시간권)','F','20대',1,327.67,2.95,12730,82
'2017-02','559',' 왕십리역 4번 출구 건너편','일일(2시간권)','F','20대',2,287,2.71,11660,102
'2017-02','561',' 서울숲역 2번출구 앞','일일(2시간권)','F','20대',3,296.26,2.67,11510,177
'2017-02','562',' 군자지하보도 앞','일일(2시간권)','F','20대',1,168.08,1.51,6530,45
'2017-02','563',' 성동세무서 건너편','일일(2시간권)','F','20대',1,128.44,1.16,4990,82
'2017-02','565',' 옥수역 3번출구','일일(2시간권)','F','20대',7,1786.68,16.39,70630,586
'2017-02','568',' 청계8가사거리 부근','일일(2시간권)','F','20대',2,547.24,4.93,21260,152
'2017-02','135',' 명물길 원형무대 앞','일일(2시간권)','F','20대',3,658.17,6.19,26680,240
'2017-02','579',' 마장역 4번출구','일일(2시간권)','F','20대',1,163.18,1.41,6060,226
'2017-02','580',' 신금호역 3번출구 뒤','일일(2시간권)','F','20대',2,129.42,0.97,4190,142
'2017-02','583',' 청계천 생태교실 앞','일일(2시간권)','F','20대',6,1506.9,14.45,62270,405
'2017-02','552',' 대림아크로리버 앞','일일(2시간권)','F','20대',1,84.94,1,4290,34
'2017-02','553',' 중곡 성원APT 앞','일일(2시간권)','F','20대',1,129.63,1.58,6820,120
'2017-02','554',' 아차산역 사거리','일일(2시간권)','F','20대',1,322.9,3.15,13590,123
'2017-02','571',' 어린이대공원역6번출구','일일(2시간권)','F','20대',2,343.63,3.09,13350,137
'2017-02','572',' 국립정신 건강센터 앞','일일(2시간권)','F','20대',1,137.41,1.61,6940,49
'2017-02','573',' 구의문주차장 앞','일일(2시간권)','F','20대',2,1053.12,7.91,34090,310
'2017-02','574',' 아차산역4번출구','일일(2시간권)','F','20대',4,416.43,3.97,17080,165
'2017-02','625',' 답십리초등학교 앞(현대시장 옆)','일일(2시간권)','F','20대',1,138.74,1.25,5390,49
'2017-02','631',' 답십리역 1번출구','일일(2시간권)','F','20대',1,0,0,0,68
'2017-02','102',' 망원역 1번출구 앞','일일(2시간권)','F','20대',2,510.86,5.1,21990,143
'2017-02','633',' 청량리 기업은행 앞','일일(2시간권)','F','20대',1,175.93,1.75,7530,97
'2017-02','634',' 외국어대 정문 앞','일일(2시간권)','F','20대',3,1186.57,12.37,53330,313
'2017-02','635',' 시조사 앞 (청량고정문 옆)','일일(2시간권)','F','20대',1,302.7,2.73,11760,120
'2017-02','637',' KAIST 경영대학 앞','일일(2시간권)','F','20대',2,489.14,5.18,22340,154
'2017-02','641',' 용두역 4번출구','일일(2시간권)','F','20대',1,82.76,0.97,4180,50
'2017-02','642',' 신답역 사거리','일일(2시간권)','F','20대',1,294.72,2.66,11450,68
'2017-02','643',' 동대문구민체육센터 (육교아래)','일일(2시간권)','F','20대',11,3983.24,44.66,192450,1047
'2017-02','230',' 영등포구청역 1번출구','일일(2시간권)','F','20대',2,634.75,5.72,24660,216
'2017-02','263',' 근로자회관 사거리','일일(2시간권)','F','20대',1,31.15,0.28,1210,12
'2017-02','266',' 영등포청과시장 사거리','일일(2시간권)','F','20대',3,755.35,7.25,31270,262
'2017-02','267',' 삼성화재 사옥 옆','일일(2시간권)','F','20대',1,360.14,3.64,15680,107
'2017-02','272',' 당산육갑문','일일(2시간권)','F','20대',3,501.59,4.63,19940,217
'2017-02','720',' 서울강월초등학교 앞','일일(2시간권)','F','20대',2,362.32,3.26,14050,156
'2017-02','817',' 삼각지역 4번출구 앞','일일(2시간권)','F','20대',2,376.15,3.76,16220,198
'2017-02','818',' 숙명여대 입구 교차로','일일(2시간권)','F','20대',2,364.64,3.07,13250,168
'2017-02','825',' 서빙고동 주민센터 앞','일일(2시간권)','F','20대',7,1029.18,10.14,43780,496
'2017-02','199',' 서울 월드컵 경기장','일일(2시간권)','F','20대',10,2164.39,19.84,85490,837
'2017-02','388',' 동성중학교 앞','일일(2시간권)','F','20대',2,401.65,3.84,16550,246
'2017-02','584',' 광진광장 교통섬','일일(2시간권)','F','20대',1,165.37,2.02,8700,113
'2017-02','585',' 성수2가1동 공영주차장 인근','일일(2시간권)','F','20대',2,449.74,5.14,22140,108
'2017-02','586',' 마장동 주민센터','일일(2시간권)','F','20대',2,563.52,5.6,24110,194
'2017-02','901',' 응암1동사무소','일일(2시간권)','F','20대',1,316.38,2.16,9290,92
'2017-02','902',' 진관동 은빛초등학교','일일(2시간권)','F','20대',2,293.95,2.65,11420,81
'2017-02','903',' 은평뉴타운 아이파크','일일(2시간권)','F','20대',2,637.12,7.18,30940,218
'2017-02','905',' 구파발역 2번출구','일일(2시간권)','F','20대',1,100.19,1.07,4600,77
'2017-02','906',' 연신내역 5번출구150M 아래','일일(2시간권)','F','20대',2,783.53,7.49,32280,262
'2017-02','907',' CJ 드림시티','일일(2시간권)','F','20대',5,1695.02,15.51,66880,630
'2017-02','908',' 구산역 4번출구','일일(2시간권)','F','20대',2,493.28,6.02,25930,163
'2017-02','911',' 은평평화공원(역촌역4번출구)','일일(2시간권)','F','20대',1,206.9,2.16,9330,112
'2017-02','912',' 응암오거리','일일(2시간권)','F','20대',1,150.06,1.6,6890,60
'2017-02','914',' 새절역 2번출구','일일(2시간권)','F','20대',1,455.62,3.71,15980,116
'2017-02','915',' 증산역 4번출구','일일(2시간권)','F','20대',1,193.17,2.51,10840,110
'2017-02','921',' 신도고등학교','일일(2시간권)','F','20대',1,115.32,1.04,4480,84
'2017-02','202',' 국민일보 앞','일일(2시간권)','F','20대',2,417.76,3.76,16230,184
'2017-02','922',' 연신내역 4번출구','일일(2시간권)','F','20대',1,308.11,2.78,11970,84
'2017-02','931',' 역촌파출소','일일(2시간권)','F','20대',3,954.9,8.7,37480,332
'2017-02','932',' 예일여중','일일(2시간권)','F','20대',1,185.59,1.67,7210,39
'2017-02','588',' 뚝섬 유원지역','일일(2시간권)','F','20대',3,356.18,3.74,16110,191
'2017-02','103',' 망원역 2번출구 앞','일일(2시간권)','F','20대',2,340.28,3.07,13220,215
'2017-02','204',' 국회의사당역 5번출구 옆','일일(2시간권)','F','20대',1,106.05,1.19,5150,87
'2017-02','203',' 국회의사당역 3번출구 옆','일일(2시간권)','F','20대',1,222.14,2,8630,128
'2017-02','205',' 산업은행 앞','일일(2시간권)','F','20대',8,1383.8,12.47,53760,602
'2017-02','209',' 유진투자증권빌딩 앞','일일(2시간권)','F','20대',2,37.84,0.34,1470,21
'2017-02','210',' IFC몰','일일(2시간권)','F','20대',3,483.4,4.35,18780,311
'2017-02','211',' 여의도역 4번출구 옆','일일(2시간권)','F','20대',4,618.63,6.3,27150,316
'2017-02','212',' 여의도역 1번출구 옆','일일(2시간권)','F','20대',2,1170.92,10.55,45490,540
'2017-02','213',' KT앞','일일(2시간권)','F','20대',1,217.25,1.96,8440,109
'2017-02','104',' 합정역 1번출구 앞','일일(2시간권)','F','20대',4,487.23,4.82,20800,232
'2017-02','220',' 미성아파트 A동 앞','일일(2시간권)','F','20대',2,373.51,4.17,17980,229
'2017-02','215',' 여의도고교 앞','일일(2시간권)','F','20대',1,280.82,2.53,10910,97
'2017-02','216',' 삼부아파트1동 앞','일일(2시간권)','F','20대',2,370.1,3.3,14210,124
'2017-02','221',' 여의도초교 앞','일일(2시간권)','F','20대',2,377.4,3.88,16730,216
'2017-02','222',' 시범아파트버스정류장 옆','일일(2시간권)','F','20대',1,334.11,3.01,12980,93
'2017-02','105',' 합정역 5번출구 앞','일일(2시간권)','F','20대',2,509.4,4.59,19790,236
'2017-02','207',' 여의나루역 1번출구 앞','일일(2시간권)','F','20대',33,7111.88,66.52,286800,3308
'2017-02','106',' 합정역 7번출구 앞','일일(2시간권)','F','20대',3,672.77,6.57,28350,228
'2017-02','421',' 마포구청 앞','일일(2시간권)','F','20대',1,220.54,2.48,10710,103
'2017-02','420',' 서울시 공공자전거 상암센터','일일(2시간권)','F','20대',1,400.77,3.61,15570,96
'2017-02','409',' 누리꿈스퀘어 옆','일일(2시간권)','F','20대',1,145.27,1.55,6670,61
'2017-02','419',' 홈플러스 앞','일일(2시간권)','F','20대',16,3008.96,33.4,144000,1273
'2017-02','418',' 월드컵경기장역 3번출구 옆','일일(2시간권)','F','20대',5,1099.03,10.01,43130,639
'2017-02','417',' DMC역 2번출구 옆','일일(2시간권)','F','20대',7,1217.24,15.14,65240,518
'2017-02','500',' 어린이대공원역 3번출구 앞','일일(2시간권)','F','20대',1,41.18,0.37,1600,65
'2017-02','501',' 광진구의회 앞','일일(2시간권)','F','20대',5,1355.21,14.22,61250,523
'2017-02','502',' 뚝섬유원지역 1번출구 앞','일일(2시간권)','F','20대',28,7681.16,73.16,315380,2803
'2017-02','503',' 더샵스타시티 C동 앞','일일(2시간권)','F','30대',4,360.68,4.42,19040,160
'2017-02','504',' 신자초교입구교차로','일일(2시간권)','F','30대',3,80.38,0.77,3290,56
'2017-02','505',' 자양사거리 광진아크로텔 앞','일일(2시간권)','F','30대',7,447.1,4.62,19940,224
'2017-02','509',' 이마트 버스정류소 옆','일일(2시간권)','F','30대',1,253.54,2.29,9850,91
'2017-02','510',' 서울숲 남문 버스정류소 옆','일일(2시간권)','F','30대',2,261.48,2.28,9820,197
'2017-02','511',' 서울숲역 4번 출구 옆','일일(2시간권)','F','30대',6,901.45,8.67,37360,498
'2017-02','315',' 신한은행 안국역지점 옆','일일(2시간권)','F','30대',1,319.61,2.67,11530,106
'2017-02','332',' 을지로2가 사거리 남측','일일(2시간권)','F','30대',1,194.85,1.76,7570,102
'2017-02','342',' 대학로 마로니에공원','일일(2시간권)','F','30대',1,66.32,0.73,3160,25
'2017-02','361',' 동묘앞역 1번출구 뒤','일일(2시간권)','F','30대',3,827.31,7.88,33940,338
'2017-02','113',' 홍대입구역 2번출구 앞','일일(2시간권)','F','30대',1,430.36,4.27,18420,74
'2017-02','118',' 광흥창역 2번출구 앞','일일(2시간권)','F','30대',1,66.91,0.82,3520,104
'2017-02','144',' 공덕역 8번출구','일일(2시간권)','F','30대',2,1037.33,9.35,40300,191
'2017-02','146',' 마포역 1번출구 뒤','일일(2시간권)','F','30대',1,255.6,2.3,9930,73
'2017-02','151',' 망원1동주민센터','일일(2시간권)','F','30대',1,103.13,1.04,4490,18
'2017-02','152',' 마포구민체육센터 앞','일일(2시간권)','F','30대',2,757.53,7.12,30680,217
'2017-02','119',' 서강나루 공원','일일(2시간권)','F','30대',1,450.96,4.06,17520,68
'2017-02','155',' 가좌역1 번출구 뒤','일일(2시간권)','F','30대',1,256.47,1.6,6890,33
'2017-02','166',' 가재울 초등학교','일일(2시간권)','F','30대',1,102.45,0.92,3980,55
'2017-02','168',' 남가좌동 사거리','일일(2시간권)','F','30대',1,198.71,1.79,7720,107
'2017-02','170',' 가재울 뉴타운 주유소 옆','일일(2시간권)','F','30대',1,34.45,0.34,1450,18
'2017-02','175',' 홍연2교옆','일일(2시간권)','F','30대',1,120,1.12,4810,29
'2017-02','179',' 가좌역 4번출구 앞','일일(2시간권)','F','30대',1,39.92,0.39,1680,50
'2017-02','122',' 신성기사식당 앞','일일(2시간권)','F','30대',2,43.72,0.53,2300,102
'2017-02','529',' 장한평역 8번 출구 앞','일일(2시간권)','F','30대',1,178.38,1.61,6930,77
'2017-02','546',' 잠실대교북단 교차로','일일(2시간권)','F','30대',3,747.73,7.12,30660,288
'2017-02','548',' 자양나들목','일일(2시간권)','F','30대',2,480.23,4.65,20050,147
'2017-02','600',' 휘경2동 주민센터','일일(2시간권)','F','30대',1,229.4,2.54,10930,86
'2017-02','601',' 용신동주민센터','일일(2시간권)','F','30대',1,136.42,1.6,6890,97
'2017-02','609',' 제기2교','일일(2시간권)','F','30대',2,804.77,7.82,33690,207
'2017-02','610',' 동대문중 교차로','일일(2시간권)','F','30대',1,64.15,0.75,3240,35
'2017-02','227',' 양평2나들목 보행통로 입구','일일(2시간권)','F','30대',1,46.33,0.42,1800,48
'2017-02','228',' 선유도역 3번출구 앞','일일(2시간권)','F','30대',3,341.3,3.25,14040,125
'2017-02','247',' 당산역 10번출구 앞','일일(2시간권)','F','30대',1,175.29,1.58,6810,60
'2017-02','700',' KB국민은행 염창역 지점 앞','일일(2시간권)','F','30대',1,375.69,3.73,16080,163
'2017-02','701',' 목동사거리 부근','일일(2시간권)','F','30대',1,98.13,1.37,5900,103
'2017-02','703',' 오목교역 7번출구 앞','일일(2시간권)','F','30대',1,123.75,1.45,6250,55
'2017-02','706',' 신정네거리역','일일(2시간권)','F','30대',1,60.79,0.71,3070,28
'2017-02','130',' 신촌역(2호선) 7번출구 앞','일일(2시간권)','F','30대',1,424.26,3.45,14880,82
'2017-02','800',' 목월공원 앞','일일(2시간권)','F','30대',1,141.83,1.28,5510,92
'2017-02','802',' 한강진역 2번 출구 앞','일일(2시간권)','F','30대',1,370.4,3.34,14390,66
'2017-02','805',' 문배어린이공원 앞','일일(2시간권)','F','30대',1,46.33,0.42,1800,46
'2017-02','809',' 한남 유수지 복개주차장','일일(2시간권)','F','30대',1,601.8,5.42,23380,100
'2017-02','182',' 망원2빗물펌프장 앞','일일(2시간권)','F','30대',3,1410.29,12.71,54790,230
'2017-02','185',' 마포 신수공원 앞','일일(2시간권)','F','30대',4,98.65,1.19,5190,398
'2017-02','186',' 월드컵공원','일일(2시간권)','F','30대',1,58.77,0.49,2120,97
'2017-02','188',' 홍은동 정원여중 입구','일일(2시간권)','F','30대',1,188.89,1.84,7950,48
'2017-02','196',' 연희교차로 인근','일일(2시간권)','F','30대',1,89.06,0.8,3460,193
'2017-02','568',' 청계8가사거리 부근','일일(2시간권)','F','30대',1,38.02,0.45,1920,15
'2017-02','578',' 성동세무서 부근','일일(2시간권)','F','30대',1,211.48,2.38,10270,81
'2017-02','583',' 청계천 생태교실 앞','일일(2시간권)','F','30대',1,321.55,2.69,11600,65
'2017-02','626',' 군자교 서측 녹지대','일일(2시간권)','F','30대',1,414.94,4.12,17760,80
'2017-02','102',' 망원역 1번출구 앞','일일(2시간권)','F','30대',1,221.62,2,8610,65
'2017-02','642',' 신답역 사거리','일일(2시간권)','F','30대',1,14.65,0.17,740,8
'2017-02','262',' 영문초등학교 사거리','일일(2시간권)','F','30대',1,353.36,3.98,17160,142
'2017-02','263',' 근로자회관 사거리','일일(2시간권)','F','30대',1,311.24,3.32,14290,116
'2017-02','268',' 그랜드컨벤션센터 앞','일일(2시간권)','F','30대',1,322.78,2.91,12540,97
'2017-02','272',' 당산육갑문','일일(2시간권)','F','30대',1,151.09,1.36,5870,61
'2017-02','716','신정6동 주민센터 인근','일일(2시간권)','F','30대',1,293.69,2.65,11410,120
'2017-02','199',' 서울 월드컵 경기장','일일(2시간권)','F','30대',1,227.28,2.05,8830,71
'2017-02','906',' 연신내역 5번출구150M 아래','일일(2시간권)','F','30대',1,263.17,1.64,7070,48
'2017-02','907',' CJ 드림시티','일일(2시간권)','F','30대',1,312.36,2.29,9860,61
'2017-02','908',' 구산역 4번출구','일일(2시간권)','F','30대',1,252.25,2.27,9800,64
'2017-02','909',' 백련산 힐스테이트 3차','일일(2시간권)','F','30대',2,1047.34,7.67,33060,219
'2017-02','912',' 응암오거리','일일(2시간권)','F','30대',1,98.84,0.72,3120,24
'2017-02','914',' 새절역 2번출구','일일(2시간권)','F','30대',1,210.44,2.42,10420,64
'2017-02','202',' 국민일보 앞','일일(2시간권)','F','30대',1,184.04,1.66,7150,59
'2017-02','103',' 망원역 2번출구 앞','일일(2시간권)','F','30대',1,23.94,0.22,930,4
'2017-02','209',' 유진투자증권빌딩 앞','일일(2시간권)','F','30대',1,289.58,2.61,11250,88
'2017-02','210',' IFC몰','일일(2시간권)','F','30대',1,246.11,2.88,12430,109
'2017-02','211',' 여의도역 4번출구 옆','일일(2시간권)','F','30대',2,429.93,4.22,18200,195
'2017-02','212',' 여의도역 1번출구 옆','일일(2시간권)','F','30대',1,268.47,2.42,10430,108
'2017-02','221',' 여의도초교 앞','일일(2시간권)','F','30대',1,54.41,0.53,2290,70
'2017-02','222',' 시범아파트버스정류장 옆','일일(2시간권)','F','30대',1,70.53,0.64,2740,73
'2017-02','105',' 합정역 5번출구 앞','일일(2시간권)','F','30대',1,477.05,4.82,20770,109
'2017-02','225',' 앙카라공원 앞','일일(2시간권)','F','30대',1,257.91,2.32,10020,112
'2017-02','226',' 샛강역 1번출구 앞','일일(2시간권)','F','30대',1,328.19,2.96,12750,103
'2017-02','207',' 여의나루역 1번출구 앞','일일(2시간권)','F','30대',1,398.2,3.59,15470,127
'2017-02','402',' 상암월드컵파크 9단지 앞','일일(2시간권)','F','30대',1,325.27,3.18,13690,120
'2017-02','106',' 합정역 7번출구 앞','일일(2시간권)','F','30대',4,898.32,9.35,40320,392
'2017-02','421',' 마포구청 앞','일일(2시간권)','F','30대',1,83.56,0.98,4220,91
'2017-02','419',' 홈플러스 앞','일일(2시간권)','F','30대',3,871.23,8.55,36860,292
'2017-02','418',' 월드컵경기장역 3번출구 옆','일일(2시간권)','F','30대',1,320.21,2.89,12440,135
'2017-02','412',' DMC산학협력연구센터 앞','일일(2시간권)','F','30대',1,247.98,2.96,12780,86
'2017-02','501',' 광진구의회 앞','일일(2시간권)','F','30대',1,420.85,3.79,16350,107
'2017-02','502',' 뚝섬유원지역 1번출구 앞','일일(2시간권)','F','30대',7,1142.47,10.59,45670,311
'2017-02','511',' 서울숲역 4번 출구 옆','일일(2시간권)','F','40대',4,428.56,4.36,18780,311
'2017-02','514',' 성수사거리 버스정류장 앞','일일(2시간권)','F','40대',1,207.72,1.87,8070,108
'2017-02','307',' 서울역사박물관 앞','일일(2시간권)','F','40대',2,126.97,1.62,6970,79
'2017-02','111',' 상수역 2번출구 앞','일일(2시간권)','F','40대',1,232.61,2.48,10680,83
'2017-02','336',' 티마크 호텔 앞','일일(2시간권)','F','40대',1,0,0,0,92
'2017-02','340',' 혜화동 로터리','일일(2시간권)','F','40대',1,125.18,1.26,5450,86
'2017-02','118',' 광흥창역 2번출구 앞','일일(2시간권)','F','40대',1,209.85,2.67,11520,108
'2017-02','146',' 마포역 1번출구 뒤','일일(2시간권)','F','40대',1,282.28,2.85,12290,91
'2017-02','148',' 용강동 주민센터 앞','일일(2시간권)','F','40대',1,528.39,5.95,25660,115
'2017-02','524',' 래미안금호하이리버 아파트 102동 옆','일일(2시간권)','F','40대',1,284.88,2.78,11990,62
'2017-02','123',' 문화촌 공원','일일(2시간권)','F','40대',1,425.7,4.99,21500,114
'2017-02','544',' 광남중학교','일일(2시간권)','F','40대',1,197.46,2.51,10840,117
'2017-02','609',' 제기2교','일일(2시간권)','F','40대',1,431.46,4.6,19810,186
'2017-02','257',' 신길삼거리(우리은행)','일일(2시간권)','F','40대',1,358.3,3.23,13920,152
'2017-02','700',' KB국민은행 염창역 지점 앞','일일(2시간권)','F','40대',3,871.68,8.64,37250,387
'2017-02','186',' 월드컵공원','일일(2시간권)','F','40대',1,130.97,1.67,7190,88
'2017-02','191',' 정명학원','일일(2시간권)','F','40대',1,169.65,1.66,7140,108
'2017-02','194',' 증산교 앞','일일(2시간권)','F','40대',1,166.95,1.22,5270,29
'2017-02','568',' 청계8가사거리 부근','일일(2시간권)','F','40대',1,94.54,0.8,3460,127
'2017-02','583',' 청계천 생태교실 앞','일일(2시간권)','F','40대',3,384.44,3.6,15540,94
'2017-02','628',' 휘봉고등학교 앞','일일(2시간권)','F','40대',1,293.67,2.87,12360,65
'2017-02','643',' 동대문구민체육센터 (육교아래)','일일(2시간권)','F','40대',1,148.14,1.5,6450,112
'2017-02','139',' 연세대 정문 건너편','일일(2시간권)','F','40대',1,28.6,0.36,1570,15
'2017-02','823',' 효창동주민센터 앞','일일(2시간권)','F','40대',1,285.54,3.04,13110,166
'2017-02','199',' 서울 월드컵 경기장','일일(2시간권)','F','40대',1,123.55,1.11,4800,88
'2017-02','905',' 구파발역 2번출구','일일(2시간권)','F','40대',1,407.98,3.68,15850,85
'2017-02','906',' 연신내역 5번출구150M 아래','일일(2시간권)','F','40대',2,640.45,5.88,25320,251
'2017-02','914',' 새절역 2번출구','일일(2시간권)','F','40대',1,225.48,2.03,8760,119
'2017-02','933',' LG서비스 역촌점','일일(2시간권)','F','40대',1,403.09,3.63,15660,110
'2017-02','211',' 여의도역 4번출구 옆','일일(2시간권)','F','40대',1,176.62,2.07,8920,99
'2017-02','212',' 여의도역 1번출구 옆','일일(2시간권)','F','40대',1,182.36,2.14,9210,117
'2017-02','213',' KT앞','일일(2시간권)','F','40대',2,605.15,5.45,23510,196
'2017-02','215',' 여의도고교 앞','일일(2시간권)','F','40대',1,1141.43,11.15,48040,521
'2017-02','225',' 앙카라공원 앞','일일(2시간권)','F','40대',1,243.06,2.37,10230,76
'2017-02','207',' 여의나루역 1번출구 앞','일일(2시간권)','F','40대',3,1254.67,11.55,49780,335
'2017-02','418',' 월드컵경기장역 3번출구 옆','일일(2시간권)','F','40대',2,255.5,2.39,10270,140
'2017-02','413',' 상암월드컵파크 3단지 후문','일일(2시간권)','F','40대',1,323.37,3.16,13610,109
'2017-02','502',' 뚝섬유원지역 1번출구 앞','일일(2시간권)','F','40대',1,336.94,3.04,13090,121
'2017-02','511',' 서울숲역 4번 출구 옆','일일(2시간권)','F','50대',1,212.45,2.49,10730,118
'2017-02','361',' 동묘앞역 1번출구 뒤','일일(2시간권)','F','50대',1,205.92,1.86,8000,45
'2017-02','146',' 마포역 1번출구 뒤','일일(2시간권)','F','50대',1,439.08,4.29,18480,82
'2017-02','147',' 마포역 4번출구 뒤','일일(2시간권)','F','50대',1,74.84,0.63,2700,38
'2017-02','172',' 서대문소방서','일일(2시간권)','F','50대',1,488.86,3.82,16460,136
'2017-02','602',' 장안동 사거리','일일(2시간권)','F','50대',1,250.19,2.26,9720,78
'2017-02','200',' 국회의원회관','일일(2시간권)','F','50대',1,504.76,4.55,19610,106
'2017-02','915',' 증산역 4번출구','일일(2시간권)','F','50대',1,181.18,1.9,8170,63
'2017-02','921',' 신도고등학교','일일(2시간권)','F','50대',1,84.65,1.1,4750,85
'2017-02','202',' 국민일보 앞','일일(2시간권)','F','50대',1,39.38,0.52,2260,51
'2017-02','205',' 산업은행 앞','일일(2시간권)','F','50대',1,272.07,2.45,10570,98
'2017-02','209',' 유진투자증권빌딩 앞','일일(2시간권)','F','50대',1,24.74,0.33,1420,22
'2017-02','211',' 여의도역 4번출구 옆','일일(2시간권)','F','50대',1,326.3,3.82,16480,145
'2017-02','207',' 여의나루역 1번출구 앞','일일(2시간권)','F','50대',2,123.02,1.63,7060,192
'2017-02','420',' 서울시 공공자전거 상암센터','일일(2시간권)','F','50대',1,253.54,2.29,9850,73
'2017-02','502',' 뚝섬유원지역 1번출구 앞','일일(2시간권)','F','50대',1,94.09,1.22,5280,96
'2017-02','207',' 여의나루역 1번출구 앞','일일(2시간권)','F','60대',1,396.91,3.58,15420,123
'2017-02','324',' 신세계백화점 본점 앞','일일(2시간권)','F','70대~',1,57.52,0.62,2690,54
'2017-02','700',' KB국민은행 염창역 지점 앞','일일(2시간권)','F','70대~',1,240.33,2.01,8670,73
'2017-02','221',' 여의도초교 앞','일일(2시간권)','F','70대~',1,53.99,0.7,3030,118
'2017-02','302',' 경복궁역 4번출구 뒤','일일(2시간권)','M','~10대',1,2530.44,1.98,8520,75
'2017-02','305',' 종로구청 옆','일일(2시간권)','M','~10대',1,1069.2,0.84,3600,23
'2017-02','313',' 서울역 광장 파출소 옆','일일(2시간권)','M','~10대',2,177.94,1.4,6060,53
'2017-02','314',' 국립현대미술관','일일(2시간권)','M','~10대',2,350.27,2.69,11620,199
'2017-02','334',' 종로3가역 2번출구 뒤','일일(2시간권)','M','~10대',1,310.04,3.08,13270,85
'2017-02','340',' 혜화동 로터리','일일(2시간권)','M','~10대',2,1092.96,0.85,3680,29
'2017-02','347',' 동대문역사문화공원역 9번출구 앞','일일(2시간권)','M','~10대',1,5.94,0.03,150,3
'2017-02','117',' 홍은사거리','일일(2시간권)','M','~10대',1,497.38,2.91,12560,97
'2017-02','369',' 광화문 시민열린마당','일일(2시간권)','M','~10대',1,304.25,2.74,11820,104
'2017-02','383',' 신당역 12번 출구 뒤','일일(2시간권)','M','~10대',1,82.51,0.72,3110,19
'2017-02','152',' 마포구민체육센터 앞','일일(2시간권)','M','~10대',2,361.45,2.83,12170,170
'2017-02','525',' 한양대병원사거리','일일(2시간권)','M','~10대',1,501.42,4.52,19480,101
'2017-02','542',' 강변역 4번출구 뒤','일일(2시간권)','M','~10대',1,464.61,4.19,18050,92
'2017-02','544',' 광남중학교','일일(2시간권)','M','~10대',1,383.78,3.46,14910,105
'2017-02','228',' 선유도역 3번출구 앞','일일(2시간권)','M','~10대',2,401.66,2.62,11270,96
'2017-02','247',' 당산역 10번출구 앞','일일(2시간권)','M','~10대',1,37.07,0.24,1040,10
'2017-02','259',' 대방역6번출구','일일(2시간권)','M','~10대',5,1149.49,9.03,38920,251
'2017-02','806',' 전자랜드 본관 앞','일일(2시간권)','M','~10대',1,247.1,1.45,6240,62
'2017-02','186',' 월드컵공원','일일(2시간권)','M','~10대',3,473.13,4.4,18960,137
'2017-02','556',' 달맞이공원','일일(2시간권)','M','~10대',1,319.18,2.88,12400,107
'2017-02','260',' 여의도 마리나선착장 앞','일일(2시간권)','M','~10대',1,175.82,1.03,4440,40
'2017-02','271',' 샛강생태공원방문자센터 앞','일일(2시간권)','M','~10대',1,31.36,0.2,880,6
'2017-02','816',' 신용산역 6번출구 앞','일일(2시간권)','M','~10대',5,1052.92,6.59,28360,224
'2017-02','586',' 마장동 주민센터','일일(2시간권)','M','~10대',3,649.69,4.71,20270,312
'2017-02','905',' 구파발역 2번출구','일일(2시간권)','M','~10대',1,353.41,3.19,13730,75
'2017-02','907',' CJ 드림시티','일일(2시간권)','M','~10대',4,2235.34,16.37,70560,297
'2017-02','201',' 진미파라곤 앞','일일(2시간권)','M','~10대',1,108.46,0.77,3300,34
'2017-02','205',' 산업은행 앞','일일(2시간권)','M','~10대',1,226,2.04,8780,70
'2017-02','211',' 여의도역 4번출구 옆','일일(2시간권)','M','~10대',2,707.86,6.38,27500,180
'2017-02','212',' 여의도역 1번출구 옆','일일(2시간권)','M','~10대',4,1588.47,12.16,52420,358
'2017-02','219',' 롯데캐슬엠파이어 옆','일일(2시간권)','M','~10대',1,268.86,1.9,8180,63
'2017-02','220',' 미성아파트 A동 앞','일일(2시간권)','M','~10대',2,252.41,1.88,8100,86
'2017-02','221',' 여의도초교 앞','일일(2시간권)','M','~10대',1,337.15,2.19,9460,75
'2017-02','225',' 앙카라공원 앞','일일(2시간권)','M','~10대',2,1023.6,8.1,34910,282
'2017-02','226',' 샛강역 1번출구 앞','일일(2시간권)','M','~10대',7,1099.96,8.8,37940,642
'2017-02','207',' 여의나루역 1번출구 앞','일일(2시간권)','M','~10대',6,1076.58,9.38,40430,357
'2017-02','106',' 합정역 7번출구 앞','일일(2시간권)','M','~10대',1,45.14,0.35,1520,16
'2017-02','406',' 상암월드컵파크 7단지 앞','일일(2시간권)','M','~10대',2,777.15,5.69,24520,286
'2017-02','420',' 서울시 공공자전거 상암센터','일일(2시간권)','M','~10대',2,723.28,5.72,24660,211
'2017-02','419',' 홈플러스 앞','일일(2시간권)','M','~10대',1,244.73,2.39,10300,108
'2017-02','418',' 월드컵경기장역 3번출구 옆','일일(2시간권)','M','~10대',2,316.11,2.54,10950,205
'2017-02','502',' 뚝섬유원지역 1번출구 앞','일일(2시간권)','M','~10대',1,236.97,2.04,8800,69
'2017-02','108',' 서교동 사거리','일일(2시간권)','M','20대',1,64.86,0.58,2520,19
'2017-02','503',' 더샵스타시티 C동 앞','일일(2시간권)','M','20대',5,1435.72,12.15,52340,319
'2017-02','504',' 신자초교입구교차로','일일(2시간권)','M','20대',1,212.89,1.56,6720,60
'2017-02','505',' 자양사거리 광진아크로텔 앞','일일(2시간권)','M','20대',1,93.85,0.73,3160,104
'2017-02','510',' 서울숲 남문 버스정류소 옆','일일(2시간권)','M','20대',3,607.31,5.21,22430,277
'2017-02','511',' 서울숲역 4번 출구 옆','일일(2시간권)','M','20대',4,896.39,8.15,35140,372
'2017-02','512',' 뚝섬역 1번 출구 옆','일일(2시간권)','M','20대',5,2149.04,18.28,78820,597
'2017-02','109',' 제일빌딩 앞','일일(2시간권)','M','20대',3,1097.07,9.29,40050,305
'2017-02','514',' 성수사거리 버스정류장 앞','일일(2시간권)','M','20대',4,720.09,5.85,25210,369
'2017-02','516',' 광진메디칼 앞','일일(2시간권)','M','20대',4,2032.13,16.36,70530,531
'2017-02','302',' 경복궁역 4번출구 뒤','일일(2시간권)','M','20대',2,140.34,1.11,4780,76
'2017-02','115',' 사루비아 빌딩 앞','일일(2시간권)','M','20대',1,34.23,0.31,1330,9
'2017-02','307',' 서울역사박물관 앞','일일(2시간권)','M','20대',1,31.92,0.29,1240,9
'2017-02','311',' 서울광장 옆','일일(2시간권)','M','20대',1,277.96,1.99,8560,46
'2017-02','312',' 시청역 1번출구 뒤','일일(2시간권)','M','20대',1,30.12,0.27,1170,14
'2017-02','313',' 서울역 광장 파출소 옆','일일(2시간권)','M','20대',1,23.68,0.21,920,13
'2017-02','110',' 사천교','일일(2시간권)','M','20대',2,423.56,3.62,15600,184
'2017-02','314',' 국립현대미술관','일일(2시간권)','M','20대',1,236.4,1.4,6030,89
'2017-02','315',' 신한은행 안국역지점 옆','일일(2시간권)','M','20대',1,435.64,2.69,11580,105
'2017-02','316',' 종각역 1번출구 앞','일일(2시간권)','M','20대',1,522.01,4.7,20280,148
'2017-02','322',' 명동성당 앞','일일(2시간권)','M','20대',1,53.02,0.48,2060,34
'2017-02','324',' 신세계백화점 본점 앞','일일(2시간권)','M','20대',1,378.13,3.46,14920,87
'2017-02','336',' 티마크 호텔 앞','일일(2시간권)','M','20대',1,75.98,0.54,2340,16
'2017-02','339',' 종로4가 사거리','일일(2시간권)','M','20대',3,485.49,4.07,17510,189
'2017-02','112',' 극동방송국 앞','일일(2시간권)','M','20대',2,758.17,6.49,27960,213
'2017-02','346',' 맥스타일 앞','일일(2시간권)','M','20대',2,318.95,2.99,12890,81
'2017-02','349',' 사직동주민센터','일일(2시간권)','M','20대',3,955.47,7.53,32450,213
'2017-02','351',' 청운초교 앞 삼거리','일일(2시간권)','M','20대',1,375.33,3.14,13540,78
'2017-02','117',' 홍은사거리','일일(2시간권)','M','20대',4,1695.1,15.14,65290,461
'2017-02','361',' 동묘앞역 1번출구 뒤','일일(2시간권)','M','20대',2,341.25,2.66,11490,128
'2017-02','113',' 홍대입구역 2번출구 앞','일일(2시간권)','M','20대',4,980.82,8.75,37710,288
'2017-02','367',' 독립문역 3-1번출구 ','일일(2시간권)','M','20대',1,60.32,0.55,2380,21
'2017-02','369',' 광화문 시민열린마당','일일(2시간권)','M','20대',1,324.84,2.93,12620,102
'2017-02','371',' 동대입구역 6번출구 뒤','일일(2시간권)','M','20대',1,324.88,2.72,11720,53
'2017-02','374',' 청구역 2번출구 앞','일일(2시간권)','M','20대',3,1483.82,12.41,53490,332
'2017-02','118',' 광흥창역 2번출구 앞','일일(2시간권)','M','20대',3,659.53,4.69,20190,229
'2017-02','377',' 서울역 4번출구 앞','일일(2시간권)','M','20대',1,102.7,0.93,3990,29
'2017-02','114',' 홍대입구역 8번출구 앞','일일(2시간권)','M','20대',2,560.68,4.53,19530,154
'2017-02','146',' 마포역 1번출구 뒤','일일(2시간권)','M','20대',2,345.95,3.12,13440,136
'2017-02','147',' 마포역 4번출구 뒤','일일(2시간권)','M','20대',1,58.68,0.47,2030,14
'2017-02','148',' 용강동 주민센터 앞','일일(2시간권)','M','20대',3,1782.27,13.54,58350,428
'2017-02','151',' 망원1동주민센터','일일(2시간권)','M','20대',1,265.89,2.4,10330,105
'2017-02','152',' 마포구민체육센터 앞','일일(2시간권)','M','20대',3,509.45,4.61,19870,318
'2017-02','119',' 서강나루 공원','일일(2시간권)','M','20대',2,510.43,4.6,19830,127
'2017-02','153',' 성산2교 사거리','일일(2시간권)','M','20대',2,578.85,4.34,18720,116
'2017-02','154',' 마포구청역 ','일일(2시간권)','M','20대',2,396.14,3.57,15390,227
'2017-02','160',' 북아현동 가구거리','일일(2시간권)','M','20대',2,446.88,3.45,14880,190
'2017-02','161',' 무악재역1번 출구','일일(2시간권)','M','20대',1,277.52,2.43,10460,89
'2017-02','165',' 중앙근린공원','일일(2시간권)','M','20대',1,281.26,2.2,9470,78
'2017-02','166',' 가재울 초등학교','일일(2시간권)','M','20대',1,134.24,1.05,4520,37
'2017-02','168',' 남가좌동 사거리','일일(2시간권)','M','20대',1,98.9,0.77,3330,37
'2017-02','169',' 북가좌 삼거리','일일(2시간권)','M','20대',1,107.08,0.97,4160,118
'2017-02','172',' 서대문소방서','일일(2시간권)','M','20대',1,286.64,2.9,12480,52
'2017-02','173',' 서대문역 8번출구 앞','일일(2시간권)','M','20대',1,25.48,0.23,990,10
'2017-02','175',' 홍연2교옆','일일(2시간권)','M','20대',1,346.9,2.54,10950,125
'2017-02','521',' 왕십리역 11번 출구 앞','일일(2시간권)','M','20대',1,292.92,2.64,11380,120
'2017-02','122',' 신성기사식당 앞','일일(2시간권)','M','20대',4,581.46,5.04,21770,374
'2017-02','524',' 래미안금호하이리버 아파트 102동 옆','일일(2시간권)','M','20대',1,123.24,0.9,3890,32
'2017-02','525',' 한양대병원사거리','일일(2시간권)','M','20대',13,4103.6,34.63,149270,1003
'2017-02','536',' 행당역 2번출구 앞','일일(2시간권)','M','20대',1,228.42,1.54,6630,119
'2017-02','537',' 한양대후문역 부근','일일(2시간권)','M','20대',4,668.36,6.04,25980,173
'2017-02','542',' 강변역 4번출구 뒤','일일(2시간권)','M','20대',2,1438.61,12.97,55890,339
'2017-02','543',' 구의공원(테크노마트 앞)','일일(2시간권)','M','20대',1,620.23,4.66,20080,84
'2017-02','124',' 서강대 정문 건너편','일일(2시간권)','M','20대',5,1175.88,10.62,45750,438
'2017-02','600',' 휘경2동 주민센터','일일(2시간권)','M','20대',3,3056.73,23.87,102920,583
'2017-02','602',' 장안동 사거리','일일(2시간권)','M','20대',3,1468.24,11.8,50870,816
'2017-02','605',' 신설동역8번출구','일일(2시간권)','M','20대',1,295.89,2.17,9340,84
'2017-02','607',' 신이문역 2번출구','일일(2시간권)','M','20대',4,1667.57,14.81,63850,488
'2017-02','609',' 제기2교','일일(2시간권)','M','20대',5,1876.33,12.87,55460,474
'2017-02','614',' 용두동 사거리','일일(2시간권)','M','20대',2,642.52,5.26,22680,132
'2017-02','617',' 청솔우성아파트 앞','일일(2시간권)','M','20대',1,1236.87,10.35,44620,94
'2017-02','227',' 양평2나들목 보행통로 입구','일일(2시간권)','M','20대',5,1812.23,15.33,66030,444
'2017-02','228',' 선유도역 3번출구 앞','일일(2시간권)','M','20대',5,1145.82,9.9,42660,328
'2017-02','237',' 보라매 두산위브 건너편','일일(2시간권)','M','20대',3,491.05,4.01,17250,250
'2017-02','240',' 문래역 4번출구 앞','일일(2시간권)','M','20대',2,53.3,0.52,2240,43
'2017-02','244',' 영등포삼환아파트 앞','일일(2시간권)','M','20대',1,239.58,2.81,12100,84
'2017-02','247',' 당산역 10번출구 앞','일일(2시간권)','M','20대',2,744.69,5.98,25790,272
'2017-02','248',' 초원아파트 앞','일일(2시간권)','M','20대',4,760.86,6.77,29210,324
'2017-02','249',' 여의도중학교 옆','일일(2시간권)','M','20대',3,253.8,2.29,9860,241
'2017-02','128',' 신촌역(2호선) 1번출구 옆','일일(2시간권)','M','20대',2,104.43,0.97,4190,126
'2017-02','252',' 보라매역4번출구','일일(2시간권)','M','20대',3,1036.69,7.49,32310,300
'2017-02','253',' 신풍역 5번출구 인근','일일(2시간권)','M','20대',1,138.22,1.25,5370,51
'2017-02','254',' 도림신협 앞','일일(2시간권)','M','20대',1,368.85,3.32,14330,98
'2017-02','259',' 대방역6번출구','일일(2시간권)','M','20대',7,1998.4,16.14,69570,685
'2017-02','700',' KB국민은행 염창역 지점 앞','일일(2시간권)','M','20대',8,3547.09,27.03,116510,754
'2017-02','701',' 목동사거리 부근','일일(2시간권)','M','20대',1,176.83,1.59,6870,48
'2017-02','129',' 신촌역(2호선) 6번출구 옆','일일(2시간권)','M','20대',2,621.09,5.74,24730,166
'2017-02','702',' 목4동주민센터 옆','일일(2시간권)','M','20대',2,734.3,6.58,28350,126
'2017-02','703',' 오목교역 7번출구 앞','일일(2시간권)','M','20대',6,2165.42,17.26,74390,465
'2017-02','704',' 남부법원검찰청 교차로','일일(2시간권)','M','20대',1,90.6,0.82,3520,67
'2017-02','706',' 신정네거리역','일일(2시간권)','M','20대',1,183.15,1.45,6250,30
'2017-02','708',' 서울출입국관리사무소 앞','일일(2시간권)','M','20대',6,1630.34,12.39,53450,690
'2017-02','713',' 양서중학교 옆','일일(2시간권)','M','20대',1,62.96,0.49,2120,34
'2017-02','714',' 한국SGI 양천문화회관 앞','일일(2시간권)','M','20대',1,42.63,0.36,1560,83
'2017-02','802',' 한강진역 2번 출구 앞','일일(2시간권)','M','20대',2,649.86,5.63,24280,249
'2017-02','803',' 한남초교 앞 보도육교','일일(2시간권)','M','20대',1,287.2,2.24,9670,48
'2017-02','808',' 서빙고동 금호맨션 앞','일일(2시간권)','M','20대',3,935.72,7.46,32150,282
'2017-02','131',' 증산2교','일일(2시간권)','M','20대',1,249.42,2.25,9690,74
'2017-02','809',' 한남 유수지 복개주차장','일일(2시간권)','M','20대',2,438.72,4.01,17310,198
'2017-02','811',' 녹사평역1번출구','일일(2시간권)','M','20대',1,294.64,2.27,9790,66
'2017-02','815',' LIG강촌아파트 103동앞','일일(2시간권)','M','20대',2,1370.4,11.46,49420,194
'2017-02','385',' 종각역 5번출구','일일(2시간권)','M','20대',4,1414.13,8.72,37590,355
'2017-02','387',' 훈련원공원주차장 앞','일일(2시간권)','M','20대',1,115.34,1.19,5110,122
'2017-02','181',' 망원초록길 입구','일일(2시간권)','M','20대',1,197.94,1.78,7690,112
'2017-02','182',' 망원2빗물펌프장 앞','일일(2시간권)','M','20대',1,95.91,0.8,3460,93
'2017-02','185',' 마포 신수공원 앞','일일(2시간권)','M','20대',3,770.14,6.94,29920,161
'2017-02','186',' 월드컵공원','일일(2시간권)','M','20대',18,4978.04,41.58,179200,1791
'2017-02','192',' 연서어린이공원','일일(2시간권)','M','20대',1,438.97,3.43,14780,105
'2017-02','178',' 증산3교 앞','일일(2시간권)','M','20대',2,177.01,1.38,5960,107
'2017-02','133',' 해담는다리','일일(2시간권)','M','20대',2,544.64,4.59,19750,194
'2017-02','194',' 증산교 앞','일일(2시간권)','M','20대',1,290.76,2.27,9790,103
'2017-02','195',' 모래내고가차도 ','일일(2시간권)','M','20대',2,560.26,4.56,19650,237
'2017-02','196',' 연희교차로 인근','일일(2시간권)','M','20대',2,422.35,3.39,14610,111
'2017-02','556',' 달맞이공원','일일(2시간권)','M','20대',2,383.26,3.45,14890,157
'2017-02','557',' 도선동 주민센터 앞','일일(2시간권)','M','20대',1,138.32,1.16,4990,113
'2017-02','559',' 왕십리역 4번 출구 건너편','일일(2시간권)','M','20대',1,504.31,3.94,16980,120
'2017-02','561',' 서울숲역 2번출구 앞','일일(2시간권)','M','20대',2,567.11,5.41,23340,190
'2017-02','563',' 성동세무서 건너편','일일(2시간권)','M','20대',1,130.5,1.18,5070,77
'2017-02','565',' 옥수역 3번출구','일일(2시간권)','M','20대',4,1087.13,9.51,41000,367
'2017-02','135',' 명물길 원형무대 앞','일일(2시간권)','M','20대',1,191.2,1.44,6190,91
'2017-02','579',' 마장역 4번출구','일일(2시간권)','M','20대',4,1925.97,12.77,55020,436
'2017-02','580',' 신금호역 3번출구 뒤','일일(2시간권)','M','20대',3,1138.56,8.98,38690,363
'2017-02','582',' 경일중학교 앞','일일(2시간권)','M','20대',7,1493.62,11.67,50290,1073
'2017-02','583',' 청계천 생태교실 앞','일일(2시간권)','M','20대',7,2703.9,23.93,103180,513
'2017-02','553',' 중곡 성원APT 앞','일일(2시간권)','M','20대',1,163.18,1.41,6060,116
'2017-02','571',' 어린이대공원역6번출구','일일(2시간권)','M','20대',2,348.71,3.1,13360,137
'2017-02','574',' 아차산역4번출구','일일(2시간권)','M','20대',3,426.2,3.58,15410,145
'2017-02','576',' 광나루역 3번 출구','일일(2시간권)','M','20대',1,625.93,4.96,21360,212
'2017-02','577',' 광진청소년수련관','일일(2시간권)','M','20대',2,1567.73,13.61,58660,331
'2017-02','622',' 전농사거리 교통섬','일일(2시간권)','M','20대',1,807.48,6.76,29130,117
'2017-02','623',' 서울시립대 정문 앞','일일(2시간권)','M','20대',1,152.14,1.31,5650,46
'2017-02','102',' 망원역 1번출구 앞','일일(2시간권)','M','20대',2,461.1,3.83,16530,131
'2017-02','634',' 외국어대 정문 앞','일일(2시간권)','M','20대',7,3393.03,27.71,119440,753
'2017-02','637',' KAIST 경영대학 앞','일일(2시간권)','M','20대',1,373.74,3.37,14520,98
'2017-02','639',' 서울시립대 후문','일일(2시간권)','M','20대',5,2104.71,15.36,66200,381
'2017-02','140',' 이화여대 후문','일일(2시간권)','M','20대',1,215.19,1.94,8360,106
'2017-02','643',' 동대문구민체육센터 (육교아래)','일일(2시간권)','M','20대',1,309.65,2.79,12030,101
'2017-02','230',' 영등포구청역 1번출구','일일(2시간권)','M','20대',6,1043.32,9.32,40190,372
'2017-02','260',' 여의도 마리나선착장 앞','일일(2시간권)','M','20대',3,659.32,5.08,21910,228
'2017-02','263',' 근로자회관 사거리','일일(2시간권)','M','20대',3,1482.86,12.61,54340,370
'2017-02','141',' 연대 대운동장 옆','일일(2시간권)','M','20대',2,108.11,0.97,4200,123
'2017-02','266',' 영등포청과시장 사거리','일일(2시간권)','M','20대',3,449.58,3.61,15550,143
'2017-02','267',' 삼성화재 사옥 옆','일일(2시간권)','M','20대',7,2090.78,16.13,69560,540
'2017-02','268',' 그랜드컨벤션센터 앞','일일(2시간권)','M','20대',1,209.23,1.66,7140,54
'2017-02','272',' 당산육갑문','일일(2시간권)','M','20대',4,1469.74,13,56050,327
'2017-02','716','신정6동 주민센터 인근','일일(2시간권)','M','20대',2,422.87,5.51,23730,210
'2017-02','816',' 신용산역 6번출구 앞','일일(2시간권)','M','20대',2,560.1,4.28,18420,164
'2017-02','817',' 삼각지역 4번출구 앞','일일(2시간권)','M','20대',1,134.16,1.12,4840,86
'2017-02','819',' 선린인터넷 고등학교','일일(2시간권)','M','20대',1,183.01,1.36,5850,73
'2017-02','822',' 이촌1동 마을공원','일일(2시간권)','M','20대',7,1233.34,10.27,44320,517
'2017-02','825',' 서빙고동 주민센터 앞','일일(2시간권)','M','20대',11,5581.46,47.82,206150,1600
'2017-02','199',' 서울 월드컵 경기장','일일(2시간권)','M','20대',4,798.71,7.05,30390,347
'2017-02','388',' 동성중학교 앞','일일(2시간권)','M','20대',1,130.48,1.21,5230,129
'2017-02','586',' 마장동 주민센터','일일(2시간권)','M','20대',2,261.64,2.45,10570,85
'2017-02','900',' 은평예술회관','일일(2시간권)','M','20대',1,0,0,0,101
'2017-02','905',' 구파발역 2번출구','일일(2시간권)','M','20대',1,118.66,1.07,4610,76
'2017-02','907',' CJ 드림시티','일일(2시간권)','M','20대',6,2186.55,18.98,81770,587
'2017-02','914',' 새절역 2번출구','일일(2시간권)','M','20대',5,1248.52,10.71,46180,341
'2017-02','915',' 증산역 4번출구','일일(2시간권)','M','20대',20,6139.02,52.61,226790,1755
'2017-02','202',' 국민일보 앞','일일(2시간권)','M','20대',1,376.25,3.19,13770,133
'2017-02','922',' 연신내역 4번출구','일일(2시간권)','M','20대',2,252.03,2.22,9570,141
'2017-02','923',' 국민은행 연서지점','일일(2시간권)','M','20대',2,571.33,5.06,21790,157
'2017-02','928',' 은평역사한옥박물관','일일(2시간권)','M','20대',1,271.51,2.61,11240,105
'2017-02','933',' LG서비스 역촌점','일일(2시간권)','M','20대',1,331.27,2.99,12870,77
'2017-02','588',' 뚝섬 유원지역','일일(2시간권)','M','20대',7,1536.98,12.59,54280,415
'2017-02','204',' 국회의사당역 5번출구 옆','일일(2시간권)','M','20대',3,408.15,3.64,15700,193
'2017-02','203',' 국회의사당역 3번출구 옆','일일(2시간권)','M','20대',1,236.17,1.98,8520,127
'2017-02','205',' 산업은행 앞','일일(2시간권)','M','20대',6,1627.85,12.73,54890,423
'2017-02','206',' KBS 앞','일일(2시간권)','M','20대',3,694.55,6.11,26310,292
'2017-02','209',' 유진투자증권빌딩 앞','일일(2시간권)','M','20대',2,728.44,6.56,28300,200
'2017-02','210',' IFC몰','일일(2시간권)','M','20대',6,1333.61,11.02,47510,524
'2017-02','211',' 여의도역 4번출구 옆','일일(2시간권)','M','20대',8,1347.66,11.27,48540,540
'2017-02','212',' 여의도역 1번출구 옆','일일(2시간권)','M','20대',7,2325.01,19.15,82550,729
'2017-02','213',' KT앞','일일(2시간권)','M','20대',1,264.09,1.98,8550,110
'2017-02','104',' 합정역 1번출구 앞','일일(2시간권)','M','20대',2,374.52,3.44,14830,158
'2017-02','215',' 여의도고교 앞','일일(2시간권)','M','20대',1,280.31,2.53,10890,96
'2017-02','216',' 삼부아파트1동 앞','일일(2시간권)','M','20대',1,273.1,2.46,10610,95
'2017-02','221',' 여의도초교 앞','일일(2시간권)','M','20대',7,1722.84,15.38,66290,581
'2017-02','222',' 시범아파트버스정류장 옆','일일(2시간권)','M','20대',1,350.06,3.16,13600,91
'2017-02','105',' 합정역 5번출구 앞','일일(2시간권)','M','20대',2,700.26,5.82,25080,154
'2017-02','225',' 앙카라공원 앞','일일(2시간권)','M','20대',1,276.7,2.61,11270,149
'2017-02','226',' 샛강역 1번출구 앞','일일(2시간권)','M','20대',2,758.54,6.44,27770,180
'2017-02','207',' 여의나루역 1번출구 앞','일일(2시간권)','M','20대',22,5743.9,49.17,212040,1986
'2017-02','106',' 합정역 7번출구 앞','일일(2시간권)','M','20대',10,2239.91,19.81,85370,848
'2017-02','405',' DMC빌 앞','일일(2시간권)','M','20대',1,162.42,1.46,6310,109
'2017-02','421',' 마포구청 앞','일일(2시간권)','M','20대',9,915.47,7.71,33190,654
'2017-02','420',' 서울시 공공자전거 상암센터','일일(2시간권)','M','20대',3,983.06,8.49,36590,318
'2017-02','409',' 누리꿈스퀘어 옆','일일(2시간권)','M','20대',2,724.32,6.53,28140,119
'2017-02','419',' 홈플러스 앞','일일(2시간권)','M','20대',21,4698.42,36.31,156610,1638
'2017-02','418',' 월드컵경기장역 3번출구 옆','일일(2시간권)','M','20대',7,1860.72,15.63,67410,768
'2017-02','412',' DMC산학협력연구센터 앞','일일(2시간권)','M','20대',1,244.51,2.11,9080,55
'2017-02','417',' DMC역 2번출구 옆','일일(2시간권)','M','20대',1,410.57,4.01,17280,111
'2017-02','415',' DMC역 9번출구 앞','일일(2시간권)','M','20대',1,304.13,2.38,10240,95
'2017-02','500',' 어린이대공원역 3번출구 앞','일일(2시간권)','M','20대',1,41.7,0.38,1620,67
'2017-02','501',' 광진구의회 앞','일일(2시간권)','M','20대',6,2152.52,19.25,82950,632
'2017-02','502',' 뚝섬유원지역 1번출구 앞','일일(2시간권)','M','20대',16,4902.31,39.38,169810,1547
'2017-02','503',' 더샵스타시티 C동 앞','일일(2시간권)','M','30대',1,407.72,3.67,15840,110
'2017-02','504',' 신자초교입구교차로','일일(2시간권)','M','30대',1,220.5,1.87,8070,89
'2017-02','505',' 자양사거리 광진아크로텔 앞','일일(2시간권)','M','30대',2,344.78,2.8,12070,111
'2017-02','509',' 이마트 버스정류소 옆','일일(2시간권)','M','30대',3,1204.68,9.91,42740,269
'2017-02','510',' 서울숲 남문 버스정류소 옆','일일(2시간권)','M','30대',2,221.56,1.74,7520,149
'2017-02','511',' 서울숲역 4번 출구 옆','일일(2시간권)','M','30대',5,976.28,7.72,33280,381
'2017-02','109',' 제일빌딩 앞','일일(2시간권)','M','30대',1,108.7,0.71,3050,31
'2017-02','516',' 광진메디칼 앞','일일(2시간권)','M','30대',2,157.41,1.23,5300,325
'2017-02','301',' 경복궁역 7번출구 앞','일일(2시간권)','M','30대',1,197.58,1.36,5870,69
'2017-02','309',' 광화문역 6번출구 옆','일일(2시간권)','M','30대',1,72.84,0.66,2830,84
'2017-02','311',' 서울광장 옆','일일(2시간권)','M','30대',1,106.68,1.04,4490,50
'2017-02','110',' 사천교','일일(2시간권)','M','30대',1,772.83,5.33,22960,109
'2017-02','326',' 안국역 5번출구 앞','일일(2시간권)','M','30대',1,294.77,2.58,11110,114
'2017-02','332',' 을지로2가 사거리 남측','일일(2시간권)','M','30대',2,845.38,5.5,23720,128
'2017-02','335',' 종로3가역 15번출구 앞','일일(2시간권)','M','30대',1,249.12,1.62,6990,96
'2017-02','341',' 혜화역 3번출구 뒤','일일(2시간권)','M','30대',1,375.11,2.93,12630,170
'2017-02','342',' 대학로 마로니에공원','일일(2시간권)','M','30대',1,90.95,0.74,3190,25
'2017-02','112',' 극동방송국 앞','일일(2시간권)','M','30대',1,102.29,0.67,2870,33
'2017-02','353',' 재동초교 앞 삼거리','일일(2시간권)','M','30대',1,189.97,1.66,7160,109
'2017-02','361',' 동묘앞역 1번출구 뒤','일일(2시간권)','M','30대',1,63.06,0.57,2450,18
'2017-02','113',' 홍대입구역 2번출구 앞','일일(2시간권)','M','30대',1,459.46,3.17,13650,69
'2017-02','377',' 서울역 4번출구 앞','일일(2시간권)','M','30대',2,99.61,0.9,3870,104
'2017-02','142',' 아현역 4번출구 앞','일일(2시간권)','M','30대',4,721.76,6.36,27440,360
'2017-02','144',' 공덕역 8번출구','일일(2시간권)','M','30대',1,87.52,0.6,2600,37
'2017-02','146',' 마포역 1번출구 뒤','일일(2시간권)','M','30대',2,344.17,3.03,13070,188
'2017-02','150',' 서강대역 2번출구 앞','일일(2시간권)','M','30대',1,279.65,2.45,10540,106
'2017-02','152',' 마포구민체육센터 앞','일일(2시간권)','M','30대',1,95.05,0.88,3810,23
'2017-02','154',' 마포구청역 ','일일(2시간권)','M','30대',1,186.36,1.68,7240,109
'2017-02','156',' 서울서부지방법원 앞','일일(2시간권)','M','30대',2,112.23,0.99,4260,124
'2017-02','157',' 애오개역 4번출구 앞','일일(2시간권)','M','30대',1,110.25,0.81,3480,85
'2017-02','165',' 중앙근린공원','일일(2시간권)','M','30대',1,140.9,1.38,5930,49
'2017-02','166',' 가재울 초등학교','일일(2시간권)','M','30대',1,223.94,2.02,8700,138
'2017-02','171',' 임광빌딩 앞','일일(2시간권)','M','30대',1,791.46,5.39,23240,209
'2017-02','172',' 서대문소방서','일일(2시간권)','M','30대',1,591.47,4.33,18670,80
'2017-02','520',' 상왕십리역 4번 출구 앞','일일(2시간권)','M','30대',1,86.25,0.77,3300,27
'2017-02','524',' 래미안금호하이리버 아파트 102동 옆','일일(2시간권)','M','30대',2,741.32,6.68,28800,207
'2017-02','525',' 한양대병원사거리','일일(2시간권)','M','30대',2,570.2,4.78,20570,172
'2017-02','536',' 행당역 2번출구 앞','일일(2시간권)','M','30대',1,170.15,1.51,6510,67
'2017-02','544',' 광남중학교','일일(2시간권)','M','30대',3,1433.37,9.44,40670,312
'2017-02','549',' 아차산역 3번출구','일일(2시간권)','M','30대',2,447.88,4.04,17400,155
'2017-02','600',' 휘경2동 주민센터','일일(2시간권)','M','30대',1,313.92,2.55,11010,87
'2017-02','602',' 장안동 사거리','일일(2시간권)','M','30대',2,783.91,5.59,24080,191
'2017-02','605',' 신설동역8번출구','일일(2시간권)','M','30대',3,275.67,2.48,10710,164
'2017-02','607',' 신이문역 2번출구','일일(2시간권)','M','30대',1,1290.82,8.13,35050,305
'2017-02','610',' 동대문중 교차로','일일(2시간권)','M','30대',1,298.3,1.99,8560,82
'2017-02','614',' 용두동 사거리','일일(2시간권)','M','30대',1,410.26,2.4,10360,118
'2017-02','227',' 양평2나들목 보행통로 입구','일일(2시간권)','M','30대',1,494.4,4.26,18360,112
'2017-02','228',' 선유도역 3번출구 앞','일일(2시간권)','M','30대',2,704.46,4.85,20940,169
'2017-02','249',' 여의도중학교 옆','일일(2시간권)','M','30대',1,236.7,2.04,8790,58
'2017-02','128',' 신촌역(2호선) 1번출구 옆','일일(2시간권)','M','30대',2,301.11,2.4,10340,57
'2017-02','257',' 신길삼거리(우리은행)','일일(2시간권)','M','30대',1,273.36,2.46,10620,69
'2017-02','703',' 오목교역 7번출구 앞','일일(2시간권)','M','30대',3,1109.91,10.01,43120,363
'2017-02','707',' 신정3동주민센터','일일(2시간권)','M','30대',2,165.21,1.38,5960,134
'2017-02','130',' 신촌역(2호선) 7번출구 앞','일일(2시간권)','M','30대',1,124.88,0.86,3710,26
'2017-02','809',' 한남 유수지 복개주차장','일일(2시간권)','M','30대',1,148.02,1.24,5340,37
'2017-02','811',' 녹사평역1번출구','일일(2시간권)','M','30대',1,120.46,1.09,4680,87
'2017-02','387',' 훈련원공원주차장 앞','일일(2시간권)','M','30대',1,234.94,1.74,7510,175
'2017-02','183',' 하늘채코오롱아파트 건너편','일일(2시간권)','M','30대',2,511.2,4.61,19860,186
'2017-02','185',' 마포 신수공원 앞','일일(2시간권)','M','30대',1,107.68,0.96,4120,62
'2017-02','186',' 월드컵공원','일일(2시간권)','M','30대',4,689.45,6.09,26250,325
'2017-02','188',' 홍은동 정원여중 입구','일일(2시간권)','M','30대',1,247.41,1.86,8010,47
'2017-02','133',' 해담는다리','일일(2시간권)','M','30대',1,158.3,1.43,6150,110
'2017-02','194',' 증산교 앞','일일(2시간권)','M','30대',5,825.49,7.44,32070,389
'2017-02','561',' 서울숲역 2번출구 앞','일일(2시간권)','M','30대',1,92.58,0.77,3340,59
'2017-02','565',' 옥수역 3번출구','일일(2시간권)','M','30대',2,1397.69,10.27,44270,243
'2017-02','567',' 성수역 2번출구 앞','일일(2시간권)','M','30대',2,561.67,4.57,19720,149
'2017-02','569',' 응봉현대아파트 정류소','일일(2시간권)','M','30대',1,235.28,1.62,6990,52
'2017-02','578',' 성동세무서 부근','일일(2시간권)','M','30대',1,173.75,1.36,5850,37
'2017-02','580',' 신금호역 3번출구 뒤','일일(2시간권)','M','30대',1,237.58,2.14,9230,96
'2017-02','574',' 아차산역4번출구','일일(2시간권)','M','30대',1,11.33,0.1,440,2
'2017-02','630',' 동대문구 보건소','일일(2시간권)','M','30대',1,7.84,0.07,300,106
'2017-02','102',' 망원역 1번출구 앞','일일(2시간권)','M','30대',1,138.78,1.23,5310,116
'2017-02','262',' 영문초등학교 사거리','일일(2시간권)','M','30대',1,0,0,0,142
'2017-02','263',' 근로자회관 사거리','일일(2시간권)','M','30대',1,354.26,3.29,14200,119
'2017-02','268',' 그랜드컨벤션센터 앞','일일(2시간권)','M','30대',3,1549.34,14.13,60910,292
'2017-02','271',' 샛강생태공원방문자센터 앞','일일(2시간권)','M','30대',2,840.19,5.76,24810,202
'2017-02','272',' 당산육갑문','일일(2시간권)','M','30대',2,537.55,4.2,18080,120
'2017-02','716','신정6동 주민센터 인근','일일(2시간권)','M','30대',1,495.86,3.38,14560,84
'2017-02','825',' 서빙고동 주민센터 앞','일일(2시간권)','M','30대',1,207.21,1.87,8050,39
'2017-02','199',' 서울 월드컵 경기장','일일(2시간권)','M','30대',2,349.99,2.78,11970,154
'2017-02','584',' 광진광장 교통섬','일일(2시간권)','M','30대',1,260.23,2.35,10110,103
'2017-02','906',' 연신내역 5번출구150M 아래','일일(2시간권)','M','30대',1,444.22,3.17,13680,162
'2017-02','913',' 이마트 은평점','일일(2시간권)','M','30대',2,0,0,0,120
'2017-02','915',' 증산역 4번출구','일일(2시간권)','M','30대',2,863,6.4,27590,227
'2017-02','932',' 예일여중','일일(2시간권)','M','30대',2,674.94,6.88,29670,203
'2017-02','588',' 뚝섬 유원지역','일일(2시간권)','M','30대',2,366.96,3.1,13340,240
'2017-02','209',' 유진투자증권빌딩 앞','일일(2시간권)','M','30대',1,289.58,2.61,11250,94
'2017-02','210',' IFC몰','일일(2시간권)','M','30대',2,863.47,6.02,25970,205
'2017-02','211',' 여의도역 4번출구 옆','일일(2시간권)','M','30대',1,406.58,3.84,16560,146
'2017-02','212',' 여의도역 1번출구 옆','일일(2시간권)','M','30대',1,168.84,1.45,6270,36
'2017-02','104',' 합정역 1번출구 앞','일일(2시간권)','M','30대',2,459.11,3.65,15760,182
'2017-02','221',' 여의도초교 앞','일일(2시간권)','M','30대',1,171.94,1.55,6680,111
'2017-02','226',' 샛강역 1번출구 앞','일일(2시간권)','M','30대',1,276.17,2.94,12680,104
'2017-02','207',' 여의나루역 1번출구 앞','일일(2시간권)','M','30대',5,1830.26,13.48,58140,510
'2017-02','419',' 홈플러스 앞','일일(2시간권)','M','30대',6,1438.05,13.1,56470,434
'2017-02','418',' 월드컵경기장역 3번출구 옆','일일(2시간권)','M','30대',1,328.7,2.96,12770,134
'2017-02','107',' 신한은행 서교동금융센터점 앞','일일(2시간권)','M','30대',2,271.34,2.17,9320,143
'2017-02','411',' DMC홍보관','일일(2시간권)','M','30대',1,613.32,3.27,14080,131
'2017-02','412',' DMC산학협력연구센터 앞','일일(2시간권)','M','30대',1,331.02,2.98,12860,85
'2017-02','417',' DMC역 2번출구 옆','일일(2시간권)','M','30대',11,3049.01,27.63,119140,937
'2017-02','500',' 어린이대공원역 3번출구 앞','일일(2시간권)','M','30대',1,356.48,2.98,12860,116
'2017-02','501',' 광진구의회 앞','일일(2시간권)','M','30대',3,761.81,6.18,26600,276
'2017-02','502',' 뚝섬유원지역 1번출구 앞','일일(2시간권)','M','30대',7,1004.06,8.07,34770,450
'2017-02','510',' 서울숲 남문 버스정류소 옆','일일(2시간권)','M','40대',1,139.04,1.23,5320,86
'2017-02','511',' 서울숲역 4번 출구 옆','일일(2시간권)','M','40대',1,136.68,1.23,5310,104
'2017-02','307',' 서울역사박물관 앞','일일(2시간권)','M','40대',1,188.5,1.58,6800,81
'2017-02','314',' 국립현대미술관','일일(2시간권)','M','40대',2,205.92,1.85,8000,146
'2017-02','315',' 신한은행 안국역지점 옆','일일(2시간권)','M','40대',1,26.25,0.24,1020,12
'2017-02','324',' 신세계백화점 본점 앞','일일(2시간권)','M','40대',1,153.93,1.39,5980,105
'2017-02','328',' 탑골공원 앞','일일(2시간권)','M','40대',1,321.55,1.88,8120,107
'2017-02','336',' 티마크 호텔 앞','일일(2시간권)','M','40대',1,128.44,1.16,4990,92
'2017-02','349',' 사직동주민센터','일일(2시간권)','M','40대',1,192.28,1.73,7470,96
'2017-02','118',' 광흥창역 2번출구 앞','일일(2시간권)','M','40대',1,327.93,2.74,11830,107
'2017-02','143',' 공덕역 2번출구','일일(2시간권)','M','40대',1,388.77,3.04,13090,111
'2017-02','147',' 마포역 4번출구 뒤','일일(2시간권)','M','40대',1,238.1,2.11,9110,87
'2017-02','152',' 마포구민체육센터 앞','일일(2시간권)','M','40대',4,1297.05,11.52,49670,461
'2017-02','120',' 신수동 사거리','일일(2시간권)','M','40대',1,614.59,3.6,15520,120
'2017-02','163',' 명지전문대학교 정문 앞','일일(2시간권)','M','40대',1,80.19,0.63,2700,42
'2017-02','166',' 가재울 초등학교','일일(2시간권)','M','40대',1,250.23,2.06,8900,122
'2017-02','524',' 래미안금호하이리버 아파트 102동 옆','일일(2시간권)','M','40대',1,382.06,2.8,12060,62
'2017-02','123',' 문화촌 공원','일일(2시간권)','M','40대',1,621.81,4.99,21510,114
'2017-02','544',' 광남중학교','일일(2시간권)','M','40대',3,680.65,5.52,23830,299
'2017-02','548',' 자양나들목','일일(2시간권)','M','40대',1,326.71,2.7,11620,71
'2017-02','607',' 신이문역 2번출구','일일(2시간권)','M','40대',1,1034.75,8.08,34840,302
'2017-02','237',' 보라매 두산위브 건너편','일일(2시간권)','M','40대',2,821.1,7.51,32390,166
'2017-02','700',' KB국민은행 염창역 지점 앞','일일(2시간권)','M','40대',1,342,2.99,12890,120
'2017-02','800',' 목월공원 앞','일일(2시간권)','M','40대',1,406.65,3.4,14670,115
'2017-02','806',' 전자랜드 본관 앞','일일(2시간권)','M','40대',3,535.35,4.14,17860,338
'2017-02','815',' LIG강촌아파트 103동앞','일일(2시간권)','M','40대',2,1181.35,8.57,36930,279
'2017-02','186',' 월드컵공원','일일(2시간권)','M','40대',2,277.32,2.38,10250,142
'2017-02','133',' 해담는다리','일일(2시간권)','M','40대',1,290.76,2.27,9790,91
'2017-02','556',' 달맞이공원','일일(2시간권)','M','40대',2,633.95,4.85,20920,168
'2017-02','565',' 옥수역 3번출구','일일(2시간권)','M','40대',1,228.06,2.06,8860,71
'2017-02','580',' 신금호역 3번출구 뒤','일일(2시간권)','M','40대',1,150.92,0.86,3700,26
'2017-02','628',' 휘봉고등학교 앞','일일(2시간권)','M','40대',1,394.42,2.89,12450,65
'2017-02','638',' 서울시립대 정보기술관','일일(2시간권)','M','40대',1,154.02,1.01,4370,52
'2017-02','139',' 연세대 정문 건너편','일일(2시간권)','M','40대',1,43.8,0.37,1580,15
'2017-02','822',' 이촌1동 마을공원','일일(2시간권)','M','40대',1,232.95,2.1,9050,63
'2017-02','914',' 새절역 2번출구','일일(2시간권)','M','40대',2,432.01,4.24,18290,180
'2017-02','933',' LG서비스 역촌점','일일(2시간권)','M','40대',1,407.21,3.67,15820,112
'2017-02','224',' 롯데캐슬 앞','일일(2시간권)','M','40대',1,378.5,2.46,10620,104
'2017-02','207',' 여의나루역 1번출구 앞','일일(2시간권)','M','40대',2,429.08,3.87,16670,143
'2017-02','402',' 상암월드컵파크 9단지 앞','일일(2시간권)','M','40대',1,367.57,3.31,14280,123
'2017-02','420',' 서울시 공공자전거 상암센터','일일(2시간권)','M','40대',1,134.36,1.21,5220,111
'2017-02','419',' 홈플러스 앞','일일(2시간권)','M','40대',3,761.64,6.61,28510,187
'2017-02','418',' 월드컵경기장역 3번출구 옆','일일(2시간권)','M','40대',3,297.68,2.56,11000,218
'2017-02','514',' 성수사거리 버스정류장 앞','일일(2시간권)','M','50대',1,205.92,1.86,8000,109
'2017-02','372',' 약수역 3번출구 뒤','일일(2시간권)','M','50대',1,142.6,1.29,5540,71
'2017-02','548',' 자양나들목','일일(2시간권)','M','50대',1,296.78,2.67,11530,70
'2017-02','700',' KB국민은행 염창역 지점 앞','일일(2시간권)','M','50대',1,645.73,5.56,23980,138
'2017-02','556',' 달맞이공원','일일(2시간권)','M','50대',1,192.02,1.73,7460,76
'2017-02','904',' 은평뉴타운 푸르지오','일일(2시간권)','M','50대',1,300.83,2.75,11870,81
'2017-02','209',' 유진투자증권빌딩 앞','일일(2시간권)','M','50대',1,568.33,4.56,19660,102
'2017-02','212',' 여의도역 1번출구 옆','일일(2시간권)','M','50대',1,262.29,2.36,10190,145
'2017-02','207',' 여의나루역 1번출구 앞','일일(2시간권)','M','50대',2,233.72,2.11,9080,116
'2017-02','419',' 홈플러스 앞','일일(2시간권)','M','50대',1,467.18,4.21,18150,89
'2017-02','332',' 을지로2가 사거리 남측','일일(2시간권)','M','60대',1,196.4,1.77,7630,93
'2017-02','379',' 서울역9번출구','일일(2시간권)','M','60대',1,313.26,2.82,12170,83
'2017-02','147',' 마포역 4번출구 뒤','일일(2시간권)','M','60대',1,309.91,2.79,12040,67
'2017-02','154',' 마포구청역 ','일일(2시간권)','M','60대',1,363.73,3.87,16700,113
'2017-02','523',' 옥수동성당 옆','일일(2시간권)','M','60대',1,125.35,1.13,4870,39
'2017-02','605',' 신설동역8번출구','일일(2시간권)','M','60대',1,328.19,2.26,9750,110
'2017-02','244',' 영등포삼환아파트 앞','일일(2시간권)','M','60대',1,126.13,1.14,4900,57
'2017-02','182',' 망원2빗물펌프장 앞','일일(2시간권)','M','60대',1,470.78,4.24,18290,70
'2017-02','907',' CJ 드림시티','일일(2시간권)','M','60대',1,206.79,1.73,7460,67