'대여일자','대여소번호','대여소','대여구분코드','성별','연령대코드','이용건수','운동량','탄소량','이동거리(M)','이동시간(분)'
'2017-03','108',' 서교동 사거리','정기','F','~10대',2,177.19,1.28,5520,62
'2017-03','504',' 신자초교입구교차로','정기','F','~10대',1,19.01,0.22,960,4
'2017-03','505',' 자양사거리 광진아크로텔 앞','정기','F','~10대',1,40.59,0.48,2050,9
'2017-03','507',' 성수아이에스비즈타워 앞','정기','F','~10대',1,56.07,0.55,2360,21
'2017-03','511',' 서울숲역 4번 출구 옆','정기','F','~10대',1,145.03,1.6,6910,52
'2017-03','512',' 뚝섬역 1번 출구 옆','정기','F','~10대',1,78.72,0.82,3550,15
'2017-03','515',' 광양중학교 앞','정기','F','~10대',1,190.48,2.15,9250,59
'2017-03','301',' 경복궁역 7번출구 앞','정기','F','~10대',3,225.48,2.04,8760,74
'2017-03','115',' 사루비아 빌딩 앞','정기','F','~10대',6,319.85,3.28,14170,89
'2017-03','305',' 종로구청 옆','정기','F','~10대',1,68.98,0.62,2680,21
'2017-03','306',' 광화문역 7번출구 앞','정기','F','~10대',1,53.13,0.6,2580,23
'2017-03','309',' 광화문역 6번출구 옆','정기','F','~10대',1,42.58,0.45,1920,8
'2017-03','310',' 청계광장 옆','정기','F','~10대',6,198.2,1.79,7700,45
'2017-03','311',' 서울광장 옆','정기','F','~10대',1,40.41,0.36,1570,14
'2017-03','110',' 사천교','정기','F','~10대',3,151.71,1.3,5640,42
'2017-03','314',' 국립현대미술관','정기','F','~10대',1,26.98,0.3,1310,9
'2017-03','315',' 신한은행 안국역지점 옆','정기','F','~10대',8,378.57,3.45,14910,151
'2017-03','324',' 신세계백화점 본점 앞','정기','F','~10대',4,531.67,4.45,19180,165
'2017-03','326',' 안국역 5번출구 앞','정기','F','~10대',1,64.61,0.58,2510,18
'2017-03','334',' 종로3가역 2번출구 뒤','정기','F','~10대',3,94.17,1.03,4450,28
'2017-03','335',' 종로3가역 15번출구 앞','정기','F','~10대',2,96.63,0.94,4060,27
'2017-03','337',' 창경궁 입구','정기','F','~10대',1,10.3,0.12,520,6
'2017-03','339',' 종로4가 사거리','정기','F','~10대',1,11.21,0.14,590,3
'2017-03','341',' 혜화역 3번출구 뒤','정기','F','~10대',6,146,1.67,7210,62
'2017-03','342',' 대학로 마로니에공원','정기','F','~10대',5,101.71,0.99,4210,23
'2017-03','344',' 성균관대 E하우스 앞','정기','F','~10대',1,64.86,0.54,2340,34
'2017-03','345',' 서울보증보험본사 앞','정기','F','~10대',3,75.58,0.85,3670,38
'2017-03','346',' 맥스타일 앞','정기','F','~10대',1,86.01,0.84,3620,37
'2017-03','353',' 재동초교 앞 삼거리','정기','F','~10대',7,284.37,3.19,13810,110
'2017-03','117',' 홍은사거리','정기','F','~10대',19,4844.59,40.48,174480,788
'2017-03','354',' 포르투갈 대사관 앞','정기','F','~10대',6,230.23,2.59,11180,75
'2017-03','355',' 서울사대부속초교 앞','정기','F','~10대',4,226.25,2.04,8790,69
'2017-03','356',' KT혜화지사 앞','정기','F','~10대',2,33.21,0.37,1570,11
'2017-03','358',' 성대입구 사거리','정기','F','~10대',58,1414.04,13.78,59180,390
'2017-03','359',' 원남동사거리','정기','F','~10대',81,1879.66,20.75,89400,634
'2017-03','361',' 동묘앞역 1번출구 뒤','정기','F','~10대',1,95.36,0.8,3440,34
'2017-03','113',' 홍대입구역 2번출구 앞','정기','F','~10대',7,544.03,4.98,21420,158
'2017-03','367',' 독립문역 3-1번출구 ','정기','F','~10대',4,311.21,2.97,12780,151
'2017-03','118',' 광흥창역 2번출구 앞','정기','F','~10대',2,566.22,4.99,21510,118
'2017-03','377',' 서울역 4번출구 앞','정기','F','~10대',1,94.11,1.06,4570,49
'2017-03','381',' 장충체육관','정기','F','~10대',6,290.19,2.12,9160,71
'2017-03','114',' 홍대입구역 8번출구 앞','정기','F','~10대',1,52.27,0.56,2400,19
'2017-03','143',' 공덕역 2번출구','정기','F','~10대',5,1069.86,8.16,35200,215
'2017-03','144',' 공덕역 8번출구','정기','F','~10대',1,162.15,1.64,7060,48
'2017-03','145',' 공덕역 5번출구','정기','F','~10대',1,85.16,0.89,3840,15
'2017-03','153',' 성산2교 사거리','정기','F','~10대',2,70.69,0.55,2380,19
'2017-03','154',' 마포구청역 ','정기','F','~10대',2,56.19,0.4,1750,12
'2017-03','155',' 가좌역1 번출구 뒤','정기','F','~10대',1,63.56,0.5,2140,25
'2017-03','158',' 독립문 어린이 공원','정기','F','~10대',6,900.79,9.02,38920,202
'2017-03','159',' 이대역 4번 출구','정기','F','~10대',5,138.82,1.45,6260,38
'2017-03','160',' 북아현동 가구거리','정기','F','~10대',10,270.07,2.81,12180,86
'2017-03','163',' 명지전문대학교 정문 앞','정기','F','~10대',2,229.43,2.38,10250,69
'2017-03','166',' 가재울 초등학교','정기','F','~10대',1,45.3,0.41,1760,14
'2017-03','168',' 남가좌동 사거리','정기','F','~10대',2,28.31,0.26,1100,4
'2017-03','169',' 북가좌 삼거리','정기','F','~10대',1,193.82,1.75,7530,36
'2017-03','170',' 가재울 뉴타운 주유소 옆','정기','F','~10대',6,400.78,3.62,15570,120
'2017-03','171',' 임광빌딩 앞','정기','F','~10대',4,161.97,1.85,8020,98
'2017-03','173',' 서대문역 8번출구 앞','정기','F','~10대',1,0,0,0,11
'2017-03','175',' 홍연2교옆','정기','F','~10대',5,1121.79,9.41,40550,185
'2017-03','180',' 충정로역 7번출구 뒤','정기','F','~10대',3,91.03,0.95,4110,27
'2017-03','519',' 양지사거리','정기','F','~10대',1,94.09,1,4320,28
'2017-03','523',' 옥수동성당 옆','정기','F','~10대',1,186.94,1.96,8430,37
'2017-03','122',' 신성기사식당 앞','정기','F','~10대',1,26.78,0.32,1380,9
'2017-03','524',' 래미안금호하이리버 아파트 102동 옆','정기','F','~10대',1,11.88,0.12,500,3
'2017-03','525',' 한양대병원사거리','정기','F','~10대',6,1146.44,12.12,52210,242
'2017-03','526',' 용답토속공원 앞','정기','F','~10대',1,64.02,0.74,3170,31
'2017-03','534',' 금호사거리','정기','F','~10대',1,85.06,0.83,3580,32
'2017-03','535',' 응봉삼거리','정기','F','~10대',2,314.5,3.35,14440,65
'2017-03','537',' 한양대후문역 부근','정기','F','~10대',2,243.66,3.4,14650,78
'2017-03','123',' 문화촌 공원','정기','F','~10대',3,215.77,1.77,7650,52
'2017-03','540',' 군자역 7번출구 베스트샵 앞','정기','F','~10대',1,18.98,0.22,940,6
'2017-03','544',' 광남중학교','정기','F','~10대',1,129.77,1.31,5650,28
'2017-03','549',' 아차산역 3번출구','정기','F','~10대',2,65.82,0.64,2770,18
'2017-03','124',' 서강대 정문 건너편','정기','F','~10대',1,66.15,0.6,2570,16
'2017-03','607',' 신이문역 2번출구','정기','F','~10대',1,283.14,3.02,13000,73
'2017-03','609',' 제기2교','정기','F','~10대',2,265.93,2.83,12210,73
'2017-03','612',' 시립동부병원 앞 사거리','정기','F','~10대',2,611.33,5.51,23750,134
'2017-03','614',' 용두동 사거리','정기','F','~10대',5,1010.8,9.11,39270,240
'2017-03','227',' 양평2나들목 보행통로 입구','정기','F','~10대',20,2684.44,24.4,105220,548
'2017-03','228',' 선유도역 3번출구 앞','정기','F','~10대',8,279.68,2.52,10840,83
'2017-03','229',' 양평1 보행육교 앞','정기','F','~10대',2,266.61,1.93,8310,110
'2017-03','232',' 양평우림 이비즈센타 앞','정기','F','~10대',5,870.11,8.82,38010,232
'2017-03','237',' 보라매 두산위브 건너편','정기','F','~10대',1,127.85,1.36,5870,39
'2017-03','239',' 유스호스텔 앞','정기','F','~10대',2,682.47,5.71,24620,116
'2017-03','240',' 문래역 4번출구 앞','정기','F','~10대',1,17.92,0.2,870,6
'2017-03','242',' 신길선원가와인아파트 앞','정기','F','~10대',3,355.99,3.21,13830,115
'2017-03','243',' 이앤씨드림타워 앞','정기','F','~10대',1,25.53,0.29,1240,9
'2017-03','244',' 영등포삼환아파트 앞','정기','F','~10대',3,175.99,1.92,8230,51
'2017-03','248',' 초원아파트 앞','정기','F','~10대',1,224.99,2.4,10330,53
'2017-03','249',' 여의도중학교 옆','정기','F','~10대',1,118.01,1.38,5960,48
'2017-03','250',' 대림아파트 사거리','정기','F','~10대',1,40.95,0.44,1880,12
'2017-03','251',' 서울지방병무청 버스정류장','정기','F','~10대',2,130.9,1.4,6010,48
'2017-03','252',' 보라매역4번출구','정기','F','~10대',1,112.82,1.2,5180,37
'2017-03','253',' 신풍역 5번출구 인근','정기','F','~10대',1,0,0,0,25
'2017-03','256',' 동아에코빌입구','정기','F','~10대',6,311.94,3.88,16760,141
'2017-03','259',' 대방역6번출구','정기','F','~10대',2,104.54,1.12,4800,28
'2017-03','702',' 목4동주민센터 옆','정기','F','~10대',1,63.06,0.57,2450,13
'2017-03','708',' 서울출입국관리사무소 앞','정기','F','~10대',1,66.67,0.6,2590,15
'2017-03','710',' 서부화물트럭터미널 사거리','정기','F','~10대',10,173.95,2.12,9150,46
'2017-03','130',' 신촌역(2호선) 7번출구 앞','정기','F','~10대',2,49.14,0.36,1530,27
'2017-03','811',' 녹사평역1번출구','정기','F','~10대',1,15.03,0.16,690,4
'2017-03','815',' LIG강촌아파트 103동앞','정기','F','~10대',1,113.23,1.14,4930,40
'2017-03','132',' 창천문화공원','정기','F','~10대',2,101.12,1.04,4480,37
'2017-03','185',' 마포 신수공원 앞','정기','F','~10대',3,446.98,4.2,18120,110
'2017-03','186',' 월드컵공원','정기','F','~10대',1,68.21,0.61,2650,18
'2017-03','192',' 연서어린이공원','정기','F','~10대',10,298.16,3.06,13210,82
'2017-03','178',' 증산3교 앞','정기','F','~10대',1,67.95,0.61,2640,18
'2017-03','133',' 해담는다리','정기','F','~10대',3,181.14,1.43,6150,83
'2017-03','194',' 증산교 앞','정기','F','~10대',3,476.36,4.81,20740,105
'2017-03','198',' 충정2교','정기','F','~10대',1,109.77,1.17,5040,39
'2017-03','556',' 달맞이공원','정기','F','~10대',1,278.78,2.97,12800,65
'2017-03','558',' 성동광진 교육지원청 앞','정기','F','~10대',1,60.79,0.7,3010,21
'2017-03','559',' 왕십리역 4번 출구 건너편','정기','F','~10대',2,188.03,2.16,9310,86
'2017-03','564',' 금호역 3번출구','정기','F','~10대',1,52.91,0.39,1670,14
'2017-03','135',' 명물길 원형무대 앞','정기','F','~10대',2,49.88,0.53,2290,67
'2017-03','583',' 청계천 생태교실 앞','정기','F','~10대',1,25.34,0.3,1280,8
'2017-03','551',' 구의삼성쉐르빌 앞','정기','F','~10대',4,105.53,1.31,5670,83
'2017-03','554',' 아차산역 사거리','정기','F','~10대',6,73.07,0.86,3690,30
'2017-03','555',' 구의3동주민센터','정기','F','~10대',1,100.9,0.91,3920,146
'2017-03','571',' 어린이대공원역6번출구','정기','F','~10대',1,68.73,0.62,2670,55
'2017-03','573',' 구의문주차장 앞','정기','F','~10대',9,302.91,3.27,14080,81
'2017-03','137',' NH농협 신촌지점 앞','정기','F','~10대',2,80.39,0.85,3660,33
'2017-03','622',' 전농사거리 교통섬','정기','F','~10대',1,29.86,0.27,1160,13
'2017-03','623',' 서울시립대 정문 앞','정기','F','~10대',1,171.69,1.55,6670,54
'2017-03','633',' 청량리 기업은행 앞','정기','F','~10대',2,130.29,1.09,4700,51
'2017-03','641',' 용두역 4번출구','정기','F','~10대',4,414.21,4.85,20920,110
'2017-03','642',' 신답역 사거리','정기','F','~10대',1,75.98,0.84,3620,27
'2017-03','140',' 이화여대 후문','정기','F','~10대',1,64.31,0.65,2800,17
'2017-03','262',' 영문초등학교 사거리','정기','F','~10대',3,39.37,0.47,2040,16
'2017-03','263',' 근로자회관 사거리','정기','F','~10대',1,18.53,0.21,900,5
'2017-03','266',' 영등포청과시장 사거리','정기','F','~10대',2,37.97,0.47,2040,11
'2017-03','267',' 삼성화재 사옥 옆','정기','F','~10대',4,490.35,4.41,19050,116
'2017-03','268',' 그랜드컨벤션센터 앞','정기','F','~10대',2,100.98,1.18,5100,72
'2017-03','271',' 샛강생태공원방문자센터 앞','정기','F','~10대',1,147.07,1.44,6190,31
'2017-03','272',' 당산육갑문','정기','F','~10대',3,99.62,0.89,3870,28
'2017-03','716','신정6동 주민센터 인근','정기','F','~10대',1,30.12,0.27,1170,9
'2017-03','720',' 서울강월초등학교 앞','정기','F','~10대',24,627.09,7.66,32990,104
'2017-03','816',' 신용산역 6번출구 앞','정기','F','~10대',1,239.14,2.55,10980,48
'2017-03','817',' 삼각지역 4번출구 앞','정기','F','~10대',1,86.82,0.88,3780,33
'2017-03','819',' 선린인터넷 고등학교','정기','F','~10대',3,118.56,1.23,5300,24
'2017-03','584',' 광진광장 교통섬','정기','F','~10대',1,86.04,0.9,3880,16
'2017-03','901',' 응암1동사무소','정기','F','~10대',22,972,9.16,39500,332
'2017-03','906',' 연신내역 5번출구150M 아래','정기','F','~10대',2,297.15,2.52,10850,75
'2017-03','907',' CJ 드림시티','정기','F','~10대',4,417.53,3.69,15850,79
'2017-03','201',' 진미파라곤 앞','정기','F','~10대',1,175.11,1.87,8040,56
'2017-03','912',' 응암오거리','정기','F','~10대',1,136.86,1.11,4800,27
'2017-03','913',' 이마트 은평점','정기','F','~10대',4,179.37,1.29,5590,58
'2017-03','914',' 새절역 2번출구','정기','F','~10대',3,145.41,1.33,5730,35
'2017-03','915',' 증산역 4번출구','정기','F','~10대',7,712.46,5.43,23480,171
'2017-03','916',' 평생학습관 앞','정기','F','~10대',1,0,0,0,11
'2017-03','202',' 국민일보 앞','정기','F','~10대',1,0,0,0,4
'2017-03','927',' 연신내역 3번출구 인근','정기','F','~10대',1,63.63,0.48,2060,24
'2017-03','931',' 역촌파출소','정기','F','~10대',2,83.8,0.64,2760,20
'2017-03','932',' 예일여중','정기','F','~10대',14,1139.73,9.39,40570,357
'2017-03','933',' LG서비스 역촌점','정기','F','~10대',10,915.5,6.14,26400,236
'2017-03','103',' 망원역 2번출구 앞','정기','F','~10대',3,242.35,2.38,10210,85
'2017-03','212',' 여의도역 1번출구 옆','정기','F','~10대',1,136.13,1.45,6250,39
'2017-03','213',' KT앞','정기','F','~10대',1,0,0,0,35
'2017-03','220',' 미성아파트 A동 앞','정기','F','~10대',1,219.32,2.34,10070,55
'2017-03','222',' 시범아파트버스정류장 옆','정기','F','~10대',1,32.45,0.35,1490,9
'2017-03','105',' 합정역 5번출구 앞','정기','F','~10대',2,30.8,0.22,960,20
'2017-03','106',' 합정역 7번출구 앞','정기','F','~10대',1,25.38,0.21,890,19
'2017-03','420',' 서울시 공공자전거 상암센터','정기','F','~10대',1,51.48,0.46,2000,14
'2017-03','409',' 누리꿈스퀘어 옆','정기','F','~10대',1,118.92,1.27,5460,37
'2017-03','419',' 홈플러스 앞','정기','F','~10대',6,723.26,5.59,24060,250
'2017-03','418',' 월드컵경기장역 3번출구 옆','정기','F','~10대',8,1198.23,11.02,47450,415
'2017-03','500',' 어린이대공원역 3번출구 앞','정기','F','~10대',3,89.15,0.98,4270,27
'2017-03','501',' 광진구의회 앞','정기','F','~10대',3,528.4,5.14,22150,112
'2017-03','502',' 뚝섬유원지역 1번출구 앞','정기','F','~10대',4,627.14,7.02,30220,160
'2017-03','108',' 서교동 사거리','정기','F','20대',75,4212.24,36.16,155830,1285
'2017-03','503',' 더샵스타시티 C동 앞','정기','F','20대',78,3191.09,33.58,144680,1391
'2017-03','504',' 신자초교입구교차로','정기','F','20대',77,3655.41,35.12,151490,986
'2017-03','505',' 자양사거리 광진아크로텔 앞','정기','F','20대',71,4642.47,47.3,203910,1215
'2017-03','506',' 금호 어울림 아파트 앞','정기','F','20대',12,1286.49,12.49,53770,293
'2017-03','507',' 성수아이에스비즈타워 앞','정기','F','20대',32,1506.93,15.02,64770,467
'2017-03','508',' 성수아카데미타워 앞','정기','F','20대',66,3004.84,30.82,132990,1220
'2017-03','509',' 이마트 버스정류소 옆','정기','F','20대',69,4055.45,40.56,174790,1592
'2017-03','510',' 서울숲 남문 버스정류소 옆','정기','F','20대',16,1116.54,11.36,48980,437
'2017-03','511',' 서울숲역 4번 출구 옆','정기','F','20대',40,3406.16,31.49,135810,1143
'2017-03','512',' 뚝섬역 1번 출구 옆','정기','F','20대',76,5261.6,53.21,229460,1618
'2017-03','109',' 제일빌딩 앞','정기','F','20대',53,3493.05,37.29,160790,1054
'2017-03','400',' 상암한화오벨리스크 1차 앞','정기','F','20대',39,1663.09,17.53,75610,611
'2017-03','513',' 뚝섬역 5번 출구 정류소 옆','정기','F','20대',57,3372.07,33.17,143120,983
'2017-03','514',' 성수사거리 버스정류장 앞','정기','F','20대',64,4705.7,45.03,194350,1143
'2017-03','515',' 광양중학교 앞','정기','F','20대',35,3402.17,34.25,147570,642
'2017-03','516',' 광진메디칼 앞','정기','F','20대',65,4189.75,40.34,173840,1198
'2017-03','300',' 정동사거리','정기','F','20대',32,1691.55,16.3,70350,543
'2017-03','301',' 경복궁역 7번출구 앞','정기','F','20대',26,1687.44,15.9,68510,477
'2017-03','302',' 경복궁역 4번출구 뒤','정기','F','20대',111,4717.14,45.51,196140,1726
'2017-03','303',' 광화문역 1번출구 앞','정기','F','20대',55,2832.17,27.32,117620,1087
'2017-03','115',' 사루비아 빌딩 앞','정기','F','20대',66,3949.2,39.3,169510,1272
'2017-03','304',' 광화문역 2번출구 앞','정기','F','20대',19,745.9,7.77,33520,294
'2017-03','305',' 종로구청 옆','정기','F','20대',36,1669.54,17.08,73580,640
'2017-03','306',' 광화문역 7번출구 앞','정기','F','20대',31,1697.3,16.79,72380,614
'2017-03','307',' 서울역사박물관 앞','정기','F','20대',74,3583.32,36.37,156910,1270
'2017-03','308',' 광화문 S타워 앞','정기','F','20대',16,821.91,7.33,31600,431
'2017-03','309',' 광화문역 6번출구 옆','정기','F','20대',40,2913.24,29.77,128440,885
'2017-03','310',' 청계광장 옆','정기','F','20대',6,556.93,5.06,21840,132
'2017-03','311',' 서울광장 옆','정기','F','20대',60,3104.4,30.96,133400,1325
'2017-03','312',' 시청역 1번출구 뒤','정기','F','20대',39,1754.81,16.87,72750,689
'2017-03','313',' 서울역 광장 파출소 옆','정기','F','20대',21,840.48,8.81,37960,363
'2017-03','110',' 사천교','정기','F','20대',18,1824.74,16.58,71530,346
'2017-03','314',' 국립현대미술관','정기','F','20대',55,2239.1,24.48,105530,1393
'2017-03','315',' 신한은행 안국역지점 옆','정기','F','20대',42,2012.38,19.4,83500,1229
'2017-03','316',' 종각역 1번출구 앞','정기','F','20대',119,6249.75,63.78,274750,2179
'2017-03','318',' 광교사거리 남측','정기','F','20대',27,2282.42,22.45,96820,665
'2017-03','320',' 을지로입구역 4번출구 앞','정기','F','20대',50,2618.3,27.65,119050,869
'2017-03','321',' KEB 하나은행 본점 앞','정기','F','20대',25,1602.78,15.1,65130,535
'2017-03','322',' 명동성당 앞','정기','F','20대',28,1930.48,19.33,83340,584
'2017-03','116',' 일진아이윌아파트 옆','정기','F','20대',78,3871.84,40.16,173440,1057
'2017-03','324',' 신세계백화점 본점 앞','정기','F','20대',76,5087.79,55.17,237820,1774
'2017-03','326',' 안국역 5번출구 앞','정기','F','20대',54,2840.29,29.32,126350,934
'2017-03','327',' 낙원상가 옆','정기','F','20대',54,1924.01,19.37,83540,574
'2017-03','328',' 탑골공원 앞','정기','F','20대',127,6790.63,68.92,297300,2358
'2017-03','329',' 청계2가 사거리 옆','정기','F','20대',64,3250.71,30.03,129620,966
'2017-03','330',' 청계천 한빛광장','정기','F','20대',11,740.34,7.21,31070,209
'2017-03','331',' 을지로2가 사거리 북측','정기','F','20대',31,1528.13,15.55,66990,413
'2017-03','332',' 을지로2가 사거리 남측','정기','F','20대',19,1157.75,11.04,47500,375
'2017-03','111',' 상수역 2번출구 앞','정기','F','20대',120,9785.76,96.1,414400,2622
'2017-03','334',' 종로3가역 2번출구 뒤','정기','F','20대',39,1578.9,17.68,76370,551
'2017-03','335',' 종로3가역 15번출구 앞','정기','F','20대',107,5557.49,54.45,234760,1818
'2017-03','336',' 티마크 호텔 앞','정기','F','20대',36,1923.62,19.17,82690,678
'2017-03','337',' 창경궁 입구','정기','F','20대',33,1080.92,11.45,49380,318
'2017-03','338',' 세운스퀘어 앞','정기','F','20대',84,2819.37,30.35,130820,902
'2017-03','339',' 종로4가 사거리','정기','F','20대',85,3363.35,33.9,146180,1428
'2017-03','340',' 혜화동 로터리','정기','F','20대',74,4860.25,49.09,211680,1291
'2017-03','341',' 혜화역 3번출구 뒤','정기','F','20대',73,4501.27,43.77,188620,1552
'2017-03','342',' 대학로 마로니에공원','정기','F','20대',77,2454.66,26.71,115500,923
'2017-03','343',' 예일빌딩(율곡로) 앞','정기','F','20대',38,1760.61,16.72,71980,424
'2017-03','112',' 극동방송국 앞','정기','F','20대',100,5303.78,55.1,237680,1562
'2017-03','344',' 성균관대 E하우스 앞','정기','F','20대',65,1772.61,20.17,86650,571
'2017-03','345',' 서울보증보험본사 앞','정기','F','20대',57,2129.6,21.06,90870,702
'2017-03','346',' 맥스타일 앞','정기','F','20대',74,4935.7,47.69,205780,2084
'2017-03','347',' 동대문역사문화공원역 9번출구 앞','정기','F','20대',50,2955.73,34.6,149150,1042
'2017-03','349',' 사직동주민센터','정기','F','20대',57,2177.52,21.35,91860,777
'2017-03','350','KEB 하나은행(내자동 지점) 앞','정기','F','20대',36,1363.42,14.62,63080,648
'2017-03','351',' 청운초교 앞 삼거리','정기','F','20대',63,4270.8,44.79,193070,1397
'2017-03','352',' 중앙고입구 삼거리','정기','F','20대',29,1128.96,11.18,48200,304
'2017-03','353',' 재동초교 앞 삼거리','정기','F','20대',49,2259.29,23.66,102010,747
'2017-03','117',' 홍은사거리','정기','F','20대',40,4148.59,39.94,172060,1055
'2017-03','354',' 포르투갈 대사관 앞','정기','F','20대',39,1622.08,18.13,78150,587
'2017-03','355',' 서울사대부속초교 앞','정기','F','20대',69,2822.8,29.09,125420,881
'2017-03','356',' KT혜화지사 앞','정기','F','20대',67,3258.68,34.25,147500,1122
'2017-03','358',' 성대입구 사거리','정기','F','20대',214,7343.74,75.82,326680,2468
'2017-03','359',' 원남동사거리','정기','F','20대',91,2878.41,28.98,124620,1077
'2017-03','361',' 동묘앞역 1번출구 뒤','정기','F','20대',57,2096.59,20.35,87660,640
'2017-03','362',' 청계8가 사거리','정기','F','20대',70,2634.01,26.68,115290,1001
'2017-03','363',' 신설동역 11번출구 뒤','정기','F','20대',29,1180.38,14.3,61650,426
'2017-03','364',' 창신역 1번출구 앞','정기','F','20대',49,2783.28,25.21,108560,693
'2017-03','113',' 홍대입구역 2번출구 앞','정기','F','20대',296,15404.85,156.9,676300,5424
'2017-03','367',' 독립문역 3-1번출구 ','정기','F','20대',49,2828.81,31.1,134050,1043
'2017-03','368',' SK 서린빌딩 앞','정기','F','20대',26,1415.41,10.45,44960,380
'2017-03','369',' 광화문 시민열린마당','정기','F','20대',26,1303.15,13.34,57490,599
'2017-03','348',' 독립문역 사거리','정기','F','20대',31,2003.97,19.69,84780,487
'2017-03','370',' 시청역(2호선) 9번출구 뒤','정기','F','20대',42,2777.56,26.17,112740,1040
'2017-03','371',' 동대입구역 6번출구 뒤','정기','F','20대',29,1506.89,15,64690,647
'2017-03','372',' 약수역 3번출구 뒤','정기','F','20대',21,1744.85,16.56,71420,441
'2017-03','373',' 청구 어린이공원','정기','F','20대',4,214.92,2.25,9710,143
'2017-03','374',' 청구역 2번출구 앞','정기','F','20대',33,958.82,9.65,41430,309
'2017-03','118',' 광흥창역 2번출구 앞','정기','F','20대',75,4002.93,38.62,166380,987
'2017-03','375',' 다산 어린이공원','정기','F','20대',45,2131.22,21.43,92360,905
'2017-03','377',' 서울역 4번출구 앞','정기','F','20대',8,709.8,7.4,31920,266
'2017-03','378',' 청계7가 사거리','정기','F','20대',35,1182.24,12.75,54950,716
'2017-03','379',' 서울역9번출구','정기','F','20대',11,590.77,5.69,24520,232
'2017-03','380',' CJ제일제당 앞','정기','F','20대',46,4191.99,39.13,168760,1302
'2017-03','381',' 장충체육관','정기','F','20대',15,1111.36,11.94,51400,419
'2017-03','382',' 약수역 10번출구 앞','정기','F','20대',11,489.97,5.34,23040,176
'2017-03','383',' 신당역 12번 출구 뒤','정기','F','20대',89,4200.8,40.15,172980,1372
'2017-03','384',' 종로학원본원 ','정기','F','20대',22,1089.02,11.23,48400,349
'2017-03','114',' 홍대입구역 8번출구 앞','정기','F','20대',133,7548.88,78.8,339380,2639
'2017-03','142',' 아현역 4번출구 앞','정기','F','20대',47,2324.33,23.48,101290,624
'2017-03','143',' 공덕역 2번출구','정기','F','20대',39,1697.3,17.11,73780,658
'2017-03','144',' 공덕역 8번출구','정기','F','20대',101,7181.52,72.86,314130,2220
'2017-03','145',' 공덕역 5번출구','정기','F','20대',62,2815.96,30.82,132930,928
'2017-03','146',' 마포역 1번출구 뒤','정기','F','20대',67,7014.11,65.53,282480,1732
'2017-03','147',' 마포역 4번출구 뒤','정기','F','20대',50,5022.75,46.87,202130,1196
'2017-03','148',' 용강동 주민센터 앞','정기','F','20대',52,2693.06,25.32,109110,696
'2017-03','150',' 서강대역 2번출구 앞','정기','F','20대',51,3161.54,32.25,139050,1186
'2017-03','151',' 망원1동주민센터','정기','F','20대',78,5606.08,57.19,246650,1577
'2017-03','152',' 마포구민체육센터 앞','정기','F','20대',94,11402,109.61,472460,3458
'2017-03','119',' 서강나루 공원','정기','F','20대',66,5134.54,50.25,216630,1209
'2017-03','153',' 성산2교 사거리','정기','F','20대',137,7831.64,74.72,321960,1982
'2017-03','154',' 마포구청역 ','정기','F','20대',103,6647.57,65.19,281090,1718
'2017-03','155',' 가좌역1 번출구 뒤','정기','F','20대',57,3223.35,32.77,141270,834
'2017-03','156',' 서울서부지방법원 앞','정기','F','20대',29,2433.28,23.84,102780,705
'2017-03','157',' 애오개역 4번출구 앞','정기','F','20대',26,1341.06,13.68,59010,391
'2017-03','158',' 독립문 어린이 공원','정기','F','20대',38,2496.88,23.76,102250,823
'2017-03','159',' 이대역 4번 출구','정기','F','20대',151,7535.39,72.64,313510,2174
'2017-03','160',' 북아현동 가구거리','정기','F','20대',32,1600.77,15.74,67890,459
'2017-03','161',' 무악재역1번 출구','정기','F','20대',20,1818.58,17.86,76870,462
'2017-03','162',' 봉원고가차도 밑','정기','F','20대',143,5637.34,55.25,238360,1380
'2017-03','120',' 신수동 사거리','정기','F','20대',35,3119.74,32.12,138560,723
'2017-03','163',' 명지전문대학교 정문 앞','정기','F','20대',37,3665.08,36.97,159260,935
'2017-03','164',' 북가좌1동 주민센터 ','정기','F','20대',37,944.32,9.5,40980,221
'2017-03','165',' 중앙근린공원','정기','F','20대',15,1303.96,13.41,57820,357
'2017-03','166',' 가재울 초등학교','정기','F','20대',28,3061.4,31.6,136160,764
'2017-03','167',' 연가초등학교 옆','정기','F','20대',30,2242.44,20.49,88350,515
'2017-03','168',' 남가좌동 사거리','정기','F','20대',52,3513.47,31.84,137200,1267
'2017-03','169',' 북가좌 삼거리','정기','F','20대',29,2279.39,22.38,96430,644
'2017-03','170',' 가재울 뉴타운 주유소 옆','정기','F','20대',26,3014.75,28.27,121910,692
'2017-03','171',' 임광빌딩 앞','정기','F','20대',24,1020.04,10.65,45930,360
'2017-03','172',' 서대문소방서','정기','F','20대',23,1389.4,14.43,62160,352
'2017-03','121',' 마포소방서 앞','정기','F','20대',41,1660.47,15.27,65850,457
'2017-03','173',' 서대문역 8번출구 앞','정기','F','20대',29,1418.77,15.01,64670,581
'2017-03','175',' 홍연2교옆','정기','F','20대',45,6053.51,59.22,255150,1420
'2017-03','179',' 가좌역 4번출구 앞','정기','F','20대',117,12103.31,116.25,500920,2575
'2017-03','180',' 충정로역 7번출구 뒤','정기','F','20대',48,1729.27,18.18,78460,628
'2017-03','518',' 청계천 박물관 앞','정기','F','20대',15,991.15,10.38,44710,295
'2017-03','519',' 양지사거리','정기','F','20대',43,1498.38,16.06,69260,481
'2017-03','520',' 상왕십리역 4번 출구 앞','정기','F','20대',51,2200.04,23.13,99560,763
'2017-03','521',' 왕십리역 11번 출구 앞','정기','F','20대',27,1543.24,15.86,68360,546
'2017-03','522',' 금호역 1번출구 앞','정기','F','20대',3,353.19,3.33,14340,117
'2017-03','523',' 옥수동성당 옆','정기','F','20대',15,1726.33,17.8,76730,382
'2017-03','122',' 신성기사식당 앞','정기','F','20대',106,3991.75,40.53,174970,1311
'2017-03','524',' 래미안금호하이리버 아파트 102동 옆','정기','F','20대',22,800.39,8.79,37920,176
'2017-03','525',' 한양대병원사거리','정기','F','20대',94,8742.05,89.51,385910,2596
'2017-03','526',' 용답토속공원 앞','정기','F','20대',22,1822.45,17.86,76930,540
'2017-03','529',' 장한평역 8번 출구 앞','정기','F','20대',48,3250.74,34.48,148610,982
'2017-03','530',' 청계벽산아파트 앞','정기','F','20대',17,566.39,5.35,23020,163
'2017-03','533',' 우리은행 금호동 지점 앞','정기','F','20대',4,737.81,6.93,29860,177
'2017-03','534',' 금호사거리','정기','F','20대',4,104.29,1.08,4670,68
'2017-03','535',' 응봉삼거리','정기','F','20대',11,964.12,9.75,41950,339
'2017-03','536',' 행당역 2번출구 앞','정기','F','20대',35,1807.36,17.91,77230,527
'2017-03','537',' 한양대후문역 부근','정기','F','20대',73,3736.41,38.93,167750,1234
'2017-03','123',' 문화촌 공원','정기','F','20대',20,2816.95,24.34,104950,785
'2017-03','538',' 답십리역 8번출구 앞','정기','F','20대',58,3543.09,34.23,147710,1071
'2017-03','550',' 서울시설공단 앞','정기','F','20대',25,1716.22,17.32,74600,408
'2017-03','539',' 군자교교차로','정기','F','20대',24,3286.16,32.99,142340,759
'2017-03','540',' 군자역 7번출구 베스트샵 앞','정기','F','20대',202,11832.27,111.56,480830,3274
'2017-03','542',' 강변역 4번출구 뒤','정기','F','20대',34,2058.5,19.77,85180,580
'2017-03','543',' 구의공원(테크노마트 앞)','정기','F','20대',41,2679.49,24.82,107010,802
'2017-03','544',' 광남중학교','정기','F','20대',16,1732.16,17.78,76720,490
'2017-03','546',' 잠실대교북단 교차로','정기','F','20대',24,922.63,9.93,42820,357
'2017-03','548',' 자양나들목','정기','F','20대',52,2371.68,23.83,102640,682
'2017-03','549',' 아차산역 3번출구','정기','F','20대',48,2624.39,27.73,119410,1022
'2017-03','124',' 서강대 정문 건너편','정기','F','20대',95,4734.85,48.4,208410,1289
'2017-03','600',' 휘경2동 주민센터','정기','F','20대',38,2785.58,23.52,101400,659
'2017-03','601',' 용신동주민센터','정기','F','20대',23,2356.91,22.6,97450,774
'2017-03','602',' 장안동 사거리','정기','F','20대',81,7755.56,77.73,335060,1989
'2017-03','605',' 신설동역8번출구','정기','F','20대',10,427.15,3.68,15900,150
'2017-03','606',' 휘경공고앞','정기','F','20대',14,1108.47,11.61,49950,269
'2017-03','607',' 신이문역 2번출구','정기','F','20대',37,2129.1,19.97,86220,458
'2017-03','608',' 전농삼성아파트','정기','F','20대',5,122.96,1.44,6210,46
'2017-03','609',' 제기2교','정기','F','20대',80,7984.37,78.02,336070,2093
'2017-03','125',' 서강대 남문 옆','정기','F','20대',89,3134.44,34.29,147890,1137
'2017-03','610',' 동대문중 교차로','정기','F','20대',36,2323.42,23.65,101950,531
'2017-03','612',' 시립동부병원 앞 사거리','정기','F','20대',47,2617.35,28.71,123600,822
'2017-03','613',' 신설동역 10번출구 앞','정기','F','20대',39,2258.47,23.21,100080,1624
'2017-03','614',' 용두동 사거리','정기','F','20대',69,3907.94,45.96,198100,1333
'2017-03','615',' 용두동 레미안허브리츠아파트 앞','정기','F','20대',19,2056.67,19.29,83200,442
'2017-03','616',' 서울시립대 앞','정기','F','20대',33,1101.07,12.06,51840,316
'2017-03','617',' 청솔우성아파트 앞','정기','F','20대',19,1261.07,11.37,48970,315
'2017-03','227',' 양평2나들목 보행통로 입구','정기','F','20대',27,4195.79,41.3,178100,867
'2017-03','228',' 선유도역 3번출구 앞','정기','F','20대',49,4432.26,44.8,193100,1253
'2017-03','229',' 양평1 보행육교 앞','정기','F','20대',48,4044.98,43.33,186670,1149
'2017-03','126',' 서강대 후문 옆','정기','F','20대',116,6131.52,62.26,268380,1695
'2017-03','231',' 남부고용노동지청 남측','정기','F','20대',31,799.17,7.4,32000,178
'2017-03','232',' 양평우림 이비즈센타 앞','정기','F','20대',114,5922.93,58.94,254360,1923
'2017-03','233',' YP 센터 앞','정기','F','20대',15,750.83,6.77,29170,177
'2017-03','234',' 영등포구민체육센터 앞','정기','F','20대',8,144.77,1.56,6770,116
'2017-03','235',' 신길동 우리은행 옆','정기','F','20대',38,3644.48,25.09,108240,776
'2017-03','236',' 문래동자이아파트 앞','정기','F','20대',12,971.39,9.47,40850,318
'2017-03','237',' 보라매 두산위브 건너편','정기','F','20대',10,866.34,8.63,37190,267
'2017-03','238',' 제2구민체육센타 앞','정기','F','20대',62,3031.48,28,120720,920
'2017-03','239',' 유스호스텔 앞','정기','F','20대',38,2289.5,22.34,96230,740
'2017-03','240',' 문래역 4번출구 앞','정기','F','20대',33,1375.2,14.52,62660,448
'2017-03','127',' 현대벤처빌 앞','정기','F','20대',70,3207.42,34.26,147750,1016
'2017-03','241',' 신길우성1차아파트 앞 공원','정기','F','20대',16,2532.14,24.05,103640,616
'2017-03','242',' 신길선원가와인아파트 앞','정기','F','20대',49,3051.97,31.05,133910,1042
'2017-03','243',' 이앤씨드림타워 앞','정기','F','20대',11,427.24,3.97,17050,140
'2017-03','244',' 영등포삼환아파트 앞','정기','F','20대',62,4522.48,44.58,192260,1231
'2017-03','245',' 삼성생명 당산사옥 앞','정기','F','20대',64,3159.56,31.57,135920,765
'2017-03','247',' 당산역 10번출구 앞','정기','F','20대',131,8787.89,91.99,396430,2580
'2017-03','248',' 초원아파트 앞','정기','F','20대',28,3517.97,32.64,140720,903
'2017-03','249',' 여의도중학교 옆','정기','F','20대',10,1307.12,12.1,52130,340
'2017-03','250',' 대림아파트 사거리','정기','F','20대',15,1306.56,12.33,53160,290
'2017-03','251',' 서울지방병무청 버스정류장','정기','F','20대',15,1105.48,10.72,46160,289
'2017-03','101',' (구)합정동 주민센터','정기','F','20대',37,3250.61,31.44,135610,741
'2017-03','128',' 신촌역(2호선) 1번출구 옆','정기','F','20대',93,5711.21,58.74,253230,1755
'2017-03','252',' 보라매역4번출구','정기','F','20대',27,2142.86,22.65,97690,846
'2017-03','253',' 신풍역 5번출구 인근','정기','F','20대',28,431.08,3.92,16890,150
'2017-03','254',' 도림신협 앞','정기','F','20대',9,1111.23,10.37,44610,360
'2017-03','255',' 도림4거리','정기','F','20대',3,567.12,5.43,23450,133
'2017-03','256',' 동아에코빌입구','정기','F','20대',5,813.58,7.28,31370,207
'2017-03','257',' 신길삼거리(우리은행)','정기','F','20대',46,3334.51,32.09,138390,890
'2017-03','258',' 신길역3번출구','정기','F','20대',39,1928.89,19.13,82540,690
'2017-03','259',' 대방역6번출구','정기','F','20대',57,3172.38,30.24,130330,865
'2017-03','700',' KB국민은행 염창역 지점 앞','정기','F','20대',34,5247.87,52.28,225360,1313
'2017-03','701',' 목동사거리 부근','정기','F','20대',7,1145.82,9.14,39350,218
'2017-03','129',' 신촌역(2호선) 6번출구 옆','정기','F','20대',56,1757.26,17.62,75990,550
'2017-03','702',' 목4동주민센터 옆','정기','F','20대',13,1359.72,13.68,58970,393
'2017-03','703',' 오목교역 7번출구 앞','정기','F','20대',81,7019.95,72.08,310630,1971
'2017-03','704',' 남부법원검찰청 교차로','정기','F','20대',27,1625.21,16.58,71410,401
'2017-03','706',' 신정네거리역','정기','F','20대',24,1396.93,14.58,62790,532
'2017-03','707',' 신정3동주민센터','정기','F','20대',17,1143.45,12.82,55260,376
'2017-03','708',' 서울출입국관리사무소 앞','정기','F','20대',31,2179.09,22.42,96490,648
'2017-03','709',' 신정3동 현장민원실 앞','정기','F','20대',3,59.46,0.54,2310,16
'2017-03','710',' 서부화물트럭터미널 사거리','정기','F','20대',1,149.49,1.75,7550,33
'2017-03','712',' 강월초교입구 사거리','정기','F','20대',20,1943.5,19.76,85190,483
'2017-03','130',' 신촌역(2호선) 7번출구 앞','정기','F','20대',87,5005.51,50.48,217450,1422
'2017-03','713',' 양서중학교 옆','정기','F','20대',1,182.25,1.55,6670,57
'2017-03','714',' 한국SGI 양천문화회관 앞','정기','F','20대',2,128.84,1.54,6640,39
'2017-03','800',' 목월공원 앞','정기','F','20대',26,2909.58,27.83,119820,824
'2017-03','802',' 한강진역 2번 출구 앞','정기','F','20대',31,1092.76,12.06,52140,278
'2017-03','803',' 한남초교 앞 보도육교','정기','F','20대',2,315.14,2.91,12550,65
'2017-03','805',' 문배어린이공원 앞','정기','F','20대',24,2190.34,22.5,97010,802
'2017-03','806',' 전자랜드 본관 앞','정기','F','20대',12,603.14,6.63,28620,267
'2017-03','807',' 서울역 12번 출구 앞','정기','F','20대',45,2379.38,22.27,96040,623
'2017-03','808',' 서빙고동 금호맨션 앞','정기','F','20대',2,191.11,2,8650,53
'2017-03','131',' 증산2교','정기','F','20대',25,1701.03,17.42,75030,543
'2017-03','809',' 한남 유수지 복개주차장','정기','F','20대',36,5854.51,60.24,259590,1369
'2017-03','810',' 이태원지하보도','정기','F','20대',19,1603.55,14.86,64010,450
'2017-03','811',' 녹사평역1번출구','정기','F','20대',29,1833.57,18.13,78180,453
'2017-03','812',' 용산전쟁기념관','정기','F','20대',8,266.78,2.99,12860,155
'2017-03','813',' 삼각지역 3번출구','정기','F','20대',20,1050.29,11.55,49720,461
'2017-03','815',' LIG강촌아파트 103동앞','정기','F','20대',12,1809.62,21.38,92110,464
'2017-03','385',' 종각역 5번출구','정기','F','20대',114,7033.65,68.72,296550,2120
'2017-03','386',' 올림픽기념 국민생활관 앞','정기','F','20대',106,5573.31,57.65,248580,1764
'2017-03','387',' 훈련원공원주차장 앞','정기','F','20대',25,1051.7,10.83,46610,523
'2017-03','181',' 망원초록길 입구','정기','F','20대',25,3424.26,33.73,145450,936
'2017-03','132',' 창천문화공원','정기','F','20대',56,3089.46,30.8,132850,1021
'2017-03','182',' 망원2빗물펌프장 앞','정기','F','20대',30,5041.54,43.52,187610,1217
'2017-03','183',' 하늘채코오롱아파트 건너편','정기','F','20대',145,6465.27,62.91,271280,2027
'2017-03','184',' SK망원동주유소 건너편','정기','F','20대',102,5656.4,56.44,243520,1952
'2017-03','185',' 마포 신수공원 앞','정기','F','20대',50,4686.29,50.23,216610,1152
'2017-03','186',' 월드컵공원','정기','F','20대',17,2456.3,24.3,104750,580
'2017-03','177',' 북가좌 초등학교','정기','F','20대',21,1450.25,14.89,64230,416
'2017-03','188',' 홍은동 정원여중 입구','정기','F','20대',50,4407.27,40.77,175700,976
'2017-03','191',' 정명학원','정기','F','20대',19,1860.37,20.52,88420,506
'2017-03','192',' 연서어린이공원','정기','F','20대',17,1244.36,12.84,55350,339
'2017-03','178',' 증산3교 앞','정기','F','20대',21,755.05,7.77,33430,173
'2017-03','133',' 해담는다리','정기','F','20대',27,3151.24,33.54,144510,744
'2017-03','194',' 증산교 앞','정기','F','20대',85,6572.06,70.81,304930,1619
'2017-03','195',' 모래내고가차도 ','정기','F','20대',60,2290.32,19.33,83460,487
'2017-03','196',' 연희교차로 인근','정기','F','20대',23,1639.92,16.6,71520,509
'2017-03','198',' 충정2교','정기','F','20대',44,1974.03,19.5,83840,479
'2017-03','556',' 달맞이공원','정기','F','20대',10,1780.78,18.37,79220,405
'2017-03','557',' 도선동 주민센터 앞','정기','F','20대',80,2107.47,23.68,102100,628
'2017-03','558',' 성동광진 교육지원청 앞','정기','F','20대',40,2781.24,27.61,119120,800
'2017-03','134',' 연세로 명물길','정기','F','20대',17,777.37,7.31,31540,226
'2017-03','559',' 왕십리역 4번 출구 건너편','정기','F','20대',61,4547.74,48.89,210770,1282
'2017-03','560',' 비전교회 앞','정기','F','20대',78,2911.11,30.12,129780,1012
'2017-03','561',' 서울숲역 2번출구 앞','정기','F','20대',42,2066.64,20.98,90520,819
'2017-03','562',' 군자지하보도 앞','정기','F','20대',17,900.26,8.84,38100,286
'2017-03','563',' 성동세무서 건너편','정기','F','20대',55,2563.49,24.67,106500,716
'2017-03','564',' 금호역 3번출구','정기','F','20대',4,101.09,1.1,4690,40
'2017-03','565',' 옥수역 3번출구','정기','F','20대',77,11945.98,126.34,544640,3032
'2017-03','567',' 성수역 2번출구 앞','정기','F','20대',89,4310.92,43.09,185600,1278
'2017-03','568',' 청계8가사거리 부근','정기','F','20대',112,5170.53,52.72,227180,1946
'2017-03','135',' 명물길 원형무대 앞','정기','F','20대',26,877.94,9.46,40720,279
'2017-03','569',' 응봉현대아파트 정류소','정기','F','20대',2,80.78,0.94,4080,28
'2017-03','578',' 성동세무서 부근','정기','F','20대',105,6340.09,61.95,267280,1899
'2017-03','579',' 마장역 4번출구','정기','F','20대',86,3472.67,33.98,146690,1340
'2017-03','580',' 신금호역 3번출구 뒤','정기','F','20대',7,564.3,4.77,20510,126
'2017-03','581',' 용답초등학교','정기','F','20대',28,3644.89,42.4,182760,1129
'2017-03','582',' 경일중학교 앞','정기','F','20대',55,2899.18,28.04,120920,1094
'2017-03','583',' 청계천 생태교실 앞','정기','F','20대',90,11908.38,116.44,501820,2752
'2017-03','551',' 구의삼성쉐르빌 앞','정기','F','20대',65,3007.51,29.61,127560,979
'2017-03','552',' 대림아크로리버 앞','정기','F','20대',8,716.28,6.01,25910,190
'2017-03','553',' 중곡 성원APT 앞','정기','F','20대',11,1035.79,11.29,48640,449
'2017-03','136',' 대흥동 주민센터','정기','F','20대',30,1381.26,13.29,57300,380
'2017-03','554',' 아차산역 사거리','정기','F','20대',49,3398.86,37.12,160120,1559
'2017-03','555',' 구의3동주민센터','정기','F','20대',7,122.72,1.49,6400,95
'2017-03','571',' 어린이대공원역6번출구','정기','F','20대',125,6909.4,65.07,280660,2230
'2017-03','572',' 국립정신 건강센터 앞','정기','F','20대',31,2129.67,22.45,96850,778
'2017-03','573',' 구의문주차장 앞','정기','F','20대',136,7123.59,62.61,269940,1856
'2017-03','574',' 아차산역4번출구','정기','F','20대',41,2789.31,28.61,123230,1063
'2017-03','575',' 중앙농협 중곡지점','정기','F','20대',2,91.99,0.85,3670,24
'2017-03','576',' 광나루역 3번 출구','정기','F','20대',17,1760.71,15.35,66100,453
'2017-03','577',' 광진청소년수련관','정기','F','20대',37,2563.95,25.33,109030,901
'2017-03','621',' 동대문중학교 옆','정기','F','20대',9,293.81,3.2,13750,99
'2017-03','137',' NH농협 신촌지점 앞','정기','F','20대',48,2053.67,21.17,91250,708
'2017-03','622',' 전농사거리 교통섬','정기','F','20대',26,3093.86,34.3,147910,910
'2017-03','623',' 서울시립대 정문 앞','정기','F','20대',109,3935.78,41.28,177970,1309
'2017-03','624',' 전농동 동아아파트 앞','정기','F','20대',47,2750.54,29.03,125140,879
'2017-03','625',' 답십리초등학교 앞(현대시장 옆)','정기','F','20대',10,817.48,8.06,34780,256
'2017-03','626',' 군자교 서측 녹지대','정기','F','20대',25,1417.66,16.69,72030,443
'2017-03','627',' 장안동삼거리 교통섬','정기','F','20대',10,481.77,4.57,19630,127
'2017-03','628',' 휘봉고등학교 앞','정기','F','20대',1,162.33,1.98,8540,54
'2017-03','630',' 동대문구 보건소','정기','F','20대',79,4671.28,50.6,218240,1542
'2017-03','631',' 답십리역 1번출구','정기','F','20대',15,709.43,6.39,27590,195
'2017-03','102',' 망원역 1번출구 앞','정기','F','20대',115,6128.03,61.18,263560,1812
'2017-03','138',' 신촌동 제1공영주차장 앞','정기','F','20대',27,966.69,10.32,44360,264
'2017-03','633',' 청량리 기업은행 앞','정기','F','20대',31,1900.94,18.82,81060,711
'2017-03','634',' 외국어대 정문 앞','정기','F','20대',105,7788.44,73.72,317690,2207
'2017-03','635',' 시조사 앞 (청량고정문 옆)','정기','F','20대',77,5562.42,56.32,242610,1855
'2017-03','636',' 세종대왕기념관 교차로','정기','F','20대',35,1398.97,12.77,55170,347
'2017-03','637',' KAIST 경영대학 앞','정기','F','20대',48,2939.92,30.69,132490,882
'2017-03','638',' 서울시립대 정보기술관','정기','F','20대',26,1450.36,14.85,63990,379
'2017-03','639',' 서울시립대 후문','정기','F','20대',64,3499.44,36.46,156960,966
'2017-03','640',' KEB하나은행 청량리역지점','정기','F','20대',54,1807.13,18.02,77730,568
'2017-03','641',' 용두역 4번출구','정기','F','20대',69,4652.19,47.87,206190,1482
'2017-03','642',' 신답역 사거리','정기','F','20대',30,1200.55,13.11,56510,360
'2017-03','140',' 이화여대 후문','정기','F','20대',58,1678.01,17.25,74380,583
'2017-03','643',' 동대문구민체육센터 (육교아래)','정기','F','20대',49,4008.1,39.08,168560,1072
'2017-03','230',' 영등포구청역 1번출구','정기','F','20대',148,4430.02,46.04,198900,1468
'2017-03','260',' 여의도 마리나선착장 앞','정기','F','20대',4,297.37,3.06,13220,135
'2017-03','262',' 영문초등학교 사거리','정기','F','20대',18,861.89,8.69,37470,279
'2017-03','263',' 근로자회관 사거리','정기','F','20대',19,1056.73,12,51810,410
'2017-03','264',' 교보생명보험 앞','정기','F','20대',57,1520.84,17.42,75010,705
'2017-03','265',' 영등포유통상가 사거리','정기','F','20대',38,1931.95,20.44,88030,604
'2017-03','141',' 연대 대운동장 옆','정기','F','20대',41,2885.71,28.13,121410,916
'2017-03','266',' 영등포청과시장 사거리','정기','F','20대',65,3297,32.06,138210,1057
'2017-03','267',' 삼성화재 사옥 옆','정기','F','20대',39,3013.36,29.34,126490,769
'2017-03','268',' 그랜드컨벤션센터 앞','정기','F','20대',55,2457.08,25.5,109860,623
'2017-03','270',' 증권거래소후문교차로','정기','F','20대',18,1610.24,16.56,71430,555
'2017-03','271',' 샛강생태공원방문자센터 앞','정기','F','20대',6,406.53,3.76,16200,120
'2017-03','272',' 당산육갑문','정기','F','20대',67,8816.16,93.69,403840,2699
'2017-03','716','신정6동 주민센터 인근','정기','F','20대',44,2158.72,22.32,96230,630
'2017-03','139',' 연세대 정문 건너편','정기','F','20대',57,3017.36,31.97,137610,1041
'2017-03','719',' 홍익병원앞 교차로','정기','F','20대',22,2082.37,17.67,76270,758
'2017-03','720',' 서울강월초등학교 앞','정기','F','20대',2,150.28,1.6,6900,59
'2017-03','816',' 신용산역 6번출구 앞','정기','F','20대',49,4329.46,45.05,194200,1427
'2017-03','817',' 삼각지역 4번출구 앞','정기','F','20대',11,516.61,6.36,27410,229
'2017-03','818',' 숙명여대 입구 교차로','정기','F','20대',151,6487.83,67.61,292000,2411
'2017-03','819',' 선린인터넷 고등학교','정기','F','20대',59,2805.99,27.9,120200,920
'2017-03','820',' 청파동입구 교차로','정기','F','20대',120,2858.83,30.14,130520,992
'2017-03','822',' 이촌1동 마을공원','정기','F','20대',24,3127.38,32.54,140280,850
'2017-03','823',' 효창동주민센터 앞','정기','F','20대',20,1363.12,14.01,60350,485
'2017-03','825',' 서빙고동 주민센터 앞','정기','F','20대',94,19780.24,195.07,840860,4037
'2017-03','199',' 서울 월드컵 경기장','정기','F','20대',31,2792.19,27.98,120560,970
'2017-03','388',' 동성중학교 앞','정기','F','20대',31,2259.96,22.87,98520,747
'2017-03','584',' 광진광장 교통섬','정기','F','20대',71,4103.52,40.08,172620,1326
'2017-03','585',' 성수2가1동 공영주차장 인근','정기','F','20대',50,2574.77,27.69,119310,1255
'2017-03','586',' 마장동 주민센터','정기','F','20대',33,779.11,9.09,38900,295
'2017-03','900',' 은평예술회관','정기','F','20대',59,2756.91,25.63,110360,718
'2017-03','901',' 응암1동사무소','정기','F','20대',45,2544.27,25.52,110250,777
'2017-03','200',' 국회의원회관','정기','F','20대',8,1067.76,11.35,48930,280
'2017-03','902',' 진관동 은빛초등학교','정기','F','20대',33,2284.89,20.85,90020,657
'2017-03','903',' 은평뉴타운 아이파크','정기','F','20대',35,1838.02,19.59,84500,507
'2017-03','904',' 은평뉴타운 푸르지오','정기','F','20대',27,3221.02,33.73,145380,792
'2017-03','905',' 구파발역 2번출구','정기','F','20대',74,3072.93,30.87,133400,1058
'2017-03','906',' 연신내역 5번출구150M 아래','정기','F','20대',60,5221.33,50.24,216560,1411
'2017-03','907',' CJ 드림시티','정기','F','20대',176,11603.43,116.74,503000,3065
'2017-03','908',' 구산역 4번출구','정기','F','20대',45,2462.02,23.95,103280,636
'2017-03','909',' 백련산 힐스테이트 3차','정기','F','20대',7,429.6,5.32,22950,145
'2017-03','911',' 은평평화공원(역촌역4번출구)','정기','F','20대',40,1301.36,12.96,55960,648
'2017-03','201',' 진미파라곤 앞','정기','F','20대',29,3963.06,36.01,155210,939
'2017-03','912',' 응암오거리','정기','F','20대',61,6991.47,72.99,314660,1333
'2017-03','913',' 이마트 은평점','정기','F','20대',101,6101.34,57.07,246120,1742
'2017-03','914',' 새절역 2번출구','정기','F','20대',120,13122.23,123.67,533100,4528
'2017-03','915',' 증산역 4번출구','정기','F','20대',38,2799.81,29.06,125180,920
'2017-03','916',' 평생학습관 앞','정기','F','20대',35,1645.14,14.97,64680,406
'2017-03','917',' 녹번역 4번출구','정기','F','20대',32,2140.07,20.03,86530,528
'2017-03','919',' 서울혁신파크','정기','F','20대',10,796.81,7.07,30500,228
'2017-03','921',' 신도고등학교','정기','F','20대',36,3321.45,29.67,127820,918
'2017-03','202',' 국민일보 앞','정기','F','20대',77,6103.13,57.79,249020,1717
'2017-03','922',' 연신내역 4번출구','정기','F','20대',9,580.6,5.35,23070,162
'2017-03','923',' 국민은행 연서지점','정기','F','20대',4,451.34,3.98,17190,153
'2017-03','924',' 메뚜기다리','정기','F','20대',11,842.29,8.11,34940,180
'2017-03','925',' 불광역 2번출구','정기','F','20대',6,873.99,6.22,26790,187
'2017-03','926',' 불광역 8번출구','정기','F','20대',31,1899.7,19.44,83640,544
'2017-03','927',' 연신내역 3번출구 인근','정기','F','20대',14,1375.76,13.56,58530,435
'2017-03','928',' 은평역사한옥박물관','정기','F','20대',4,272.87,2.73,11820,77
'2017-03','930',' 구 서부경찰서 건너편','정기','F','20대',10,706.87,7.83,33770,161
'2017-03','931',' 역촌파출소','정기','F','20대',10,691.81,7.15,30770,187
'2017-03','932',' 예일여중','정기','F','20대',82,4549.29,46.63,200920,1386
'2017-03','933',' LG서비스 역촌점','정기','F','20대',38,1683.58,16.78,72320,475
'2017-03','587',' KEB하나은행 성수중앙지점','정기','F','20대',52,2128.46,22.1,95200,762
'2017-03','588',' 뚝섬 유원지역','정기','F','20대',32,2852.52,28.56,123060,753
'2017-03','103',' 망원역 2번출구 앞','정기','F','20대',70,3132.24,30.94,133450,1045
'2017-03','204',' 국회의사당역 5번출구 옆','정기','F','20대',21,2094.11,19.94,85970,606
'2017-03','203',' 국회의사당역 3번출구 옆','정기','F','20대',50,4293.48,39.83,171710,1177
'2017-03','205',' 산업은행 앞','정기','F','20대',34,2726.69,26.88,115930,737
'2017-03','206',' KBS 앞','정기','F','20대',24,1020.54,10.19,43720,347
'2017-03','209',' 유진투자증권빌딩 앞','정기','F','20대',47,3000.27,31.4,135490,944
'2017-03','210',' IFC몰','정기','F','20대',39,3633.54,35.69,153730,954
'2017-03','211',' 여의도역 4번출구 옆','정기','F','20대',71,3901.54,36.64,157930,1338
'2017-03','212',' 여의도역 1번출구 옆','정기','F','20대',62,2247.43,22.45,96880,801
'2017-03','213',' KT앞','정기','F','20대',39,2890.81,29.7,128130,795
'2017-03','104',' 합정역 1번출구 앞','정기','F','20대',117,7192.97,73.26,315860,2518
'2017-03','214',' 금융감독원 앞','정기','F','20대',38,1520.21,15.46,66660,578
'2017-03','218',' 증권거래소 앞','정기','F','20대',19,2609.11,24.61,106120,464
'2017-03','219',' 롯데캐슬엠파이어 옆','정기','F','20대',26,1185.71,12.18,52470,303
'2017-03','220',' 미성아파트 A동 앞','정기','F','20대',31,1465.45,15.43,66450,436
'2017-03','215',' 여의도고교 앞','정기','F','20대',11,1091.07,10.5,45300,317
'2017-03','216',' 삼부아파트1동 앞','정기','F','20대',31,2085.69,20.69,89120,599
'2017-03','217',' NH농협은행 앞','정기','F','20대',42,2899.31,28.06,121090,874
'2017-03','221',' 여의도초교 앞','정기','F','20대',17,953.92,9.9,42640,374
'2017-03','222',' 시범아파트버스정류장 옆','정기','F','20대',71,3973.38,40.41,174220,1286
'2017-03','223',' 진주아파트상가 앞','정기','F','20대',42,2785.13,28.82,124310,716
'2017-03','105',' 합정역 5번출구 앞','정기','F','20대',82,3807.2,38.67,166660,1204
'2017-03','224',' 롯데캐슬 앞','정기','F','20대',49,1951.96,19.73,85240,502
'2017-03','225',' 앙카라공원 앞','정기','F','20대',67,1732.04,18.06,77860,534
'2017-03','226',' 샛강역 1번출구 앞','정기','F','20대',11,316.3,2.88,12480,97
'2017-03','207',' 여의나루역 1번출구 앞','정기','F','20대',89,9633.04,89.92,387430,2530
'2017-03','401',' 상암월드컵파크 10단지 앞','정기','F','20대',52,2406.23,22.95,98830,633
'2017-03','402',' 상암월드컵파크 9단지 앞','정기','F','20대',94,3377.06,35.86,154560,1043
'2017-03','403',' 부엉이공원 앞','정기','F','20대',87,4196.82,40.04,172500,984
'2017-03','106',' 합정역 7번출구 앞','정기','F','20대',115,7647.98,72.72,313360,2649
'2017-03','405',' DMC빌 앞','정기','F','20대',12,380.91,4.42,19130,117
'2017-03','406',' 상암월드컵파크 7단지 앞','정기','F','20대',8,688.36,6.07,26140,183
'2017-03','421',' 마포구청 앞','정기','F','20대',128,7990.72,81.53,351790,2551
'2017-03','407',' 마포구 육아종합지원센터','정기','F','20대',48,2073.38,21.59,93130,640
'2017-03','408',' LG CNS앞','정기','F','20대',63,2595.71,26.26,113200,910
'2017-03','420',' 서울시 공공자전거 상암센터','정기','F','20대',12,1332.67,14.16,60990,448
'2017-03','409',' 누리꿈스퀘어 옆','정기','F','20대',148,10033.61,97.91,421920,2816
'2017-03','419',' 홈플러스 앞','정기','F','20대',95,9366.98,91.22,393200,2313
'2017-03','410',' 상암중학교 옆','정기','F','20대',14,1164.19,11.27,48510,365
'2017-03','418',' 월드컵경기장역 3번출구 옆','정기','F','20대',65,7265.34,72.19,311160,1947
'2017-03','107',' 신한은행 서교동금융센터점 앞','정기','F','20대',86,5050.21,48.74,210000,1576
'2017-03','411',' DMC홍보관','정기','F','20대',99,11456.36,117.26,505180,2377
'2017-03','412',' DMC산학협력연구센터 앞','정기','F','20대',65,5083.25,49.21,212110,1199
'2017-03','413',' 상암월드컵파크 3단지 후문','정기','F','20대',11,878.64,9.69,41730,279
'2017-03','417',' DMC역 2번출구 옆','정기','F','20대',74,5728.93,57.15,246270,1342
'2017-03','414',' 상암동주민센터 옆','정기','F','20대',48,3877.15,34.88,150330,899
'2017-03','415',' DMC역 9번출구 앞','정기','F','20대',80,4062.41,40.04,172540,1068
'2017-03','416',' 상암월드컵파크 1단지 교차로','정기','F','20대',22,997.92,9.13,39410,346
'2017-03','500',' 어린이대공원역 3번출구 앞','정기','F','20대',135,8510.96,85.12,367200,2613
'2017-03','501',' 광진구의회 앞','정기','F','20대',133,7582.19,75.79,326830,2418
'2017-03','502',' 뚝섬유원지역 1번출구 앞','정기','F','20대',183,18129.99,179.9,775450,5489
'2017-03','108',' 서교동 사거리','정기','F','30대',41,2915.48,27.97,120550,903
'2017-03','503',' 더샵스타시티 C동 앞','정기','F','30대',9,399.42,3.71,16000,172
'2017-03','504',' 신자초교입구교차로','정기','F','30대',57,1915.27,20.04,86310,559
'2017-03','505',' 자양사거리 광진아크로텔 앞','정기','F','30대',23,2290.38,23.3,100490,624
'2017-03','506',' 금호 어울림 아파트 앞','정기','F','30대',23,1918.04,17.92,77260,366
'2017-03','507',' 성수아이에스비즈타워 앞','정기','F','30대',14,391.73,4.08,17490,157
'2017-03','508',' 성수아카데미타워 앞','정기','F','30대',44,2876.57,29.81,128520,1047
'2017-03','509',' 이마트 버스정류소 옆','정기','F','30대',38,1401.3,14.21,61030,422
'2017-03','510',' 서울숲 남문 버스정류소 옆','정기','F','30대',5,364.29,3.76,16180,139
'2017-03','511',' 서울숲역 4번 출구 옆','정기','F','30대',35,1517.7,14.58,62810,495
'2017-03','512',' 뚝섬역 1번 출구 옆','정기','F','30대',82,4863.43,46.7,201130,1438
'2017-03','109',' 제일빌딩 앞','정기','F','30대',51,4271.2,42.16,181810,1173
'2017-03','400',' 상암한화오벨리스크 1차 앞','정기','F','30대',45,3807.66,35.63,153680,985
'2017-03','513',' 뚝섬역 5번 출구 정류소 옆','정기','F','30대',32,1419.87,14.14,61060,493
'2017-03','514',' 성수사거리 버스정류장 앞','정기','F','30대',57,4235.72,38.58,166390,1228
'2017-03','515',' 광양중학교 앞','정기','F','30대',22,1855.53,20.19,87040,459
'2017-03','516',' 광진메디칼 앞','정기','F','30대',13,1045.16,9.64,41510,266
'2017-03','300',' 정동사거리','정기','F','30대',32,1180.08,12.05,51860,464
'2017-03','301',' 경복궁역 7번출구 앞','정기','F','30대',20,1133.96,10.86,46810,390
'2017-03','302',' 경복궁역 4번출구 뒤','정기','F','30대',63,2405.2,23.63,101930,800
'2017-03','303',' 광화문역 1번출구 앞','정기','F','30대',55,2255.69,22.91,98730,660
'2017-03','115',' 사루비아 빌딩 앞','정기','F','30대',42,2815.18,27.81,119950,896
'2017-03','304',' 광화문역 2번출구 앞','정기','F','30대',19,869.38,8.74,37810,350
'2017-03','305',' 종로구청 옆','정기','F','30대',33,1554.03,15.14,65330,529
'2017-03','306',' 광화문역 7번출구 앞','정기','F','30대',27,850.4,8.77,37740,300
'2017-03','307',' 서울역사박물관 앞','정기','F','30대',66,2670.29,27.91,120450,874
'2017-03','308',' 광화문 S타워 앞','정기','F','30대',17,830.98,7.66,33030,200
'2017-03','309',' 광화문역 6번출구 옆','정기','F','30대',25,1280.5,13.17,56680,496
'2017-03','310',' 청계광장 옆','정기','F','30대',32,953.71,8.89,38390,268
'2017-03','311',' 서울광장 옆','정기','F','30대',58,3461.04,33.21,143170,1010
'2017-03','312',' 시청역 1번출구 뒤','정기','F','30대',43,2963.03,28.83,124210,912
'2017-03','313',' 서울역 광장 파출소 옆','정기','F','30대',8,634.22,5.79,24980,193
'2017-03','110',' 사천교','정기','F','30대',15,820.25,8.73,37590,283
'2017-03','314',' 국립현대미술관','정기','F','30대',72,2745.99,26.71,115450,1035
'2017-03','315',' 신한은행 안국역지점 옆','정기','F','30대',46,1525.51,14.93,64100,479
'2017-03','316',' 종각역 1번출구 앞','정기','F','30대',45,2080.47,21.49,92640,757
'2017-03','318',' 광교사거리 남측','정기','F','30대',23,1599.67,15.95,68620,495
'2017-03','320',' 을지로입구역 4번출구 앞','정기','F','30대',21,1381.53,13.86,59690,378
'2017-03','321',' KEB 하나은행 본점 앞','정기','F','30대',20,1361.01,13.68,59020,397
'2017-03','322',' 명동성당 앞','정기','F','30대',15,2080.35,19.62,84580,519
'2017-03','116',' 일진아이윌아파트 옆','정기','F','30대',50,2476.73,24.13,103890,1230
'2017-03','324',' 신세계백화점 본점 앞','정기','F','30대',33,2351.36,22.99,99130,778
'2017-03','326',' 안국역 5번출구 앞','정기','F','30대',37,1838.64,18.72,80690,782
'2017-03','327',' 낙원상가 옆','정기','F','30대',26,940.58,9.22,39730,310
'2017-03','328',' 탑골공원 앞','정기','F','30대',41,2199.23,22.34,96280,882
'2017-03','329',' 청계2가 사거리 옆','정기','F','30대',73,4025.23,40.27,173480,1055
'2017-03','330',' 청계천 한빛광장','정기','F','30대',25,1286.55,12.1,52240,473
'2017-03','331',' 을지로2가 사거리 북측','정기','F','30대',37,2217.91,22.87,98630,700
'2017-03','332',' 을지로2가 사거리 남측','정기','F','30대',32,1547.89,16.39,70820,592
'2017-03','111',' 상수역 2번출구 앞','정기','F','30대',14,738.08,7.69,33200,251
'2017-03','334',' 종로3가역 2번출구 뒤','정기','F','30대',20,972.17,9.19,39580,298
'2017-03','335',' 종로3가역 15번출구 앞','정기','F','30대',28,1266.54,12.7,54810,478
'2017-03','336',' 티마크 호텔 앞','정기','F','30대',37,1770.58,17.41,74790,647
'2017-03','337',' 창경궁 입구','정기','F','30대',15,729.82,7.14,30870,257
'2017-03','338',' 세운스퀘어 앞','정기','F','30대',26,1188.52,11.82,50900,320
'2017-03','339',' 종로4가 사거리','정기','F','30대',36,1237.48,12.15,52520,358
'2017-03','340',' 혜화동 로터리','정기','F','30대',53,2076.88,20.39,87730,687
'2017-03','341',' 혜화역 3번출구 뒤','정기','F','30대',79,3189.64,32.2,138410,1015
'2017-03','342',' 대학로 마로니에공원','정기','F','30대',46,1366.55,13.19,56900,381
'2017-03','343',' 예일빌딩(율곡로) 앞','정기','F','30대',21,955.65,8.82,38000,270
'2017-03','112',' 극동방송국 앞','정기','F','30대',16,1084.98,9.59,41320,417
'2017-03','344',' 성균관대 E하우스 앞','정기','F','30대',21,721.38,7.59,32750,243
'2017-03','345',' 서울보증보험본사 앞','정기','F','30대',41,1689.25,15.71,67660,1140
'2017-03','346',' 맥스타일 앞','정기','F','30대',45,2496.09,23.39,100710,1012
'2017-03','347',' 동대문역사문화공원역 9번출구 앞','정기','F','30대',38,1853.48,19.06,82120,897
'2017-03','349',' 사직동주민센터','정기','F','30대',71,4480.87,42.13,181780,1576
'2017-03','350','KEB 하나은행(내자동 지점) 앞','정기','F','30대',32,1175.07,12.39,53370,410
'2017-03','351',' 청운초교 앞 삼거리','정기','F','30대',44,2324.58,24.37,105090,999
'2017-03','352',' 중앙고입구 삼거리','정기','F','30대',6,208.41,2.14,9250,103
'2017-03','353',' 재동초교 앞 삼거리','정기','F','30대',33,928.62,10.05,43360,454
'2017-03','117',' 홍은사거리','정기','F','30대',24,2731.07,28.64,123430,714
'2017-03','354',' 포르투갈 대사관 앞','정기','F','30대',63,3461.72,33.91,146350,794
'2017-03','355',' 서울사대부속초교 앞','정기','F','30대',37,1290.91,12.22,52650,421
'2017-03','356',' KT혜화지사 앞','정기','F','30대',47,1598.92,15.89,68580,508
'2017-03','358',' 성대입구 사거리','정기','F','30대',36,1741.91,18.76,80700,655
'2017-03','359',' 원남동사거리','정기','F','30대',21,937.12,9.63,41460,408
'2017-03','361',' 동묘앞역 1번출구 뒤','정기','F','30대',22,1079.01,10.83,46700,334
'2017-03','362',' 청계8가 사거리','정기','F','30대',47,1470.63,14.32,61590,377
'2017-03','363',' 신설동역 11번출구 뒤','정기','F','30대',14,913.53,7.41,31990,226
'2017-03','364',' 창신역 1번출구 앞','정기','F','30대',26,1992.85,16.93,73080,365
'2017-03','113',' 홍대입구역 2번출구 앞','정기','F','30대',144,7261.68,74.56,321550,2477
'2017-03','367',' 독립문역 3-1번출구 ','정기','F','30대',13,732.86,7.37,31760,177
'2017-03','368',' SK 서린빌딩 앞','정기','F','30대',8,383.44,3.59,15460,141
'2017-03','369',' 광화문 시민열린마당','정기','F','30대',40,2282.13,19.84,85580,594
'2017-03','348',' 독립문역 사거리','정기','F','30대',33,1940.32,20.63,89000,549
'2017-03','370',' 시청역(2호선) 9번출구 뒤','정기','F','30대',14,1117.46,11.23,48380,336
'2017-03','371',' 동대입구역 6번출구 뒤','정기','F','30대',9,754,7.43,32040,295
'2017-03','372',' 약수역 3번출구 뒤','정기','F','30대',6,375.13,3.86,16630,129
'2017-03','373',' 청구 어린이공원','정기','F','30대',2,17.42,0.2,830,3
'2017-03','374',' 청구역 2번출구 앞','정기','F','30대',28,1191.27,10.9,46800,337
'2017-03','118',' 광흥창역 2번출구 앞','정기','F','30대',21,1630.53,15.15,65360,433
'2017-03','375',' 다산 어린이공원','정기','F','30대',15,442.17,4.04,17440,148
'2017-03','377',' 서울역 4번출구 앞','정기','F','30대',3,210.48,1.96,8490,93
'2017-03','378',' 청계7가 사거리','정기','F','30대',26,751.27,6.95,29890,242
'2017-03','379',' 서울역9번출구','정기','F','30대',17,1315.41,12.39,53390,371
'2017-03','380',' CJ제일제당 앞','정기','F','30대',3,142.22,1.3,5620,92
'2017-03','381',' 장충체육관','정기','F','30대',1,89.65,0.66,2830,25
'2017-03','382',' 약수역 10번출구 앞','정기','F','30대',9,571.08,5.46,23530,182
'2017-03','383',' 신당역 12번 출구 뒤','정기','F','30대',49,2130.16,21.66,93500,757
'2017-03','384',' 종로학원본원 ','정기','F','30대',6,320.61,2.4,10380,62
'2017-03','114',' 홍대입구역 8번출구 앞','정기','F','30대',42,2423.02,24.33,104850,842
'2017-03','142',' 아현역 4번출구 앞','정기','F','30대',11,628.65,5.84,25240,138
'2017-03','143',' 공덕역 2번출구','정기','F','30대',23,2119.89,19.32,83280,653
'2017-03','144',' 공덕역 8번출구','정기','F','30대',46,3559.04,33.02,142330,1186
'2017-03','145',' 공덕역 5번출구','정기','F','30대',20,1324.44,12.91,55640,365
'2017-03','146',' 마포역 1번출구 뒤','정기','F','30대',35,3007.95,28.84,124240,892
'2017-03','147',' 마포역 4번출구 뒤','정기','F','30대',15,1437.68,13.34,57440,349
'2017-03','148',' 용강동 주민센터 앞','정기','F','30대',7,817.21,6.79,29220,226
'2017-03','150',' 서강대역 2번출구 앞','정기','F','30대',25,1695.83,17.9,77070,841
'2017-03','151',' 망원1동주민센터','정기','F','30대',17,1244,12.31,53020,591
'2017-03','152',' 마포구민체육센터 앞','정기','F','30대',98,10690.57,105.84,456290,2853
'2017-03','119',' 서강나루 공원','정기','F','30대',21,2099.11,19.51,83940,476
'2017-03','153',' 성산2교 사거리','정기','F','30대',92,4662.24,45.24,194970,1264
'2017-03','154',' 마포구청역 ','정기','F','30대',47,3666.32,37,159530,1021
'2017-03','155',' 가좌역1 번출구 뒤','정기','F','30대',48,2063.39,20.44,88190,544
'2017-03','156',' 서울서부지방법원 앞','정기','F','30대',40,4696.54,43.52,187490,1071
'2017-03','157',' 애오개역 4번출구 앞','정기','F','30대',40,1194.66,13.04,56420,625
'2017-03','158',' 독립문 어린이 공원','정기','F','30대',45,3253.09,31.49,135800,850
'2017-03','159',' 이대역 4번 출구','정기','F','30대',45,3365.09,33.19,142950,1082
'2017-03','160',' 북아현동 가구거리','정기','F','30대',15,1195.32,11.58,49910,298
'2017-03','161',' 무악재역1번 출구','정기','F','30대',8,449.53,5.11,22020,176
'2017-03','162',' 봉원고가차도 밑','정기','F','30대',25,785.28,7.79,33630,200
'2017-03','120',' 신수동 사거리','정기','F','30대',9,741.9,7.3,31440,210
'2017-03','163',' 명지전문대학교 정문 앞','정기','F','30대',1,20.9,0.21,910,12
'2017-03','164',' 북가좌1동 주민센터 ','정기','F','30대',17,946.66,8.59,37060,297
'2017-03','165',' 중앙근린공원','정기','F','30대',18,1396.65,11.59,50000,453
'2017-03','166',' 가재울 초등학교','정기','F','30대',43,3143.11,30.27,130380,1152
'2017-03','167',' 연가초등학교 옆','정기','F','30대',23,2179.49,21.09,90900,668
'2017-03','168',' 남가좌동 사거리','정기','F','30대',2,51.22,0.46,1990,12
'2017-03','169',' 북가좌 삼거리','정기','F','30대',2,167.77,1.5,6450,52
'2017-03','170',' 가재울 뉴타운 주유소 옆','정기','F','30대',56,3530.59,36.97,159220,906
'2017-03','171',' 임광빌딩 앞','정기','F','30대',22,924.28,10.28,44290,383
'2017-03','172',' 서대문소방서','정기','F','30대',13,1101.86,10.73,46270,342
'2017-03','121',' 마포소방서 앞','정기','F','30대',2,148.27,1.33,5760,36
'2017-03','173',' 서대문역 8번출구 앞','정기','F','30대',20,1072.18,10.71,46190,349
'2017-03','175',' 홍연2교옆','정기','F','30대',47,4811.48,47.85,206200,1089
'2017-03','179',' 가좌역 4번출구 앞','정기','F','30대',41,1734.08,17.28,74460,556
'2017-03','180',' 충정로역 7번출구 뒤','정기','F','30대',42,2821.39,27.03,116410,823
'2017-03','518',' 청계천 박물관 앞','정기','F','30대',13,910.33,8.31,35850,226
'2017-03','519',' 양지사거리','정기','F','30대',27,2857.23,28.62,123340,593
'2017-03','520',' 상왕십리역 4번 출구 앞','정기','F','30대',55,2340.08,23.1,99540,1311
'2017-03','521',' 왕십리역 11번 출구 앞','정기','F','30대',46,2332.5,23.59,101710,703
'2017-03','522',' 금호역 1번출구 앞','정기','F','30대',2,395.53,3.32,14330,66
'2017-03','122',' 신성기사식당 앞','정기','F','30대',35,1987.39,17.61,75900,520
'2017-03','524',' 래미안금호하이리버 아파트 102동 옆','정기','F','30대',27,4452.27,41.09,177210,886
'2017-03','525',' 한양대병원사거리','정기','F','30대',22,2742.22,27.41,118170,627
'2017-03','526',' 용답토속공원 앞','정기','F','30대',29,3730.56,32.79,141460,709
'2017-03','529',' 장한평역 8번 출구 앞','정기','F','30대',31,1631.05,15.34,66020,429
'2017-03','530',' 청계벽산아파트 앞','정기','F','30대',45,1462.66,13.46,58230,320
'2017-03','533',' 우리은행 금호동 지점 앞','정기','F','30대',2,166.79,1.62,7020,50
'2017-03','534',' 금호사거리','정기','F','30대',1,34.93,0.29,1260,9
'2017-03','535',' 응봉삼거리','정기','F','30대',4,833.94,8.32,35840,96
'2017-03','536',' 행당역 2번출구 앞','정기','F','30대',8,1076.53,12.62,54370,379
'2017-03','537',' 한양대후문역 부근','정기','F','30대',19,1150.91,10.95,47070,293
'2017-03','123',' 문화촌 공원','정기','F','30대',11,2733.46,26.78,115430,460
'2017-03','538',' 답십리역 8번출구 앞','정기','F','30대',5,484.59,5.18,22360,146
'2017-03','550',' 서울시설공단 앞','정기','F','30대',23,839.22,7.04,30460,145
'2017-03','539',' 군자교교차로','정기','F','30대',16,1618.66,14.01,60430,531
'2017-03','540',' 군자역 7번출구 베스트샵 앞','정기','F','30대',35,3489.17,23.61,101680,687
'2017-03','542',' 강변역 4번출구 뒤','정기','F','30대',1,69.81,0.79,3390,22
'2017-03','543',' 구의공원(테크노마트 앞)','정기','F','30대',8,1020.91,9.81,42260,242
'2017-03','544',' 광남중학교','정기','F','30대',22,1735.02,16.9,72900,543
'2017-03','546',' 잠실대교북단 교차로','정기','F','30대',26,1615.6,18.4,79280,503
'2017-03','548',' 자양나들목','정기','F','30대',48,1676.12,16.34,70520,490
'2017-03','549',' 아차산역 3번출구','정기','F','30대',44,2076.31,18.97,81570,470
'2017-03','124',' 서강대 정문 건너편','정기','F','30대',14,559.07,5.4,23310,200
'2017-03','600',' 휘경2동 주민센터','정기','F','30대',17,2841.49,28.07,121030,566
'2017-03','601',' 용신동주민센터','정기','F','30대',4,194.78,2.05,8820,77
'2017-03','602',' 장안동 사거리','정기','F','30대',33,3018.04,28.61,123360,1189
'2017-03','604',' 답십리초등학교 옆 공원','정기','F','30대',10,481.59,4.34,18710,204
'2017-03','605',' 신설동역8번출구','정기','F','30대',24,1534.77,14.41,62240,431
'2017-03','606',' 휘경공고앞','정기','F','30대',4,274.65,2.94,12610,77
'2017-03','607',' 신이문역 2번출구','정기','F','30대',8,1382.75,10.62,45780,210
'2017-03','608',' 전농삼성아파트','정기','F','30대',1,12.87,0.12,500,4
'2017-03','609',' 제기2교','정기','F','30대',20,1803.79,18.36,79130,559
'2017-03','125',' 서강대 남문 옆','정기','F','30대',20,895.38,8.58,37070,289
'2017-03','610',' 동대문중 교차로','정기','F','30대',21,1209.28,11.09,47890,347
'2017-03','612',' 시립동부병원 앞 사거리','정기','F','30대',26,972.04,9.11,39290,309
'2017-03','613',' 신설동역 10번출구 앞','정기','F','30대',26,903.89,9.08,39130,327
'2017-03','614',' 용두동 사거리','정기','F','30대',20,1064.33,9.94,42780,285
'2017-03','615',' 용두동 레미안허브리츠아파트 앞','정기','F','30대',27,1737.22,17.15,73870,514
'2017-03','616',' 서울시립대 앞','정기','F','30대',22,906.57,8.26,35560,236
'2017-03','617',' 청솔우성아파트 앞','정기','F','30대',7,308.85,2.94,12660,92
'2017-03','227',' 양평2나들목 보행통로 입구','정기','F','30대',4,340.35,3.99,17170,140
'2017-03','228',' 선유도역 3번출구 앞','정기','F','30대',34,2504.21,22.83,98460,618
'2017-03','229',' 양평1 보행육교 앞','정기','F','30대',32,3651.19,36.98,159450,908
'2017-03','126',' 서강대 후문 옆','정기','F','30대',29,1729.38,16.4,70720,519
'2017-03','231',' 남부고용노동지청 남측','정기','F','30대',12,809.69,6.96,29920,193
'2017-03','232',' 양평우림 이비즈센타 앞','정기','F','30대',37,3203.13,28.94,124730,837
'2017-03','233',' YP 센터 앞','정기','F','30대',6,374.39,3.7,15890,109
'2017-03','234',' 영등포구민체육센터 앞','정기','F','30대',8,152.17,1.78,7680,44
'2017-03','235',' 신길동 우리은행 옆','정기','F','30대',2,90.35,1.18,5070,33
'2017-03','236',' 문래동자이아파트 앞','정기','F','30대',11,758.99,7.25,31270,801
'2017-03','237',' 보라매 두산위브 건너편','정기','F','30대',7,460.48,4.33,18710,133
'2017-03','238',' 제2구민체육센타 앞','정기','F','30대',46,1815.49,18.41,79290,631
'2017-03','239',' 유스호스텔 앞','정기','F','30대',37,2008.84,21.3,91800,571
'2017-03','240',' 문래역 4번출구 앞','정기','F','30대',34,1514.96,14.78,63750,543
'2017-03','127',' 현대벤처빌 앞','정기','F','30대',27,1181.88,11.02,47380,315
'2017-03','241',' 신길우성1차아파트 앞 공원','정기','F','30대',6,910.17,8.47,36460,190
'2017-03','242',' 신길선원가와인아파트 앞','정기','F','30대',23,1128.39,9.82,42400,232
'2017-03','243',' 이앤씨드림타워 앞','정기','F','30대',27,2200.03,20.13,86700,583
'2017-03','244',' 영등포삼환아파트 앞','정기','F','30대',45,3745.54,39.1,168460,937
'2017-03','245',' 삼성생명 당산사옥 앞','정기','F','30대',29,1573.81,14.59,63040,407
'2017-03','247',' 당산역 10번출구 앞','정기','F','30대',44,2135.83,21.95,94700,673
'2017-03','248',' 초원아파트 앞','정기','F','30대',22,2302.72,20.71,89330,600
'2017-03','249',' 여의도중학교 옆','정기','F','30대',1,175.33,2.19,9420,40
'2017-03','250',' 대림아파트 사거리','정기','F','30대',2,102.96,0.93,4000,38
'2017-03','251',' 서울지방병무청 버스정류장','정기','F','30대',1,37.84,0.34,1470,8
'2017-03','101',' (구)합정동 주민센터','정기','F','30대',32,969.69,9.13,39420,276
'2017-03','128',' 신촌역(2호선) 1번출구 옆','정기','F','30대',33,1684.81,16.69,71870,604
'2017-03','252',' 보라매역4번출구','정기','F','30대',12,1089.72,10.07,43420,366
'2017-03','253',' 신풍역 5번출구 인근','정기','F','30대',10,456.72,4.98,21490,161
'2017-03','254',' 도림신협 앞','정기','F','30대',23,1753.13,18.68,80360,394
'2017-03','255',' 도림4거리','정기','F','30대',6,155.99,1.53,6550,39
'2017-03','256',' 동아에코빌입구','정기','F','30대',3,302.11,2.75,11860,71
'2017-03','257',' 신길삼거리(우리은행)','정기','F','30대',32,2347.25,22.19,95620,602
'2017-03','258',' 신길역3번출구','정기','F','30대',7,528.99,6.2,26770,175
'2017-03','259',' 대방역6번출구','정기','F','30대',27,4488.96,39.91,171950,772
'2017-03','700',' KB국민은행 염창역 지점 앞','정기','F','30대',10,1845.03,18.63,80270,399
'2017-03','701',' 목동사거리 부근','정기','F','30대',3,329.11,3.27,14130,99
'2017-03','129',' 신촌역(2호선) 6번출구 옆','정기','F','30대',43,1895.82,18.46,79360,440
'2017-03','702',' 목4동주민센터 옆','정기','F','30대',2,272.91,2.9,12530,108
'2017-03','703',' 오목교역 7번출구 앞','정기','F','30대',87,6345.98,66.14,285250,2310
'2017-03','704',' 남부법원검찰청 교차로','정기','F','30대',19,963.09,8.61,37130,313
'2017-03','706',' 신정네거리역','정기','F','30대',31,1735.26,18.97,81670,555
'2017-03','708',' 서울출입국관리사무소 앞','정기','F','30대',19,1121.68,10.27,44250,562
'2017-03','709',' 신정3동 현장민원실 앞','정기','F','30대',3,489.16,5.52,23800,129
'2017-03','710',' 서부화물트럭터미널 사거리','정기','F','30대',2,52.81,0.58,2520,14
'2017-03','711',' 신일해피트리아파트 앞','정기','F','30대',25,1651.03,14.97,64450,273
'2017-03','712',' 강월초교입구 사거리','정기','F','30대',3,239.76,2.42,10410,63
'2017-03','130',' 신촌역(2호선) 7번출구 앞','정기','F','30대',19,1237.88,12.14,52370,311
'2017-03','713',' 양서중학교 옆','정기','F','30대',3,700.06,7.07,30480,129
'2017-03','800',' 목월공원 앞','정기','F','30대',13,1103.37,10.67,45940,280
'2017-03','802',' 한강진역 2번 출구 앞','정기','F','30대',19,2247.28,19.8,85440,513
'2017-03','803',' 한남초교 앞 보도육교','정기','F','30대',7,715.03,6,25880,201
'2017-03','805',' 문배어린이공원 앞','정기','F','30대',42,2245.37,21.05,90830,902
'2017-03','806',' 전자랜드 본관 앞','정기','F','30대',4,140.17,1.34,5790,51
'2017-03','807',' 서울역 12번 출구 앞','정기','F','30대',22,1576,14.16,60980,433
'2017-03','808',' 서빙고동 금호맨션 앞','정기','F','30대',7,535.5,5.07,21840,139
'2017-03','131',' 증산2교','정기','F','30대',26,2055.13,19.55,84260,574
'2017-03','809',' 한남 유수지 복개주차장','정기','F','30대',27,5167.52,49.6,213840,1153
'2017-03','810',' 이태원지하보도','정기','F','30대',7,771.24,7.77,33520,203
'2017-03','811',' 녹사평역1번출구','정기','F','30대',33,3680.76,34.5,148760,906
'2017-03','812',' 용산전쟁기념관','정기','F','30대',5,419.6,3.86,16600,70
'2017-03','813',' 삼각지역 3번출구','정기','F','30대',17,870.66,8.89,38350,291
'2017-03','815',' LIG강촌아파트 103동앞','정기','F','30대',12,1898.56,19.75,85130,519
'2017-03','385',' 종각역 5번출구','정기','F','30대',67,2897.53,29.8,128330,966
'2017-03','386',' 올림픽기념 국민생활관 앞','정기','F','30대',59,2972.27,29.13,125590,763
'2017-03','387',' 훈련원공원주차장 앞','정기','F','30대',14,1519.47,13.52,58290,335
'2017-03','181',' 망원초록길 입구','정기','F','30대',6,1056.04,11.57,49900,250
'2017-03','132',' 창천문화공원','정기','F','30대',14,760.86,7.82,33710,271
'2017-03','182',' 망원2빗물펌프장 앞','정기','F','30대',89,7043.96,77.6,334560,1727
'2017-03','183',' 하늘채코오롱아파트 건너편','정기','F','30대',78,4805.93,45.61,196540,2052
'2017-03','184',' SK망원동주유소 건너편','정기','F','30대',57,2930.74,29.4,126720,1072
'2017-03','185',' 마포 신수공원 앞','정기','F','30대',22,1890.54,18.86,81270,580
'2017-03','186',' 월드컵공원','정기','F','30대',25,2440.19,24.29,104650,809
'2017-03','177',' 북가좌 초등학교','정기','F','30대',6,247.36,2.35,10140,111
'2017-03','188',' 홍은동 정원여중 입구','정기','F','30대',18,1716.31,18.47,79570,503
'2017-03','191',' 정명학원','정기','F','30대',5,689.46,5.8,24970,139
'2017-03','192',' 연서어린이공원','정기','F','30대',36,1758.1,18.7,80590,579
'2017-03','178',' 증산3교 앞','정기','F','30대',7,366.26,3.52,15130,146
'2017-03','133',' 해담는다리','정기','F','30대',36,2035.38,21.35,91970,859
'2017-03','194',' 증산교 앞','정기','F','30대',46,3352.13,33.37,143910,908
'2017-03','195',' 모래내고가차도 ','정기','F','30대',50,1766.56,18.66,80500,435
'2017-03','196',' 연희교차로 인근','정기','F','30대',16,477.9,5.17,22270,302
'2017-03','198',' 충정2교','정기','F','30대',21,604.92,7.38,31810,222
'2017-03','556',' 달맞이공원','정기','F','30대',1,323.48,2.4,10340,44
'2017-03','557',' 도선동 주민센터 앞','정기','F','30대',31,1112.79,10.26,44140,419
'2017-03','558',' 성동광진 교육지원청 앞','정기','F','30대',16,747.35,7.65,32980,356
'2017-03','134',' 연세로 명물길','정기','F','30대',6,273.02,2.88,12420,107
'2017-03','559',' 왕십리역 4번 출구 건너편','정기','F','30대',26,1693.17,16.45,70970,543
'2017-03','560',' 비전교회 앞','정기','F','30대',26,911.11,10.48,45170,341
'2017-03','561',' 서울숲역 2번출구 앞','정기','F','30대',26,1202.71,12.67,54510,345
'2017-03','562',' 군자지하보도 앞','정기','F','30대',14,1117.38,10.82,46680,304
'2017-03','563',' 성동세무서 건너편','정기','F','30대',22,1493.33,15.18,65380,466
'2017-03','565',' 옥수역 3번출구','정기','F','30대',26,5239.84,47.95,206720,1202
'2017-03','567',' 성수역 2번출구 앞','정기','F','30대',28,1453.03,14.52,62570,851
'2017-03','568',' 청계8가사거리 부근','정기','F','30대',44,2372.7,24.74,106580,750
'2017-03','135',' 명물길 원형무대 앞','정기','F','30대',10,463.61,5.05,21790,153
'2017-03','569',' 응봉현대아파트 정류소','정기','F','30대',34,2177.14,19.5,84080,465
'2017-03','578',' 성동세무서 부근','정기','F','30대',54,4525.03,44.44,191650,969
'2017-03','579',' 마장역 4번출구','정기','F','30대',13,1108.49,8.07,34700,226
'2017-03','580',' 신금호역 3번출구 뒤','정기','F','30대',3,108.95,0.9,3890,29
'2017-03','581',' 용답초등학교','정기','F','30대',2,79.28,0.87,3730,90
'2017-03','582',' 경일중학교 앞','정기','F','30대',5,63.92,0.6,2540,19
'2017-03','583',' 청계천 생태교실 앞','정기','F','30대',38,4500.55,44.66,192400,1180
'2017-03','551',' 구의삼성쉐르빌 앞','정기','F','30대',20,1247.75,11.45,49390,344
'2017-03','552',' 대림아크로리버 앞','정기','F','30대',3,259.97,3.01,12950,75
'2017-03','553',' 중곡 성원APT 앞','정기','F','30대',46,4516.39,45.01,193960,947
'2017-03','136',' 대흥동 주민센터','정기','F','30대',19,524.79,6.03,26030,164
'2017-03','554',' 아차산역 사거리','정기','F','30대',12,457.52,4.18,18010,111
'2017-03','555',' 구의3동주민센터','정기','F','30대',10,1421.88,14.96,64530,427
'2017-03','571',' 어린이대공원역6번출구','정기','F','30대',13,570.8,5.33,23020,157
'2017-03','572',' 국립정신 건강센터 앞','정기','F','30대',2,136.68,1.44,6200,46
'2017-03','573',' 구의문주차장 앞','정기','F','30대',13,754.84,6.62,28510,388
'2017-03','574',' 아차산역4번출구','정기','F','30대',48,4122.71,37.51,161740,989
'2017-03','576',' 광나루역 3번 출구','정기','F','30대',4,117.88,1.06,4580,43
'2017-03','577',' 광진청소년수련관','정기','F','30대',4,282.33,2.48,10690,106
'2017-03','621',' 동대문중학교 옆','정기','F','30대',2,253.03,2.28,9830,89
'2017-03','137',' NH농협 신촌지점 앞','정기','F','30대',7,450.48,4.78,20590,130
'2017-03','622',' 전농사거리 교통섬','정기','F','30대',29,1356.47,14.56,62810,341
'2017-03','623',' 서울시립대 정문 앞','정기','F','30대',47,2707.3,27.32,117650,688
'2017-03','624',' 전농동 동아아파트 앞','정기','F','30대',30,1287.14,13.12,56370,363
'2017-03','625',' 답십리초등학교 앞(현대시장 옆)','정기','F','30대',19,979.91,10.1,43500,300
'2017-03','626',' 군자교 서측 녹지대','정기','F','30대',2,213.35,1.94,8350,47
'2017-03','627',' 장안동삼거리 교통섬','정기','F','30대',11,1181.5,12.66,54520,424
'2017-03','628',' 휘봉고등학교 앞','정기','F','30대',1,24.09,0.18,770,8
'2017-03','630',' 동대문구 보건소','정기','F','30대',56,2852.23,29.45,127010,700
'2017-03','631',' 답십리역 1번출구','정기','F','30대',41,4832.73,44.33,191130,1176
'2017-03','102',' 망원역 1번출구 앞','정기','F','30대',103,5582.08,57.7,248790,2353
'2017-03','138',' 신촌동 제1공영주차장 앞','정기','F','30대',4,233.62,1.95,8410,61
'2017-03','633',' 청량리 기업은행 앞','정기','F','30대',28,1845.75,17.84,76880,468
'2017-03','634',' 외국어대 정문 앞','정기','F','30대',25,1437.37,15.31,65870,439
'2017-03','635',' 시조사 앞 (청량고정문 옆)','정기','F','30대',1,26.93,0.32,1360,9
'2017-03','636',' 세종대왕기념관 교차로','정기','F','30대',9,262.69,3.02,12970,102
'2017-03','637',' KAIST 경영대학 앞','정기','F','30대',5,289.33,2.81,12100,78
'2017-03','638',' 서울시립대 정보기술관','정기','F','30대',1,91.2,1.09,4700,22
'2017-03','640',' KEB하나은행 청량리역지점','정기','F','30대',8,601.53,6.23,26850,205
'2017-03','641',' 용두역 4번출구','정기','F','30대',41,5050.67,47.85,206120,1115
'2017-03','642',' 신답역 사거리','정기','F','30대',29,1923.7,16.74,72240,393
'2017-03','140',' 이화여대 후문','정기','F','30대',24,1233.94,12.37,53430,371
'2017-03','643',' 동대문구민체육센터 (육교아래)','정기','F','30대',27,1772.32,16.69,72110,394
'2017-03','230',' 영등포구청역 1번출구','정기','F','30대',69,2580.67,25.22,108670,919
'2017-03','260',' 여의도 마리나선착장 앞','정기','F','30대',17,1744.29,18.07,77800,439
'2017-03','262',' 영문초등학교 사거리','정기','F','30대',18,707.87,6.89,29650,237
'2017-03','263',' 근로자회관 사거리','정기','F','30대',50,4149.8,45.74,197250,1114
'2017-03','264',' 교보생명보험 앞','정기','F','30대',13,528.26,5.4,23250,166
'2017-03','265',' 영등포유통상가 사거리','정기','F','30대',20,443.79,4.76,20540,198
'2017-03','141',' 연대 대운동장 옆','정기','F','30대',23,1664.01,17.52,75570,660
'2017-03','266',' 영등포청과시장 사거리','정기','F','30대',23,1332.13,13.53,58300,453
'2017-03','267',' 삼성화재 사옥 옆','정기','F','30대',34,3659.51,36.8,158610,787
'2017-03','268',' 그랜드컨벤션센터 앞','정기','F','30대',23,1554.63,15.31,66030,460
'2017-03','270',' 증권거래소후문교차로','정기','F','30대',3,87.77,0.94,4030,31
'2017-03','271',' 샛강생태공원방문자센터 앞','정기','F','30대',22,1001.04,9.38,40570,232
'2017-03','272',' 당산육갑문','정기','F','30대',28,3470.74,37.84,163080,976
'2017-03','716','신정6동 주민센터 인근','정기','F','30대',17,677.65,6.84,29480,197
'2017-03','139',' 연세대 정문 건너편','정기','F','30대',17,822,8.13,34980,235
'2017-03','719',' 홍익병원앞 교차로','정기','F','30대',13,1603.89,14.55,62740,475
'2017-03','720',' 서울강월초등학교 앞','정기','F','30대',3,170.3,1.73,7440,55
'2017-03','816',' 신용산역 6번출구 앞','정기','F','30대',32,2631.08,24.72,106500,758
'2017-03','817',' 삼각지역 4번출구 앞','정기','F','30대',9,901.81,8.75,37770,226
'2017-03','818',' 숙명여대 입구 교차로','정기','F','30대',41,1353.59,13.78,59190,942
'2017-03','819',' 선린인터넷 고등학교','정기','F','30대',7,328.87,2.95,12660,148
'2017-03','820',' 청파동입구 교차로','정기','F','30대',38,1484.1,12.59,54360,483
'2017-03','822',' 이촌1동 마을공원','정기','F','30대',12,1022.82,9.82,42390,309
'2017-03','823',' 효창동주민센터 앞','정기','F','30대',2,103.09,0.95,4100,33
'2017-03','825',' 서빙고동 주민센터 앞','정기','F','30대',17,3426.41,35.17,151570,689
'2017-03','199',' 서울 월드컵 경기장','정기','F','30대',22,1852.65,17.15,73930,525
'2017-03','388',' 동성중학교 앞','정기','F','30대',47,2176.16,21.82,93980,629
'2017-03','584',' 광진광장 교통섬','정기','F','30대',32,2350.48,22.22,95730,576
'2017-03','585',' 성수2가1동 공영주차장 인근','정기','F','30대',31,922.78,9.68,41920,290
'2017-03','586',' 마장동 주민센터','정기','F','30대',6,432.1,3.33,14330,77
'2017-03','900',' 은평예술회관','정기','F','30대',36,932.55,10.55,45420,212
'2017-03','901',' 응암1동사무소','정기','F','30대',22,1020.01,9.73,42030,304
'2017-03','200',' 국회의원회관','정기','F','30대',12,1188.09,12.57,54210,473
'2017-03','902',' 진관동 은빛초등학교','정기','F','30대',8,379.99,4.03,17370,136
'2017-03','903',' 은평뉴타운 아이파크','정기','F','30대',8,398.62,4.18,18000,144
'2017-03','904',' 은평뉴타운 푸르지오','정기','F','30대',20,914.74,9.55,41220,347
'2017-03','905',' 구파발역 2번출구','정기','F','30대',31,1915.47,18.13,78150,583
'2017-03','906',' 연신내역 5번출구150M 아래','정기','F','30대',33,2809.91,28.65,123390,834
'2017-03','907',' CJ 드림시티','정기','F','30대',54,5035.34,48.29,208250,1249
'2017-03','908',' 구산역 4번출구','정기','F','30대',16,3405.83,33,142250,641
'2017-03','911',' 은평평화공원(역촌역4번출구)','정기','F','30대',36,2277.38,23.18,99840,582
'2017-03','201',' 진미파라곤 앞','정기','F','30대',37,2267.69,23.29,100400,572
'2017-03','912',' 응암오거리','정기','F','30대',21,2026.91,19.43,83780,512
'2017-03','913',' 이마트 은평점','정기','F','30대',27,1393.31,13.82,59590,508
'2017-03','914',' 새절역 2번출구','정기','F','30대',39,4555.54,46.16,198870,1232
'2017-03','915',' 증산역 4번출구','정기','F','30대',28,2669.68,26.15,112760,699
'2017-03','916',' 평생학습관 앞','정기','F','30대',1,56.89,0.51,2210,32
'2017-03','917',' 녹번역 4번출구','정기','F','30대',12,476.86,4.75,20520,190
'2017-03','919',' 서울혁신파크','정기','F','30대',1,0,0,0,16
'2017-03','921',' 신도고등학교','정기','F','30대',5,393.63,4.14,17860,107
'2017-03','202',' 국민일보 앞','정기','F','30대',24,2294.22,22.89,98680,689
'2017-03','922',' 연신내역 4번출구','정기','F','30대',9,938.85,8.44,36380,223
'2017-03','923',' 국민은행 연서지점','정기','F','30대',6,264.52,2.79,12040,94
'2017-03','924',' 메뚜기다리','정기','F','30대',7,636.25,5.84,25240,143
'2017-03','925',' 불광역 2번출구','정기','F','30대',16,1784.88,17.68,76240,508
'2017-03','926',' 불광역 8번출구','정기','F','30대',23,1994.78,19.06,82210,520
'2017-03','927',' 연신내역 3번출구 인근','정기','F','30대',8,466.03,4.37,18890,219
'2017-03','928',' 은평역사한옥박물관','정기','F','30대',3,214.06,2.05,8820,80
'2017-03','930',' 구 서부경찰서 건너편','정기','F','30대',9,742.63,8.23,35440,222
'2017-03','931',' 역촌파출소','정기','F','30대',19,1664.62,16.99,73240,499
'2017-03','932',' 예일여중','정기','F','30대',8,641.02,7.13,30750,213
'2017-03','933',' LG서비스 역촌점','정기','F','30대',12,444.36,4.78,20600,145
'2017-03','587',' KEB하나은행 성수중앙지점','정기','F','30대',15,1588.82,11.93,51470,344
'2017-03','588',' 뚝섬 유원지역','정기','F','30대',18,577.8,4.87,21030,166
'2017-03','103',' 망원역 2번출구 앞','정기','F','30대',52,2896.85,29.46,127040,984
'2017-03','204',' 국회의사당역 5번출구 옆','정기','F','30대',18,1693.9,16.03,68970,434
'2017-03','203',' 국회의사당역 3번출구 옆','정기','F','30대',41,1673.3,16.48,70980,536
'2017-03','205',' 산업은행 앞','정기','F','30대',9,832.98,8.66,37260,282
'2017-03','206',' KBS 앞','정기','F','30대',16,1392.94,13.07,56250,313
'2017-03','209',' 유진투자증권빌딩 앞','정기','F','30대',18,1428.82,12.96,55920,383
'2017-03','210',' IFC몰','정기','F','30대',18,1713.52,17.46,75220,563
'2017-03','211',' 여의도역 4번출구 옆','정기','F','30대',43,1589.61,16.19,69710,475
'2017-03','212',' 여의도역 1번출구 옆','정기','F','30대',12,559.87,5.82,25020,238
'2017-03','213',' KT앞','정기','F','30대',27,2191.93,20.71,89290,503
'2017-03','104',' 합정역 1번출구 앞','정기','F','30대',82,5001.06,51.9,223950,1542
'2017-03','214',' 금융감독원 앞','정기','F','30대',5,182,1.75,7530,136
'2017-03','218',' 증권거래소 앞','정기','F','30대',9,238.52,2.25,9750,129
'2017-03','219',' 롯데캐슬엠파이어 옆','정기','F','30대',7,264.59,2.79,12030,106
'2017-03','220',' 미성아파트 A동 앞','정기','F','30대',22,1375.14,14.99,64680,392
'2017-03','215',' 여의도고교 앞','정기','F','30대',3,175.83,1.71,7400,45
'2017-03','216',' 삼부아파트1동 앞','정기','F','30대',19,342.85,3.51,15170,169
'2017-03','217',' NH농협은행 앞','정기','F','30대',17,224.17,2.32,10030,78
'2017-03','221',' 여의도초교 앞','정기','F','30대',55,2719.13,30.73,132250,961
'2017-03','222',' 시범아파트버스정류장 옆','정기','F','30대',62,4241.54,39.17,168850,1171
'2017-03','223',' 진주아파트상가 앞','정기','F','30대',21,1026.98,10.42,44910,219
'2017-03','105',' 합정역 5번출구 앞','정기','F','30대',41,1552.76,15.7,67520,469
'2017-03','224',' 롯데캐슬 앞','정기','F','30대',33,1070.73,10.28,44440,287
'2017-03','225',' 앙카라공원 앞','정기','F','30대',73,2586.05,26.5,113960,760
'2017-03','226',' 샛강역 1번출구 앞','정기','F','30대',19,1141.76,11.45,49380,261
'2017-03','207',' 여의나루역 1번출구 앞','정기','F','30대',25,1471.04,14.31,61680,531
'2017-03','401',' 상암월드컵파크 10단지 앞','정기','F','30대',43,2962.58,28.31,122010,1061
'2017-03','402',' 상암월드컵파크 9단지 앞','정기','F','30대',34,1839.07,15.86,68500,444
'2017-03','403',' 부엉이공원 앞','정기','F','30대',13,1548.08,15.32,65970,421
'2017-03','106',' 합정역 7번출구 앞','정기','F','30대',95,6638.2,59.93,258550,1724
'2017-03','405',' DMC빌 앞','정기','F','30대',14,520.61,5.08,21870,180
'2017-03','406',' 상암월드컵파크 7단지 앞','정기','F','30대',9,763.94,7.05,30330,181
'2017-03','421',' 마포구청 앞','정기','F','30대',116,7412.3,70.77,305250,2132
'2017-03','407',' 마포구 육아종합지원센터','정기','F','30대',36,2497.63,25.35,109260,1069
'2017-03','408',' LG CNS앞','정기','F','30대',33,3034.66,27.06,116630,778
'2017-03','420',' 서울시 공공자전거 상암센터','정기','F','30대',13,1230.11,12.83,55320,362
'2017-03','409',' 누리꿈스퀘어 옆','정기','F','30대',64,3207.72,31.6,136200,1049
'2017-03','419',' 홈플러스 앞','정기','F','30대',108,7632.39,73.86,318350,2205
'2017-03','410',' 상암중학교 옆','정기','F','30대',1,75.68,0.68,2940,14
'2017-03','418',' 월드컵경기장역 3번출구 옆','정기','F','30대',45,4354.04,42.16,181670,1185
'2017-03','107',' 신한은행 서교동금융센터점 앞','정기','F','30대',69,4707.8,43.7,188380,1296
'2017-03','411',' DMC홍보관','정기','F','30대',42,3001.56,30.68,132280,845
'2017-03','412',' DMC산학협력연구센터 앞','정기','F','30대',83,6653.42,66.1,284790,1707
'2017-03','413',' 상암월드컵파크 3단지 후문','정기','F','30대',23,1819.86,16.88,72720,593
'2017-03','417',' DMC역 2번출구 옆','정기','F','30대',30,1891.96,19.5,84070,505
'2017-03','414',' 상암동주민센터 옆','정기','F','30대',24,1328.78,12.34,53060,328
'2017-03','415',' DMC역 9번출구 앞','정기','F','30대',43,2170.69,19.62,84670,575
'2017-03','416',' 상암월드컵파크 1단지 교차로','정기','F','30대',85,4603.56,44.65,192370,905
'2017-03','500',' 어린이대공원역 3번출구 앞','정기','F','30대',22,1136.3,10.06,43230,323
'2017-03','501',' 광진구의회 앞','정기','F','30대',75,3609.61,34.17,147560,1645
'2017-03','502',' 뚝섬유원지역 1번출구 앞','정기','F','30대',68,3908.58,38.07,164210,967
'2017-03','108',' 서교동 사거리','정기','F','40대',5,404.08,3.96,17070,106
'2017-03','503',' 더샵스타시티 C동 앞','정기','F','40대',32,1858.05,16.6,71690,513
'2017-03','504',' 신자초교입구교차로','정기','F','40대',9,469.1,5.57,24050,212
'2017-03','505',' 자양사거리 광진아크로텔 앞','정기','F','40대',4,134.35,1.24,5360,60
'2017-03','507',' 성수아이에스비즈타워 앞','정기','F','40대',3,223.17,1.79,7720,31
'2017-03','508',' 성수아카데미타워 앞','정기','F','40대',2,57.74,0.56,2430,21
'2017-03','509',' 이마트 버스정류소 옆','정기','F','40대',30,1698.58,16.6,71450,547
'2017-03','510',' 서울숲 남문 버스정류소 옆','정기','F','40대',3,248.98,2.58,11080,115
'2017-03','511',' 서울숲역 4번 출구 옆','정기','F','40대',5,594.86,6.15,26540,260
'2017-03','512',' 뚝섬역 1번 출구 옆','정기','F','40대',22,2070.55,17.99,77510,546
'2017-03','109',' 제일빌딩 앞','정기','F','40대',1,109.73,0.76,3260,14
'2017-03','400',' 상암한화오벨리스크 1차 앞','정기','F','40대',29,730.43,7.54,32490,370
'2017-03','513',' 뚝섬역 5번 출구 정류소 옆','정기','F','40대',8,273.04,2.57,11070,73
'2017-03','514',' 성수사거리 버스정류장 앞','정기','F','40대',26,1873.92,15.99,68930,498
'2017-03','515',' 광양중학교 앞','정기','F','40대',5,366.86,4.05,17490,199
'2017-03','516',' 광진메디칼 앞','정기','F','40대',2,137.05,1.44,6200,46
'2017-03','300',' 정동사거리','정기','F','40대',12,602.88,5.7,24580,192
'2017-03','301',' 경복궁역 7번출구 앞','정기','F','40대',4,211.33,2.35,10130,84
'2017-03','302',' 경복궁역 4번출구 뒤','정기','F','40대',8,545.37,5.6,24150,154
'2017-03','303',' 광화문역 1번출구 앞','정기','F','40대',16,784.5,8.16,35220,295
'2017-03','115',' 사루비아 빌딩 앞','정기','F','40대',12,1013.46,9.36,40420,248
'2017-03','304',' 광화문역 2번출구 앞','정기','F','40대',4,191.79,1.89,8160,59
'2017-03','305',' 종로구청 옆','정기','F','40대',19,988.22,8.95,38580,260
'2017-03','306',' 광화문역 7번출구 앞','정기','F','40대',9,443.18,4.25,18310,177
'2017-03','307',' 서울역사박물관 앞','정기','F','40대',4,292.23,2.92,12590,78
'2017-03','308',' 광화문 S타워 앞','정기','F','40대',11,470.04,4.24,18330,210
'2017-03','309',' 광화문역 6번출구 옆','정기','F','40대',7,444.57,4.63,19960,156
'2017-03','310',' 청계광장 옆','정기','F','40대',1,132.46,1.03,4460,36
'2017-03','311',' 서울광장 옆','정기','F','40대',20,860.92,8.65,37310,326
'2017-03','312',' 시청역 1번출구 뒤','정기','F','40대',12,448.03,4.36,18820,230
'2017-03','313',' 서울역 광장 파출소 옆','정기','F','40대',3,165.01,1.7,7310,43
'2017-03','110',' 사천교','정기','F','40대',20,890.71,8.81,38080,235
'2017-03','314',' 국립현대미술관','정기','F','40대',16,872.19,8.48,36490,298
'2017-03','315',' 신한은행 안국역지점 옆','정기','F','40대',24,1043.65,10.14,43710,317
'2017-03','316',' 종각역 1번출구 앞','정기','F','40대',15,1782.62,15.8,68060,430
'2017-03','318',' 광교사거리 남측','정기','F','40대',8,390,2.94,12690,124
'2017-03','320',' 을지로입구역 4번출구 앞','정기','F','40대',7,469.07,4.26,18400,122
'2017-03','321',' KEB 하나은행 본점 앞','정기','F','40대',8,321.54,3.12,13430,113
'2017-03','322',' 명동성당 앞','정기','F','40대',15,899.27,8.62,37220,260
'2017-03','116',' 일진아이윌아파트 옆','정기','F','40대',48,2353.13,22.96,98790,1649
'2017-03','324',' 신세계백화점 본점 앞','정기','F','40대',12,821.08,8.09,34890,255
'2017-03','326',' 안국역 5번출구 앞','정기','F','40대',60,2437.87,23.21,99860,600
'2017-03','327',' 낙원상가 옆','정기','F','40대',26,1371.15,12.52,53920,423
'2017-03','328',' 탑골공원 앞','정기','F','40대',35,3425.09,32.77,141320,799
'2017-03','329',' 청계2가 사거리 옆','정기','F','40대',17,1354.29,11.34,48830,237
'2017-03','330',' 청계천 한빛광장','정기','F','40대',6,403.18,4.3,18570,169
'2017-03','331',' 을지로2가 사거리 북측','정기','F','40대',9,340.66,3.2,13750,86
'2017-03','332',' 을지로2가 사거리 남측','정기','F','40대',7,371.16,3.26,14030,93
'2017-03','111',' 상수역 2번출구 앞','정기','F','40대',4,255.99,2.34,10070,133
'2017-03','334',' 종로3가역 2번출구 뒤','정기','F','40대',8,579.01,5.84,25160,214
'2017-03','335',' 종로3가역 15번출구 앞','정기','F','40대',17,326.46,3.09,13380,101
'2017-03','336',' 티마크 호텔 앞','정기','F','40대',3,206.35,2.02,8670,57
'2017-03','337',' 창경궁 입구','정기','F','40대',16,481.08,4.5,19290,205
'2017-03','338',' 세운스퀘어 앞','정기','F','40대',30,1174.87,10.63,45720,395
'2017-03','339',' 종로4가 사거리','정기','F','40대',8,442.92,4.04,17360,165
'2017-03','340',' 혜화동 로터리','정기','F','40대',22,1521.74,13.25,57140,536
'2017-03','341',' 혜화역 3번출구 뒤','정기','F','40대',12,399.87,3.69,15950,177
'2017-03','342',' 대학로 마로니에공원','정기','F','40대',17,929.87,8.94,38490,325
'2017-03','343',' 예일빌딩(율곡로) 앞','정기','F','40대',1,27.3,0.26,1130,50
'2017-03','112',' 극동방송국 앞','정기','F','40대',9,233.08,2.25,9680,98
'2017-03','344',' 성균관대 E하우스 앞','정기','F','40대',44,1845.86,16.75,72320,1126
'2017-03','345',' 서울보증보험본사 앞','정기','F','40대',58,2667.8,24.31,104820,828
'2017-03','346',' 맥스타일 앞','정기','F','40대',8,469.22,4.01,17260,147
'2017-03','347',' 동대문역사문화공원역 9번출구 앞','정기','F','40대',20,2167.57,21.98,94740,509
'2017-03','349',' 사직동주민센터','정기','F','40대',19,578.78,5.4,23180,139
'2017-03','350','KEB 하나은행(내자동 지점) 앞','정기','F','40대',42,1908.3,19.89,85840,629
'2017-03','351',' 청운초교 앞 삼거리','정기','F','40대',8,947.37,7.72,33220,201
'2017-03','352',' 중앙고입구 삼거리','정기','F','40대',30,1709.31,15.9,68370,380
'2017-03','353',' 재동초교 앞 삼거리','정기','F','40대',9,450.26,4.68,20190,213
'2017-03','117',' 홍은사거리','정기','F','40대',27,3732.9,38.2,164740,841
'2017-03','354',' 포르투갈 대사관 앞','정기','F','40대',24,1239.65,12.94,55840,443
'2017-03','355',' 서울사대부속초교 앞','정기','F','40대',14,623.62,5.98,25850,332
'2017-03','356',' KT혜화지사 앞','정기','F','40대',5,429.43,3.28,14100,142
'2017-03','358',' 성대입구 사거리','정기','F','40대',17,2103.21,15.94,68790,529
'2017-03','359',' 원남동사거리','정기','F','40대',22,706.96,6.97,30200,207
'2017-03','361',' 동묘앞역 1번출구 뒤','정기','F','40대',31,1478.6,12.72,54800,1059
'2017-03','362',' 청계8가 사거리','정기','F','40대',20,1006.46,8.33,35860,334
'2017-03','363',' 신설동역 11번출구 뒤','정기','F','40대',3,112.88,1.08,4630,39
'2017-03','364',' 창신역 1번출구 앞','정기','F','40대',17,787.06,8.41,36220,365
'2017-03','113',' 홍대입구역 2번출구 앞','정기','F','40대',108,5270.46,54.01,232870,1592
'2017-03','367',' 독립문역 3-1번출구 ','정기','F','40대',11,658.29,5.96,25800,203
'2017-03','368',' SK 서린빌딩 앞','정기','F','40대',13,645.31,6.41,27630,197
'2017-03','369',' 광화문 시민열린마당','정기','F','40대',13,697.73,7.41,31870,242
'2017-03','348',' 독립문역 사거리','정기','F','40대',11,520.14,5.29,22770,234
'2017-03','370',' 시청역(2호선) 9번출구 뒤','정기','F','40대',29,1373.76,12.77,55210,402
'2017-03','371',' 동대입구역 6번출구 뒤','정기','F','40대',5,242.8,2.32,10010,78
'2017-03','372',' 약수역 3번출구 뒤','정기','F','40대',8,1148.32,11.21,48330,189
'2017-03','373',' 청구 어린이공원','정기','F','40대',6,219.03,3.07,13170,72
'2017-03','118',' 광흥창역 2번출구 앞','정기','F','40대',24,1193.15,11.27,48550,311
'2017-03','375',' 다산 어린이공원','정기','F','40대',30,1589.14,17.57,75780,588
'2017-03','377',' 서울역 4번출구 앞','정기','F','40대',3,125.07,1.02,4410,109
'2017-03','378',' 청계7가 사거리','정기','F','40대',19,1240.8,11.25,48470,292
'2017-03','379',' 서울역9번출구','정기','F','40대',9,506.68,4.24,18260,142
'2017-03','380',' CJ제일제당 앞','정기','F','40대',29,2322.3,24.84,107240,800
'2017-03','381',' 장충체육관','정기','F','40대',7,417.48,3.84,16550,153
'2017-03','382',' 약수역 10번출구 앞','정기','F','40대',1,27.54,0.28,1220,20
'2017-03','383',' 신당역 12번 출구 뒤','정기','F','40대',16,797.96,8.25,35550,321
'2017-03','384',' 종로학원본원 ','정기','F','40대',2,93.36,0.72,3080,27
'2017-03','114',' 홍대입구역 8번출구 앞','정기','F','40대',21,1648.65,18.13,78080,461
'2017-03','142',' 아현역 4번출구 앞','정기','F','40대',2,166.55,1.53,6580,50
'2017-03','143',' 공덕역 2번출구','정기','F','40대',8,1109.03,11.67,50320,428
'2017-03','144',' 공덕역 8번출구','정기','F','40대',18,1286.86,13.17,56780,443
'2017-03','145',' 공덕역 5번출구','정기','F','40대',30,963.28,9.37,40450,318
'2017-03','146',' 마포역 1번출구 뒤','정기','F','40대',7,463.07,4.67,20120,186
'2017-03','147',' 마포역 4번출구 뒤','정기','F','40대',20,2733.68,28.2,121620,614
'2017-03','148',' 용강동 주민센터 앞','정기','F','40대',40,5267.25,51.89,223780,1308
'2017-03','150',' 서강대역 2번출구 앞','정기','F','40대',14,570,5.72,24630,159
'2017-03','151',' 망원1동주민센터','정기','F','40대',44,3209,29.76,128430,793
'2017-03','152',' 마포구민체육센터 앞','정기','F','40대',56,4633.09,46.12,198850,1364
'2017-03','119',' 서강나루 공원','정기','F','40대',6,917.32,8.71,37480,220
'2017-03','153',' 성산2교 사거리','정기','F','40대',18,835.61,8.39,36130,276
'2017-03','154',' 마포구청역 ','정기','F','40대',61,3137.32,34.81,150170,1169
'2017-03','155',' 가좌역1 번출구 뒤','정기','F','40대',2,181.81,1.62,6990,37
'2017-03','156',' 서울서부지방법원 앞','정기','F','40대',11,267.75,2.67,11430,85
'2017-03','157',' 애오개역 4번출구 앞','정기','F','40대',7,267.33,2.8,12110,158
'2017-03','158',' 독립문 어린이 공원','정기','F','40대',24,1522.59,14.02,60620,310
'2017-03','159',' 이대역 4번 출구','정기','F','40대',14,827.12,7.77,33430,292
'2017-03','160',' 북아현동 가구거리','정기','F','40대',5,248.11,2.34,10150,54
'2017-03','161',' 무악재역1번 출구','정기','F','40대',8,569.35,5.38,23190,141
'2017-03','162',' 봉원고가차도 밑','정기','F','40대',10,459.29,4.65,20110,128
'2017-03','120',' 신수동 사거리','정기','F','40대',2,153.11,1.46,6300,52
'2017-03','163',' 명지전문대학교 정문 앞','정기','F','40대',29,2392.79,22.4,96440,597
'2017-03','164',' 북가좌1동 주민센터 ','정기','F','40대',33,2243.8,22.27,95720,537
'2017-03','165',' 중앙근린공원','정기','F','40대',36,1362.98,13.5,58190,470
'2017-03','166',' 가재울 초등학교','정기','F','40대',41,6226.89,60.22,259680,801
'2017-03','167',' 연가초등학교 옆','정기','F','40대',10,913.91,9.4,40560,248
'2017-03','168',' 남가좌동 사거리','정기','F','40대',8,521.48,5.58,24040,163
'2017-03','169',' 북가좌 삼거리','정기','F','40대',11,431.07,4.49,19410,187
'2017-03','170',' 가재울 뉴타운 주유소 옆','정기','F','40대',30,4611.24,40.73,175540,738
'2017-03','171',' 임광빌딩 앞','정기','F','40대',30,1947.42,19.59,84440,590
'2017-03','172',' 서대문소방서','정기','F','40대',21,2279.29,21.27,91700,511
'2017-03','121',' 마포소방서 앞','정기','F','40대',2,107.41,1.18,5080,38
'2017-03','173',' 서대문역 8번출구 앞','정기','F','40대',10,715.03,6.54,28230,163
'2017-03','175',' 홍연2교옆','정기','F','40대',19,1388.08,13.22,57050,463
'2017-03','179',' 가좌역 4번출구 앞','정기','F','40대',11,748.72,7.42,31980,202
'2017-03','180',' 충정로역 7번출구 뒤','정기','F','40대',21,922.56,8.93,38490,260
'2017-03','518',' 청계천 박물관 앞','정기','F','40대',14,451.01,4.51,19390,212
'2017-03','519',' 양지사거리','정기','F','40대',27,1275.38,11.47,49490,240
'2017-03','520',' 상왕십리역 4번 출구 앞','정기','F','40대',10,392.6,3.61,15570,111
'2017-03','521',' 왕십리역 11번 출구 앞','정기','F','40대',7,367.75,3.59,15460,125
'2017-03','523',' 옥수동성당 옆','정기','F','40대',1,101.79,0.95,4080,23
'2017-03','122',' 신성기사식당 앞','정기','F','40대',11,1734.27,16.22,70020,365
'2017-03','524',' 래미안금호하이리버 아파트 102동 옆','정기','F','40대',1,12.2,0.1,440,1
'2017-03','525',' 한양대병원사거리','정기','F','40대',24,912.15,9.37,40430,275
'2017-03','526',' 용답토속공원 앞','정기','F','40대',4,122.94,1.13,4870,52
'2017-03','529',' 장한평역 8번 출구 앞','정기','F','40대',13,1491.51,14.58,62780,313
'2017-03','530',' 청계벽산아파트 앞','정기','F','40대',34,2308.38,20.59,88770,507
'2017-03','533',' 우리은행 금호동 지점 앞','정기','F','40대',14,2413.28,20.69,89180,441
'2017-03','534',' 금호사거리','정기','F','40대',1,151.35,1.71,7350,52
'2017-03','535',' 응봉삼거리','정기','F','40대',2,79.48,0.96,4130,26
'2017-03','536',' 행당역 2번출구 앞','정기','F','40대',30,1234.03,13.29,57250,481
'2017-03','537',' 한양대후문역 부근','정기','F','40대',3,337.55,2.73,11820,76
'2017-03','123',' 문화촌 공원','정기','F','40대',8,860.48,9.6,41380,214
'2017-03','538',' 답십리역 8번출구 앞','정기','F','40대',14,873.5,8.49,36670,181
'2017-03','550',' 서울시설공단 앞','정기','F','40대',5,166.41,1.53,6620,50
'2017-03','539',' 군자교교차로','정기','F','40대',20,2158.32,19.45,83850,508
'2017-03','540',' 군자역 7번출구 베스트샵 앞','정기','F','40대',57,5614.6,53.14,229170,1483
'2017-03','542',' 강변역 4번출구 뒤','정기','F','40대',7,173.63,1.71,7350,49
'2017-03','543',' 구의공원(테크노마트 앞)','정기','F','40대',5,165.76,1.56,6690,88
'2017-03','544',' 광남중학교','정기','F','40대',20,4059.94,37.98,163750,811
'2017-03','546',' 잠실대교북단 교차로','정기','F','40대',8,716.99,7.9,34040,271
'2017-03','548',' 자양나들목','정기','F','40대',10,570.29,5.35,23070,187
'2017-03','124',' 서강대 정문 건너편','정기','F','40대',2,172.8,2.04,8800,100
'2017-03','601',' 용신동주민센터','정기','F','40대',9,261.03,2.52,10940,88
'2017-03','602',' 장안동 사거리','정기','F','40대',13,851.03,8,34480,260
'2017-03','604',' 답십리초등학교 옆 공원','정기','F','40대',6,323.36,3.06,13170,172
'2017-03','605',' 신설동역8번출구','정기','F','40대',11,1438.24,16.81,72390,340
'2017-03','607',' 신이문역 2번출구','정기','F','40대',2,122,1.1,4740,45
'2017-03','608',' 전농삼성아파트','정기','F','40대',4,316.34,2.85,12290,81
'2017-03','609',' 제기2교','정기','F','40대',8,494.71,4.66,20070,152
'2017-03','125',' 서강대 남문 옆','정기','F','40대',7,519.25,4.89,21100,162
'2017-03','610',' 동대문중 교차로','정기','F','40대',13,523.24,5.17,22230,212
'2017-03','612',' 시립동부병원 앞 사거리','정기','F','40대',13,555.37,5.53,23720,150
'2017-03','613',' 신설동역 10번출구 앞','정기','F','40대',6,531.91,5.62,24240,376
'2017-03','614',' 용두동 사거리','정기','F','40대',6,356.79,3.23,13920,148
'2017-03','615',' 용두동 레미안허브리츠아파트 앞','정기','F','40대',17,2713.22,25.22,108790,822
'2017-03','616',' 서울시립대 앞','정기','F','40대',1,32.84,0.33,1430,6
'2017-03','617',' 청솔우성아파트 앞','정기','F','40대',14,589.48,5.43,23360,218
'2017-03','227',' 양평2나들목 보행통로 입구','정기','F','40대',3,254.36,2.68,11590,74
'2017-03','228',' 선유도역 3번출구 앞','정기','F','40대',9,1304.59,13.92,60000,353
'2017-03','229',' 양평1 보행육교 앞','정기','F','40대',23,5251.11,47.46,204590,1056
'2017-03','126',' 서강대 후문 옆','정기','F','40대',22,610.68,6.09,26380,224
'2017-03','231',' 남부고용노동지청 남측','정기','F','40대',3,122.23,1.18,5120,39
'2017-03','232',' 양평우림 이비즈센타 앞','정기','F','40대',7,892.83,9.63,41510,386
'2017-03','234',' 영등포구민체육센터 앞','정기','F','40대',3,60.83,0.59,2560,16
'2017-03','235',' 신길동 우리은행 옆','정기','F','40대',6,216.2,2.11,9100,320
'2017-03','236',' 문래동자이아파트 앞','정기','F','40대',1,33.49,0.35,1510,8
'2017-03','238',' 제2구민체육센타 앞','정기','F','40대',13,390.33,2.99,12840,121
'2017-03','239',' 유스호스텔 앞','정기','F','40대',2,75.82,0.82,3510,24
'2017-03','240',' 문래역 4번출구 앞','정기','F','40대',6,280.82,2.54,10930,103
'2017-03','127',' 현대벤처빌 앞','정기','F','40대',5,263.18,2.58,11150,90
'2017-03','241',' 신길우성1차아파트 앞 공원','정기','F','40대',6,572.41,5.63,24260,152
'2017-03','242',' 신길선원가와인아파트 앞','정기','F','40대',13,1155.32,10.59,45620,373
'2017-03','243',' 이앤씨드림타워 앞','정기','F','40대',6,224.28,2.18,9440,116
'2017-03','244',' 영등포삼환아파트 앞','정기','F','40대',2,253.21,1.95,8380,59
'2017-03','245',' 삼성생명 당산사옥 앞','정기','F','40대',15,1994.91,18.71,80620,562
'2017-03','247',' 당산역 10번출구 앞','정기','F','40대',17,2138.63,19.19,82720,636
'2017-03','248',' 초원아파트 앞','정기','F','40대',5,613.56,5.68,24480,175
'2017-03','249',' 여의도중학교 옆','정기','F','40대',5,741.32,6.69,28800,195
'2017-03','251',' 서울지방병무청 버스정류장','정기','F','40대',1,60.35,0.59,2540,22
'2017-03','101',' (구)합정동 주민센터','정기','F','40대',7,185.6,1.68,7210,73
'2017-03','128',' 신촌역(2호선) 1번출구 옆','정기','F','40대',6,286.27,2.92,12590,97
'2017-03','252',' 보라매역4번출구','정기','F','40대',32,2828.35,31.26,134680,853
'2017-03','253',' 신풍역 5번출구 인근','정기','F','40대',18,502.99,4.91,21170,131
'2017-03','254',' 도림신협 앞','정기','F','40대',1,19.25,0.19,810,5
'2017-03','255',' 도림4거리','정기','F','40대',10,282.98,2.76,11910,109
'2017-03','256',' 동아에코빌입구','정기','F','40대',8,241.44,2.62,11350,550
'2017-03','257',' 신길삼거리(우리은행)','정기','F','40대',38,2159.81,19.45,83750,539
'2017-03','258',' 신길역3번출구','정기','F','40대',1,46.83,0.5,2150,14
'2017-03','259',' 대방역6번출구','정기','F','40대',33,928.87,8.69,37390,214
'2017-03','129',' 신촌역(2호선) 6번출구 옆','정기','F','40대',16,709.31,8.01,34500,247
'2017-03','702',' 목4동주민센터 옆','정기','F','40대',2,355.3,3.89,16770,82
'2017-03','703',' 오목교역 7번출구 앞','정기','F','40대',13,1475.99,14.22,61360,374
'2017-03','704',' 남부법원검찰청 교차로','정기','F','40대',5,1120.41,12.12,52260,275
'2017-03','706',' 신정네거리역','정기','F','40대',2,134.48,1.18,5060,44
'2017-03','707',' 신정3동주민센터','정기','F','40대',3,696.23,7.04,30370,177
'2017-03','708',' 서울출입국관리사무소 앞','정기','F','40대',12,597.57,6.5,28020,407
'2017-03','709',' 신정3동 현장민원실 앞','정기','F','40대',1,310.12,2.33,10040,46
'2017-03','710',' 서부화물트럭터미널 사거리','정기','F','40대',3,305.68,2.44,10520,51
'2017-03','711',' 신일해피트리아파트 앞','정기','F','40대',6,420.84,3.79,16350,77
'2017-03','130',' 신촌역(2호선) 7번출구 앞','정기','F','40대',6,229.9,2.46,10560,92
'2017-03','713',' 양서중학교 옆','정기','F','40대',1,143.97,1.53,6610,57
'2017-03','800',' 목월공원 앞','정기','F','40대',7,1631.98,15.23,65670,377
'2017-03','802',' 한강진역 2번 출구 앞','정기','F','40대',5,976.99,7.28,31370,212
'2017-03','803',' 한남초교 앞 보도육교','정기','F','40대',1,98.58,0.89,3830,32
'2017-03','805',' 문배어린이공원 앞','정기','F','40대',2,520.35,3.85,16600,64
'2017-03','806',' 전자랜드 본관 앞','정기','F','40대',5,919.36,7.44,32090,200
'2017-03','807',' 서울역 12번 출구 앞','정기','F','40대',13,2966.4,29.92,128980,592
'2017-03','131',' 증산2교','정기','F','40대',12,1219.82,11.05,47650,384
'2017-03','809',' 한남 유수지 복개주차장','정기','F','40대',4,683,6.62,28540,157
'2017-03','811',' 녹사평역1번출구','정기','F','40대',5,542.73,4.24,18280,103
'2017-03','812',' 용산전쟁기념관','정기','F','40대',1,17.5,0.16,680,3
'2017-03','813',' 삼각지역 3번출구','정기','F','40대',12,546.99,4.82,20810,116
'2017-03','815',' LIG강촌아파트 103동앞','정기','F','40대',11,1652.77,17.55,75630,642
'2017-03','385',' 종각역 5번출구','정기','F','40대',14,609.45,5.83,25140,225
'2017-03','386',' 올림픽기념 국민생활관 앞','정기','F','40대',10,523.89,4.74,20470,171
'2017-03','387',' 훈련원공원주차장 앞','정기','F','40대',11,799.77,7.82,33720,272
'2017-03','181',' 망원초록길 입구','정기','F','40대',3,512.74,4.62,19920,124
'2017-03','132',' 창천문화공원','정기','F','40대',4,194.47,2.07,8930,65
'2017-03','182',' 망원2빗물펌프장 앞','정기','F','40대',15,1527.64,14.28,61580,536
'2017-03','183',' 하늘채코오롱아파트 건너편','정기','F','40대',70,4366.34,42.34,182420,1064
'2017-03','184',' SK망원동주유소 건너편','정기','F','40대',16,964.69,8.96,38690,320
'2017-03','185',' 마포 신수공원 앞','정기','F','40대',32,3622.12,32.85,141490,841
'2017-03','186',' 월드컵공원','정기','F','40대',31,2229.86,21.1,91000,846
'2017-03','177',' 북가좌 초등학교','정기','F','40대',1,126.54,0.96,4150,40
'2017-03','188',' 홍은동 정원여중 입구','정기','F','40대',4,455.85,4.1,17670,128
'2017-03','191',' 정명학원','정기','F','40대',9,598.5,4.43,19090,143
'2017-03','192',' 연서어린이공원','정기','F','40대',5,1157.28,10.16,43810,209
'2017-03','178',' 증산3교 앞','정기','F','40대',1,8.55,0.08,360,2
'2017-03','133',' 해담는다리','정기','F','40대',10,704.14,6.3,27100,200
'2017-03','194',' 증산교 앞','정기','F','40대',51,6127.5,56.59,243960,1391
'2017-03','195',' 모래내고가차도 ','정기','F','40대',42,1849.34,14.88,64160,392
'2017-03','196',' 연희교차로 인근','정기','F','40대',5,719.01,6.68,28820,194
'2017-03','198',' 충정2교','정기','F','40대',1,34.49,0.31,1340,8
'2017-03','556',' 달맞이공원','정기','F','40대',2,266.16,2.83,12220,116
'2017-03','557',' 도선동 주민센터 앞','정기','F','40대',16,546.04,5.58,24070,175
'2017-03','558',' 성동광진 교육지원청 앞','정기','F','40대',16,993.2,9.75,41970,304
'2017-03','134',' 연세로 명물길','정기','F','40대',7,758.94,6.85,29550,315
'2017-03','559',' 왕십리역 4번 출구 건너편','정기','F','40대',10,997.57,8.1,34950,243
'2017-03','560',' 비전교회 앞','정기','F','40대',1,70.85,0.66,2840,12
'2017-03','561',' 서울숲역 2번출구 앞','정기','F','40대',4,244.83,2.78,12010,214
'2017-03','562',' 군자지하보도 앞','정기','F','40대',1,88.43,0.74,3190,19
'2017-03','563',' 성동세무서 건너편','정기','F','40대',10,490.29,4.28,18430,103
'2017-03','564',' 금호역 3번출구','정기','F','40대',1,21.15,0.21,890,6
'2017-03','565',' 옥수역 3번출구','정기','F','40대',29,4836.5,49.05,211310,1205
'2017-03','567',' 성수역 2번출구 앞','정기','F','40대',8,474.78,4.43,19080,213
'2017-03','568',' 청계8가사거리 부근','정기','F','40대',39,1213.54,11.77,50590,326
'2017-03','135',' 명물길 원형무대 앞','정기','F','40대',2,62.54,0.6,2560,15
'2017-03','569',' 응봉현대아파트 정류소','정기','F','40대',1,9.37,0.13,550,5
'2017-03','578',' 성동세무서 부근','정기','F','40대',3,297.36,2.95,12710,130
'2017-03','579',' 마장역 4번출구','정기','F','40대',36,1250.84,11.99,51360,482
'2017-03','580',' 신금호역 3번출구 뒤','정기','F','40대',4,268.79,2.92,12570,70
'2017-03','581',' 용답초등학교','정기','F','40대',24,4001.07,36.64,157960,1067
'2017-03','582',' 경일중학교 앞','정기','F','40대',11,756.93,8.61,37070,245
'2017-03','583',' 청계천 생태교실 앞','정기','F','40대',14,1719.79,16.3,70330,401
'2017-03','551',' 구의삼성쉐르빌 앞','정기','F','40대',28,2147.65,17.86,76900,463
'2017-03','553',' 중곡 성원APT 앞','정기','F','40대',2,392.74,3.48,15030,68
'2017-03','136',' 대흥동 주민센터','정기','F','40대',5,456.18,4.18,18000,136
'2017-03','554',' 아차산역 사거리','정기','F','40대',16,1049.94,8.36,35950,216
'2017-03','555',' 구의3동주민센터','정기','F','40대',1,49.94,0.45,1940,18
'2017-03','571',' 어린이대공원역6번출구','정기','F','40대',13,875.72,8.7,37520,291
'2017-03','572',' 국립정신 건강센터 앞','정기','F','40대',9,535.23,5.06,21800,176
'2017-03','573',' 구의문주차장 앞','정기','F','40대',4,215.69,1.79,7690,50
'2017-03','574',' 아차산역4번출구','정기','F','40대',5,321.3,3.3,14210,107
'2017-03','575',' 중앙농협 중곡지점','정기','F','40대',3,221.49,2.17,9390,93
'2017-03','576',' 광나루역 3번 출구','정기','F','40대',3,91.75,0.78,3310,19
'2017-03','577',' 광진청소년수련관','정기','F','40대',8,549.47,5.31,22870,220
'2017-03','621',' 동대문중학교 옆','정기','F','40대',2,51,0.52,2250,14
'2017-03','137',' NH농협 신촌지점 앞','정기','F','40대',4,344.28,2.91,12510,78
'2017-03','622',' 전농사거리 교통섬','정기','F','40대',10,780.1,7.31,31420,211
'2017-03','623',' 서울시립대 정문 앞','정기','F','40대',7,413.13,4.09,17640,127
'2017-03','624',' 전농동 동아아파트 앞','정기','F','40대',16,761.39,7.66,33020,352
'2017-03','625',' 답십리초등학교 앞(현대시장 옆)','정기','F','40대',3,152.45,1.41,6110,50
'2017-03','626',' 군자교 서측 녹지대','정기','F','40대',1,21.07,0.18,760,5
'2017-03','627',' 장안동삼거리 교통섬','정기','F','40대',2,40.79,0.39,1650,12
'2017-03','630',' 동대문구 보건소','정기','F','40대',23,1528.02,16.96,73150,576
'2017-03','631',' 답십리역 1번출구','정기','F','40대',13,393.34,4.29,18550,108
'2017-03','102',' 망원역 1번출구 앞','정기','F','40대',38,2100.91,18.91,81560,526
'2017-03','138',' 신촌동 제1공영주차장 앞','정기','F','40대',3,77.73,0.7,3020,32
'2017-03','633',' 청량리 기업은행 앞','정기','F','40대',6,616.22,5.16,22240,168
'2017-03','634',' 외국어대 정문 앞','정기','F','40대',21,3777.09,37.54,161790,914
'2017-03','635',' 시조사 앞 (청량고정문 옆)','정기','F','40대',3,525.1,4,17220,88
'2017-03','636',' 세종대왕기념관 교차로','정기','F','40대',3,257.83,2.8,12070,115
'2017-03','638',' 서울시립대 정보기술관','정기','F','40대',1,105.26,1.03,4430,30
'2017-03','641',' 용두역 4번출구','정기','F','40대',32,3776.23,36.75,158390,879
'2017-03','642',' 신답역 사거리','정기','F','40대',6,331.49,3.07,13260,92
'2017-03','140',' 이화여대 후문','정기','F','40대',13,697.33,6.15,26530,243
'2017-03','643',' 동대문구민체육센터 (육교아래)','정기','F','40대',18,1830.72,19.01,81870,432
'2017-03','230',' 영등포구청역 1번출구','정기','F','40대',23,658.58,5.3,22820,338
'2017-03','260',' 여의도 마리나선착장 앞','정기','F','40대',1,61.9,0.74,3190,22
'2017-03','262',' 영문초등학교 사거리','정기','F','40대',8,212.72,2.19,9490,72
'2017-03','264',' 교보생명보험 앞','정기','F','40대',2,298.12,2.27,9790,51
'2017-03','265',' 영등포유통상가 사거리','정기','F','40대',2,88.57,0.92,3970,28
'2017-03','266',' 영등포청과시장 사거리','정기','F','40대',29,2371.74,26.03,112320,765
'2017-03','267',' 삼성화재 사옥 옆','정기','F','40대',11,789.7,7.22,31190,233
'2017-03','268',' 그랜드컨벤션센터 앞','정기','F','40대',6,293.78,2.79,12010,92
'2017-03','270',' 증권거래소후문교차로','정기','F','40대',2,141.26,1.5,6490,46
'2017-03','271',' 샛강생태공원방문자센터 앞','정기','F','40대',19,827.97,7.93,34230,189
'2017-03','272',' 당산육갑문','정기','F','40대',13,2725.2,27.38,118060,516
'2017-03','716','신정6동 주민센터 인근','정기','F','40대',28,1360.49,13.3,57290,792
'2017-03','139',' 연세대 정문 건너편','정기','F','40대',2,25.26,0.24,1020,14
'2017-03','720',' 서울강월초등학교 앞','정기','F','40대',16,1122.29,13.05,56200,869
'2017-03','816',' 신용산역 6번출구 앞','정기','F','40대',15,387.99,3.37,14560,104
'2017-03','818',' 숙명여대 입구 교차로','정기','F','40대',1,48.23,0.49,2100,11
'2017-03','819',' 선린인터넷 고등학교','정기','F','40대',1,144.4,1.3,5610,57
'2017-03','822',' 이촌1동 마을공원','정기','F','40대',8,829.18,8.47,36540,315
'2017-03','825',' 서빙고동 주민센터 앞','정기','F','40대',56,10424.62,96.44,415450,1809
'2017-03','199',' 서울 월드컵 경기장','정기','F','40대',27,1378.85,13.41,57950,347
'2017-03','388',' 동성중학교 앞','정기','F','40대',10,234.01,2.36,10140,304
'2017-03','584',' 광진광장 교통섬','정기','F','40대',7,432.16,4.12,17760,133
'2017-03','585',' 성수2가1동 공영주차장 인근','정기','F','40대',5,367.79,4.12,17790,99
'2017-03','586',' 마장동 주민센터','정기','F','40대',1,9.41,0.1,440,4
'2017-03','900',' 은평예술회관','정기','F','40대',1,50.66,0.38,1640,17
'2017-03','901',' 응암1동사무소','정기','F','40대',21,2366.25,26.84,115630,637
'2017-03','200',' 국회의원회관','정기','F','40대',2,165.69,1.8,7750,42
'2017-03','902',' 진관동 은빛초등학교','정기','F','40대',1,73.62,0.66,2860,42
'2017-03','903',' 은평뉴타운 아이파크','정기','F','40대',2,193.16,1.87,8050,85
'2017-03','904',' 은평뉴타운 푸르지오','정기','F','40대',16,2286.79,20.15,86870,469
'2017-03','905',' 구파발역 2번출구','정기','F','40대',14,1192.18,11.12,47980,321
'2017-03','906',' 연신내역 5번출구150M 아래','정기','F','40대',26,3135.13,29.44,126890,925
'2017-03','907',' CJ 드림시티','정기','F','40대',49,4374.48,41.68,179660,1208
'2017-03','908',' 구산역 4번출구','정기','F','40대',13,282.96,2.95,12710,163
'2017-03','909',' 백련산 힐스테이트 3차','정기','F','40대',20,1136.6,10.82,46550,216
'2017-03','911',' 은평평화공원(역촌역4번출구)','정기','F','40대',8,442.04,3.65,15750,210
'2017-03','201',' 진미파라곤 앞','정기','F','40대',5,307.69,3.24,13940,100
'2017-03','912',' 응암오거리','정기','F','40대',42,4170.18,40.75,175620,1140
'2017-03','913',' 이마트 은평점','정기','F','40대',68,3611.4,36.06,155440,1069
'2017-03','914',' 새절역 2번출구','정기','F','40대',50,5796.17,58.16,250630,1537
'2017-03','915',' 증산역 4번출구','정기','F','40대',31,2582.3,25.2,108620,775
'2017-03','916',' 평생학습관 앞','정기','F','40대',3,106.54,1.07,4640,79
'2017-03','917',' 녹번역 4번출구','정기','F','40대',12,1194.78,12.2,52600,313
'2017-03','919',' 서울혁신파크','정기','F','40대',3,276.38,2.77,11930,97
'2017-03','921',' 신도고등학교','정기','F','40대',2,141.41,1.3,5590,28
'2017-03','202',' 국민일보 앞','정기','F','40대',23,4187.19,39.78,171440,959
'2017-03','922',' 연신내역 4번출구','정기','F','40대',2,134.36,1.22,5220,45
'2017-03','923',' 국민은행 연서지점','정기','F','40대',18,1256.5,11.83,51050,320
'2017-03','924',' 메뚜기다리','정기','F','40대',2,261.99,1.92,8270,50
'2017-03','926',' 불광역 8번출구','정기','F','40대',31,3175.47,30.9,133190,712
'2017-03','927',' 연신내역 3번출구 인근','정기','F','40대',9,858.51,7.83,33730,263
'2017-03','928',' 은평역사한옥박물관','정기','F','40대',1,75.16,0.85,3650,38
'2017-03','930',' 구 서부경찰서 건너편','정기','F','40대',1,8.77,0.1,410,10
'2017-03','931',' 역촌파출소','정기','F','40대',5,154.61,1.71,7400,72
'2017-03','932',' 예일여중','정기','F','40대',19,1185.34,10.76,46400,347
'2017-03','933',' LG서비스 역촌점','정기','F','40대',7,5054.46,56.45,243320,192
'2017-03','587',' KEB하나은행 성수중앙지점','정기','F','40대',8,572.28,6.16,26550,214
'2017-03','588',' 뚝섬 유원지역','정기','F','40대',2,270.53,3.06,13200,63
'2017-03','103',' 망원역 2번출구 앞','정기','F','40대',33,2566.52,23.58,101620,822
'2017-03','204',' 국회의사당역 5번출구 옆','정기','F','40대',3,208.83,2.21,9530,58
'2017-03','203',' 국회의사당역 3번출구 옆','정기','F','40대',34,1407.57,11.84,51070,423
'2017-03','205',' 산업은행 앞','정기','F','40대',21,2296.41,20.41,88080,749
'2017-03','206',' KBS 앞','정기','F','40대',37,8240.54,72.84,314180,1324
'2017-03','209',' 유진투자증권빌딩 앞','정기','F','40대',29,2141.14,19.61,84550,416
'2017-03','210',' IFC몰','정기','F','40대',15,797.1,7.92,34120,193
'2017-03','211',' 여의도역 4번출구 옆','정기','F','40대',31,1152.35,10.71,46100,324
'2017-03','212',' 여의도역 1번출구 옆','정기','F','40대',7,900.44,8.71,37560,236
'2017-03','213',' KT앞','정기','F','40대',15,1207.21,11.15,47960,280
'2017-03','104',' 합정역 1번출구 앞','정기','F','40대',15,1084.01,9.31,40150,315
'2017-03','214',' 금융감독원 앞','정기','F','40대',6,492.65,4.73,20370,176
'2017-03','218',' 증권거래소 앞','정기','F','40대',28,879.14,8.37,36070,297
'2017-03','219',' 롯데캐슬엠파이어 옆','정기','F','40대',31,936.77,10.42,44850,291
'2017-03','220',' 미성아파트 A동 앞','정기','F','40대',10,423.85,4.01,17280,131
'2017-03','215',' 여의도고교 앞','정기','F','40대',20,2081.93,22.18,95630,573
'2017-03','216',' 삼부아파트1동 앞','정기','F','40대',60,1892.61,18.49,79500,571
'2017-03','217',' NH농협은행 앞','정기','F','40대',32,938.21,9.3,40080,245
'2017-03','221',' 여의도초교 앞','정기','F','40대',5,531.4,5.39,23250,188
'2017-03','222',' 시범아파트버스정류장 옆','정기','F','40대',19,565.43,5.58,24070,176
'2017-03','223',' 진주아파트상가 앞','정기','F','40대',2,44.36,0.43,1880,22
'2017-03','105',' 합정역 5번출구 앞','정기','F','40대',8,289.56,2.94,12720,111
'2017-03','224',' 롯데캐슬 앞','정기','F','40대',42,1291.63,12.72,54750,403
'2017-03','225',' 앙카라공원 앞','정기','F','40대',6,302.09,2.54,10970,80
'2017-03','226',' 샛강역 1번출구 앞','정기','F','40대',10,524.91,5.55,23950,147
'2017-03','207',' 여의나루역 1번출구 앞','정기','F','40대',13,826.45,8.17,35180,201
'2017-03','401',' 상암월드컵파크 10단지 앞','정기','F','40대',69,2775.63,28.86,124160,1075
'2017-03','402',' 상암월드컵파크 9단지 앞','정기','F','40대',25,1772.68,17.27,74570,430
'2017-03','403',' 부엉이공원 앞','정기','F','40대',49,3235.98,32.99,142090,963
'2017-03','106',' 합정역 7번출구 앞','정기','F','40대',25,2383.36,22.62,97650,504
'2017-03','405',' DMC빌 앞','정기','F','40대',40,1782.6,18.68,80380,513
'2017-03','406',' 상암월드컵파크 7단지 앞','정기','F','40대',36,1443.12,13.27,57270,404
'2017-03','421',' 마포구청 앞','정기','F','40대',64,5804.47,57.73,248840,1486
'2017-03','407',' 마포구 육아종합지원센터','정기','F','40대',20,1462.49,10.15,43770,267
'2017-03','408',' LG CNS앞','정기','F','40대',27,1266.59,12.11,52270,357
'2017-03','420',' 서울시 공공자전거 상암센터','정기','F','40대',14,732.97,7.2,31020,274
'2017-03','409',' 누리꿈스퀘어 옆','정기','F','40대',67,3881.83,39.24,169200,1232
'2017-03','419',' 홈플러스 앞','정기','F','40대',80,8976.17,90.38,389660,2264
'2017-03','410',' 상암중학교 옆','정기','F','40대',10,757.97,7.66,33030,219
'2017-03','418',' 월드컵경기장역 3번출구 옆','정기','F','40대',33,2874.42,29.72,128200,725
'2017-03','107',' 신한은행 서교동금융센터점 앞','정기','F','40대',33,3334.97,33.27,143500,804
'2017-03','411',' DMC홍보관','정기','F','40대',8,566.56,5.8,25020,183
'2017-03','412',' DMC산학협력연구센터 앞','정기','F','40대',40,2715.55,26.14,112720,690
'2017-03','413',' 상암월드컵파크 3단지 후문','정기','F','40대',110,6598.96,63.44,273470,1528
'2017-03','417',' DMC역 2번출구 옆','정기','F','40대',17,1345.7,14.71,63370,354
'2017-03','414',' 상암동주민센터 옆','정기','F','40대',10,627.57,6.36,27390,177
'2017-03','415',' DMC역 9번출구 앞','정기','F','40대',32,1709.34,19.28,83300,443
'2017-03','416',' 상암월드컵파크 1단지 교차로','정기','F','40대',51,3175.92,29.3,126340,591
'2017-03','501',' 광진구의회 앞','정기','F','40대',10,726.84,6.55,28280,168
'2017-03','502',' 뚝섬유원지역 1번출구 앞','정기','F','40대',18,3011.41,33.26,143330,698
'2017-03','108',' 서교동 사거리','정기','F','50대',1,78.31,0.48,2060,8
'2017-03','503',' 더샵스타시티 C동 앞','정기','F','50대',25,2226.25,20.02,86230,685
'2017-03','504',' 신자초교입구교차로','정기','F','50대',2,136.66,1.14,4930,42
'2017-03','505',' 자양사거리 광진아크로텔 앞','정기','F','50대',2,128.07,1.07,4620,49
'2017-03','507',' 성수아이에스비즈타워 앞','정기','F','50대',3,225.32,2.28,9810,88
'2017-03','508',' 성수아카데미타워 앞','정기','F','50대',13,507.11,4.85,20910,144
'2017-03','509',' 이마트 버스정류소 옆','정기','F','50대',1,114.51,1.32,5670,31
'2017-03','510',' 서울숲 남문 버스정류소 옆','정기','F','50대',3,453.76,3.97,17100,93
'2017-03','511',' 서울숲역 4번 출구 옆','정기','F','50대',4,491.78,5.1,21960,126
'2017-03','512',' 뚝섬역 1번 출구 옆','정기','F','50대',9,1066.38,10.79,46430,238
'2017-03','109',' 제일빌딩 앞','정기','F','50대',6,811.41,7.92,34150,231
'2017-03','400',' 상암한화오벨리스크 1차 앞','정기','F','50대',17,1041.73,9.38,40470,244
'2017-03','514',' 성수사거리 버스정류장 앞','정기','F','50대',2,73.58,0.67,2890,15
'2017-03','515',' 광양중학교 앞','정기','F','50대',1,41.7,0.38,1620,21
'2017-03','516',' 광진메디칼 앞','정기','F','50대',4,58.92,0.58,2480,19
'2017-03','300',' 정동사거리','정기','F','50대',6,253.65,2.76,11930,92
'2017-03','301',' 경복궁역 7번출구 앞','정기','F','50대',12,358.22,4.08,17430,244
'2017-03','302',' 경복궁역 4번출구 뒤','정기','F','50대',45,3035.61,27.88,120040,764
'2017-03','303',' 광화문역 1번출구 앞','정기','F','50대',27,1196.9,13.5,58110,335
'2017-03','115',' 사루비아 빌딩 앞','정기','F','50대',4,290.57,2.52,10870,113
'2017-03','304',' 광화문역 2번출구 앞','정기','F','50대',8,348.6,3.3,14250,192
'2017-03','305',' 종로구청 옆','정기','F','50대',3,62.6,0.64,2780,32
'2017-03','306',' 광화문역 7번출구 앞','정기','F','50대',11,297.12,3.27,14000,99
'2017-03','307',' 서울역사박물관 앞','정기','F','50대',11,611.16,5.5,23690,209
'2017-03','308',' 광화문 S타워 앞','정기','F','50대',22,2530.19,24.7,106490,312
'2017-03','309',' 광화문역 6번출구 옆','정기','F','50대',1,99.79,0.93,4000,30
'2017-03','310',' 청계광장 옆','정기','F','50대',5,423.17,4.13,17810,110
'2017-03','311',' 서울광장 옆','정기','F','50대',1,47.63,0.49,2110,18
'2017-03','312',' 시청역 1번출구 뒤','정기','F','50대',1,22.1,0.21,900,5
'2017-03','313',' 서울역 광장 파출소 옆','정기','F','50대',1,467.34,3.51,15130,68
'2017-03','110',' 사천교','정기','F','50대',2,133.79,1.54,6680,35
'2017-03','314',' 국립현대미술관','정기','F','50대',14,912.43,8.57,36950,405
'2017-03','315',' 신한은행 안국역지점 옆','정기','F','50대',3,94.84,0.89,3820,31
'2017-03','316',' 종각역 1번출구 앞','정기','F','50대',10,615.32,6.04,26080,188
'2017-03','318',' 광교사거리 남측','정기','F','50대',1,88.98,0.74,3210,34
'2017-03','321',' KEB 하나은행 본점 앞','정기','F','50대',25,712.34,8.67,37240,191
'2017-03','116',' 일진아이윌아파트 옆','정기','F','50대',19,1442.59,11.26,48470,538
'2017-03','324',' 신세계백화점 본점 앞','정기','F','50대',2,63.8,0.7,3040,37
'2017-03','326',' 안국역 5번출구 앞','정기','F','50대',3,80.82,0.73,3140,30
'2017-03','327',' 낙원상가 옆','정기','F','50대',18,1216.2,10.94,47170,281
'2017-03','328',' 탑골공원 앞','정기','F','50대',7,402.73,3.63,15640,217
'2017-03','329',' 청계2가 사거리 옆','정기','F','50대',1,67.7,0.61,2630,16
'2017-03','331',' 을지로2가 사거리 북측','정기','F','50대',1,54.89,0.54,2310,11
'2017-03','111',' 상수역 2번출구 앞','정기','F','50대',2,73.38,0.45,1930,6
'2017-03','334',' 종로3가역 2번출구 뒤','정기','F','50대',5,277.48,2.51,10820,81
'2017-03','335',' 종로3가역 15번출구 앞','정기','F','50대',5,276.24,2.45,10590,66
'2017-03','336',' 티마크 호텔 앞','정기','F','50대',2,99.73,0.85,3650,82
'2017-03','337',' 창경궁 입구','정기','F','50대',9,508.04,4.82,20780,219
'2017-03','338',' 세운스퀘어 앞','정기','F','50대',2,56.74,0.59,2570,28
'2017-03','339',' 종로4가 사거리','정기','F','50대',30,1878.22,16.95,73140,572
'2017-03','340',' 혜화동 로터리','정기','F','50대',21,2165.19,19.46,83760,568
'2017-03','341',' 혜화역 3번출구 뒤','정기','F','50대',23,561.09,5.1,21940,152
'2017-03','342',' 대학로 마로니에공원','정기','F','50대',7,118.94,1.06,4620,99
'2017-03','343',' 예일빌딩(율곡로) 앞','정기','F','50대',11,721.45,6.32,27230,184
'2017-03','112',' 극동방송국 앞','정기','F','50대',2,161.74,1.33,5740,39
'2017-03','344',' 성균관대 E하우스 앞','정기','F','50대',8,544.2,5.77,24810,156
'2017-03','345',' 서울보증보험본사 앞','정기','F','50대',5,155.84,1.5,6470,44
'2017-03','346',' 맥스타일 앞','정기','F','50대',6,345.41,3.55,15270,118
'2017-03','347',' 동대문역사문화공원역 9번출구 앞','정기','F','50대',35,3261.94,31.84,137330,642
'2017-03','349',' 사직동주민센터','정기','F','50대',23,3544.95,32.04,138080,780
'2017-03','350','KEB 하나은행(내자동 지점) 앞','정기','F','50대',2,67.71,0.79,3380,20
'2017-03','351',' 청운초교 앞 삼거리','정기','F','50대',41,2184.05,20.09,86690,503
'2017-03','352',' 중앙고입구 삼거리','정기','F','50대',1,42.73,0.39,1660,9
'2017-03','353',' 재동초교 앞 삼거리','정기','F','50대',4,207.39,2.14,9220,70
'2017-03','117',' 홍은사거리','정기','F','50대',16,1935.88,15.51,66810,510
'2017-03','354',' 포르투갈 대사관 앞','정기','F','50대',1,20.91,0.22,960,11
'2017-03','355',' 서울사대부속초교 앞','정기','F','50대',29,472.46,4.09,17820,180
'2017-03','358',' 성대입구 사거리','정기','F','50대',25,901.36,8.03,34530,255
'2017-03','359',' 원남동사거리','정기','F','50대',6,204.86,1.8,7730,50
'2017-03','361',' 동묘앞역 1번출구 뒤','정기','F','50대',26,1631.57,18.96,81750,438
'2017-03','362',' 청계8가 사거리','정기','F','50대',16,590.66,5.18,22320,121
'2017-03','363',' 신설동역 11번출구 뒤','정기','F','50대',1,167.59,1.23,5290,39
'2017-03','113',' 홍대입구역 2번출구 앞','정기','F','50대',9,596.34,5.21,22430,167
'2017-03','367',' 독립문역 3-1번출구 ','정기','F','50대',4,375.83,3.98,17130,137
'2017-03','368',' SK 서린빌딩 앞','정기','F','50대',1,26.03,0.29,1240,9
'2017-03','369',' 광화문 시민열린마당','정기','F','50대',7,199.72,1.97,8520,81
'2017-03','348',' 독립문역 사거리','정기','F','50대',1,29.46,0.29,1240,13
'2017-03','370',' 시청역(2호선) 9번출구 뒤','정기','F','50대',1,28.27,0.24,1020,10
'2017-03','371',' 동대입구역 6번출구 뒤','정기','F','50대',5,92.78,0.91,3870,24
'2017-03','372',' 약수역 3번출구 뒤','정기','F','50대',2,59.16,0.38,1660,15
'2017-03','374',' 청구역 2번출구 앞','정기','F','50대',2,47.41,0.48,2070,20
'2017-03','118',' 광흥창역 2번출구 앞','정기','F','50대',3,345.86,3.52,15200,66
'2017-03','378',' 청계7가 사거리','정기','F','50대',15,469.31,4.35,18800,128
'2017-03','381',' 장충체육관','정기','F','50대',6,624.92,4.83,20850,163
'2017-03','382',' 약수역 10번출구 앞','정기','F','50대',14,1279.79,11.52,49720,327
'2017-03','384',' 종로학원본원 ','정기','F','50대',4,126.09,2.63,11330,101
'2017-03','114',' 홍대입구역 8번출구 앞','정기','F','50대',2,226.23,2.28,9850,52
'2017-03','142',' 아현역 4번출구 앞','정기','F','50대',1,39.35,0.25,1080,72
'2017-03','143',' 공덕역 2번출구','정기','F','50대',4,532.16,5.76,24820,146
'2017-03','144',' 공덕역 8번출구','정기','F','50대',3,234.42,2.28,9850,102
'2017-03','145',' 공덕역 5번출구','정기','F','50대',10,992.21,6.52,28100,196
'2017-03','146',' 마포역 1번출구 뒤','정기','F','50대',4,903.45,7.8,33620,197
'2017-03','147',' 마포역 4번출구 뒤','정기','F','50대',7,415.76,3.73,16130,103
'2017-03','148',' 용강동 주민센터 앞','정기','F','50대',2,117.09,1.43,6160,120
'2017-03','150',' 서강대역 2번출구 앞','정기','F','50대',2,94.03,0.86,3720,27
'2017-03','151',' 망원1동주민센터','정기','F','50대',10,696.97,8.17,35200,252
'2017-03','152',' 마포구민체육센터 앞','정기','F','50대',5,553.23,5.85,25210,166
'2017-03','119',' 서강나루 공원','정기','F','50대',15,793.48,7.59,32740,179
'2017-03','153',' 성산2교 사거리','정기','F','50대',9,660.88,6.57,28340,201
'2017-03','154',' 마포구청역 ','정기','F','50대',10,895.48,8.15,35110,225
'2017-03','155',' 가좌역1 번출구 뒤','정기','F','50대',2,564.1,4.73,20350,109
'2017-03','156',' 서울서부지방법원 앞','정기','F','50대',2,62.3,0.4,1710,25
'2017-03','157',' 애오개역 4번출구 앞','정기','F','50대',5,119.12,0.75,3270,18
'2017-03','159',' 이대역 4번 출구','정기','F','50대',1,150.94,1.4,6050,44
'2017-03','160',' 북아현동 가구거리','정기','F','50대',2,141.42,1.17,5040,35
'2017-03','163',' 명지전문대학교 정문 앞','정기','F','50대',1,33.37,0.23,980,16
'2017-03','164',' 북가좌1동 주민센터 ','정기','F','50대',24,4298.33,38.73,166990,885
'2017-03','165',' 중앙근린공원','정기','F','50대',22,2253.24,20.94,90290,580
'2017-03','166',' 가재울 초등학교','정기','F','50대',14,1571.29,17.05,73480,450
'2017-03','168',' 남가좌동 사거리','정기','F','50대',2,167.93,1.05,4560,25
'2017-03','169',' 북가좌 삼거리','정기','F','50대',2,88.55,0.79,3440,20
'2017-03','170',' 가재울 뉴타운 주유소 옆','정기','F','50대',1,98.41,1.01,4360,39
'2017-03','171',' 임광빌딩 앞','정기','F','50대',12,550.99,5.56,24020,193
'2017-03','172',' 서대문소방서','정기','F','50대',5,258.3,2.36,10180,76
'2017-03','173',' 서대문역 8번출구 앞','정기','F','50대',2,131.14,1.35,5810,55
'2017-03','175',' 홍연2교옆','정기','F','50대',6,510.29,4.77,20520,145
'2017-03','179',' 가좌역 4번출구 앞','정기','F','50대',21,787.15,6.72,28980,252
'2017-03','180',' 충정로역 7번출구 뒤','정기','F','50대',26,981.82,11.87,51210,331
'2017-03','518',' 청계천 박물관 앞','정기','F','50대',5,630.38,5.74,24690,127
'2017-03','520',' 상왕십리역 4번 출구 앞','정기','F','50대',4,270.53,2.99,12890,92
'2017-03','521',' 왕십리역 11번 출구 앞','정기','F','50대',1,73.75,0.9,3880,22
'2017-03','122',' 신성기사식당 앞','정기','F','50대',5,150.68,1.06,4530,67
'2017-03','525',' 한양대병원사거리','정기','F','50대',2,276.19,2.49,10730,59
'2017-03','536',' 행당역 2번출구 앞','정기','F','50대',8,469.6,4.09,17620,124
'2017-03','538',' 답십리역 8번출구 앞','정기','F','50대',2,65.82,0.64,2770,22
'2017-03','540',' 군자역 7번출구 베스트샵 앞','정기','F','50대',10,473.36,4.32,18610,108
'2017-03','542',' 강변역 4번출구 뒤','정기','F','50대',1,49.18,0.48,2070,14
'2017-03','543',' 구의공원(테크노마트 앞)','정기','F','50대',3,194.34,1.75,7550,79
'2017-03','546',' 잠실대교북단 교차로','정기','F','50대',2,67.48,0.59,2530,18
'2017-03','548',' 자양나들목','정기','F','50대',7,249.42,2.24,9690,54
'2017-03','549',' 아차산역 3번출구','정기','F','50대',15,1297.39,11.87,51180,425
'2017-03','124',' 서강대 정문 건너편','정기','F','50대',6,226.37,2.21,9500,124
'2017-03','600',' 휘경2동 주민센터','정기','F','50대',2,55.57,0.69,2950,20
'2017-03','601',' 용신동주민센터','정기','F','50대',1,16.89,0.19,820,21
'2017-03','602',' 장안동 사거리','정기','F','50대',29,1546.4,14.31,61720,552
'2017-03','604',' 답십리초등학교 옆 공원','정기','F','50대',14,322.62,3.29,14200,421
'2017-03','605',' 신설동역8번출구','정기','F','50대',5,325.99,3.18,13720,83
'2017-03','606',' 휘경공고앞','정기','F','50대',5,101.75,1.32,5710,184
'2017-03','608',' 전농삼성아파트','정기','F','50대',17,698.23,8.5,36570,253
'2017-03','609',' 제기2교','정기','F','50대',14,1400.54,14.09,60760,331
'2017-03','125',' 서강대 남문 옆','정기','F','50대',1,90.6,0.48,2080,14
'2017-03','610',' 동대문중 교차로','정기','F','50대',32,1918.5,18.75,80800,893
'2017-03','613',' 신설동역 10번출구 앞','정기','F','50대',16,853.79,7.85,33820,253
'2017-03','614',' 용두동 사거리','정기','F','50대',10,291.17,3.28,14140,192
'2017-03','616',' 서울시립대 앞','정기','F','50대',11,273.73,2.65,11520,65
'2017-03','617',' 청솔우성아파트 앞','정기','F','50대',9,514.13,4.43,19150,168
'2017-03','228',' 선유도역 3번출구 앞','정기','F','50대',12,967.21,9.75,42110,217
'2017-03','229',' 양평1 보행육교 앞','정기','F','50대',1,67.67,0.83,3560,78
'2017-03','232',' 양평우림 이비즈센타 앞','정기','F','50대',1,37.62,0.29,1250,28
'2017-03','234',' 영등포구민체육센터 앞','정기','F','50대',1,13.84,0.11,460,2
'2017-03','237',' 보라매 두산위브 건너편','정기','F','50대',1,47.76,0.47,2010,12
'2017-03','238',' 제2구민체육센타 앞','정기','F','50대',8,198,1.93,8300,88
'2017-03','239',' 유스호스텔 앞','정기','F','50대',5,204.63,1.85,7950,176
'2017-03','127',' 현대벤처빌 앞','정기','F','50대',1,12.36,0.11,480,6
'2017-03','241',' 신길우성1차아파트 앞 공원','정기','F','50대',1,307.93,3.01,12960,58
'2017-03','243',' 이앤씨드림타워 앞','정기','F','50대',16,932.23,7.98,34430,383
'2017-03','244',' 영등포삼환아파트 앞','정기','F','50대',2,314.2,2.76,11870,53
'2017-03','247',' 당산역 10번출구 앞','정기','F','50대',23,1445.08,13.32,57410,362
'2017-03','248',' 초원아파트 앞','정기','F','50대',20,1877.86,16.49,71170,389
'2017-03','249',' 여의도중학교 옆','정기','F','50대',20,1387.89,12.48,53920,224
'2017-03','101',' (구)합정동 주민센터','정기','F','50대',1,146.2,1.32,5680,5
'2017-03','252',' 보라매역4번출구','정기','F','50대',11,638.18,6.24,26860,189
'2017-03','253',' 신풍역 5번출구 인근','정기','F','50대',24,535.93,4.14,17810,95
'2017-03','254',' 도림신협 앞','정기','F','50대',2,131.52,1.01,4370,33
'2017-03','255',' 도림4거리','정기','F','50대',17,980.29,9.38,40450,277
'2017-03','256',' 동아에코빌입구','정기','F','50대',1,29.94,0.29,1260,7
'2017-03','259',' 대방역6번출구','정기','F','50대',10,2714.24,24.2,104370,462
'2017-03','129',' 신촌역(2호선) 6번출구 옆','정기','F','50대',12,628.77,3.83,16540,137
'2017-03','702',' 목4동주민센터 옆','정기','F','50대',3,202.29,2.2,9460,46
'2017-03','703',' 오목교역 7번출구 앞','정기','F','50대',1,38.78,0.33,1440,8
'2017-03','706',' 신정네거리역','정기','F','50대',1,32.4,0.39,1670,21
'2017-03','707',' 신정3동주민센터','정기','F','50대',1,50.61,0.49,2130,14
'2017-03','712',' 강월초교입구 사거리','정기','F','50대',1,35.01,0.32,1360,32
'2017-03','130',' 신촌역(2호선) 7번출구 앞','정기','F','50대',3,159.38,1.02,4390,19
'2017-03','713',' 양서중학교 옆','정기','F','50대',1,81.26,0.79,3420,15
'2017-03','800',' 목월공원 앞','정기','F','50대',36,1972.06,19.28,83030,630
'2017-03','803',' 한남초교 앞 보도육교','정기','F','50대',17,4228.57,38.12,164280,690
'2017-03','805',' 문배어린이공원 앞','정기','F','50대',1,40.39,0.39,1700,21
'2017-03','807',' 서울역 12번 출구 앞','정기','F','50대',3,356.75,3.81,16380,132
'2017-03','131',' 증산2교','정기','F','50대',3,265.34,2.21,9530,48
'2017-03','809',' 한남 유수지 복개주차장','정기','F','50대',4,927.22,7.18,30960,162
'2017-03','811',' 녹사평역1번출구','정기','F','50대',8,513.71,4.97,21440,169
'2017-03','813',' 삼각지역 3번출구','정기','F','50대',13,662.37,5.77,24930,333
'2017-03','385',' 종각역 5번출구','정기','F','50대',2,87.52,0.97,4170,20
'2017-03','386',' 올림픽기념 국민생활관 앞','정기','F','50대',3,443.06,3.47,15000,62
'2017-03','387',' 훈련원공원주차장 앞','정기','F','50대',26,952.49,10.82,46740,248
'2017-03','181',' 망원초록길 입구','정기','F','50대',8,1061.01,11.03,47520,314
'2017-03','182',' 망원2빗물펌프장 앞','정기','F','50대',14,1196.84,10.66,45950,253
'2017-03','183',' 하늘채코오롱아파트 건너편','정기','F','50대',10,562.69,4.65,20070,132
'2017-03','184',' SK망원동주유소 건너편','정기','F','50대',6,786.73,5.44,23460,140
'2017-03','185',' 마포 신수공원 앞','정기','F','50대',11,1549.28,17.71,76250,468
'2017-03','186',' 월드컵공원','정기','F','50대',4,510.57,4.92,21200,120
'2017-03','188',' 홍은동 정원여중 입구','정기','F','50대',5,1001.65,10.11,43610,214
'2017-03','191',' 정명학원','정기','F','50대',2,400.1,4.04,17420,102
'2017-03','192',' 연서어린이공원','정기','F','50대',9,267.72,2.76,11860,111
'2017-03','178',' 증산3교 앞','정기','F','50대',5,119.38,1.19,5120,25
'2017-03','133',' 해담는다리','정기','F','50대',15,1381.35,13.49,58200,331
'2017-03','194',' 증산교 앞','정기','F','50대',23,1886.36,15.94,68780,409
'2017-03','195',' 모래내고가차도 ','정기','F','50대',3,153.91,1.5,6470,50
'2017-03','196',' 연희교차로 인근','정기','F','50대',12,795.41,8.01,34630,218
'2017-03','198',' 충정2교','정기','F','50대',4,127.08,1.31,5630,50
'2017-03','558',' 성동광진 교육지원청 앞','정기','F','50대',2,241.62,1.67,7190,74
'2017-03','560',' 비전교회 앞','정기','F','50대',13,334,3.18,13760,163
'2017-03','561',' 서울숲역 2번출구 앞','정기','F','50대',1,10.07,0.12,530,9
'2017-03','562',' 군자지하보도 앞','정기','F','50대',3,182.08,1.66,7180,91
'2017-03','563',' 성동세무서 건너편','정기','F','50대',14,610.34,5.07,21970,209
'2017-03','565',' 옥수역 3번출구','정기','F','50대',11,1789.55,16.75,72170,504
'2017-03','567',' 성수역 2번출구 앞','정기','F','50대',2,177.93,2.05,8810,49
'2017-03','568',' 청계8가사거리 부근','정기','F','50대',3,407.74,3.21,13850,74
'2017-03','579',' 마장역 4번출구','정기','F','50대',4,192.1,1.34,5750,43
'2017-03','580',' 신금호역 3번출구 뒤','정기','F','50대',3,44.25,0.39,1620,13
'2017-03','582',' 경일중학교 앞','정기','F','50대',9,1507.58,9.81,42300,254
'2017-03','583',' 청계천 생태교실 앞','정기','F','50대',22,3806.56,29.18,125780,741
'2017-03','136',' 대흥동 주민센터','정기','F','50대',33,696.72,7.46,31990,141
'2017-03','554',' 아차산역 사거리','정기','F','50대',21,1038.41,10.49,45210,253
'2017-03','555',' 구의3동주민센터','정기','F','50대',11,786.97,6.58,28390,292
'2017-03','571',' 어린이대공원역6번출구','정기','F','50대',10,360.96,3.05,13210,83
'2017-03','572',' 국립정신 건강센터 앞','정기','F','50대',1,303.73,2.74,11800,60
'2017-03','573',' 구의문주차장 앞','정기','F','50대',40,2721.82,23.1,99510,820
'2017-03','574',' 아차산역4번출구','정기','F','50대',6,414.09,4.39,18920,1922
'2017-03','576',' 광나루역 3번 출구','정기','F','50대',1,21.62,0.21,910,9
'2017-03','621',' 동대문중학교 옆','정기','F','50대',2,36.59,0.39,1680,85
'2017-03','623',' 서울시립대 정문 앞','정기','F','50대',4,143.26,1.75,7520,38
'2017-03','624',' 전농동 동아아파트 앞','정기','F','50대',4,95.96,0.89,3860,32
'2017-03','625',' 답십리초등학교 앞(현대시장 옆)','정기','F','50대',27,907.12,9.69,41750,435
'2017-03','626',' 군자교 서측 녹지대','정기','F','50대',2,139.83,1.52,6550,77
'2017-03','627',' 장안동삼거리 교통섬','정기','F','50대',19,2528.09,23.03,99190,479
'2017-03','630',' 동대문구 보건소','정기','F','50대',3,50.19,0.45,1950,18
'2017-03','631',' 답십리역 1번출구','정기','F','50대',17,775.28,7.13,30750,408
'2017-03','102',' 망원역 1번출구 앞','정기','F','50대',7,634.65,5.67,24420,158
'2017-03','633',' 청량리 기업은행 앞','정기','F','50대',2,86.44,0.91,3950,66
'2017-03','634',' 외국어대 정문 앞','정기','F','50대',3,94.93,1.06,4550,33
'2017-03','635',' 시조사 앞 (청량고정문 옆)','정기','F','50대',2,34.22,0.42,1800,11
'2017-03','636',' 세종대왕기념관 교차로','정기','F','50대',2,154.95,1.66,7150,66
'2017-03','637',' KAIST 경영대학 앞','정기','F','50대',1,75.32,0.74,3170,24
'2017-03','639',' 서울시립대 후문','정기','F','50대',8,260.73,2.57,11050,109
'2017-03','641',' 용두역 4번출구','정기','F','50대',2,45.3,0.41,1760,16
'2017-03','642',' 신답역 사거리','정기','F','50대',4,116.95,1.26,5490,84
'2017-03','643',' 동대문구민체육센터 (육교아래)','정기','F','50대',6,410.57,2.93,12660,81
'2017-03','230',' 영등포구청역 1번출구','정기','F','50대',5,254.3,2.59,11160,65
'2017-03','260',' 여의도 마리나선착장 앞','정기','F','50대',1,245.56,2.21,9540,45
'2017-03','262',' 영문초등학교 사거리','정기','F','50대',16,960.94,8.68,37530,241
'2017-03','263',' 근로자회관 사거리','정기','F','50대',14,510.54,4.62,19930,308
'2017-03','264',' 교보생명보험 앞','정기','F','50대',2,44.21,0.33,1430,14
'2017-03','265',' 영등포유통상가 사거리','정기','F','50대',4,144.4,1.32,5720,216
'2017-03','141',' 연대 대운동장 옆','정기','F','50대',1,92.27,1.08,4660,32
'2017-03','266',' 영등포청과시장 사거리','정기','F','50대',2,71.3,0.65,2770,17
'2017-03','270',' 증권거래소후문교차로','정기','F','50대',2,57.65,0.53,2260,14
'2017-03','271',' 샛강생태공원방문자센터 앞','정기','F','50대',3,400.62,3.7,15940,79
'2017-03','272',' 당산육갑문','정기','F','50대',3,169.73,1.71,7390,46
'2017-03','139',' 연세대 정문 건너편','정기','F','50대',4,389.11,3.41,14660,110
'2017-03','719',' 홍익병원앞 교차로','정기','F','50대',11,575.04,5.21,22440,241
'2017-03','816',' 신용산역 6번출구 앞','정기','F','50대',23,1101.02,10.85,46760,329
'2017-03','817',' 삼각지역 4번출구 앞','정기','F','50대',2,91.95,0.9,3870,36
'2017-03','818',' 숙명여대 입구 교차로','정기','F','50대',23,1420.97,13.03,56040,395
'2017-03','819',' 선린인터넷 고등학교','정기','F','50대',4,205.76,1.58,6770,40
'2017-03','820',' 청파동입구 교차로','정기','F','50대',1,140.03,1.26,5440,46
'2017-03','822',' 이촌1동 마을공원','정기','F','50대',4,280.4,3.1,13360,138
'2017-03','825',' 서빙고동 주민센터 앞','정기','F','50대',6,1492.74,13.44,57910,240
'2017-03','199',' 서울 월드컵 경기장','정기','F','50대',21,1715.35,15.59,67130,387
'2017-03','584',' 광진광장 교통섬','정기','F','50대',9,180.12,1.76,7580,107
'2017-03','585',' 성수2가1동 공영주차장 인근','정기','F','50대',1,137,1.46,6290,38
'2017-03','586',' 마장동 주민센터','정기','F','50대',30,2578.36,26.77,115350,583
'2017-03','900',' 은평예술회관','정기','F','50대',3,178.6,1.48,6410,49
'2017-03','901',' 응암1동사무소','정기','F','50대',21,416.24,5.02,21790,117
'2017-03','200',' 국회의원회관','정기','F','50대',1,23.72,0.26,1130,6
'2017-03','903',' 은평뉴타운 아이파크','정기','F','50대',2,196.26,1.92,8260,51
'2017-03','904',' 은평뉴타운 푸르지오','정기','F','50대',2,185.09,1.8,7790,54
'2017-03','905',' 구파발역 2번출구','정기','F','50대',5,238.25,2.04,8770,73
'2017-03','906',' 연신내역 5번출구150M 아래','정기','F','50대',17,644.28,7.36,31700,170
'2017-03','907',' CJ 드림시티','정기','F','50대',27,2846.32,25.44,109670,642
'2017-03','908',' 구산역 4번출구','정기','F','50대',3,227.94,1.95,8400,97
'2017-03','909',' 백련산 힐스테이트 3차','정기','F','50대',1,33.5,0.33,1410,6
'2017-03','911',' 은평평화공원(역촌역4번출구)','정기','F','50대',27,699.06,6.38,27510,151
'2017-03','201',' 진미파라곤 앞','정기','F','50대',11,616.43,7.22,31040,207
'2017-03','912',' 응암오거리','정기','F','50대',6,570.9,4.66,20150,146
'2017-03','913',' 이마트 은평점','정기','F','50대',33,1109.29,10.64,45840,354
'2017-03','914',' 새절역 2번출구','정기','F','50대',3,429.06,3.89,16760,105
'2017-03','915',' 증산역 4번출구','정기','F','50대',7,1313.6,12.92,55770,293
'2017-03','916',' 평생학습관 앞','정기','F','50대',39,904.93,10.3,44210,264
'2017-03','917',' 녹번역 4번출구','정기','F','50대',4,153.61,1.5,6470,52
'2017-03','919',' 서울혁신파크','정기','F','50대',5,386.09,3.77,16250,138
'2017-03','921',' 신도고등학교','정기','F','50대',1,355.83,3.86,16640,88
'2017-03','202',' 국민일보 앞','정기','F','50대',4,211.02,2.12,9120,64
'2017-03','922',' 연신내역 4번출구','정기','F','50대',1,32.5,0.25,1080,8
'2017-03','923',' 국민은행 연서지점','정기','F','50대',4,264.46,2.58,11130,86
'2017-03','924',' 메뚜기다리','정기','F','50대',2,259.68,2.41,10400,60
'2017-03','925',' 불광역 2번출구','정기','F','50대',2,175.73,1.19,5160,53
'2017-03','926',' 불광역 8번출구','정기','F','50대',16,1300.14,9.74,41980,318
'2017-03','928',' 은평역사한옥박물관','정기','F','50대',15,1275.53,12.02,51850,305
'2017-03','931',' 역촌파출소','정기','F','50대',5,406.82,4.72,20310,107
'2017-03','932',' 예일여중','정기','F','50대',1,16.39,0.21,920,7
'2017-03','933',' LG서비스 역촌점','정기','F','50대',8,526.98,4.99,21540,156
'2017-03','588',' 뚝섬 유원지역','정기','F','50대',1,116.31,1.24,5340,34
'2017-03','103',' 망원역 2번출구 앞','정기','F','50대',11,861.42,8.52,36720,361
'2017-03','204',' 국회의사당역 5번출구 옆','정기','F','50대',3,31.69,0.35,1510,18
'2017-03','203',' 국회의사당역 3번출구 옆','정기','F','50대',2,25.6,0.28,1220,6
'2017-03','205',' 산업은행 앞','정기','F','50대',2,362.92,3.32,14310,92
'2017-03','209',' 유진투자증권빌딩 앞','정기','F','50대',1,96.49,1.03,4430,39
'2017-03','210',' IFC몰','정기','F','50대',1,47.04,0.38,1650,13
'2017-03','211',' 여의도역 4번출구 옆','정기','F','50대',8,1015.04,8.45,36370,212
'2017-03','212',' 여의도역 1번출구 옆','정기','F','50대',2,60.21,0.62,2670,31
'2017-03','213',' KT앞','정기','F','50대',29,2148.81,18.25,78630,608
'2017-03','104',' 합정역 1번출구 앞','정기','F','50대',3,171.09,1.49,6380,38
'2017-03','214',' 금융감독원 앞','정기','F','50대',2,71.79,0.75,3230,38
'2017-03','219',' 롯데캐슬엠파이어 옆','정기','F','50대',7,356.99,3.78,16290,105
'2017-03','220',' 미성아파트 A동 앞','정기','F','50대',16,315.75,2.92,12630,151
'2017-03','215',' 여의도고교 앞','정기','F','50대',7,956.92,8.63,37190,252
'2017-03','216',' 삼부아파트1동 앞','정기','F','50대',23,766.77,7.14,30820,408
'2017-03','217',' NH농협은행 앞','정기','F','50대',1,28.57,0.26,1110,6
'2017-03','221',' 여의도초교 앞','정기','F','50대',7,228.02,2.11,9090,66
'2017-03','222',' 시범아파트버스정류장 옆','정기','F','50대',24,761.38,8.16,35100,370
'2017-03','223',' 진주아파트상가 앞','정기','F','50대',7,172.99,1.6,6910,60
'2017-03','105',' 합정역 5번출구 앞','정기','F','50대',10,733.4,6.37,27460,161
'2017-03','224',' 롯데캐슬 앞','정기','F','50대',6,95.29,0.89,3820,20
'2017-03','225',' 앙카라공원 앞','정기','F','50대',2,60.23,0.55,2340,35
'2017-03','226',' 샛강역 1번출구 앞','정기','F','50대',1,287.77,2.59,11180,49
'2017-03','207',' 여의나루역 1번출구 앞','정기','F','50대',17,1015.74,8.31,35880,389
'2017-03','401',' 상암월드컵파크 10단지 앞','정기','F','50대',9,451.88,4.6,19870,179
'2017-03','402',' 상암월드컵파크 9단지 앞','정기','F','50대',14,780.4,8.49,36680,273
'2017-03','403',' 부엉이공원 앞','정기','F','50대',5,151.81,1.49,6390,40
'2017-03','106',' 합정역 7번출구 앞','정기','F','50대',7,1170.2,9.57,41230,198
'2017-03','405',' DMC빌 앞','정기','F','50대',2,140.73,1.55,6690,40
'2017-03','406',' 상암월드컵파크 7단지 앞','정기','F','50대',44,2903.67,28.89,124590,743
'2017-03','421',' 마포구청 앞','정기','F','50대',68,4551.9,41.39,178410,1230
'2017-03','408',' LG CNS앞','정기','F','50대',22,509.38,5.63,24140,209
'2017-03','420',' 서울시 공공자전거 상암센터','정기','F','50대',6,594.06,5.38,23200,133
'2017-03','409',' 누리꿈스퀘어 옆','정기','F','50대',33,1266.13,13.79,59500,419
'2017-03','419',' 홈플러스 앞','정기','F','50대',44,5230.71,46.62,201030,1105
'2017-03','410',' 상암중학교 옆','정기','F','50대',4,210.62,2.14,9170,72
'2017-03','418',' 월드컵경기장역 3번출구 옆','정기','F','50대',14,2237.78,19.57,84380,412
'2017-03','107',' 신한은행 서교동금융센터점 앞','정기','F','50대',5,161.51,1.56,6700,53
'2017-03','411',' DMC홍보관','정기','F','50대',5,310.09,3.09,13330,82
'2017-03','412',' DMC산학협력연구센터 앞','정기','F','50대',4,333.64,3.09,13300,83
'2017-03','413',' 상암월드컵파크 3단지 후문','정기','F','50대',1,24.62,0.26,1110,13
'2017-03','417',' DMC역 2번출구 옆','정기','F','50대',2,155.7,1.76,7580,54
'2017-03','414',' 상암동주민센터 옆','정기','F','50대',15,855.36,9.46,40740,315
'2017-03','415',' DMC역 9번출구 앞','정기','F','50대',30,1075.28,10.67,45760,256
'2017-03','416',' 상암월드컵파크 1단지 교차로','정기','F','50대',40,1624.73,15.72,67910,452
'2017-03','500',' 어린이대공원역 3번출구 앞','정기','F','50대',9,658.63,6.3,27080,984
'2017-03','501',' 광진구의회 앞','정기','F','50대',15,1165.6,9.88,42470,396
'2017-03','502',' 뚝섬유원지역 1번출구 앞','정기','F','50대',10,829.31,8.86,38180,297
'2017-03','400',' 상암한화오벨리스크 1차 앞','정기','F','60대',1,50.45,0.45,1960,8
'2017-03','300',' 정동사거리','정기','F','60대',2,451.22,4.06,17530,104
'2017-03','302',' 경복궁역 4번출구 뒤','정기','F','60대',1,33.98,0.31,1320,10
'2017-03','303',' 광화문역 1번출구 앞','정기','F','60대',5,108.05,0.84,3650,30
'2017-03','304',' 광화문역 2번출구 앞','정기','F','60대',2,65.95,0.67,2890,52
'2017-03','305',' 종로구청 옆','정기','F','60대',1,58.69,0.53,2280,17
'2017-03','307',' 서울역사박물관 앞','정기','F','60대',8,179.16,1.77,7540,55
'2017-03','308',' 광화문 S타워 앞','정기','F','60대',2,92.57,0.85,3640,29
'2017-03','309',' 광화문역 6번출구 옆','정기','F','60대',2,349.8,3.15,13590,82
'2017-03','310',' 청계광장 옆','정기','F','60대',2,38.94,0.36,1550,8
'2017-03','311',' 서울광장 옆','정기','F','60대',1,50.45,0.45,1960,31
'2017-03','315',' 신한은행 안국역지점 옆','정기','F','60대',1,31.4,0.28,1220,7
'2017-03','316',' 종각역 1번출구 앞','정기','F','60대',4,282.62,2.59,11130,82
'2017-03','318',' 광교사거리 남측','정기','F','60대',1,87.52,0.79,3400,33
'2017-03','320',' 을지로입구역 4번출구 앞','정기','F','60대',1,61.78,0.56,2400,12
'2017-03','321',' KEB 하나은행 본점 앞','정기','F','60대',4,513.77,4.63,19960,145
'2017-03','116',' 일진아이윌아파트 옆','정기','F','60대',9,432.57,4.77,20610,167
'2017-03','324',' 신세계백화점 본점 앞','정기','F','60대',1,88.8,0.8,3450,37
'2017-03','326',' 안국역 5번출구 앞','정기','F','60대',2,172.2,1.56,6690,53
'2017-03','327',' 낙원상가 옆','정기','F','60대',1,64.09,0.58,2490,27
'2017-03','328',' 탑골공원 앞','정기','F','60대',3,279.03,2.39,10320,67
'2017-03','331',' 을지로2가 사거리 북측','정기','F','60대',1,18.28,0.19,810,5
'2017-03','111',' 상수역 2번출구 앞','정기','F','60대',1,58.57,0.4,1740,8
'2017-03','334',' 종로3가역 2번출구 뒤','정기','F','60대',1,51.48,0.46,2000,20
'2017-03','335',' 종로3가역 15번출구 앞','정기','F','60대',1,34,0.23,1010,7
'2017-03','336',' 티마크 호텔 앞','정기','F','60대',6,566.28,5.09,22000,189
'2017-03','340',' 혜화동 로터리','정기','F','60대',6,151.22,1.56,6700,52
'2017-03','341',' 혜화역 3번출구 뒤','정기','F','60대',1,15.3,0.16,690,3
'2017-03','342',' 대학로 마로니에공원','정기','F','60대',2,19.74,0.21,890,4
'2017-03','112',' 극동방송국 앞','정기','F','60대',2,98.72,0.79,3430,33
'2017-03','346',' 맥스타일 앞','정기','F','60대',1,20.85,0.19,810,8
'2017-03','347',' 동대문역사문화공원역 9번출구 앞','정기','F','60대',4,361.9,3.27,14060,108
'2017-03','350','KEB 하나은행(내자동 지점) 앞','정기','F','60대',3,314.9,2.7,11640,68
'2017-03','351',' 청운초교 앞 삼거리','정기','F','60대',19,2987.89,26.93,116080,771
'2017-03','352',' 중앙고입구 삼거리','정기','F','60대',1,148.01,1.33,5750,40
'2017-03','353',' 재동초교 앞 삼거리','정기','F','60대',1,12.61,0.11,490,4
'2017-03','117',' 홍은사거리','정기','F','60대',17,1548.17,13.44,57930,458
'2017-03','354',' 포르투갈 대사관 앞','정기','F','60대',2,48.9,0.3,1300,11
'2017-03','355',' 서울사대부속초교 앞','정기','F','60대',9,385.54,3.78,16250,126
'2017-03','358',' 성대입구 사거리','정기','F','60대',1,22.84,0.24,1030,6
'2017-03','359',' 원남동사거리','정기','F','60대',2,298.27,2.5,10760,60
'2017-03','113',' 홍대입구역 2번출구 앞','정기','F','60대',7,305.03,2.71,11680,69
'2017-03','368',' SK 서린빌딩 앞','정기','F','60대',1,167.57,1.51,6510,42
'2017-03','370',' 시청역(2호선) 9번출구 뒤','정기','F','60대',2,146.49,1.3,5590,47
'2017-03','371',' 동대입구역 6번출구 뒤','정기','F','60대',1,146.2,1.32,5680,36
'2017-03','377',' 서울역 4번출구 앞','정기','F','60대',5,276.37,2.44,10500,95
'2017-03','379',' 서울역9번출구','정기','F','60대',1,53.8,0.48,2090,15
'2017-03','381',' 장충체육관','정기','F','60대',1,17.25,0.16,670,4
'2017-03','383',' 신당역 12번 출구 뒤','정기','F','60대',1,223.15,1.87,8050,43
'2017-03','142',' 아현역 4번출구 앞','정기','F','60대',12,396.93,2.88,12530,147
'2017-03','143',' 공덕역 2번출구','정기','F','60대',2,160.02,1.8,7730,37
'2017-03','144',' 공덕역 8번출구','정기','F','60대',1,52.51,0.51,2210,21
'2017-03','146',' 마포역 1번출구 뒤','정기','F','60대',3,372.48,3.93,16900,81
'2017-03','147',' 마포역 4번출구 뒤','정기','F','60대',1,67.57,0.55,2370,13
'2017-03','148',' 용강동 주민센터 앞','정기','F','60대',1,53.32,0.43,1870,21
'2017-03','119',' 서강나루 공원','정기','F','60대',1,37.64,0.31,1320,5
'2017-03','154',' 마포구청역 ','정기','F','60대',1,0,0,0,19
'2017-03','155',' 가좌역1 번출구 뒤','정기','F','60대',1,44.53,0.4,1730,11
'2017-03','156',' 서울서부지방법원 앞','정기','F','60대',3,128.76,1.35,5790,50
'2017-03','160',' 북아현동 가구거리','정기','F','60대',4,560.66,5.11,21990,137
'2017-03','169',' 북가좌 삼거리','정기','F','60대',2,43.25,0.39,1680,9
'2017-03','170',' 가재울 뉴타운 주유소 옆','정기','F','60대',1,99.79,0.56,2400,16
'2017-03','175',' 홍연2교옆','정기','F','60대',5,519.95,3.58,15470,102
'2017-03','179',' 가좌역 4번출구 앞','정기','F','60대',8,957.27,8.64,37190,259
'2017-03','180',' 충정로역 7번출구 뒤','정기','F','60대',1,66.15,0.54,2320,10
'2017-03','518',' 청계천 박물관 앞','정기','F','60대',4,370.15,3.34,14380,92
'2017-03','519',' 양지사거리','정기','F','60대',3,126.13,1.14,4900,40
'2017-03','521',' 왕십리역 11번 출구 앞','정기','F','60대',1,36.24,0.33,1430,11
'2017-03','524',' 래미안금호하이리버 아파트 102동 옆','정기','F','60대',1,226.75,1.9,8180,38
'2017-03','529',' 장한평역 8번 출구 앞','정기','F','60대',1,46.89,0.34,1480,7
'2017-03','123',' 문화촌 공원','정기','F','60대',16,2448.39,22.08,95120,643
'2017-03','538',' 답십리역 8번출구 앞','정기','F','60대',1,123.3,1.29,5560,23
'2017-03','550',' 서울시설공단 앞','정기','F','60대',1,167.78,1.54,6620,39
'2017-03','539',' 군자교교차로','정기','F','60대',1,141.57,1.66,7150,30
'2017-03','540',' 군자역 7번출구 베스트샵 앞','정기','F','60대',1,113.87,1.28,5530,47
'2017-03','549',' 아차산역 3번출구','정기','F','60대',1,57.02,0.46,2000,5
'2017-03','601',' 용신동주민센터','정기','F','60대',16,2102.37,24.63,106180,710
'2017-03','604',' 답십리초등학교 옆 공원','정기','F','60대',3,149.89,1.75,7570,119
'2017-03','605',' 신설동역8번출구','정기','F','60대',2,70.79,0.64,2750,27
'2017-03','608',' 전농삼성아파트','정기','F','60대',3,119.39,1.4,6030,112
'2017-03','609',' 제기2교','정기','F','60대',7,343.52,3.48,15030,172
'2017-03','612',' 시립동부병원 앞 사거리','정기','F','60대',2,135.84,1.24,5360,36
'2017-03','614',' 용두동 사거리','정기','F','60대',1,126.38,1.14,4910,34
'2017-03','616',' 서울시립대 앞','정기','F','60대',3,101.77,1.19,5140,124
'2017-03','228',' 선유도역 3번출구 앞','정기','F','60대',2,481.54,5.05,21740,170
'2017-03','236',' 문래동자이아파트 앞','정기','F','60대',1,101.57,1.19,5130,33
'2017-03','237',' 보라매 두산위브 건너편','정기','F','60대',3,207.81,1.96,8450,113
'2017-03','240',' 문래역 4번출구 앞','정기','F','60대',1,76.51,0.64,2760,17
'2017-03','242',' 신길선원가와인아파트 앞','정기','F','60대',1,27.72,0.23,1000,5
'2017-03','248',' 초원아파트 앞','정기','F','60대',1,84.46,0.64,2770,46
'2017-03','250',' 대림아파트 사거리','정기','F','60대',3,283.18,2.72,11710,92
'2017-03','251',' 서울지방병무청 버스정류장','정기','F','60대',7,333.74,3.78,16320,212
'2017-03','252',' 보라매역4번출구','정기','F','60대',5,272.44,2.33,10080,93
'2017-03','253',' 신풍역 5번출구 인근','정기','F','60대',10,557.8,5.02,21670,122
'2017-03','255',' 도림4거리','정기','F','60대',1,84.55,0.99,4270,34
'2017-03','256',' 동아에코빌입구','정기','F','60대',1,67.64,0.57,2440,12
'2017-03','257',' 신길삼거리(우리은행)','정기','F','60대',17,828.27,6.93,29880,209
'2017-03','259',' 대방역6번출구','정기','F','60대',4,260.29,2.3,9900,54
'2017-03','700',' KB국민은행 염창역 지점 앞','정기','F','60대',14,3429.97,25.11,108270,643
'2017-03','703',' 오목교역 7번출구 앞','정기','F','60대',1,63.76,0.53,2300,13
'2017-03','708',' 서울출입국관리사무소 앞','정기','F','60대',1,148.02,1.24,5340,24
'2017-03','710',' 서부화물트럭터미널 사거리','정기','F','60대',1,257.52,2.16,9290,41
'2017-03','130',' 신촌역(2호선) 7번출구 앞','정기','F','60대',1,23.76,0.17,750,5
'2017-03','800',' 목월공원 앞','정기','F','60대',2,203.94,1.79,7710,40
'2017-03','802',' 한강진역 2번 출구 앞','정기','F','60대',1,84.82,0.83,3570,28
'2017-03','803',' 한남초교 앞 보도육교','정기','F','60대',10,282.61,2.56,10980,49
'2017-03','805',' 문배어린이공원 앞','정기','F','60대',7,421.51,4.12,17740,124
'2017-03','806',' 전자랜드 본관 앞','정기','F','60대',3,113.62,1.05,4500,68
'2017-03','808',' 서빙고동 금호맨션 앞','정기','F','60대',2,277.52,2.71,11680,67
'2017-03','131',' 증산2교','정기','F','60대',4,215.42,1.48,6400,122
'2017-03','809',' 한남 유수지 복개주차장','정기','F','60대',3,129.99,1.17,5050,96
'2017-03','811',' 녹사평역1번출구','정기','F','60대',1,56.55,0.55,2380,20
'2017-03','812',' 용산전쟁기념관','정기','F','60대',1,16.16,0.16,680,4
'2017-03','813',' 삼각지역 3번출구','정기','F','60대',12,647.45,6.32,27250,211
'2017-03','815',' LIG강촌아파트 103동앞','정기','F','60대',2,212.41,1.73,7450,38
'2017-03','385',' 종각역 5번출구','정기','F','60대',4,265.1,3,12960,98
'2017-03','184',' SK망원동주유소 건너편','정기','F','60대',9,447.25,4.94,21310,132
'2017-03','186',' 월드컵공원','정기','F','60대',14,2150.99,21.48,92520,603
'2017-03','188',' 홍은동 정원여중 입구','정기','F','60대',9,480,4.22,18150,93
'2017-03','191',' 정명학원','정기','F','60대',10,470.28,4.24,18270,110
'2017-03','133',' 해담는다리','정기','F','60대',4,330.21,2.27,9810,71
'2017-03','194',' 증산교 앞','정기','F','60대',11,1411.64,11.44,49390,303
'2017-03','195',' 모래내고가차도 ','정기','F','60대',1,170.5,1.39,5980,31
'2017-03','558',' 성동광진 교육지원청 앞','정기','F','60대',2,165.82,1.49,6440,37
'2017-03','565',' 옥수역 3번출구','정기','F','60대',24,4236.93,39.24,169150,806
'2017-03','567',' 성수역 2번출구 앞','정기','F','60대',1,88.51,1.04,4470,30
'2017-03','578',' 성동세무서 부근','정기','F','60대',1,52.92,0.6,2570,16
'2017-03','581',' 용답초등학교','정기','F','60대',3,200.98,1.84,7930,58
'2017-03','583',' 청계천 생태교실 앞','정기','F','60대',10,700.02,6.65,28660,172
'2017-03','573',' 구의문주차장 앞','정기','F','60대',1,36.02,0.25,1070,6
'2017-03','137',' NH농협 신촌지점 앞','정기','F','60대',1,24.39,0.18,770,3
'2017-03','623',' 서울시립대 정문 앞','정기','F','60대',4,95.82,1.12,4840,68
'2017-03','631',' 답십리역 1번출구','정기','F','60대',8,381.18,4.24,18290,281
'2017-03','102',' 망원역 1번출구 앞','정기','F','60대',1,56.89,0.39,1690,10
'2017-03','138',' 신촌동 제1공영주차장 앞','정기','F','60대',10,2282.55,16.72,72050,392
'2017-03','633',' 청량리 기업은행 앞','정기','F','60대',43,4985.87,46.47,200240,1708
'2017-03','634',' 외국어대 정문 앞','정기','F','60대',5,190.16,2.18,9420,124
'2017-03','635',' 시조사 앞 (청량고정문 옆)','정기','F','60대',9,569.07,6.65,28620,399
'2017-03','636',' 세종대왕기념관 교차로','정기','F','60대',6,194.81,2.25,9710,270
'2017-03','637',' KAIST 경영대학 앞','정기','F','60대',14,556.86,6.38,27490,569
'2017-03','640',' KEB하나은행 청량리역지점','정기','F','60대',21,606.9,6.86,29610,674
'2017-03','641',' 용두역 4번출구','정기','F','60대',9,630.46,5.79,24950,224
'2017-03','642',' 신답역 사거리','정기','F','60대',1,128.19,1.16,4980,35
'2017-03','267',' 삼성화재 사옥 옆','정기','F','60대',4,339.37,3.97,17140,114
'2017-03','816',' 신용산역 6번출구 앞','정기','F','60대',5,201.97,1.97,8500,77
'2017-03','818',' 숙명여대 입구 교차로','정기','F','60대',2,136.48,1.24,5350,40
'2017-03','819',' 선린인터넷 고등학교','정기','F','60대',5,234.7,2.09,9040,50
'2017-03','822',' 이촌1동 마을공원','정기','F','60대',3,590.2,6.45,27780,131
'2017-03','823',' 효창동주민센터 앞','정기','F','60대',4,256.9,2.28,9810,55
'2017-03','825',' 서빙고동 주민센터 앞','정기','F','60대',1,84.15,0.99,4250,25
'2017-03','199',' 서울 월드컵 경기장','정기','F','60대',1,50.68,0.55,2370,22
'2017-03','900',' 은평예술회관','정기','F','60대',1,22.1,0.22,930,5
'2017-03','901',' 응암1동사무소','정기','F','60대',1,46.09,0.45,1940,12
'2017-03','200',' 국회의원회관','정기','F','60대',1,172.97,1.56,6720,41
'2017-03','904',' 은평뉴타운 푸르지오','정기','F','60대',7,393.9,3.29,14210,111
'2017-03','905',' 구파발역 2번출구','정기','F','60대',1,56.27,0.47,2030,20
'2017-03','906',' 연신내역 5번출구150M 아래','정기','F','60대',4,153.93,1.38,5980,32
'2017-03','907',' CJ 드림시티','정기','F','60대',4,259.75,1.87,8070,82
'2017-03','908',' 구산역 4번출구','정기','F','60대',1,9.27,0.08,360,1
'2017-03','909',' 백련산 힐스테이트 3차','정기','F','60대',1,172.7,1.45,6230,30
'2017-03','911',' 은평평화공원(역촌역4번출구)','정기','F','60대',15,409.37,4,17230,550
'2017-03','913',' 이마트 은평점','정기','F','60대',9,267.1,2.56,11090,133
'2017-03','914',' 새절역 2번출구','정기','F','60대',2,86.23,0.88,3800,25
'2017-03','915',' 증산역 4번출구','정기','F','60대',1,95.75,0.86,3720,18
'2017-03','916',' 평생학습관 앞','정기','F','60대',1,35.64,0.35,1500,139
'2017-03','917',' 녹번역 4번출구','정기','F','60대',4,173.92,1.7,7320,46
'2017-03','919',' 서울혁신파크','정기','F','60대',1,17.34,0.17,730,4
'2017-03','202',' 국민일보 앞','정기','F','60대',1,88.65,1.24,5330,34
'2017-03','931',' 역촌파출소','정기','F','60대',1,27.8,0.27,1170,6
'2017-03','932',' 예일여중','정기','F','60대',1,24.97,0.23,970,5
'2017-03','933',' LG서비스 역촌점','정기','F','60대',1,10.04,0.09,390,2
'2017-03','588',' 뚝섬 유원지역','정기','F','60대',2,122.9,1.1,4730,124
'2017-03','204',' 국회의사당역 5번출구 옆','정기','F','60대',1,106.82,0.96,4150,27
'2017-03','203',' 국회의사당역 3번출구 옆','정기','F','60대',2,74.29,0.62,2680,23
'2017-03','206',' KBS 앞','정기','F','60대',1,136.42,1.23,5300,45
'2017-03','209',' 유진투자증권빌딩 앞','정기','F','60대',1,57.66,0.48,2080,13
'2017-03','210',' IFC몰','정기','F','60대',1,54.33,0.45,1960,9
'2017-03','211',' 여의도역 4번출구 옆','정기','F','60대',6,332.45,2.91,12500,101
'2017-03','212',' 여의도역 1번출구 옆','정기','F','60대',6,300.6,2.73,11760,109
'2017-03','213',' KT앞','정기','F','60대',2,214.92,2.32,9980,57
'2017-03','219',' 롯데캐슬엠파이어 옆','정기','F','60대',3,244.07,2.13,9170,64
'2017-03','220',' 미성아파트 A동 앞','정기','F','60대',2,57.7,0.71,3100,19
'2017-03','217',' NH농협은행 앞','정기','F','60대',1,23.08,0.29,1240,8
'2017-03','221',' 여의도초교 앞','정기','F','60대',6,811.32,7.31,31520,194
'2017-03','222',' 시범아파트버스정류장 옆','정기','F','60대',4,293.04,3.37,14530,141
'2017-03','225',' 앙카라공원 앞','정기','F','60대',2,199.18,2.17,9320,44
'2017-03','207',' 여의나루역 1번출구 앞','정기','F','60대',1,107.59,0.97,4180,39
'2017-03','401',' 상암월드컵파크 10단지 앞','정기','F','60대',2,140.47,1.22,5270,45
'2017-03','403',' 부엉이공원 앞','정기','F','60대',1,54.31,0.49,2110,10
'2017-03','106',' 합정역 7번출구 앞','정기','F','60대',1,105.34,1.23,5320,26
'2017-03','421',' 마포구청 앞','정기','F','60대',2,222.59,2.17,9340,68
'2017-03','407',' 마포구 육아종합지원센터','정기','F','60대',7,930.84,9.28,39990,253
'2017-03','408',' LG CNS앞','정기','F','60대',4,215.1,1.91,8210,53
'2017-03','420',' 서울시 공공자전거 상암센터','정기','F','60대',5,326.79,3.59,15490,101
'2017-03','409',' 누리꿈스퀘어 옆','정기','F','60대',1,21.98,0.26,1110,7
'2017-03','419',' 홈플러스 앞','정기','F','60대',3,350.4,3.04,13080,108
'2017-03','410',' 상암중학교 옆','정기','F','60대',4,260.04,2.83,12160,101
'2017-03','418',' 월드컵경기장역 3번출구 옆','정기','F','60대',8,665.25,7.29,31380,203
'2017-03','411',' DMC홍보관','정기','F','60대',1,165.77,1.49,6440,29
'2017-03','413',' 상암월드컵파크 3단지 후문','정기','F','60대',2,142.42,1.55,6660,44
'2017-03','414',' 상암동주민센터 옆','정기','F','60대',1,12.87,0.15,650,6
'2017-03','416',' 상암월드컵파크 1단지 교차로','정기','F','60대',9,825.93,9.63,41520,199
'2017-03','500',' 어린이대공원역 3번출구 앞','정기','F','60대',1,24.55,0.29,1240,9
'2017-03','501',' 광진구의회 앞','정기','F','60대',4,130.04,1.21,5210,62
'2017-03','502',' 뚝섬유원지역 1번출구 앞','정기','F','60대',5,990.1,8.82,38000,210
'2017-03','108',' 서교동 사거리','정기','F','70대~',3,179.1,1.57,6780,52
'2017-03','503',' 더샵스타시티 C동 앞','정기','F','70대~',6,222.22,2.23,9560,108
'2017-03','504',' 신자초교입구교차로','정기','F','70대~',9,277.99,2.84,12230,136
'2017-03','505',' 자양사거리 광진아크로텔 앞','정기','F','70대~',14,509.84,4.69,20130,156
'2017-03','506',' 금호 어울림 아파트 앞','정기','F','70대~',3,362.12,3.39,14650,80
'2017-03','507',' 성수아이에스비즈타워 앞','정기','F','70대~',3,204.41,2.01,8660,42
'2017-03','508',' 성수아카데미타워 앞','정기','F','70대~',5,288.72,3.06,13170,123
'2017-03','509',' 이마트 버스정류소 옆','정기','F','70대~',6,482.21,5.12,22020,155
'2017-03','510',' 서울숲 남문 버스정류소 옆','정기','F','70대~',4,299.01,2.75,11890,113
'2017-03','511',' 서울숲역 4번 출구 옆','정기','F','70대~',4,186.75,1.84,7910,47
'2017-03','512',' 뚝섬역 1번 출구 옆','정기','F','70대~',9,452.15,4.46,19230,159
'2017-03','109',' 제일빌딩 앞','정기','F','70대~',6,276.29,2.7,11680,62
'2017-03','400',' 상암한화오벨리스크 1차 앞','정기','F','70대~',6,370.59,3.42,14760,97
'2017-03','513',' 뚝섬역 5번 출구 정류소 옆','정기','F','70대~',6,464.01,4.33,18670,109
'2017-03','514',' 성수사거리 버스정류장 앞','정기','F','70대~',9,728.25,5.97,25750,164
'2017-03','515',' 광양중학교 앞','정기','F','70대~',3,205.44,2.21,9550,42
'2017-03','516',' 광진메디칼 앞','정기','F','70대~',4,142.95,1.39,6030,36
'2017-03','300',' 정동사거리','정기','F','70대~',4,162.63,1.45,6290,38
'2017-03','301',' 경복궁역 7번출구 앞','정기','F','70대~',4,271.81,2.58,11150,73
'2017-03','302',' 경복궁역 4번출구 뒤','정기','F','70대~',7,288.24,2.48,10680,67
'2017-03','303',' 광화문역 1번출구 앞','정기','F','70대~',7,287,2.97,12760,89
'2017-03','115',' 사루비아 빌딩 앞','정기','F','70대~',8,662.08,6.75,29140,228
'2017-03','304',' 광화문역 2번출구 앞','정기','F','70대~',2,41.7,0.37,1620,13
'2017-03','305',' 종로구청 옆','정기','F','70대~',3,166.34,1.56,6710,59
'2017-03','306',' 광화문역 7번출구 앞','정기','F','70대~',6,442.94,3.93,16960,128
'2017-03','307',' 서울역사박물관 앞','정기','F','70대~',7,310.47,3.49,14990,117
'2017-03','308',' 광화문 S타워 앞','정기','F','70대~',3,215.62,2.06,8880,55
'2017-03','309',' 광화문역 6번출구 옆','정기','F','70대~',2,132.4,1.35,5850,29
'2017-03','311',' 서울광장 옆','정기','F','70대~',15,1206.5,11.1,47830,379
'2017-03','312',' 시청역 1번출구 뒤','정기','F','70대~',7,385.13,3.57,15410,107
'2017-03','110',' 사천교','정기','F','70대~',2,64.25,0.72,3120,13
'2017-03','314',' 국립현대미술관','정기','F','70대~',11,558.1,5.08,21900,170
'2017-03','315',' 신한은행 안국역지점 옆','정기','F','70대~',9,384.87,3.6,15550,103
'2017-03','316',' 종각역 1번출구 앞','정기','F','70대~',7,368.48,3.4,14670,91
'2017-03','318',' 광교사거리 남측','정기','F','70대~',1,92.66,0.84,3600,30
'2017-03','320',' 을지로입구역 4번출구 앞','정기','F','70대~',5,267.67,2.44,10520,76
'2017-03','321',' KEB 하나은행 본점 앞','정기','F','70대~',4,189.9,1.78,7680,65
'2017-03','322',' 명동성당 앞','정기','F','70대~',3,358.08,3.27,14090,78
'2017-03','116',' 일진아이윌아파트 옆','정기','F','70대~',10,646.03,6.71,28910,195
'2017-03','324',' 신세계백화점 본점 앞','정기','F','70대~',8,601.09,5.85,25180,170
'2017-03','326',' 안국역 5번출구 앞','정기','F','70대~',25,992.93,9.22,39750,493
'2017-03','327',' 낙원상가 옆','정기','F','70대~',11,263.51,2.57,11010,89
'2017-03','328',' 탑골공원 앞','정기','F','70대~',13,1217.97,11.2,48330,314
'2017-03','329',' 청계2가 사거리 옆','정기','F','70대~',10,706.9,6.97,30100,196
'2017-03','330',' 청계천 한빛광장','정기','F','70대~',6,270.29,2.44,10580,104
'2017-03','331',' 을지로2가 사거리 북측','정기','F','70대~',2,51.62,0.5,2130,17
'2017-03','332',' 을지로2가 사거리 남측','정기','F','70대~',2,104.37,1.22,5270,50
'2017-03','111',' 상수역 2번출구 앞','정기','F','70대~',8,969.16,9.01,38800,190
'2017-03','334',' 종로3가역 2번출구 뒤','정기','F','70대~',5,477.06,4.11,17700,113
'2017-03','335',' 종로3가역 15번출구 앞','정기','F','70대~',7,398.63,4.53,19560,143
'2017-03','336',' 티마크 호텔 앞','정기','F','70대~',5,225.22,2.24,9690,66
'2017-03','337',' 창경궁 입구','정기','F','70대~',5,121.89,1.14,4880,33
'2017-03','338',' 세운스퀘어 앞','정기','F','70대~',7,390.58,3.61,15510,166
'2017-03','339',' 종로4가 사거리','정기','F','70대~',11,404.43,3.9,16870,134
'2017-03','340',' 혜화동 로터리','정기','F','70대~',11,600.67,5.77,24920,173
'2017-03','341',' 혜화역 3번출구 뒤','정기','F','70대~',6,266.95,2.6,11250,84
'2017-03','342',' 대학로 마로니에공원','정기','F','70대~',8,254.99,2.55,11030,105
'2017-03','343',' 예일빌딩(율곡로) 앞','정기','F','70대~',3,157.97,1.47,6350,31
'2017-03','112',' 극동방송국 앞','정기','F','70대~',3,123.46,1.21,5260,35
'2017-03','344',' 성균관대 E하우스 앞','정기','F','70대~',7,122.44,1.26,5430,102
'2017-03','345',' 서울보증보험본사 앞','정기','F','70대~',8,335.42,3.57,15380,103
'2017-03','346',' 맥스타일 앞','정기','F','70대~',8,501.93,4.66,20080,236
'2017-03','347',' 동대문역사문화공원역 9번출구 앞','정기','F','70대~',6,542.79,5.57,23980,151
'2017-03','349',' 사직동주민센터','정기','F','70대~',5,363.19,3.51,15160,100
'2017-03','350','KEB 하나은행(내자동 지점) 앞','정기','F','70대~',4,97.81,1.03,4460,24
'2017-03','351',' 청운초교 앞 삼거리','정기','F','70대~',6,550.45,5.37,23120,144
'2017-03','352',' 중앙고입구 삼거리','정기','F','70대~',6,412.72,3.22,13880,64
'2017-03','353',' 재동초교 앞 삼거리','정기','F','70대~',5,251.54,2.32,9980,73
'2017-03','117',' 홍은사거리','정기','F','70대~',11,1518.12,13.54,58370,297
'2017-03','354',' 포르투갈 대사관 앞','정기','F','70대~',7,371.77,3.19,13730,80
'2017-03','355',' 서울사대부속초교 앞','정기','F','70대~',11,469.54,5.01,21610,169
'2017-03','356',' KT혜화지사 앞','정기','F','70대~',6,211.62,2.16,9310,57
'2017-03','358',' 성대입구 사거리','정기','F','70대~',15,473.97,4.78,20580,136
'2017-03','359',' 원남동사거리','정기','F','70대~',11,313.66,3.39,14640,111
'2017-03','361',' 동묘앞역 1번출구 뒤','정기','F','70대~',13,698.95,6.38,27590,180
'2017-03','362',' 청계8가 사거리','정기','F','70대~',5,181.03,1.86,8070,79
'2017-03','363',' 신설동역 11번출구 뒤','정기','F','70대~',1,13.84,0.11,460,4
'2017-03','364',' 창신역 1번출구 앞','정기','F','70대~',2,82.66,0.76,3260,19
'2017-03','113',' 홍대입구역 2번출구 앞','정기','F','70대~',23,1066.59,10.59,45680,310
'2017-03','367',' 독립문역 3-1번출구 ','정기','F','70대~',1,85.51,0.82,3540,23
'2017-03','368',' SK 서린빌딩 앞','정기','F','70대~',5,366.57,3.25,14020,123
'2017-03','369',' 광화문 시민열린마당','정기','F','70대~',6,368.39,3.26,14060,127
'2017-03','348',' 독립문역 사거리','정기','F','70대~',5,284.78,2.72,11710,82
'2017-03','370',' 시청역(2호선) 9번출구 뒤','정기','F','70대~',8,538.79,5.09,21960,185
'2017-03','371',' 동대입구역 6번출구 뒤','정기','F','70대~',4,383.94,3.51,15170,132
'2017-03','372',' 약수역 3번출구 뒤','정기','F','70대~',1,0,0,0,19
'2017-03','374',' 청구역 2번출구 앞','정기','F','70대~',4,97.22,0.94,4000,30
'2017-03','118',' 광흥창역 2번출구 앞','정기','F','70대~',5,87.04,0.99,4240,72
'2017-03','375',' 다산 어린이공원','정기','F','70대~',2,34.08,0.35,1490,11
'2017-03','378',' 청계7가 사거리','정기','F','70대~',10,333.85,3.59,15460,203
'2017-03','379',' 서울역9번출구','정기','F','70대~',4,425.6,4.05,17440,96
'2017-03','380',' CJ제일제당 앞','정기','F','70대~',2,79.9,0.7,3010,25
'2017-03','381',' 장충체육관','정기','F','70대~',2,93.22,0.99,4240,24
'2017-03','382',' 약수역 10번출구 앞','정기','F','70대~',2,202.71,2.04,8800,48
'2017-03','383',' 신당역 12번 출구 뒤','정기','F','70대~',8,343.58,3.51,15120,134
'2017-03','384',' 종로학원본원 ','정기','F','70대~',1,78.51,0.71,3050,20
'2017-03','114',' 홍대입구역 8번출구 앞','정기','F','70대~',10,549.3,5.6,24150,211
'2017-03','142',' 아현역 4번출구 앞','정기','F','70대~',3,89.82,0.78,3340,17
'2017-03','143',' 공덕역 2번출구','정기','F','70대~',3,187.65,1.81,7780,67
'2017-03','144',' 공덕역 8번출구','정기','F','70대~',7,228.65,2.08,8930,84
'2017-03','145',' 공덕역 5번출구','정기','F','70대~',12,561.22,5.95,25740,202
'2017-03','146',' 마포역 1번출구 뒤','정기','F','70대~',5,792.52,7.51,32370,192
'2017-03','147',' 마포역 4번출구 뒤','정기','F','70대~',2,132.3,1.19,5140,81
'2017-03','148',' 용강동 주민센터 앞','정기','F','70대~',5,569.58,5.18,22310,151
'2017-03','150',' 서강대역 2번출구 앞','정기','F','70대~',11,449.61,4.01,17270,138
'2017-03','151',' 망원1동주민센터','정기','F','70대~',9,506.37,5.36,23130,148
'2017-03','152',' 마포구민체육센터 앞','정기','F','70대~',9,1163.5,11.74,50650,253
'2017-03','119',' 서강나루 공원','정기','F','70대~',6,1089.68,10.27,44220,213
'2017-03','153',' 성산2교 사거리','정기','F','70대~',48,2183.61,20.33,87720,581
'2017-03','154',' 마포구청역 ','정기','F','70대~',6,378.08,3.9,16820,99
'2017-03','155',' 가좌역1 번출구 뒤','정기','F','70대~',7,352.77,3.43,14830,82
'2017-03','156',' 서울서부지방법원 앞','정기','F','70대~',7,221.71,2.17,9340,66
'2017-03','157',' 애오개역 4번출구 앞','정기','F','70대~',4,182.98,2.07,8940,63
'2017-03','158',' 독립문 어린이 공원','정기','F','70대~',6,372.07,3.62,15560,90
'2017-03','159',' 이대역 4번 출구','정기','F','70대~',6,393.43,3.99,17220,147
'2017-03','160',' 북아현동 가구거리','정기','F','70대~',6,205.29,2.19,9440,58
'2017-03','161',' 무악재역1번 출구','정기','F','70대~',3,304.18,2.64,11350,50
'2017-03','162',' 봉원고가차도 밑','정기','F','70대~',4,123.17,1.17,5060,27
'2017-03','163',' 명지전문대학교 정문 앞','정기','F','70대~',14,1105.07,9.54,41120,263
'2017-03','164',' 북가좌1동 주민센터 ','정기','F','70대~',5,404.88,3.82,16490,80
'2017-03','165',' 중앙근린공원','정기','F','70대~',6,546.37,4.99,21480,115
'2017-03','166',' 가재울 초등학교','정기','F','70대~',7,552.37,5.33,22990,220
'2017-03','167',' 연가초등학교 옆','정기','F','70대~',2,104.15,1.09,4710,25
'2017-03','168',' 남가좌동 사거리','정기','F','70대~',6,573.58,5.35,23020,135
'2017-03','169',' 북가좌 삼거리','정기','F','70대~',3,153.46,1.58,6850,37
'2017-03','170',' 가재울 뉴타운 주유소 옆','정기','F','70대~',29,1417.83,12.79,55090,333
'2017-03','171',' 임광빌딩 앞','정기','F','70대~',3,126.03,1.43,6190,50
'2017-03','172',' 서대문소방서','정기','F','70대~',5,247.64,2.53,10890,98
'2017-03','121',' 마포소방서 앞','정기','F','70대~',1,15.08,0.19,810,5
'2017-03','173',' 서대문역 8번출구 앞','정기','F','70대~',8,708.36,6.46,27810,102
'2017-03','175',' 홍연2교옆','정기','F','70대~',2,87.9,0.89,3830,43
'2017-03','179',' 가좌역 4번출구 앞','정기','F','70대~',21,1373.58,12.54,54030,365
'2017-03','180',' 충정로역 7번출구 뒤','정기','F','70대~',12,659.63,6.6,28360,193
'2017-03','518',' 청계천 박물관 앞','정기','F','70대~',3,124.95,1.25,5390,33
'2017-03','519',' 양지사거리','정기','F','70대~',5,194.17,2.06,8900,42
'2017-03','520',' 상왕십리역 4번 출구 앞','정기','F','70대~',7,245.26,2.47,10650,61
'2017-03','521',' 왕십리역 11번 출구 앞','정기','F','70대~',4,233.1,2.71,11660,82
'2017-03','523',' 옥수동성당 옆','정기','F','70대~',1,51.45,0.52,2240,32
'2017-03','122',' 신성기사식당 앞','정기','F','70대~',5,169.8,1.78,7680,46
'2017-03','524',' 래미안금호하이리버 아파트 102동 옆','정기','F','70대~',2,203.39,1.79,7710,49
'2017-03','525',' 한양대병원사거리','정기','F','70대~',8,697.97,7.2,31030,189
'2017-03','526',' 용답토속공원 앞','정기','F','70대~',6,763.76,7.46,32070,206
'2017-03','529',' 장한평역 8번 출구 앞','정기','F','70대~',6,382.01,3.89,16730,89
'2017-03','530',' 청계벽산아파트 앞','정기','F','70대~',2,28.81,0.3,1290,6
'2017-03','533',' 우리은행 금호동 지점 앞','정기','F','70대~',3,481.12,4.13,17830,96
'2017-03','536',' 행당역 2번출구 앞','정기','F','70대~',4,236.04,2.33,10030,64
'2017-03','537',' 한양대후문역 부근','정기','F','70대~',4,192.65,2.08,8980,56
'2017-03','123',' 문화촌 공원','정기','F','70대~',5,908.35,8.34,35950,186
'2017-03','538',' 답십리역 8번출구 앞','정기','F','70대~',14,543.04,5.57,24040,182
'2017-03','550',' 서울시설공단 앞','정기','F','70대~',5,230,2.16,9320,45
'2017-03','539',' 군자교교차로','정기','F','70대~',4,244,2.39,10300,61
'2017-03','540',' 군자역 7번출구 베스트샵 앞','정기','F','70대~',19,1336.56,12.07,52000,308
'2017-03','542',' 강변역 4번출구 뒤','정기','F','70대~',3,90.88,0.75,3220,18
'2017-03','543',' 구의공원(테크노마트 앞)','정기','F','70대~',4,167.23,1.63,7000,50
'2017-03','544',' 광남중학교','정기','F','70대~',5,484.39,4.52,19470,105
'2017-03','546',' 잠실대교북단 교차로','정기','F','70대~',3,186.58,2.02,8730,47
'2017-03','548',' 자양나들목','정기','F','70대~',8,198.82,2.14,9230,46
'2017-03','549',' 아차산역 3번출구','정기','F','70대~',1,56.37,0.51,2190,12
'2017-03','124',' 서강대 정문 건너편','정기','F','70대~',2,42.19,0.42,1790,10
'2017-03','600',' 휘경2동 주민센터','정기','F','70대~',1,46.35,0.31,1330,13
'2017-03','601',' 용신동주민센터','정기','F','70대~',3,122.58,1.18,5070,40
'2017-03','602',' 장안동 사거리','정기','F','70대~',15,708.84,7.15,30850,181
'2017-03','604',' 답십리초등학교 옆 공원','정기','F','70대~',1,53.54,0.48,2080,13
'2017-03','605',' 신설동역8번출구','정기','F','70대~',5,603.73,6.04,26040,120
'2017-03','606',' 휘경공고앞','정기','F','70대~',2,104.94,1.18,5080,28
'2017-03','607',' 신이문역 2번출구','정기','F','70대~',1,88.55,0.8,3440,19
'2017-03','609',' 제기2교','정기','F','70대~',6,414.58,4.69,20170,160
'2017-03','125',' 서강대 남문 옆','정기','F','70대~',5,164.78,1.78,7670,52
'2017-03','610',' 동대문중 교차로','정기','F','70대~',8,246.1,2.41,10440,200
'2017-03','612',' 시립동부병원 앞 사거리','정기','F','70대~',5,186.67,2.11,9150,57
'2017-03','613',' 신설동역 10번출구 앞','정기','F','70대~',5,396.33,4.03,17360,112
'2017-03','614',' 용두동 사거리','정기','F','70대~',5,219.83,2.41,10380,58
'2017-03','616',' 서울시립대 앞','정기','F','70대~',3,212.8,1.99,8560,38
'2017-03','617',' 청솔우성아파트 앞','정기','F','70대~',8,251.28,2.62,11340,181
'2017-03','227',' 양평2나들목 보행통로 입구','정기','F','70대~',3,458.17,4.27,18380,94
'2017-03','228',' 선유도역 3번출구 앞','정기','F','70대~',5,350.01,3.45,14840,116
'2017-03','229',' 양평1 보행육교 앞','정기','F','70대~',3,511.93,4.56,19670,107
'2017-03','126',' 서강대 후문 옆','정기','F','70대~',9,309.94,3.02,13020,86
'2017-03','231',' 남부고용노동지청 남측','정기','F','70대~',3,130.87,1.08,4660,26
'2017-03','232',' 양평우림 이비즈센타 앞','정기','F','70대~',9,927.07,8.56,36840,224
'2017-03','233',' YP 센터 앞','정기','F','70대~',1,66.92,0.6,2600,18
'2017-03','234',' 영등포구민체육센터 앞','정기','F','70대~',1,18.18,0.2,850,5
'2017-03','235',' 신길동 우리은행 옆','정기','F','70대~',2,169.9,1.01,4360,26
'2017-03','237',' 보라매 두산위브 건너편','정기','F','70대~',3,282.91,2.61,11270,99
'2017-03','238',' 제2구민체육센타 앞','정기','F','70대~',6,201.25,1.96,8430,86
'2017-03','239',' 유스호스텔 앞','정기','F','70대~',5,161.03,1.75,7530,38
'2017-03','240',' 문래역 4번출구 앞','정기','F','70대~',3,93.63,0.79,3390,32
'2017-03','127',' 현대벤처빌 앞','정기','F','70대~',4,115.63,1.11,4810,37
'2017-03','241',' 신길우성1차아파트 앞 공원','정기','F','70대~',2,270.02,2.44,10490,51
'2017-03','242',' 신길선원가와인아파트 앞','정기','F','70대~',4,238.45,2.41,10390,95
'2017-03','243',' 이앤씨드림타워 앞','정기','F','70대~',2,41.33,0.36,1530,23
'2017-03','244',' 영등포삼환아파트 앞','정기','F','70대~',2,100.47,0.95,4090,21
'2017-03','245',' 삼성생명 당산사옥 앞','정기','F','70대~',1,14.98,0.14,610,4
'2017-03','247',' 당산역 10번출구 앞','정기','F','70대~',7,622.48,6.38,27530,164
'2017-03','248',' 초원아파트 앞','정기','F','70대~',6,603.55,5.27,22750,168
'2017-03','249',' 여의도중학교 옆','정기','F','70대~',2,68.73,0.62,2670,46
'2017-03','251',' 서울지방병무청 버스정류장','정기','F','70대~',3,116.35,1.05,4520,17
'2017-03','101',' (구)합정동 주민센터','정기','F','70대~',2,139.7,1.26,5440,29
'2017-03','128',' 신촌역(2호선) 1번출구 옆','정기','F','70대~',4,435.26,4.16,17860,121
'2017-03','252',' 보라매역4번출구','정기','F','70대~',3,148.84,1.57,6760,56
'2017-03','253',' 신풍역 5번출구 인근','정기','F','70대~',3,72.96,0.62,2670,18
'2017-03','254',' 도림신협 앞','정기','F','70대~',1,59.8,0.7,3020,14
'2017-03','255',' 도림4거리','정기','F','70대~',1,66.29,0.65,2790,17
'2017-03','256',' 동아에코빌입구','정기','F','70대~',1,8.68,0.1,430,4
'2017-03','257',' 신길삼거리(우리은행)','정기','F','70대~',6,533.89,5.24,22580,136
'2017-03','258',' 신길역3번출구','정기','F','70대~',2,98.66,1.08,4650,31
'2017-03','259',' 대방역6번출구','정기','F','70대~',10,972.53,8.87,38210,191
'2017-03','700',' KB국민은행 염창역 지점 앞','정기','F','70대~',4,645.54,6.32,27250,193
'2017-03','129',' 신촌역(2호선) 6번출구 옆','정기','F','70대~',7,261.69,2.29,9850,81
'2017-03','702',' 목4동주민센터 옆','정기','F','70대~',1,100.14,1.01,4360,29
'2017-03','703',' 오목교역 7번출구 앞','정기','F','70대~',6,414.66,3.94,16960,101
'2017-03','704',' 남부법원검찰청 교차로','정기','F','70대~',1,27.26,0.31,1350,8
'2017-03','706',' 신정네거리역','정기','F','70대~',3,172.59,1.99,8560,69
'2017-03','707',' 신정3동주민센터','정기','F','70대~',1,37.68,0.42,1830,12
'2017-03','708',' 서울출입국관리사무소 앞','정기','F','70대~',2,42.26,0.45,1940,14
'2017-03','709',' 신정3동 현장민원실 앞','정기','F','70대~',1,19.82,0.18,770,6
'2017-03','710',' 서부화물트럭터미널 사거리','정기','F','70대~',1,19.01,0.23,1000,4
'2017-03','711',' 신일해피트리아파트 앞','정기','F','70대~',1,67.95,0.61,2640,8
'2017-03','712',' 강월초교입구 사거리','정기','F','70대~',1,99.68,1.01,4340,29
'2017-03','130',' 신촌역(2호선) 7번출구 앞','정기','F','70대~',9,334.9,3.38,14560,96
'2017-03','713',' 양서중학교 옆','정기','F','70대~',1,119.39,0.93,4020,75
'2017-03','800',' 목월공원 앞','정기','F','70대~',8,780.42,7.07,30410,211
'2017-03','802',' 한강진역 2번 출구 앞','정기','F','70대~',4,341.46,2.93,12640,75
'2017-03','806',' 전자랜드 본관 앞','정기','F','70대~',3,242.61,1.98,8510,71
'2017-03','807',' 서울역 12번 출구 앞','정기','F','70대~',1,26.14,0.26,1100,6
'2017-03','808',' 서빙고동 금호맨션 앞','정기','F','70대~',3,287.7,2.6,11230,87
'2017-03','131',' 증산2교','정기','F','70대~',4,439.32,3.98,17160,103
'2017-03','809',' 한남 유수지 복개주차장','정기','F','70대~',1,45.14,0.53,2280,31
'2017-03','810',' 이태원지하보도','정기','F','70대~',2,182.76,1.86,8010,45
'2017-03','811',' 녹사평역1번출구','정기','F','70대~',1,10.93,0.11,460,2
'2017-03','812',' 용산전쟁기념관','정기','F','70대~',1,20.59,0.19,800,6
'2017-03','813',' 삼각지역 3번출구','정기','F','70대~',2,22.92,0.21,870,4
'2017-03','815',' LIG강촌아파트 103동앞','정기','F','70대~',8,847.61,7.72,33290,188
'2017-03','385',' 종각역 5번출구','정기','F','70대~',13,888.06,9.04,38990,255
'2017-03','386',' 올림픽기념 국민생활관 앞','정기','F','70대~',11,500.36,4.91,21230,111
'2017-03','387',' 훈련원공원주차장 앞','정기','F','70대~',3,321.85,2.85,12270,99
'2017-03','181',' 망원초록길 입구','정기','F','70대~',2,269.37,2.71,11680,70
'2017-03','132',' 창천문화공원','정기','F','70대~',5,506.71,5.18,22330,219
'2017-03','182',' 망원2빗물펌프장 앞','정기','F','70대~',5,224.66,2.36,10180,51
'2017-03','183',' 하늘채코오롱아파트 건너편','정기','F','70대~',6,211.29,2.12,9190,178
'2017-03','184',' SK망원동주유소 건너편','정기','F','70대~',8,481.67,4.58,19700,110
'2017-03','185',' 마포 신수공원 앞','정기','F','70대~',4,511.06,5.6,24130,134
'2017-03','186',' 월드컵공원','정기','F','70대~',6,341.08,3.16,13650,93
'2017-03','177',' 북가좌 초등학교','정기','F','70대~',3,112.08,1.15,4980,60
'2017-03','188',' 홍은동 정원여중 입구','정기','F','70대~',3,246.04,2.03,8760,50
'2017-03','191',' 정명학원','정기','F','70대~',1,24.97,0.23,970,4
'2017-03','192',' 연서어린이공원','정기','F','70대~',2,97.51,1,4320,22
'2017-03','178',' 증산3교 앞','정기','F','70대~',3,194.28,2.1,9050,47
'2017-03','133',' 해담는다리','정기','F','70대~',6,464.69,4.86,20930,115
'2017-03','194',' 증산교 앞','정기','F','70대~',14,1013.31,9.46,40740,227
'2017-03','195',' 모래내고가차도 ','정기','F','70대~',5,135.86,1.2,5150,25
'2017-03','196',' 연희교차로 인근','정기','F','70대~',1,28.53,0.3,1310,42
'2017-03','198',' 충정2교','정기','F','70대~',1,110.77,1.03,4440,21
'2017-03','557',' 도선동 주민센터 앞','정기','F','70대~',6,177.33,1.82,7880,54
'2017-03','558',' 성동광진 교육지원청 앞','정기','F','70대~',3,83.63,0.8,3480,35
'2017-03','559',' 왕십리역 4번 출구 건너편','정기','F','70대~',5,318.81,3.31,14240,99
'2017-03','560',' 비전교회 앞','정기','F','70대~',6,393.5,3.91,16840,107
'2017-03','561',' 서울숲역 2번출구 앞','정기','F','70대~',2,31.67,0.34,1500,10
'2017-03','562',' 군자지하보도 앞','정기','F','70대~',20,902.97,8.34,35980,181
'2017-03','563',' 성동세무서 건너편','정기','F','70대~',6,212.49,2.01,8670,51
'2017-03','564',' 금호역 3번출구','정기','F','70대~',1,24.39,0.26,1120,8
'2017-03','565',' 옥수역 3번출구','정기','F','70대~',5,578.47,6.23,26900,164
'2017-03','567',' 성수역 2번출구 앞','정기','F','70대~',7,567.77,4.7,20230,156
'2017-03','568',' 청계8가사거리 부근','정기','F','70대~',6,294.97,2.99,12820,109
'2017-03','135',' 명물길 원형무대 앞','정기','F','70대~',1,34.45,0.4,1740,16
'2017-03','569',' 응봉현대아파트 정류소','정기','F','70대~',2,100.2,0.87,3760,16
'2017-03','578',' 성동세무서 부근','정기','F','70대~',14,964.65,9.29,40050,261
'2017-03','579',' 마장역 4번출구','정기','F','70대~',10,675.08,6.43,27690,191
'2017-03','580',' 신금호역 3번출구 뒤','정기','F','70대~',2,34.08,0.36,1520,10
'2017-03','581',' 용답초등학교','정기','F','70대~',1,67.67,0.62,2670,21
'2017-03','582',' 경일중학교 앞','정기','F','70대~',5,398.99,3.1,13370,85
'2017-03','583',' 청계천 생태교실 앞','정기','F','70대~',8,1253.55,12,51710,239
'2017-03','551',' 구의삼성쉐르빌 앞','정기','F','70대~',7,379.59,3.48,15020,152
'2017-03','552',' 대림아크로리버 앞','정기','F','70대~',2,159.96,1.19,5120,29
'2017-03','553',' 중곡 성원APT 앞','정기','F','70대~',16,1087.79,10.11,43610,212
'2017-03','136',' 대흥동 주민센터','정기','F','70대~',4,189.38,1.85,7970,45
'2017-03','554',' 아차산역 사거리','정기','F','70대~',3,228.32,2.21,9550,55
'2017-03','555',' 구의3동주민센터','정기','F','70대~',5,114.93,0.92,3920,28
'2017-03','571',' 어린이대공원역6번출구','정기','F','70대~',7,288.82,2.4,10350,106
'2017-03','572',' 국립정신 건강센터 앞','정기','F','70대~',2,208.42,1.84,7900,66
'2017-03','573',' 구의문주차장 앞','정기','F','70대~',4,142.77,1.2,5190,25
'2017-03','574',' 아차산역4번출구','정기','F','70대~',4,253.34,2.54,10920,94
'2017-03','576',' 광나루역 3번 출구','정기','F','70대~',3,168.62,1.5,6460,38
'2017-03','577',' 광진청소년수련관','정기','F','70대~',2,67,0.65,2820,23
'2017-03','137',' NH농협 신촌지점 앞','정기','F','70대~',2,49.04,0.49,2140,14
'2017-03','622',' 전농사거리 교통섬','정기','F','70대~',5,308.3,3.41,14750,88
'2017-03','623',' 서울시립대 정문 앞','정기','F','70대~',5,241.46,2.49,10740,51
'2017-03','624',' 전농동 동아아파트 앞','정기','F','70대~',2,71.66,0.71,3090,16
'2017-03','625',' 답십리초등학교 앞(현대시장 옆)','정기','F','70대~',3,211.52,1.97,8490,41
'2017-03','626',' 군자교 서측 녹지대','정기','F','70대~',1,49.68,0.45,1930,9
'2017-03','627',' 장안동삼거리 교통섬','정기','F','70대~',3,297.91,2.89,12500,87
'2017-03','630',' 동대문구 보건소','정기','F','70대~',12,616.41,6.36,27480,158
'2017-03','631',' 답십리역 1번출구','정기','F','70대~',3,237.64,2.23,9630,62
'2017-03','102',' 망원역 1번출구 앞','정기','F','70대~',15,1222.92,12.36,53400,329
'2017-03','633',' 청량리 기업은행 앞','정기','F','70대~',8,768.41,7.56,32620,238
'2017-03','634',' 외국어대 정문 앞','정기','F','70대~',10,850.92,8.53,36690,280
'2017-03','635',' 시조사 앞 (청량고정문 옆)','정기','F','70대~',2,40.51,0.43,1860,62
'2017-03','636',' 세종대왕기념관 교차로','정기','F','70대~',4,153.5,1.49,6420,38
'2017-03','637',' KAIST 경영대학 앞','정기','F','70대~',2,69.77,0.73,3160,18
'2017-03','638',' 서울시립대 정보기술관','정기','F','70대~',2,101.58,1.03,4410,23
'2017-03','639',' 서울시립대 후문','정기','F','70대~',2,164.4,1.46,6290,48
'2017-03','640',' KEB하나은행 청량리역지점','정기','F','70대~',4,64.75,0.76,3270,229
'2017-03','641',' 용두역 4번출구','정기','F','70대~',8,727.78,7.21,31030,214
'2017-03','642',' 신답역 사거리','정기','F','70대~',1,254.85,2.45,10550,54
'2017-03','140',' 이화여대 후문','정기','F','70대~',5,99.82,1.08,4690,47
'2017-03','643',' 동대문구민체육센터 (육교아래)','정기','F','70대~',5,265.44,2.89,12480,60
'2017-03','230',' 영등포구청역 1번출구','정기','F','70대~',9,273.38,3.04,13140,73
'2017-03','260',' 여의도 마리나선착장 앞','정기','F','70대~',1,141.37,1.38,5950,45
'2017-03','262',' 영문초등학교 사거리','정기','F','70대~',3,165.22,1.42,6130,57
'2017-03','263',' 근로자회관 사거리','정기','F','70대~',5,375.29,4.22,18190,118
'2017-03','264',' 교보생명보험 앞','정기','F','70대~',6,180.18,1.94,8360,88
'2017-03','265',' 영등포유통상가 사거리','정기','F','70대~',3,111.26,1.14,4910,27
'2017-03','141',' 연대 대운동장 옆','정기','F','70대~',3,174.74,1.96,8420,60
'2017-03','266',' 영등포청과시장 사거리','정기','F','70대~',3,133.22,1.34,5780,26
'2017-03','267',' 삼성화재 사옥 옆','정기','F','70대~',6,627.28,6.8,29270,223
'2017-03','268',' 그랜드컨벤션센터 앞','정기','F','70대~',3,87,0.95,4130,26
'2017-03','270',' 증권거래소후문교차로','정기','F','70대~',2,121.46,1.16,5030,31
'2017-03','271',' 샛강생태공원방문자센터 앞','정기','F','70대~',2,143.74,1.79,7710,51
'2017-03','272',' 당산육갑문','정기','F','70대~',2,175.19,1.57,6740,33
'2017-03','716','신정6동 주민센터 인근','정기','F','70대~',2,111.34,1.24,5370,194
'2017-03','139',' 연세대 정문 건너편','정기','F','70대~',1,83.6,0.84,3640,27
'2017-03','719',' 홍익병원앞 교차로','정기','F','70대~',3,310.7,2.6,11180,70
'2017-03','720',' 서울강월초등학교 앞','정기','F','70대~',3,188.13,2.12,9120,64
'2017-03','816',' 신용산역 6번출구 앞','정기','F','70대~',6,624.93,5.75,24770,180
'2017-03','818',' 숙명여대 입구 교차로','정기','F','70대~',8,300.74,2.79,12040,91
'2017-03','819',' 선린인터넷 고등학교','정기','F','70대~',5,410.98,3.77,16250,106
'2017-03','820',' 청파동입구 교차로','정기','F','70대~',10,144.82,1.55,6670,43
'2017-03','822',' 이촌1동 마을공원','정기','F','70대~',4,268.45,2.22,9560,72
'2017-03','823',' 효창동주민센터 앞','정기','F','70대~',1,102.64,0.67,2880,17
'2017-03','825',' 서빙고동 주민센터 앞','정기','F','70대~',10,2137.12,20.21,87110,395
'2017-03','199',' 서울 월드컵 경기장','정기','F','70대~',6,380.83,3.21,13780,86
'2017-03','388',' 동성중학교 앞','정기','F','70대~',9,569.02,5.79,24950,195
'2017-03','584',' 광진광장 교통섬','정기','F','70대~',6,427.83,4.04,17450,109
'2017-03','585',' 성수2가1동 공영주차장 인근','정기','F','70대~',4,147.66,1.59,6860,37
'2017-03','586',' 마장동 주민센터','정기','F','70대~',2,91.21,1.06,4570,23
'2017-03','900',' 은평예술회관','정기','F','70대~',15,1675.57,12.09,52150,252
'2017-03','901',' 응암1동사무소','정기','F','70대~',3,111.24,1.22,5270,85
'2017-03','902',' 진관동 은빛초등학교','정기','F','70대~',3,59.18,0.61,2650,12
'2017-03','903',' 은평뉴타운 아이파크','정기','F','70대~',1,39.28,0.36,1550,7
'2017-03','904',' 은평뉴타운 푸르지오','정기','F','70대~',3,400.48,3.83,16510,108
'2017-03','905',' 구파발역 2번출구','정기','F','70대~',2,52.61,0.57,2460,12
'2017-03','906',' 연신내역 5번출구150M 아래','정기','F','70대~',6,245.97,2.57,11130,92
'2017-03','907',' CJ 드림시티','정기','F','70대~',15,1132.76,10.17,43840,250
'2017-03','908',' 구산역 4번출구','정기','F','70대~',1,36.81,0.39,1690,7
'2017-03','909',' 백련산 힐스테이트 3차','정기','F','70대~',2,110.68,1,4300,17
'2017-03','911',' 은평평화공원(역촌역4번출구)','정기','F','70대~',4,109.83,1.07,4620,68
'2017-03','201',' 진미파라곤 앞','정기','F','70대~',3,122.7,1.37,5920,33
'2017-03','912',' 응암오거리','정기','F','70대~',4,347.55,3.19,13770,64
'2017-03','913',' 이마트 은평점','정기','F','70대~',10,617.29,5.67,24480,190
'2017-03','914',' 새절역 2번출구','정기','F','70대~',7,764.98,6.87,29620,153
'2017-03','915',' 증산역 4번출구','정기','F','70대~',6,430.47,4.68,20190,122
'2017-03','916',' 평생학습관 앞','정기','F','70대~',3,70.83,0.66,2870,17
'2017-03','917',' 녹번역 4번출구','정기','F','70대~',3,136.99,1.44,6190,29
'2017-03','919',' 서울혁신파크','정기','F','70대~',2,152.9,1.31,5670,69
'2017-03','921',' 신도고등학교','정기','F','70대~',2,207.96,2.03,8760,63
'2017-03','202',' 국민일보 앞','정기','F','70대~',4,336.46,3.22,13890,81
'2017-03','923',' 국민은행 연서지점','정기','F','70대~',2,137.94,1.42,6150,30
'2017-03','925',' 불광역 2번출구','정기','F','70대~',1,137.45,1.24,5340,37
'2017-03','926',' 불광역 8번출구','정기','F','70대~',1,297.21,3,12940,64
'2017-03','931',' 역촌파출소','정기','F','70대~',2,110.44,1.32,5670,35
'2017-03','932',' 예일여중','정기','F','70대~',2,182.52,1.68,7220,60
'2017-03','933',' LG서비스 역촌점','정기','F','70대~',3,86.99,0.92,3940,26
'2017-03','587',' KEB하나은행 성수중앙지점','정기','F','70대~',5,226.74,2.36,10170,114
'2017-03','588',' 뚝섬 유원지역','정기','F','70대~',1,148.39,1.64,7070,35
'2017-03','103',' 망원역 2번출구 앞','정기','F','70대~',4,317.64,3.33,14370,87
'2017-03','204',' 국회의사당역 5번출구 옆','정기','F','70대~',2,147.57,1.4,6060,43
'2017-03','203',' 국회의사당역 3번출구 옆','정기','F','70대~',8,926.08,8.65,37270,175
'2017-03','205',' 산업은행 앞','정기','F','70대~',3,211.96,2.21,9560,99
'2017-03','206',' KBS 앞','정기','F','70대~',6,577.72,5.29,22780,100
'2017-03','210',' IFC몰','정기','F','70대~',3,223,2.53,10950,72
'2017-03','211',' 여의도역 4번출구 옆','정기','F','70대~',10,998.05,9.58,41210,216
'2017-03','212',' 여의도역 1번출구 옆','정기','F','70대~',6,647.42,7.67,33100,217
'2017-03','213',' KT앞','정기','F','70대~',15,1592,19.69,84910,509
'2017-03','104',' 합정역 1번출구 앞','정기','F','70대~',7,562.54,5.77,24890,149
'2017-03','214',' 금융감독원 앞','정기','F','70대~',5,338.53,3.92,16930,138
'2017-03','218',' 증권거래소 앞','정기','F','70대~',3,79.99,0.79,3390,39
'2017-03','219',' 롯데캐슬엠파이어 옆','정기','F','70대~',5,208.9,2,8580,69
'2017-03','220',' 미성아파트 A동 앞','정기','F','70대~',6,302.34,3.52,15170,94
'2017-03','215',' 여의도고교 앞','정기','F','70대~',1,99.32,1.06,4560,41
'2017-03','216',' 삼부아파트1동 앞','정기','F','70대~',7,303.9,2.98,12850,151
'2017-03','217',' NH농협은행 앞','정기','F','70대~',2,43.88,0.48,2070,12
'2017-03','221',' 여의도초교 앞','정기','F','70대~',4,164.14,1.92,8230,106
'2017-03','222',' 시범아파트버스정류장 옆','정기','F','70대~',9,483.76,4.75,20480,115
'2017-03','223',' 진주아파트상가 앞','정기','F','70대~',3,45.51,0.52,2250,17
'2017-03','105',' 합정역 5번출구 앞','정기','F','70대~',4,69.31,0.72,3140,22
'2017-03','224',' 롯데캐슬 앞','정기','F','70대~',7,307.98,2.69,11610,63
'2017-03','225',' 앙카라공원 앞','정기','F','70대~',10,722.19,7.06,30470,177
'2017-03','226',' 샛강역 1번출구 앞','정기','F','70대~',3,70.98,0.72,3110,20
'2017-03','207',' 여의나루역 1번출구 앞','정기','F','70대~',7,1255.19,11.62,50140,314
'2017-03','401',' 상암월드컵파크 10단지 앞','정기','F','70대~',7,263.11,2.54,10990,63
'2017-03','402',' 상암월드컵파크 9단지 앞','정기','F','70대~',5,244.79,2.37,10220,61
'2017-03','403',' 부엉이공원 앞','정기','F','70대~',7,416.86,3.86,16660,78
'2017-03','106',' 합정역 7번출구 앞','정기','F','70대~',10,835.29,6.01,25930,167
'2017-03','405',' DMC빌 앞','정기','F','70대~',3,154.73,1.72,7430,38
'2017-03','406',' 상암월드컵파크 7단지 앞','정기','F','70대~',1,23.68,0.21,920,6
'2017-03','421',' 마포구청 앞','정기','F','70대~',22,1603.28,14.87,64150,459
'2017-03','407',' 마포구 육아종합지원센터','정기','F','70대~',5,167.07,1.41,6120,42
'2017-03','408',' LG CNS앞','정기','F','70대~',4,193.83,1.71,7390,53
'2017-03','420',' 서울시 공공자전거 상암센터','정기','F','70대~',6,472.17,4.07,17550,165
'2017-03','409',' 누리꿈스퀘어 옆','정기','F','70대~',12,850.78,7.62,32820,274
'2017-03','419',' 홈플러스 앞','정기','F','70대~',12,1233.05,11.62,50080,329
'2017-03','410',' 상암중학교 옆','정기','F','70대~',1,76.71,0.69,2980,19
'2017-03','418',' 월드컵경기장역 3번출구 옆','정기','F','70대~',4,699.66,7.12,30680,150
'2017-03','107',' 신한은행 서교동금융센터점 앞','정기','F','70대~',35,1355.35,12.17,52530,369
'2017-03','411',' DMC홍보관','정기','F','70대~',6,592.31,6.21,26750,134
'2017-03','412',' DMC산학협력연구센터 앞','정기','F','70대~',8,729.93,6.92,29810,192
'2017-03','413',' 상암월드컵파크 3단지 후문','정기','F','70대~',5,208.98,1.99,8540,40
'2017-03','417',' DMC역 2번출구 옆','정기','F','70대~',3,150.17,1.47,6350,44
'2017-03','414',' 상암동주민센터 옆','정기','F','70대~',4,178.72,1.65,7110,49
'2017-03','415',' DMC역 9번출구 앞','정기','F','70대~',8,390.55,4.08,17620,100
'2017-03','416',' 상암월드컵파크 1단지 교차로','정기','F','70대~',16,1479.08,12.09,52090,270
'2017-03','500',' 어린이대공원역 3번출구 앞','정기','F','70대~',5,255.35,2.17,9410,55
'2017-03','501',' 광진구의회 앞','정기','F','70대~',18,986.19,9.8,42210,298
'2017-03','502',' 뚝섬유원지역 1번출구 앞','정기','F','70대~',9,861.34,8.33,35880,208
'2017-03','108',' 서교동 사거리','정기','M','~10대',12,928.1,6.94,29890,380
'2017-03','503',' 더샵스타시티 C동 앞','정기','M','~10대',2,78.72,0.66,2840,32
'2017-03','504',' 신자초교입구교차로','정기','M','~10대',4,277.76,2.32,10020,142
'2017-03','505',' 자양사거리 광진아크로텔 앞','정기','M','~10대',2,209.03,1.44,6210,34
'2017-03','506',' 금호 어울림 아파트 앞','정기','M','~10대',10,391.35,2.94,12670,142
'2017-03','508',' 성수아카데미타워 앞','정기','M','~10대',5,170.29,1.43,6210,39
'2017-03','511',' 서울숲역 4번 출구 옆','정기','M','~10대',1,52.89,0.49,2120,11
'2017-03','512',' 뚝섬역 1번 출구 옆','정기','M','~10대',2,259.66,1.57,6760,29
'2017-03','400',' 상암한화오벨리스크 1차 앞','정기','M','~10대',24,2565.81,20.05,86390,322
'2017-03','514',' 성수사거리 버스정류장 앞','정기','M','~10대',9,341.91,2.67,11480,87
'2017-03','515',' 광양중학교 앞','정기','M','~10대',1,46.85,0.39,1690,25
'2017-03','302',' 경복궁역 4번출구 뒤','정기','M','~10대',1,39.28,0.29,1240,11
'2017-03','304',' 광화문역 2번출구 앞','정기','M','~10대',2,63.5,0.55,2360,14
'2017-03','305',' 종로구청 옆','정기','M','~10대',4,295.82,1.79,7710,50
'2017-03','306',' 광화문역 7번출구 앞','정기','M','~10대',7,1144.04,6.85,29490,199
'2017-03','308',' 광화문 S타워 앞','정기','M','~10대',2,94.18,0.81,3500,21
'2017-03','310',' 청계광장 옆','정기','M','~10대',3,100.39,0.91,3900,22
'2017-03','311',' 서울광장 옆','정기','M','~10대',3,115.83,1.04,4500,26
'2017-03','312',' 시청역 1번출구 뒤','정기','M','~10대',1,75.44,0.59,2540,12
'2017-03','314',' 국립현대미술관','정기','M','~10대',21,643.12,5.46,23520,171
'2017-03','315',' 신한은행 안국역지점 옆','정기','M','~10대',5,79.27,0.66,2820,18
'2017-03','316',' 종각역 1번출구 앞','정기','M','~10대',3,429.93,3.09,13330,108
'2017-03','321',' KEB 하나은행 본점 앞','정기','M','~10대',2,75.3,0.76,3280,26
'2017-03','322',' 명동성당 앞','정기','M','~10대',2,93.7,0.85,3640,27
'2017-03','116',' 일진아이윌아파트 옆','정기','M','~10대',4,368.13,3.09,13280,63
'2017-03','326',' 안국역 5번출구 앞','정기','M','~10대',5,432.9,4.12,17730,112
'2017-03','328',' 탑골공원 앞','정기','M','~10대',2,138.55,1.42,6120,36
'2017-03','329',' 청계2가 사거리 옆','정기','M','~10대',15,2288.84,19.18,82570,364
'2017-03','111',' 상수역 2번출구 앞','정기','M','~10대',36,6865.17,51.17,220530,1445
'2017-03','334',' 종로3가역 2번출구 뒤','정기','M','~10대',3,270.57,1.78,7640,50
'2017-03','335',' 종로3가역 15번출구 앞','정기','M','~10대',1,148.3,1.24,5350,34
'2017-03','336',' 티마크 호텔 앞','정기','M','~10대',1,173.75,1.36,5850,45
'2017-03','337',' 창경궁 입구','정기','M','~10대',1,177.38,1.65,7110,36
'2017-03','338',' 세운스퀘어 앞','정기','M','~10대',3,66.56,0.68,2950,70
'2017-03','339',' 종로4가 사거리','정기','M','~10대',1,22.22,0.26,1100,10
'2017-03','340',' 혜화동 로터리','정기','M','~10대',4,227.67,1.95,8410,41
'2017-03','341',' 혜화역 3번출구 뒤','정기','M','~10대',6,238.84,2.32,9990,97
'2017-03','342',' 대학로 마로니에공원','정기','M','~10대',3,234.99,2.01,8650,81
'2017-03','343',' 예일빌딩(율곡로) 앞','정기','M','~10대',7,278.05,2.12,9170,71
'2017-03','112',' 극동방송국 앞','정기','M','~10대',7,184.03,1.66,7150,76
'2017-03','344',' 성균관대 E하우스 앞','정기','M','~10대',16,644.97,4.4,19000,118
'2017-03','346',' 맥스타일 앞','정기','M','~10대',8,408.4,3.29,14220,96
'2017-03','347',' 동대문역사문화공원역 9번출구 앞','정기','M','~10대',5,270.46,2.56,11000,106
'2017-03','350','KEB 하나은행(내자동 지점) 앞','정기','M','~10대',6,6669.99,53.54,230780,113
'2017-03','351',' 청운초교 앞 삼거리','정기','M','~10대',1,153.33,1.12,4840,53
'2017-03','352',' 중앙고입구 삼거리','정기','M','~10대',18,792.91,7.38,31910,178
'2017-03','353',' 재동초교 앞 삼거리','정기','M','~10대',1,46.09,0.45,1940,5
'2017-03','354',' 포르투갈 대사관 앞','정기','M','~10대',1,45.71,0.36,1560,6
'2017-03','355',' 서울사대부속초교 앞','정기','M','~10대',5,458.65,4.08,17600,114
'2017-03','356',' KT혜화지사 앞','정기','M','~10대',10,486.15,4.33,18680,131
'2017-03','358',' 성대입구 사거리','정기','M','~10대',9,356.29,3.44,14820,95
'2017-03','359',' 원남동사거리','정기','M','~10대',7,554.27,5.1,22020,171
'2017-03','361',' 동묘앞역 1번출구 뒤','정기','M','~10대',7,737.36,4.74,20440,137
'2017-03','362',' 청계8가 사거리','정기','M','~10대',10,735.84,7.18,30970,159
'2017-03','363',' 신설동역 11번출구 뒤','정기','M','~10대',2,347.72,2.08,8960,42
'2017-03','364',' 창신역 1번출구 앞','정기','M','~10대',1,18.71,0.17,750,6
'2017-03','113',' 홍대입구역 2번출구 앞','정기','M','~10대',4,410.56,3.51,15120,97
'2017-03','369',' 광화문 시민열린마당','정기','M','~10대',3,60.45,0.49,2150,11
'2017-03','348',' 독립문역 사거리','정기','M','~10대',17,1244.11,10.24,44250,273
'2017-03','118',' 광흥창역 2번출구 앞','정기','M','~10대',13,908.89,6.97,29970,283
'2017-03','378',' 청계7가 사거리','정기','M','~10대',2,79.97,1.02,4390,37
'2017-03','114',' 홍대입구역 8번출구 앞','정기','M','~10대',6,350.94,2.88,12420,165
'2017-03','142',' 아현역 4번출구 앞','정기','M','~10대',1,45.82,0.41,1780,8
'2017-03','143',' 공덕역 2번출구','정기','M','~10대',7,991.33,7.81,33690,186
'2017-03','144',' 공덕역 8번출구','정기','M','~10대',5,248.6,2.45,10530,142
'2017-03','145',' 공덕역 5번출구','정기','M','~10대',20,3691.67,28.88,124530,739
'2017-03','146',' 마포역 1번출구 뒤','정기','M','~10대',1,72.35,0.67,2900,21
'2017-03','147',' 마포역 4번출구 뒤','정기','M','~10대',1,25.84,0.2,870,7
'2017-03','148',' 용강동 주민센터 앞','정기','M','~10대',9,278.31,2.35,10040,52
'2017-03','150',' 서강대역 2번출구 앞','정기','M','~10대',2,196.26,1.79,7720,46
'2017-03','152',' 마포구민체육센터 앞','정기','M','~10대',6,560.4,4.27,18420,214
'2017-03','119',' 서강나루 공원','정기','M','~10대',1,0,0,0,50
'2017-03','157',' 애오개역 4번출구 앞','정기','M','~10대',1,29.34,0.26,1140,5
'2017-03','159',' 이대역 4번 출구','정기','M','~10대',4,276.48,2.24,9640,51
'2017-03','162',' 봉원고가차도 밑','정기','M','~10대',1,108.77,1.01,4360,53
'2017-03','120',' 신수동 사거리','정기','M','~10대',12,370.39,3.19,13630,72
'2017-03','163',' 명지전문대학교 정문 앞','정기','M','~10대',20,1469.4,9.32,40190,311
'2017-03','164',' 북가좌1동 주민센터 ','정기','M','~10대',1,23.43,0.24,1020,5
'2017-03','165',' 중앙근린공원','정기','M','~10대',1,25.41,0.22,930,3
'2017-03','166',' 가재울 초등학교','정기','M','~10대',1,44.33,0.45,1930,7
'2017-03','167',' 연가초등학교 옆','정기','M','~10대',4,81.99,0.83,3570,14
'2017-03','168',' 남가좌동 사거리','정기','M','~10대',1,30.32,0.31,1320,6
'2017-03','121',' 마포소방서 앞','정기','M','~10대',11,803.65,6.86,29610,238
'2017-03','175',' 홍연2교옆','정기','M','~10대',1,67.85,0.35,1490,8
'2017-03','179',' 가좌역 4번출구 앞','정기','M','~10대',6,752.98,6.89,29710,188
'2017-03','180',' 충정로역 7번출구 뒤','정기','M','~10대',1,143,0.73,3140,27
'2017-03','518',' 청계천 박물관 앞','정기','M','~10대',2,79.44,0.73,3130,68
'2017-03','519',' 양지사거리','정기','M','~10대',13,345.96,2.54,11010,61
'2017-03','521',' 왕십리역 11번 출구 앞','정기','M','~10대',8,365.99,3.63,15710,76
'2017-03','122',' 신성기사식당 앞','정기','M','~10대',1,27.28,0.25,1060,30
'2017-03','524',' 래미안금호하이리버 아파트 102동 옆','정기','M','~10대',1,330.83,3.29,14160,52
'2017-03','525',' 한양대병원사거리','정기','M','~10대',7,721,4.37,18770,104
'2017-03','526',' 용답토속공원 앞','정기','M','~10대',1,51.68,0.61,2610,24
'2017-03','530',' 청계벽산아파트 앞','정기','M','~10대',1,255.34,2.3,9920,125
'2017-03','534',' 금호사거리','정기','M','~10대',5,193.69,1.8,7780,52
'2017-03','536',' 행당역 2번출구 앞','정기','M','~10대',16,1911.03,18.15,78340,479
'2017-03','537',' 한양대후문역 부근','정기','M','~10대',1,178.13,1.66,7140,30
'2017-03','123',' 문화촌 공원','정기','M','~10대',1,176.06,1.59,6840,32
'2017-03','538',' 답십리역 8번출구 앞','정기','M','~10대',1,127.91,0.77,3330,22
'2017-03','550',' 서울시설공단 앞','정기','M','~10대',14,615.55,4.49,19430,96
'2017-03','540',' 군자역 7번출구 베스트샵 앞','정기','M','~10대',1,27.33,0.28,1190,4
'2017-03','548',' 자양나들목','정기','M','~10대',15,362.84,3.03,13090,71
'2017-03','124',' 서강대 정문 건너편','정기','M','~10대',1,99.68,1.01,4340,21
'2017-03','600',' 휘경2동 주민센터','정기','M','~10대',1,35.02,0.31,1320,7
'2017-03','602',' 장안동 사거리','정기','M','~10대',1,110.48,1.29,5580,20
'2017-03','125',' 서강대 남문 옆','정기','M','~10대',9,401.87,3.33,14430,76
'2017-03','610',' 동대문중 교차로','정기','M','~10대',3,73.74,0.62,2660,14
'2017-03','613',' 신설동역 10번출구 앞','정기','M','~10대',1,28.55,0.24,1030,7
'2017-03','614',' 용두동 사거리','정기','M','~10대',10,939.88,7.84,33770,284
'2017-03','616',' 서울시립대 앞','정기','M','~10대',5,100.66,0.89,3820,17
'2017-03','617',' 청솔우성아파트 앞','정기','M','~10대',8,399.98,4.26,18390,79
'2017-03','126',' 서강대 후문 옆','정기','M','~10대',27,1144.19,10.25,44310,402
'2017-03','240',' 문래역 4번출구 앞','정기','M','~10대',2,134.93,0.92,3970,37
'2017-03','127',' 현대벤처빌 앞','정기','M','~10대',3,223.84,1.81,7820,40
'2017-03','247',' 당산역 10번출구 앞','정기','M','~10대',2,174.67,1.22,5250,47
'2017-03','248',' 초원아파트 앞','정기','M','~10대',1,78.59,0.73,3150,23
'2017-03','128',' 신촌역(2호선) 1번출구 옆','정기','M','~10대',19,460.26,4.09,17510,99
'2017-03','258',' 신길역3번출구','정기','M','~10대',4,308.55,3.17,13670,71
'2017-03','259',' 대방역6번출구','정기','M','~10대',33,2221.55,15.18,65560,348
'2017-03','129',' 신촌역(2호선) 6번출구 옆','정기','M','~10대',6,328.75,2.99,12870,84
'2017-03','130',' 신촌역(2호선) 7번출구 앞','정기','M','~10대',1,51.64,0.48,2070,24
'2017-03','800',' 목월공원 앞','정기','M','~10대',13,1956.69,12.85,55380,631
'2017-03','806',' 전자랜드 본관 앞','정기','M','~10대',2,279.31,2.54,10950,84
'2017-03','808',' 서빙고동 금호맨션 앞','정기','M','~10대',1,256.09,2.21,9510,50
'2017-03','811',' 녹사평역1번출구','정기','M','~10대',1,90.37,0.76,3260,31
'2017-03','385',' 종각역 5번출구','정기','M','~10대',1,142.08,0.72,3120,19
'2017-03','132',' 창천문화공원','정기','M','~10대',3,22.21,0.2,890,9
'2017-03','182',' 망원2빗물펌프장 앞','정기','M','~10대',25,3072.61,22.8,98330,611
'2017-03','183',' 하늘채코오롱아파트 건너편','정기','M','~10대',1,53.75,0.4,1740,9
'2017-03','184',' SK망원동주유소 건너편','정기','M','~10대',11,793.3,5.95,25660,275
'2017-03','185',' 마포 신수공원 앞','정기','M','~10대',32,1226.11,10.96,47340,282
'2017-03','186',' 월드컵공원','정기','M','~10대',6,837.96,5.85,25200,239
'2017-03','188',' 홍은동 정원여중 입구','정기','M','~10대',1,100.19,0.51,2200,7
'2017-03','191',' 정명학원','정기','M','~10대',4,579.43,5.26,22700,140
'2017-03','198',' 충정2교','정기','M','~10대',1,34.37,0.29,1240,15
'2017-03','558',' 성동광진 교육지원청 앞','정기','M','~10대',7,518.2,4.74,20410,72
'2017-03','134',' 연세로 명물길','정기','M','~10대',7,628.38,4.95,21320,198
'2017-03','559',' 왕십리역 4번 출구 건너편','정기','M','~10대',3,157.57,1.11,4750,35
'2017-03','560',' 비전교회 앞','정기','M','~10대',3,466.93,3.98,17160,75
'2017-03','561',' 서울숲역 2번출구 앞','정기','M','~10대',4,333.4,2.75,11840,73
'2017-03','565',' 옥수역 3번출구','정기','M','~10대',2,126.17,1.25,5400,45
'2017-03','568',' 청계8가사거리 부근','정기','M','~10대',1,52.03,0.51,2190,11
'2017-03','578',' 성동세무서 부근','정기','M','~10대',1,29.62,0.2,880,4
'2017-03','581',' 용답초등학교','정기','M','~10대',1,159.79,0.97,4160,30
'2017-03','582',' 경일중학교 앞','정기','M','~10대',1,37.67,0.38,1640,6
'2017-03','583',' 청계천 생태교실 앞','정기','M','~10대',6,521.46,4.56,19650,143
'2017-03','571',' 어린이대공원역6번출구','정기','M','~10대',4,214.09,1.95,8420,84
'2017-03','575',' 중앙농협 중곡지점','정기','M','~10대',1,105.02,0.95,4080,67
'2017-03','621',' 동대문중학교 옆','정기','M','~10대',6,320.53,3.13,13490,150
'2017-03','137',' NH농협 신촌지점 앞','정기','M','~10대',1,112.82,0.94,4070,28
'2017-03','622',' 전농사거리 교통섬','정기','M','~10대',3,39.66,0.31,1340,9
'2017-03','623',' 서울시립대 정문 앞','정기','M','~10대',30,1674.59,15.78,67960,403
'2017-03','624',' 전농동 동아아파트 앞','정기','M','~10대',2,95.68,0.95,4080,22
'2017-03','625',' 답십리초등학교 앞(현대시장 옆)','정기','M','~10대',4,170.43,1.69,7290,43
'2017-03','630',' 동대문구 보건소','정기','M','~10대',24,3290.36,27.67,119250,573
'2017-03','631',' 답십리역 1번출구','정기','M','~10대',1,122.53,0.74,3190,24
'2017-03','102',' 망원역 1번출구 앞','정기','M','~10대',5,280.57,2.33,10080,61
'2017-03','138',' 신촌동 제1공영주차장 앞','정기','M','~10대',24,633.24,5.88,25380,129
'2017-03','633',' 청량리 기업은행 앞','정기','M','~10대',2,136.52,1.24,5350,30
'2017-03','634',' 외국어대 정문 앞','정기','M','~10대',13,872.8,7.48,32340,302
'2017-03','635',' 시조사 앞 (청량고정문 옆)','정기','M','~10대',6,281.08,2.36,10140,66
'2017-03','638',' 서울시립대 정보기술관','정기','M','~10대',2,76.45,0.68,2970,19
'2017-03','639',' 서울시립대 후문','정기','M','~10대',5,126.72,0.93,4000,261
'2017-03','641',' 용두역 4번출구','정기','M','~10대',3,237.12,2.11,9070,64
'2017-03','264',' 교보생명보험 앞','정기','M','~10대',2,128.19,1.15,4980,26
'2017-03','265',' 영등포유통상가 사거리','정기','M','~10대',1,108.62,0.98,4220,48
'2017-03','268',' 그랜드컨벤션센터 앞','정기','M','~10대',1,156.02,0.91,3940,20
'2017-03','270',' 증권거래소후문교차로','정기','M','~10대',1,74.84,0.44,1890,11
'2017-03','139',' 연세대 정문 건너편','정기','M','~10대',3,106.45,0.95,4080,36
'2017-03','818',' 숙명여대 입구 교차로','정기','M','~10대',2,147.2,1.23,5310,25
'2017-03','819',' 선린인터넷 고등학교','정기','M','~10대',3,113.38,0.96,4140,116
'2017-03','820',' 청파동입구 교차로','정기','M','~10대',1,54.31,0.49,2110,13
'2017-03','822',' 이촌1동 마을공원','정기','M','~10대',1,180.79,0.92,3970,42
'2017-03','823',' 효창동주민센터 앞','정기','M','~10대',4,504.65,4.94,21300,162
'2017-03','199',' 서울 월드컵 경기장','정기','M','~10대',1,153.01,1.28,5520,29
'2017-03','388',' 동성중학교 앞','정기','M','~10대',21,1090.85,7.13,30720,128
'2017-03','584',' 광진광장 교통섬','정기','M','~10대',2,52.91,0.46,1950,9
'2017-03','901',' 응암1동사무소','정기','M','~10대',2,95.76,0.61,2600,15
'2017-03','902',' 진관동 은빛초등학교','정기','M','~10대',1,37.32,0.34,1450,9
'2017-03','904',' 은평뉴타운 푸르지오','정기','M','~10대',24,1248.88,11.27,48520,172
'2017-03','905',' 구파발역 2번출구','정기','M','~10대',10,536.68,4.83,20850,110
'2017-03','906',' 연신내역 5번출구150M 아래','정기','M','~10대',4,312.86,2.34,10040,67
'2017-03','907',' CJ 드림시티','정기','M','~10대',2,124.25,0.83,3570,27
'2017-03','908',' 구산역 4번출구','정기','M','~10대',10,1264.73,8.78,37930,267
'2017-03','909',' 백련산 힐스테이트 3차','정기','M','~10대',47,3906.84,26.73,115140,622
'2017-03','911',' 은평평화공원(역촌역4번출구)','정기','M','~10대',3,229.43,1.45,6230,37
'2017-03','912',' 응암오거리','정기','M','~10대',16,1690.57,11.57,49860,294
'2017-03','913',' 이마트 은평점','정기','M','~10대',6,396.51,2.82,12090,92
'2017-03','914',' 새절역 2번출구','정기','M','~10대',4,430.16,2.95,12770,96
'2017-03','915',' 증산역 4번출구','정기','M','~10대',1,175.29,1.58,6810,46
'2017-03','916',' 평생학습관 앞','정기','M','~10대',1,31.3,0.2,850,6
'2017-03','925',' 불광역 2번출구','정기','M','~10대',1,137.33,0.95,4080,22
'2017-03','930',' 구 서부경찰서 건너편','정기','M','~10대',3,187.47,1.22,5260,28
'2017-03','931',' 역촌파출소','정기','M','~10대',1,31.36,0.2,880,6
'2017-03','932',' 예일여중','정기','M','~10대',1,46.13,0.42,1820,17
'2017-03','933',' LG서비스 역촌점','정기','M','~10대',5,484.96,3.92,16910,95
'2017-03','588',' 뚝섬 유원지역','정기','M','~10대',1,23.84,0.2,860,3
'2017-03','103',' 망원역 2번출구 앞','정기','M','~10대',4,151.47,1.18,5100,65
'2017-03','209',' 유진투자증권빌딩 앞','정기','M','~10대',2,34.96,0.26,1130,8
'2017-03','210',' IFC몰','정기','M','~10대',1,398.02,2.03,8740,58
'2017-03','104',' 합정역 1번출구 앞','정기','M','~10대',2,106.03,0.82,3570,52
'2017-03','220',' 미성아파트 A동 앞','정기','M','~10대',3,159.89,1.36,5870,38
'2017-03','215',' 여의도고교 앞','정기','M','~10대',22,1445.63,9.2,39700,275
'2017-03','216',' 삼부아파트1동 앞','정기','M','~10대',22,657.56,4.95,21370,167
'2017-03','217',' NH농협은행 앞','정기','M','~10대',1,8.19,0.09,390,4
'2017-03','221',' 여의도초교 앞','정기','M','~10대',7,153.85,1.22,5180,16
'2017-03','223',' 진주아파트상가 앞','정기','M','~10대',20,544.72,4.73,20370,203
'2017-03','105',' 합정역 5번출구 앞','정기','M','~10대',5,308.11,2.42,10470,123
'2017-03','224',' 롯데캐슬 앞','정기','M','~10대',20,443.02,4.42,19000,194
'2017-03','225',' 앙카라공원 앞','정기','M','~10대',7,456.11,3.15,13610,25
'2017-03','226',' 샛강역 1번출구 앞','정기','M','~10대',1,30.49,0.23,1000,6
'2017-03','207',' 여의나루역 1번출구 앞','정기','M','~10대',30,3307.88,25.32,109070,571
'2017-03','403',' 부엉이공원 앞','정기','M','~10대',1,11.29,0.09,380,1
'2017-03','106',' 합정역 7번출구 앞','정기','M','~10대',7,702.5,5.29,22800,167
'2017-03','420',' 서울시 공공자전거 상암센터','정기','M','~10대',1,133.89,1.12,4830,38
'2017-03','409',' 누리꿈스퀘어 옆','정기','M','~10대',1,230.43,1.17,5060,33
'2017-03','107',' 신한은행 서교동금융센터점 앞','정기','M','~10대',1,45.46,0.38,1640,7
'2017-03','411',' DMC홍보관','정기','M','~10대',1,36.89,0.19,810,6
'2017-03','415',' DMC역 9번출구 앞','정기','M','~10대',7,637.36,4.07,17540,105
'2017-03','500',' 어린이대공원역 3번출구 앞','정기','M','~10대',1,120.46,0.9,3900,23
'2017-03','502',' 뚝섬유원지역 1번출구 앞','정기','M','~10대',14,921.37,7.55,32540,232
'2017-03','108',' 서교동 사거리','정기','M','20대',142,8051.78,70.52,304030,1990
'2017-03','503',' 더샵스타시티 C동 앞','정기','M','20대',82,6276.46,51.99,224020,1714
'2017-03','504',' 신자초교입구교차로','정기','M','20대',83,4030.45,32.71,141140,1223
'2017-03','505',' 자양사거리 광진아크로텔 앞','정기','M','20대',124,7016.03,56.48,243830,1536
'2017-03','506',' 금호 어울림 아파트 앞','정기','M','20대',47,1783.73,14.08,60660,310
'2017-03','507',' 성수아이에스비즈타워 앞','정기','M','20대',47,3074.11,24.36,104850,759
'2017-03','508',' 성수아카데미타워 앞','정기','M','20대',42,2080.27,15.83,68210,465
'2017-03','509',' 이마트 버스정류소 옆','정기','M','20대',115,8749.19,69.39,299150,2113
'2017-03','510',' 서울숲 남문 버스정류소 옆','정기','M','20대',15,2690.44,23.58,101670,580
'2017-03','511',' 서울숲역 4번 출구 옆','정기','M','20대',64,6431.89,51.27,221000,1466
'2017-03','512',' 뚝섬역 1번 출구 옆','정기','M','20대',122,8856.96,65.35,281780,1931
'2017-03','109',' 제일빌딩 앞','정기','M','20대',93,6176.1,49.32,212660,1486
'2017-03','400',' 상암한화오벨리스크 1차 앞','정기','M','20대',11,1348.07,10.58,45580,254
'2017-03','513',' 뚝섬역 5번 출구 정류소 옆','정기','M','20대',92,6076.91,52.12,224830,1331
'2017-03','514',' 성수사거리 버스정류장 앞','정기','M','20대',104,8154.55,66.65,287510,1747
'2017-03','515',' 광양중학교 앞','정기','M','20대',34,3613.49,27.93,120350,575
'2017-03','516',' 광진메디칼 앞','정기','M','20대',94,7322.25,60.08,258910,1471
'2017-03','300',' 정동사거리','정기','M','20대',55,4469.95,33.86,145890,896
'2017-03','301',' 경복궁역 7번출구 앞','정기','M','20대',51,3422.2,26.72,115250,723
'2017-03','302',' 경복궁역 4번출구 뒤','정기','M','20대',67,4653.44,37.21,160480,1044
'2017-03','303',' 광화문역 1번출구 앞','정기','M','20대',94,4360.79,34.33,148120,999
'2017-03','115',' 사루비아 빌딩 앞','정기','M','20대',206,12892.48,103.21,444870,2707
'2017-03','304',' 광화문역 2번출구 앞','정기','M','20대',56,5104.79,38.18,164640,859
'2017-03','305',' 종로구청 옆','정기','M','20대',123,9897.04,77.28,333110,2707
'2017-03','306',' 광화문역 7번출구 앞','정기','M','20대',53,4100.76,34.05,146560,1066
'2017-03','307',' 서울역사박물관 앞','정기','M','20대',70,4483.52,36.88,159020,1016
'2017-03','308',' 광화문 S타워 앞','정기','M','20대',37,2837.72,24.93,107420,554
'2017-03','309',' 광화문역 6번출구 옆','정기','M','20대',55,4679.87,38.82,167260,974
'2017-03','310',' 청계광장 옆','정기','M','20대',43,2003.48,16.48,71000,482
'2017-03','311',' 서울광장 옆','정기','M','20대',65,6283.64,51.6,222360,1495
'2017-03','312',' 시청역 1번출구 뒤','정기','M','20대',76,4899.65,41.08,176720,1116
'2017-03','313',' 서울역 광장 파출소 옆','정기','M','20대',47,3327.11,24.56,105930,666
'2017-03','110',' 사천교','정기','M','20대',19,1196.54,9.6,41430,254
'2017-03','314',' 국립현대미술관','정기','M','20대',116,6725.09,54.32,234320,1462
'2017-03','315',' 신한은행 안국역지점 옆','정기','M','20대',74,3832.31,31.59,136110,997
'2017-03','316',' 종각역 1번출구 앞','정기','M','20대',117,8768.36,68.84,296930,2231
'2017-03','318',' 광교사거리 남측','정기','M','20대',30,3306.1,26.61,114770,630
'2017-03','320',' 을지로입구역 4번출구 앞','정기','M','20대',40,3045.93,24.18,104250,806
'2017-03','321',' KEB 하나은행 본점 앞','정기','M','20대',61,4295.1,34.12,147140,1071
'2017-03','322',' 명동성당 앞','정기','M','20대',77,7574.09,54.51,234920,1806
'2017-03','116',' 일진아이윌아파트 옆','정기','M','20대',104,5398.19,46.25,199490,1318
'2017-03','324',' 신세계백화점 본점 앞','정기','M','20대',128,12359.76,95.95,413590,2712
'2017-03','326',' 안국역 5번출구 앞','정기','M','20대',100,8904.68,71.17,306730,1611
'2017-03','327',' 낙원상가 옆','정기','M','20대',133,7277.84,57.08,246260,1861
'2017-03','328',' 탑골공원 앞','정기','M','20대',218,12723.1,100.67,434330,2810
'2017-03','329',' 청계2가 사거리 옆','정기','M','20대',151,13531.08,106.52,459210,2513
'2017-03','330',' 청계천 한빛광장','정기','M','20대',43,3746.69,29.44,126750,801
'2017-03','331',' 을지로2가 사거리 북측','정기','M','20대',39,3088.76,23.93,103070,928
'2017-03','332',' 을지로2가 사거리 남측','정기','M','20대',41,2513.73,22.22,95780,762
'2017-03','111',' 상수역 2번출구 앞','정기','M','20대',234,21468.47,181.84,784000,4642
'2017-03','334',' 종로3가역 2번출구 뒤','정기','M','20대',184,10136.95,79.61,342920,2274
'2017-03','335',' 종로3가역 15번출구 앞','정기','M','20대',104,6802.72,52.93,228270,1629
'2017-03','336',' 티마크 호텔 앞','정기','M','20대',81,7726.33,61.01,263120,1787
'2017-03','337',' 창경궁 입구','정기','M','20대',44,2307.46,18.07,77860,644
'2017-03','338',' 세운스퀘어 앞','정기','M','20대',281,14065.16,116.62,502560,3466
'2017-03','339',' 종로4가 사거리','정기','M','20대',224,10709.55,86.82,374100,2570
'2017-03','340',' 혜화동 로터리','정기','M','20대',144,11376.4,93.95,404890,2629
'2017-03','341',' 혜화역 3번출구 뒤','정기','M','20대',99,5918.05,46.63,201030,1899
'2017-03','342',' 대학로 마로니에공원','정기','M','20대',162,8935.16,72.22,311190,2633
'2017-03','343',' 예일빌딩(율곡로) 앞','정기','M','20대',79,4078.81,28.34,122240,781
'2017-03','112',' 극동방송국 앞','정기','M','20대',374,31844.05,241.62,1041760,6221
'2017-03','344',' 성균관대 E하우스 앞','정기','M','20대',206,11084.58,80.83,348420,2391
'2017-03','345',' 서울보증보험본사 앞','정기','M','20대',56,1570.28,13.36,57750,406
'2017-03','346',' 맥스타일 앞','정기','M','20대',152,8588.58,66.2,285410,2280
'2017-03','347',' 동대문역사문화공원역 9번출구 앞','정기','M','20대',94,6000.07,45.34,195340,1296
'2017-03','349',' 사직동주민센터','정기','M','20대',84,4393.39,37.14,160050,1342
'2017-03','350','KEB 하나은행(내자동 지점) 앞','정기','M','20대',76,3730.06,30.06,129540,900
'2017-03','351',' 청운초교 앞 삼거리','정기','M','20대',34,2555.75,19.68,84780,403
'2017-03','352',' 중앙고입구 삼거리','정기','M','20대',37,2633.93,21.12,90970,491
'2017-03','353',' 재동초교 앞 삼거리','정기','M','20대',32,1952.09,16.51,71100,433
'2017-03','117',' 홍은사거리','정기','M','20대',39,8537.92,66.45,286360,1131
'2017-03','354',' 포르투갈 대사관 앞','정기','M','20대',135,8871.38,69.54,300000,1718
'2017-03','355',' 서울사대부속초교 앞','정기','M','20대',87,3016.75,23.03,99420,780
'2017-03','356',' KT혜화지사 앞','정기','M','20대',131,7628.92,59.22,255090,2205
'2017-03','358',' 성대입구 사거리','정기','M','20대',421,25923.69,206.58,890230,5450
'2017-03','359',' 원남동사거리','정기','M','20대',90,5524.44,46.26,199470,1534
'2017-03','361',' 동묘앞역 1번출구 뒤','정기','M','20대',126,10922.89,82.28,354920,2267
'2017-03','362',' 청계8가 사거리','정기','M','20대',72,5194.94,40.65,175060,1001
'2017-03','363',' 신설동역 11번출구 뒤','정기','M','20대',82,7423.48,60.73,261940,1542
'2017-03','364',' 창신역 1번출구 앞','정기','M','20대',77,5338.5,43.49,187540,970
'2017-03','113',' 홍대입구역 2번출구 앞','정기','M','20대',420,28634.92,233.27,1005400,6540
'2017-03','367',' 독립문역 3-1번출구 ','정기','M','20대',33,1802.54,16.31,70140,380
'2017-03','368',' SK 서린빌딩 앞','정기','M','20대',93,5055.5,41.5,178600,1158
'2017-03','369',' 광화문 시민열린마당','정기','M','20대',39,2008.01,16.38,70560,546
'2017-03','348',' 독립문역 사거리','정기','M','20대',32,4068,30.38,131030,811
'2017-03','370',' 시청역(2호선) 9번출구 뒤','정기','M','20대',64,4854.78,39.43,170000,1630
'2017-03','371',' 동대입구역 6번출구 뒤','정기','M','20대',156,9290.74,76.26,328460,2190
'2017-03','372',' 약수역 3번출구 뒤','정기','M','20대',42,3167.12,28.38,122300,839
'2017-03','373',' 청구 어린이공원','정기','M','20대',1,63.84,0.58,2480,14
'2017-03','374',' 청구역 2번출구 앞','정기','M','20대',64,7793.37,62.38,268920,1480
'2017-03','118',' 광흥창역 2번출구 앞','정기','M','20대',189,10236.87,82.47,355450,2445
'2017-03','375',' 다산 어린이공원','정기','M','20대',107,9071.15,74.57,321390,1727
'2017-03','377',' 서울역 4번출구 앞','정기','M','20대',23,3930.33,27.98,120580,739
'2017-03','378',' 청계7가 사거리','정기','M','20대',67,4222.35,34.32,147960,853
'2017-03','379',' 서울역9번출구','정기','M','20대',40,4144.69,32.42,139700,776
'2017-03','380',' CJ제일제당 앞','정기','M','20대',89,5973.66,48.68,209870,1216
'2017-03','381',' 장충체육관','정기','M','20대',16,1082.61,8.68,37580,209
'2017-03','382',' 약수역 10번출구 앞','정기','M','20대',28,1786.4,13.32,57410,325
'2017-03','383',' 신당역 12번 출구 뒤','정기','M','20대',148,11772.45,96.86,417730,2464
'2017-03','384',' 종로학원본원 ','정기','M','20대',41,2962.18,22.13,95490,576
'2017-03','114',' 홍대입구역 8번출구 앞','정기','M','20대',207,17146.92,137.1,590850,3784
'2017-03','142',' 아현역 4번출구 앞','정기','M','20대',40,3138.12,25.11,108330,754
'2017-03','143',' 공덕역 2번출구','정기','M','20대',99,7164.09,54.59,235380,1870
'2017-03','144',' 공덕역 8번출구','정기','M','20대',116,8018.76,63.85,275600,1825
'2017-03','145',' 공덕역 5번출구','정기','M','20대',72,5727.29,44.48,191610,1742
'2017-03','146',' 마포역 1번출구 뒤','정기','M','20대',83,7698.74,63.78,275080,1961
'2017-03','147',' 마포역 4번출구 뒤','정기','M','20대',76,6601.3,56.03,241530,1505
'2017-03','148',' 용강동 주민센터 앞','정기','M','20대',120,7149.95,60.18,259300,1420
'2017-03','150',' 서강대역 2번출구 앞','정기','M','20대',117,6047.36,48.67,209880,1598
'2017-03','151',' 망원1동주민센터','정기','M','20대',64,6315.46,50.4,217480,1153
'2017-03','152',' 마포구민체육센터 앞','정기','M','20대',91,11174.2,95.28,410680,2318
'2017-03','119',' 서강나루 공원','정기','M','20대',241,14520.34,117.52,506390,2757
'2017-03','153',' 성산2교 사거리','정기','M','20대',83,5898.42,51.12,220380,1229
'2017-03','154',' 마포구청역 ','정기','M','20대',67,4163.69,32.1,138400,886
'2017-03','155',' 가좌역1 번출구 뒤','정기','M','20대',188,16621.82,130.85,564080,3260
'2017-03','156',' 서울서부지방법원 앞','정기','M','20대',102,6577.74,50.47,217710,1438
'2017-03','157',' 애오개역 4번출구 앞','정기','M','20대',88,10160.71,71.59,308760,1784
'2017-03','158',' 독립문 어린이 공원','정기','M','20대',57,4607.63,38.36,165380,822
'2017-03','159',' 이대역 4번 출구','정기','M','20대',116,6732.27,57.17,246420,1525
'2017-03','160',' 북아현동 가구거리','정기','M','20대',98,8825.61,68.12,293680,1393
'2017-03','161',' 무악재역1번 출구','정기','M','20대',22,2291.7,18.08,77880,486
'2017-03','162',' 봉원고가차도 밑','정기','M','20대',174,9024.03,72.1,310910,2355
'2017-03','120',' 신수동 사거리','정기','M','20대',43,1383.82,12.69,54760,312
'2017-03','163',' 명지전문대학교 정문 앞','정기','M','20대',72,7419.39,64.42,277820,1525
'2017-03','164',' 북가좌1동 주민센터 ','정기','M','20대',35,2211.21,20.06,86490,527
'2017-03','165',' 중앙근린공원','정기','M','20대',67,2709.61,23.2,99960,491
'2017-03','166',' 가재울 초등학교','정기','M','20대',26,2024.4,17.43,75170,457
'2017-03','167',' 연가초등학교 옆','정기','M','20대',26,2029.28,18.79,80970,449
'2017-03','168',' 남가좌동 사거리','정기','M','20대',21,1136.37,8.58,37010,266
'2017-03','169',' 북가좌 삼거리','정기','M','20대',11,1184.31,8.88,38270,214
'2017-03','170',' 가재울 뉴타운 주유소 옆','정기','M','20대',50,4070.36,34.13,147110,1037
'2017-03','171',' 임광빌딩 앞','정기','M','20대',59,4940.54,41.42,178470,952
'2017-03','172',' 서대문소방서','정기','M','20대',99,6433.94,52.99,228190,1075
'2017-03','121',' 마포소방서 앞','정기','M','20대',103,6332.11,51.32,221140,1356
'2017-03','173',' 서대문역 8번출구 앞','정기','M','20대',57,5294.63,43.82,188830,1263
'2017-03','175',' 홍연2교옆','정기','M','20대',75,7057.35,62.04,267520,1458
'2017-03','179',' 가좌역 4번출구 앞','정기','M','20대',122,6396.2,51.29,221050,1207
'2017-03','180',' 충정로역 7번출구 뒤','정기','M','20대',80,6386.82,55.37,238670,2041
'2017-03','518',' 청계천 박물관 앞','정기','M','20대',23,2275.04,18.29,78800,522
'2017-03','519',' 양지사거리','정기','M','20대',39,2909.02,22.46,96730,726
'2017-03','520',' 상왕십리역 4번 출구 앞','정기','M','20대',55,3720.46,32.01,137900,800
'2017-03','521',' 왕십리역 11번 출구 앞','정기','M','20대',113,12399.25,100.62,433600,2092
'2017-03','522',' 금호역 1번출구 앞','정기','M','20대',6,294.59,2.49,10700,49
'2017-03','523',' 옥수동성당 옆','정기','M','20대',2,269.24,2.43,10460,44
'2017-03','122',' 신성기사식당 앞','정기','M','20대',267,12149.91,101.49,437580,2752
'2017-03','524',' 래미안금호하이리버 아파트 102동 옆','정기','M','20대',12,867.44,6.25,26970,114
'2017-03','525',' 한양대병원사거리','정기','M','20대',218,24310.32,192.78,830930,4535
'2017-03','526',' 용답토속공원 앞','정기','M','20대',48,4111.84,34.29,147800,836
'2017-03','529',' 장한평역 8번 출구 앞','정기','M','20대',122,8426.18,72.57,313090,1886
'2017-03','530',' 청계벽산아파트 앞','정기','M','20대',15,1184.47,10.39,44820,328
'2017-03','533',' 우리은행 금호동 지점 앞','정기','M','20대',14,1476.12,10.76,46460,246
'2017-03','534',' 금호사거리','정기','M','20대',52,4505.11,35.78,154260,786
'2017-03','535',' 응봉삼거리','정기','M','20대',61,3243.96,26.79,115670,545
'2017-03','536',' 행당역 2번출구 앞','정기','M','20대',23,4184.84,36.22,156240,813
'2017-03','537',' 한양대후문역 부근','정기','M','20대',152,15164.99,115.02,495710,2683
'2017-03','123',' 문화촌 공원','정기','M','20대',14,1683.56,11.98,51700,310
'2017-03','538',' 답십리역 8번출구 앞','정기','M','20대',51,4059.75,33.49,144370,1206
'2017-03','550',' 서울시설공단 앞','정기','M','20대',16,1510.55,12.54,54020,337
'2017-03','539',' 군자교교차로','정기','M','20대',36,3041.03,24.82,107000,518
'2017-03','540',' 군자역 7번출구 베스트샵 앞','정기','M','20대',163,7914.86,66.31,285780,1673
'2017-03','542',' 강변역 4번출구 뒤','정기','M','20대',22,2936.23,25.26,108860,665
'2017-03','543',' 구의공원(테크노마트 앞)','정기','M','20대',36,2574.69,20.53,88490,557
'2017-03','544',' 광남중학교','정기','M','20대',15,3838.5,25.94,111840,575
'2017-03','546',' 잠실대교북단 교차로','정기','M','20대',51,2987.13,27.12,116830,697
'2017-03','548',' 자양나들목','정기','M','20대',100,7005.49,52.64,226960,1173
'2017-03','549',' 아차산역 3번출구','정기','M','20대',43,3536.57,28.27,121650,706
'2017-03','124',' 서강대 정문 건너편','정기','M','20대',348,20545.47,173.48,747920,4363
'2017-03','600',' 휘경2동 주민센터','정기','M','20대',79,8527.31,71.42,307680,1734
'2017-03','601',' 용신동주민센터','정기','M','20대',34,2080.85,17.25,74420,586
'2017-03','602',' 장안동 사거리','정기','M','20대',109,8035.11,66.79,287920,1805
'2017-03','604',' 답십리초등학교 옆 공원','정기','M','20대',18,1617.86,13.13,56600,289
'2017-03','605',' 신설동역8번출구','정기','M','20대',14,750.83,5.79,24890,216
'2017-03','606',' 휘경공고앞','정기','M','20대',5,651.46,4.49,19330,157
'2017-03','607',' 신이문역 2번출구','정기','M','20대',19,1586.03,12.59,54230,345
'2017-03','608',' 전농삼성아파트','정기','M','20대',33,1554.45,12.94,55730,327
'2017-03','609',' 제기2교','정기','M','20대',98,15266.26,105.24,453810,2454
'2017-03','125',' 서강대 남문 옆','정기','M','20대',444,21048.03,169.26,730080,4622
'2017-03','610',' 동대문중 교차로','정기','M','20대',51,2451.1,21.37,92110,515
'2017-03','612',' 시립동부병원 앞 사거리','정기','M','20대',27,1464.61,12.2,52580,301
'2017-03','613',' 신설동역 10번출구 앞','정기','M','20대',92,7106.04,56.09,241860,1388
'2017-03','614',' 용두동 사거리','정기','M','20대',119,11615.4,91.74,395330,2303
'2017-03','615',' 용두동 레미안허브리츠아파트 앞','정기','M','20대',58,3721.54,31.17,134210,1072
'2017-03','616',' 서울시립대 앞','정기','M','20대',117,5297.89,43.36,186940,990
'2017-03','617',' 청솔우성아파트 앞','정기','M','20대',111,4723.53,37.82,162810,919
'2017-03','227',' 양평2나들목 보행통로 입구','정기','M','20대',9,2259.08,17.34,74720,321
'2017-03','228',' 선유도역 3번출구 앞','정기','M','20대',42,5020.42,40.16,173210,1035
'2017-03','229',' 양평1 보행육교 앞','정기','M','20대',15,1245.32,10.84,46730,330
'2017-03','126',' 서강대 후문 옆','정기','M','20대',330,15515.03,125.08,539640,3433
'2017-03','231',' 남부고용노동지청 남측','정기','M','20대',30,1341.09,10.36,44800,235
'2017-03','232',' 양평우림 이비즈센타 앞','정기','M','20대',114,6329.57,49.58,213940,1821
'2017-03','233',' YP 센터 앞','정기','M','20대',5,176.05,1.28,5550,184
'2017-03','234',' 영등포구민체육센터 앞','정기','M','20대',9,1531.76,9.31,40130,219
'2017-03','235',' 신길동 우리은행 옆','정기','M','20대',20,1871.62,14.29,61550,365
'2017-03','236',' 문래동자이아파트 앞','정기','M','20대',41,2951.91,23.41,100960,875
'2017-03','237',' 보라매 두산위브 건너편','정기','M','20대',33,3168.99,25.25,108870,883
'2017-03','238',' 제2구민체육센타 앞','정기','M','20대',109,5559.8,44.55,192010,1695
'2017-03','239',' 유스호스텔 앞','정기','M','20대',67,3747.52,29.05,125080,841
'2017-03','240',' 문래역 4번출구 앞','정기','M','20대',26,978.13,7.89,34050,288
'2017-03','127',' 현대벤처빌 앞','정기','M','20대',147,6232.1,51.4,221630,1537
'2017-03','241',' 신길우성1차아파트 앞 공원','정기','M','20대',14,773.39,6.4,27630,144
'2017-03','242',' 신길선원가와인아파트 앞','정기','M','20대',37,1547.74,12.6,54400,294
'2017-03','243',' 이앤씨드림타워 앞','정기','M','20대',11,1126.73,9.72,41860,299
'2017-03','244',' 영등포삼환아파트 앞','정기','M','20대',76,3587.13,30.53,131480,932
'2017-03','245',' 삼성생명 당산사옥 앞','정기','M','20대',81,5446.03,44.01,189990,2208
'2017-03','247',' 당산역 10번출구 앞','정기','M','20대',135,9446.24,75.28,324510,2470
'2017-03','248',' 초원아파트 앞','정기','M','20대',42,5265.17,39.3,169430,1012
'2017-03','249',' 여의도중학교 옆','정기','M','20대',17,3308.38,25.1,108200,640
'2017-03','250',' 대림아파트 사거리','정기','M','20대',42,2942.58,22.84,98530,614
'2017-03','251',' 서울지방병무청 버스정류장','정기','M','20대',48,2652.89,22.27,95930,796
'2017-03','101',' (구)합정동 주민센터','정기','M','20대',37,2587.44,18.84,81150,632
'2017-03','128',' 신촌역(2호선) 1번출구 옆','정기','M','20대',244,12590.62,103.31,445170,3316
'2017-03','252',' 보라매역4번출구','정기','M','20대',55,2760.32,22.41,96690,809
'2017-03','253',' 신풍역 5번출구 인근','정기','M','20대',66,3220.87,26.66,115040,669
'2017-03','254',' 도림신협 앞','정기','M','20대',2,145.99,1.17,5050,29
'2017-03','255',' 도림4거리','정기','M','20대',18,1095.91,7.98,34440,183
'2017-03','256',' 동아에코빌입구','정기','M','20대',18,1646.49,13.16,56690,271
'2017-03','257',' 신길삼거리(우리은행)','정기','M','20대',56,4760.99,38.18,164510,1085
'2017-03','258',' 신길역3번출구','정기','M','20대',74,5661.61,44.91,193200,1080
'2017-03','259',' 대방역6번출구','정기','M','20대',137,9972.29,78.35,337540,2067
'2017-03','700',' KB국민은행 염창역 지점 앞','정기','M','20대',44,8287.3,64.45,277750,1619
'2017-03','701',' 목동사거리 부근','정기','M','20대',27,2444.83,20.76,89500,629
'2017-03','129',' 신촌역(2호선) 6번출구 옆','정기','M','20대',132,6689.63,58.61,252580,1440
'2017-03','702',' 목4동주민센터 옆','정기','M','20대',18,3544.84,22.62,97480,515
'2017-03','703',' 오목교역 7번출구 앞','정기','M','20대',71,6815.83,52.82,227520,1601
'2017-03','704',' 남부법원검찰청 교차로','정기','M','20대',32,3421.27,25.41,109460,632
'2017-03','706',' 신정네거리역','정기','M','20대',42,4414.68,32.71,141070,760
'2017-03','707',' 신정3동주민센터','정기','M','20대',27,2317.09,19.12,82500,480
'2017-03','708',' 서울출입국관리사무소 앞','정기','M','20대',63,2800.5,27.73,119500,1016
'2017-03','709',' 신정3동 현장민원실 앞','정기','M','20대',9,709.44,6.65,28710,157
'2017-03','710',' 서부화물트럭터미널 사거리','정기','M','20대',18,1328.74,14.53,62680,265
'2017-03','711',' 신일해피트리아파트 앞','정기','M','20대',20,509.46,4.64,19790,83
'2017-03','712',' 강월초교입구 사거리','정기','M','20대',12,1252.8,9.33,40280,211
'2017-03','130',' 신촌역(2호선) 7번출구 앞','정기','M','20대',148,9085.27,75.69,326080,1989
'2017-03','713',' 양서중학교 옆','정기','M','20대',3,224.53,1.69,7300,109
'2017-03','714',' 한국SGI 양천문화회관 앞','정기','M','20대',5,486.02,4.2,18100,107
'2017-03','800',' 목월공원 앞','정기','M','20대',53,7385.04,61.25,263870,1324
'2017-03','802',' 한강진역 2번 출구 앞','정기','M','20대',23,2475.54,20.28,87400,455
'2017-03','803',' 한남초교 앞 보도육교','정기','M','20대',6,1184.03,8.8,37920,178
'2017-03','805',' 문배어린이공원 앞','정기','M','20대',71,4244.23,31.45,135610,1105
'2017-03','806',' 전자랜드 본관 앞','정기','M','20대',66,5406.64,44.07,189850,1310
'2017-03','807',' 서울역 12번 출구 앞','정기','M','20대',53,3826.16,30.67,132020,787
'2017-03','808',' 서빙고동 금호맨션 앞','정기','M','20대',9,1146.86,9.32,40180,216
'2017-03','131',' 증산2교','정기','M','20대',80,7065.22,57.49,247870,1346
'2017-03','809',' 한남 유수지 복개주차장','정기','M','20대',30,5783.64,46.99,202620,1161
'2017-03','810',' 이태원지하보도','정기','M','20대',63,4389.39,33.73,145410,786
'2017-03','811',' 녹사평역1번출구','정기','M','20대',60,6090.99,49.78,214540,1073
'2017-03','812',' 용산전쟁기념관','정기','M','20대',37,4138.37,34.84,150330,1003
'2017-03','813',' 삼각지역 3번출구','정기','M','20대',18,2305.25,18.36,79260,515
'2017-03','815',' LIG강촌아파트 103동앞','정기','M','20대',21,4245.51,34.73,149650,755
'2017-03','385',' 종각역 5번출구','정기','M','20대',123,9267.58,75.89,327170,2670
'2017-03','386',' 올림픽기념 국민생활관 앞','정기','M','20대',120,7400.4,57.22,246680,1220
'2017-03','387',' 훈련원공원주차장 앞','정기','M','20대',37,1600.67,13.56,58390,462
'2017-03','181',' 망원초록길 입구','정기','M','20대',2,402.74,3.15,13560,69
'2017-03','132',' 창천문화공원','정기','M','20대',144,7803.43,63.8,275000,1793
'2017-03','182',' 망원2빗물펌프장 앞','정기','M','20대',35,3685.62,30.87,132990,925
'2017-03','183',' 하늘채코오롱아파트 건너편','정기','M','20대',190,8650.63,72.79,313380,2025
'2017-03','184',' SK망원동주유소 건너편','정기','M','20대',64,3402.42,26.99,116290,660
'2017-03','185',' 마포 신수공원 앞','정기','M','20대',78,8975,76.12,328240,1782
'2017-03','186',' 월드컵공원','정기','M','20대',28,3638.31,30.62,132050,935
'2017-03','177',' 북가좌 초등학교','정기','M','20대',52,7689.82,42.85,184760,1019
'2017-03','188',' 홍은동 정원여중 입구','정기','M','20대',16,1950.85,14.41,62170,277
'2017-03','191',' 정명학원','정기','M','20대',32,3645.67,29.89,128780,700
'2017-03','192',' 연서어린이공원','정기','M','20대',47,3843.62,29.72,127950,596
'2017-03','178',' 증산3교 앞','정기','M','20대',9,693.7,6.24,26950,130
'2017-03','133',' 해담는다리','정기','M','20대',5,328.66,2.84,12180,50
'2017-03','194',' 증산교 앞','정기','M','20대',61,6584.12,57.05,245790,1279
'2017-03','195',' 모래내고가차도 ','정기','M','20대',47,3246.75,25.75,111260,448
'2017-03','196',' 연희교차로 인근','정기','M','20대',48,3493.69,27.49,118410,691
'2017-03','198',' 충정2교','정기','M','20대',59,4858.65,35.05,151070,990
'2017-03','556',' 달맞이공원','정기','M','20대',11,1575.21,12.88,55500,330
'2017-03','557',' 도선동 주민센터 앞','정기','M','20대',46,2544.35,21.98,94800,796
'2017-03','558',' 성동광진 교육지원청 앞','정기','M','20대',105,6538.81,46.9,202240,1319
'2017-03','134',' 연세로 명물길','정기','M','20대',80,5205.85,45.04,194040,1584
'2017-03','559',' 왕십리역 4번 출구 건너편','정기','M','20대',157,13214.04,92.96,400620,2873
'2017-03','560',' 비전교회 앞','정기','M','20대',133,9414.86,65.71,283190,1933
'2017-03','561',' 서울숲역 2번출구 앞','정기','M','20대',69,5796.27,49.48,213060,1382
'2017-03','562',' 군자지하보도 앞','정기','M','20대',61,5558.46,44.13,190290,897
'2017-03','563',' 성동세무서 건너편','정기','M','20대',61,4528.44,35.93,154820,979
'2017-03','565',' 옥수역 3번출구','정기','M','20대',59,11093.13,85.53,368650,2087
'2017-03','567',' 성수역 2번출구 앞','정기','M','20대',81,3408.95,27.74,119690,883
'2017-03','568',' 청계8가사거리 부근','정기','M','20대',107,8188.68,64.39,277480,1972
'2017-03','135',' 명물길 원형무대 앞','정기','M','20대',65,3289.05,29.18,125720,763
'2017-03','569',' 응봉현대아파트 정류소','정기','M','20대',12,1405.77,11.34,48830,212
'2017-03','578',' 성동세무서 부근','정기','M','20대',37,2738.25,20.4,87900,585
'2017-03','579',' 마장역 4번출구','정기','M','20대',117,6850.27,54.38,234340,1586
'2017-03','580',' 신금호역 3번출구 뒤','정기','M','20대',19,813.12,6.53,28160,231
'2017-03','581',' 용답초등학교','정기','M','20대',36,1584.01,13.98,60380,365
'2017-03','582',' 경일중학교 앞','정기','M','20대',64,2391.52,19.52,83970,463
'2017-03','583',' 청계천 생태교실 앞','정기','M','20대',60,10114.93,76.2,328370,1599
'2017-03','551',' 구의삼성쉐르빌 앞','정기','M','20대',85,6759.54,52.57,226560,1454
'2017-03','552',' 대림아크로리버 앞','정기','M','20대',8,897.63,7.07,30450,198
'2017-03','553',' 중곡 성원APT 앞','정기','M','20대',24,2086.54,17.81,76800,320
'2017-03','136',' 대흥동 주민센터','정기','M','20대',97,3974.42,31.48,135620,866
'2017-03','554',' 아차산역 사거리','정기','M','20대',39,4109.56,31.89,137420,852
'2017-03','555',' 구의3동주민센터','정기','M','20대',9,1088.53,9.37,40410,189
'2017-03','571',' 어린이대공원역6번출구','정기','M','20대',211,13190.13,105.65,455670,3044
'2017-03','572',' 국립정신 건강센터 앞','정기','M','20대',31,4309.01,29.64,127830,726
'2017-03','573',' 구의문주차장 앞','정기','M','20대',135,6836.3,57.26,246570,1431
'2017-03','574',' 아차산역4번출구','정기','M','20대',67,6652.49,54.01,232720,1268
'2017-03','575',' 중앙농협 중곡지점','정기','M','20대',13,1347.89,9.79,42240,202
'2017-03','576',' 광나루역 3번 출구','정기','M','20대',39,2667.91,21.34,91850,574
'2017-03','577',' 광진청소년수련관','정기','M','20대',43,4096.18,34.2,147280,1013
'2017-03','621',' 동대문중학교 옆','정기','M','20대',10,595.93,4.78,20620,86
'2017-03','137',' NH농협 신촌지점 앞','정기','M','20대',67,4698.14,38.22,164750,1006
'2017-03','622',' 전농사거리 교통섬','정기','M','20대',61,2250.88,19.09,82390,511
'2017-03','623',' 서울시립대 정문 앞','정기','M','20대',414,18232.12,139.49,601000,3813
'2017-03','624',' 전농동 동아아파트 앞','정기','M','20대',44,2563.85,19.86,85620,493
'2017-03','625',' 답십리초등학교 앞(현대시장 옆)','정기','M','20대',80,5696.31,49.98,215450,1341
'2017-03','626',' 군자교 서측 녹지대','정기','M','20대',6,891.62,7.49,32260,188
'2017-03','627',' 장안동삼거리 교통섬','정기','M','20대',39,3288.14,25.77,111250,507
'2017-03','628',' 휘봉고등학교 앞','정기','M','20대',21,1788.98,14.87,64030,393
'2017-03','630',' 동대문구 보건소','정기','M','20대',67,4083.98,38.7,166710,1023
'2017-03','631',' 답십리역 1번출구','정기','M','20대',106,9064.02,75.25,324230,1841
'2017-03','102',' 망원역 1번출구 앞','정기','M','20대',110,6126.57,49.02,211350,1488
'2017-03','138',' 신촌동 제1공영주차장 앞','정기','M','20대',276,11975.8,99.98,430930,2986
'2017-03','633',' 청량리 기업은행 앞','정기','M','20대',89,7151.53,62.53,269550,1724
'2017-03','634',' 외국어대 정문 앞','정기','M','20대',158,21436.75,168.21,724870,4183
'2017-03','635',' 시조사 앞 (청량고정문 옆)','정기','M','20대',84,5428.74,42.88,184970,1212
'2017-03','636',' 세종대왕기념관 교차로','정기','M','20대',16,902.31,7.33,31630,260
'2017-03','637',' KAIST 경영대학 앞','정기','M','20대',42,2401.88,18.63,80100,483
'2017-03','638',' 서울시립대 정보기술관','정기','M','20대',166,8619.72,66.14,285210,1905
'2017-03','639',' 서울시립대 후문','정기','M','20대',348,22501.77,186.28,802850,5529
'2017-03','640',' KEB하나은행 청량리역지점','정기','M','20대',29,1647.48,13.45,57940,549
'2017-03','641',' 용두역 4번출구','정기','M','20대',43,3639.78,28.77,123940,791
'2017-03','642',' 신답역 사거리','정기','M','20대',43,2919.65,22.61,97390,627
'2017-03','140',' 이화여대 후문','정기','M','20대',125,8002.1,61.87,266880,1782
'2017-03','643',' 동대문구민체육센터 (육교아래)','정기','M','20대',25,2303.64,15.09,65020,377
'2017-03','230',' 영등포구청역 1번출구','정기','M','20대',115,6684.56,52.44,226050,1795
'2017-03','260',' 여의도 마리나선착장 앞','정기','M','20대',18,3381.76,27.83,120060,595
'2017-03','262',' 영문초등학교 사거리','정기','M','20대',85,2798.94,23.43,101000,654
'2017-03','263',' 근로자회관 사거리','정기','M','20대',27,1235.56,10.45,45090,234
'2017-03','264',' 교보생명보험 앞','정기','M','20대',10,771.62,5.55,23940,186
'2017-03','265',' 영등포유통상가 사거리','정기','M','20대',41,3143.97,22.91,98740,648
'2017-03','141',' 연대 대운동장 옆','정기','M','20대',169,14981.59,119.29,513720,2904
'2017-03','266',' 영등포청과시장 사거리','정기','M','20대',98,5360.79,44.47,191510,1346
'2017-03','267',' 삼성화재 사옥 옆','정기','M','20대',24,1505.91,12.32,53030,503
'2017-03','268',' 그랜드컨벤션센터 앞','정기','M','20대',71,3393.2,28.13,121260,851
'2017-03','270',' 증권거래소후문교차로','정기','M','20대',21,1147.62,9.99,43070,285
'2017-03','271',' 샛강생태공원방문자센터 앞','정기','M','20대',9,535.71,4.04,17460,101
'2017-03','272',' 당산육갑문','정기','M','20대',62,8850.67,74.83,322630,1589
'2017-03','716','신정6동 주민센터 인근','정기','M','20대',79,5474.02,47.86,206250,1423
'2017-03','139',' 연세대 정문 건너편','정기','M','20대',119,7930.43,65.1,280550,1580
'2017-03','719',' 홍익병원앞 교차로','정기','M','20대',15,1230.45,10.06,43380,222
'2017-03','720',' 서울강월초등학교 앞','정기','M','20대',10,1207.29,8.75,37650,206
'2017-03','816',' 신용산역 6번출구 앞','정기','M','20대',98,10334.51,78.96,340460,1967
'2017-03','817',' 삼각지역 4번출구 앞','정기','M','20대',30,1926.77,15.61,67370,473
'2017-03','818',' 숙명여대 입구 교차로','정기','M','20대',86,10407.58,70.92,305750,1629
'2017-03','819',' 선린인터넷 고등학교','정기','M','20대',81,6734.75,51.9,223790,1513
'2017-03','820',' 청파동입구 교차로','정기','M','20대',34,3176.35,26.64,114890,610
'2017-03','822',' 이촌1동 마을공원','정기','M','20대',29,5873.89,53.32,229860,1151
'2017-03','823',' 효창동주민센터 앞','정기','M','20대',24,2644.1,20.98,90470,481
'2017-03','825',' 서빙고동 주민센터 앞','정기','M','20대',82,19707.47,157.54,678860,3294
'2017-03','199',' 서울 월드컵 경기장','정기','M','20대',26,1491.5,11.53,49680,355
'2017-03','388',' 동성중학교 앞','정기','M','20대',71,5400.77,41.77,180120,1382
'2017-03','584',' 광진광장 교통섬','정기','M','20대',128,10274.73,86.1,370830,2930
'2017-03','585',' 성수2가1동 공영주차장 인근','정기','M','20대',41,6085.41,40.98,176610,1324
'2017-03','586',' 마장동 주민센터','정기','M','20대',41,2912.23,24.93,107440,644
'2017-03','900',' 은평예술회관','정기','M','20대',16,754.18,6.18,26650,150
'2017-03','901',' 응암1동사무소','정기','M','20대',28,1936.46,15.02,64790,395
'2017-03','200',' 국회의원회관','정기','M','20대',47,4227.61,32.59,140560,1224
'2017-03','903',' 은평뉴타운 아이파크','정기','M','20대',13,967.89,8.73,37620,134
'2017-03','904',' 은평뉴타운 푸르지오','정기','M','20대',25,1637.9,13.58,58540,250
'2017-03','905',' 구파발역 2번출구','정기','M','20대',46,3511.16,26.85,115810,631
'2017-03','906',' 연신내역 5번출구150M 아래','정기','M','20대',73,5089.1,40.74,175710,1085
'2017-03','907',' CJ 드림시티','정기','M','20대',66,8575.37,68.66,295960,1442
'2017-03','908',' 구산역 4번출구','정기','M','20대',31,2420.71,18.82,81330,387
'2017-03','909',' 백련산 힐스테이트 3차','정기','M','20대',11,947.6,8.14,35090,156
'2017-03','911',' 은평평화공원(역촌역4번출구)','정기','M','20대',18,1071.58,8.01,34400,178
'2017-03','201',' 진미파라곤 앞','정기','M','20대',40,4462.13,36.29,156340,962
'2017-03','912',' 응암오거리','정기','M','20대',40,3244.21,26.23,113060,521
'2017-03','913',' 이마트 은평점','정기','M','20대',46,4127.78,29.6,127560,728
'2017-03','914',' 새절역 2번출구','정기','M','20대',48,5773.92,42.32,182320,950
'2017-03','915',' 증산역 4번출구','정기','M','20대',26,2523.02,20.04,86330,549
'2017-03','916',' 평생학습관 앞','정기','M','20대',36,1985.41,15.62,67470,424
'2017-03','917',' 녹번역 4번출구','정기','M','20대',26,2213.87,15.97,68800,441
'2017-03','919',' 서울혁신파크','정기','M','20대',9,507.92,3.73,16100,160
'2017-03','921',' 신도고등학교','정기','M','20대',47,4817.84,37.44,161290,840
'2017-03','202',' 국민일보 앞','정기','M','20대',78,5951.89,47.77,205740,1423
'2017-03','922',' 연신내역 4번출구','정기','M','20대',48,3764.64,27.99,120600,795
'2017-03','923',' 국민은행 연서지점','정기','M','20대',23,1510.39,11.96,51530,317
'2017-03','924',' 메뚜기다리','정기','M','20대',8,409.27,3.69,15900,101
'2017-03','925',' 불광역 2번출구','정기','M','20대',11,763.41,5.38,23240,126
'2017-03','926',' 불광역 8번출구','정기','M','20대',81,4812.91,37.77,162900,1004
'2017-03','927',' 연신내역 3번출구 인근','정기','M','20대',43,2196.3,17.18,74030,477
'2017-03','928',' 은평역사한옥박물관','정기','M','20대',10,768.74,6.89,29720,136
'2017-03','930',' 구 서부경찰서 건너편','정기','M','20대',8,585.33,3.98,17210,123
'2017-03','931',' 역촌파출소','정기','M','20대',47,3420.68,26.63,114950,601
'2017-03','932',' 예일여중','정기','M','20대',16,3070.58,23.72,102120,624
'2017-03','933',' LG서비스 역촌점','정기','M','20대',87,8429.08,60.73,261890,1598
'2017-03','587',' KEB하나은행 성수중앙지점','정기','M','20대',40,2534.19,21.09,90920,514
'2017-03','588',' 뚝섬 유원지역','정기','M','20대',22,2527.38,20.45,88110,582
'2017-03','103',' 망원역 2번출구 앞','정기','M','20대',125,8996.15,74.9,323150,1858
'2017-03','204',' 국회의사당역 5번출구 옆','정기','M','20대',58,4892.88,40.59,174990,1049
'2017-03','203',' 국회의사당역 3번출구 옆','정기','M','20대',95,8295.73,64.4,277510,1590
'2017-03','205',' 산업은행 앞','정기','M','20대',22,2167.43,17.87,77070,522
'2017-03','206',' KBS 앞','정기','M','20대',57,3601.47,29.32,126500,807
'2017-03','209',' 유진투자증권빌딩 앞','정기','M','20대',36,2306.62,17.73,76490,475
'2017-03','210',' IFC몰','정기','M','20대',55,4725.15,36.99,159430,1135
'2017-03','211',' 여의도역 4번출구 옆','정기','M','20대',146,8498.61,67.48,290760,1687
'2017-03','212',' 여의도역 1번출구 옆','정기','M','20대',70,3656.84,29.42,126820,891
'2017-03','213',' KT앞','정기','M','20대',70,3740.05,32.07,138330,801
'2017-03','104',' 합정역 1번출구 앞','정기','M','20대',105,7779.32,63.18,272380,1767
'2017-03','214',' 금융감독원 앞','정기','M','20대',60,3946.71,33.08,142580,728
'2017-03','218',' 증권거래소 앞','정기','M','20대',15,501.95,3.91,16910,127
'2017-03','219',' 롯데캐슬엠파이어 옆','정기','M','20대',34,1256.43,9.81,42180,470
'2017-03','220',' 미성아파트 A동 앞','정기','M','20대',25,1172.53,9.69,41770,244
'2017-03','215',' 여의도고교 앞','정기','M','20대',13,1200.93,9.57,41210,250
'2017-03','216',' 삼부아파트1동 앞','정기','M','20대',150,4206.91,34.56,149110,1477
'2017-03','217',' NH농협은행 앞','정기','M','20대',64,6396.84,46.29,199660,826
'2017-03','221',' 여의도초교 앞','정기','M','20대',63,3912.33,32.16,138540,741
'2017-03','222',' 시범아파트버스정류장 옆','정기','M','20대',100,5233.02,40.83,175880,1130
'2017-03','223',' 진주아파트상가 앞','정기','M','20대',77,3726.12,29.39,126580,831
'2017-03','105',' 합정역 5번출구 앞','정기','M','20대',56,4430.22,36.81,158520,1051
'2017-03','224',' 롯데캐슬 앞','정기','M','20대',114,4628,36.31,156550,986
'2017-03','225',' 앙카라공원 앞','정기','M','20대',36,1709.88,13.41,57850,450
'2017-03','226',' 샛강역 1번출구 앞','정기','M','20대',24,1135.87,9.13,39310,231
'2017-03','207',' 여의나루역 1번출구 앞','정기','M','20대',141,13878.53,110.8,477430,3168
'2017-03','401',' 상암월드컵파크 10단지 앞','정기','M','20대',19,2110.08,16.08,69310,497
'2017-03','402',' 상암월드컵파크 9단지 앞','정기','M','20대',60,1985.13,15.94,68620,501
'2017-03','403',' 부엉이공원 앞','정기','M','20대',11,774.15,6.62,28530,235
'2017-03','106',' 합정역 7번출구 앞','정기','M','20대',159,11136.9,89.13,383960,2441
'2017-03','405',' DMC빌 앞','정기','M','20대',15,1063.8,7.65,32930,180
'2017-03','406',' 상암월드컵파크 7단지 앞','정기','M','20대',6,679.62,5.53,23840,139
'2017-03','421',' 마포구청 앞','정기','M','20대',135,12343.83,90.99,392200,2134
'2017-03','407',' 마포구 육아종합지원센터','정기','M','20대',31,1132.29,8.98,38640,203
'2017-03','408',' LG CNS앞','정기','M','20대',40,3166.19,25.69,110830,563
'2017-03','420',' 서울시 공공자전거 상암센터','정기','M','20대',11,1659.4,12.83,55340,349
'2017-03','409',' 누리꿈스퀘어 옆','정기','M','20대',104,8033.25,60.84,262430,1487
'2017-03','419',' 홈플러스 앞','정기','M','20대',82,7735.46,62.43,269060,1834
'2017-03','410',' 상암중학교 옆','정기','M','20대',32,1657.87,13.58,58660,330
'2017-03','418',' 월드컵경기장역 3번출구 옆','정기','M','20대',70,8036.77,64.45,277980,1740
'2017-03','107',' 신한은행 서교동금융센터점 앞','정기','M','20대',126,6523.8,52.22,225100,1665
'2017-03','411',' DMC홍보관','정기','M','20대',54,3003.33,25.36,109280,731
'2017-03','412',' DMC산학협력연구센터 앞','정기','M','20대',98,5875.9,45.83,197350,1247
'2017-03','413',' 상암월드컵파크 3단지 후문','정기','M','20대',2,274.47,2.02,8720,93
'2017-03','417',' DMC역 2번출구 옆','정기','M','20대',51,2688.92,21.1,91000,537
'2017-03','414',' 상암동주민센터 옆','정기','M','20대',17,909.37,8.02,34590,227
'2017-03','415',' DMC역 9번출구 앞','정기','M','20대',159,6269.08,50.87,219240,1354
'2017-03','416',' 상암월드컵파크 1단지 교차로','정기','M','20대',54,2247.35,17.42,75060,323
'2017-03','500',' 어린이대공원역 3번출구 앞','정기','M','20대',258,24635.26,201.71,869480,5739
'2017-03','501',' 광진구의회 앞','정기','M','20대',94,6292.83,53.88,232310,1579
'2017-03','502',' 뚝섬유원지역 1번출구 앞','정기','M','20대',153,19574.02,145.85,628320,3762
'2017-03','108',' 서교동 사거리','정기','M','30대',78,5039.7,41.26,177810,1347
'2017-03','503',' 더샵스타시티 C동 앞','정기','M','30대',21,1407.14,10.03,43210,392
'2017-03','504',' 신자초교입구교차로','정기','M','30대',40,1897.18,14.39,62000,355
'2017-03','505',' 자양사거리 광진아크로텔 앞','정기','M','30대',62,4143.56,33.79,145900,926
'2017-03','506',' 금호 어울림 아파트 앞','정기','M','30대',6,165.64,1.34,5750,32
'2017-03','507',' 성수아이에스비즈타워 앞','정기','M','30대',73,4341.98,33.5,144120,927
'2017-03','508',' 성수아카데미타워 앞','정기','M','30대',67,3761.42,29.22,125900,977
'2017-03','509',' 이마트 버스정류소 옆','정기','M','30대',152,8189.07,63.66,274160,1501
'2017-03','510',' 서울숲 남문 버스정류소 옆','정기','M','30대',8,1437.38,11.47,49450,435
'2017-03','511',' 서울숲역 4번 출구 옆','정기','M','30대',64,4673.27,35.49,152980,1292
'2017-03','512',' 뚝섬역 1번 출구 옆','정기','M','30대',101,10771.76,84.58,364440,2093
'2017-03','109',' 제일빌딩 앞','정기','M','30대',100,8177.2,63.59,274300,1822
'2017-03','400',' 상암한화오벨리스크 1차 앞','정기','M','30대',45,4422.58,35.74,153890,847
'2017-03','513',' 뚝섬역 5번 출구 정류소 옆','정기','M','30대',35,2074.3,14.5,62550,646
'2017-03','514',' 성수사거리 버스정류장 앞','정기','M','30대',74,4303.45,34.79,149980,1802
'2017-03','515',' 광양중학교 앞','정기','M','30대',6,1047.59,6.15,26510,123
'2017-03','516',' 광진메디칼 앞','정기','M','30대',74,5357.26,39.33,169270,1108
'2017-03','300',' 정동사거리','정기','M','30대',185,7506.04,63.17,271950,1736
'2017-03','301',' 경복궁역 7번출구 앞','정기','M','30대',104,5149.79,40.65,175450,980
'2017-03','302',' 경복궁역 4번출구 뒤','정기','M','30대',183,8747.83,66.62,286810,2345
'2017-03','303',' 광화문역 1번출구 앞','정기','M','30대',103,5842.41,46.69,201470,1296
'2017-03','115',' 사루비아 빌딩 앞','정기','M','30대',151,8475.31,70.2,302320,1646
'2017-03','304',' 광화문역 2번출구 앞','정기','M','30대',92,4828.81,37.59,162150,1135
'2017-03','305',' 종로구청 옆','정기','M','30대',134,10246.91,77.33,333140,2219
'2017-03','306',' 광화문역 7번출구 앞','정기','M','30대',88,3197.95,24.94,107600,840
'2017-03','307',' 서울역사박물관 앞','정기','M','30대',122,7330.92,57.1,246120,1475
'2017-03','308',' 광화문 S타워 앞','정기','M','30대',96,4516.12,36.77,158290,988
'2017-03','309',' 광화문역 6번출구 옆','정기','M','30대',86,6048.85,46.7,201300,1326
'2017-03','310',' 청계광장 옆','정기','M','30대',75,3965.59,30.04,129430,736
'2017-03','311',' 서울광장 옆','정기','M','30대',200,10254.36,76.84,330970,2134
'2017-03','312',' 시청역 1번출구 뒤','정기','M','30대',150,7680.86,62.32,268700,1678
'2017-03','313',' 서울역 광장 파출소 옆','정기','M','30대',84,5205.08,42.63,183780,1029
'2017-03','110',' 사천교','정기','M','30대',35,2945.11,24.08,103740,538
'2017-03','314',' 국립현대미술관','정기','M','30대',127,6961.54,51.39,221780,1386
'2017-03','315',' 신한은행 안국역지점 옆','정기','M','30대',67,3574.73,27.64,119430,964
'2017-03','316',' 종각역 1번출구 앞','정기','M','30대',174,10485.78,79.61,342940,2491
'2017-03','318',' 광교사거리 남측','정기','M','30대',106,12858.52,98.11,422930,1930
'2017-03','320',' 을지로입구역 4번출구 앞','정기','M','30대',148,11490.12,89.58,386000,3258
'2017-03','321',' KEB 하나은행 본점 앞','정기','M','30대',67,7597.29,66.1,284930,1576
'2017-03','322',' 명동성당 앞','정기','M','30대',40,2797.3,22.85,98450,627
'2017-03','116',' 일진아이윌아파트 옆','정기','M','30대',117,6715.44,59.63,256850,1347
'2017-03','324',' 신세계백화점 본점 앞','정기','M','30대',94,7142.6,56.49,243410,1606
'2017-03','326',' 안국역 5번출구 앞','정기','M','30대',198,9908.24,80.7,347740,2087
'2017-03','327',' 낙원상가 옆','정기','M','30대',139,5745.95,49.07,211160,1378
'2017-03','328',' 탑골공원 앞','정기','M','30대',142,8127.54,64.57,278090,1864
'2017-03','329',' 청계2가 사거리 옆','정기','M','30대',154,11531.72,89.77,386920,2527
'2017-03','330',' 청계천 한빛광장','정기','M','30대',104,10598.05,84.62,364670,1911
'2017-03','331',' 을지로2가 사거리 북측','정기','M','30대',69,7054.75,51.26,220980,1222
'2017-03','332',' 을지로2가 사거리 남측','정기','M','30대',50,3760.76,27.32,117700,699
'2017-03','111',' 상수역 2번출구 앞','정기','M','30대',58,4167.92,33.14,142730,1146
'2017-03','334',' 종로3가역 2번출구 뒤','정기','M','30대',191,10891.74,85.73,369620,3232
'2017-03','335',' 종로3가역 15번출구 앞','정기','M','30대',90,6402.06,50.09,215740,1550
'2017-03','336',' 티마크 호텔 앞','정기','M','30대',208,15447.46,118.91,512380,3712
'2017-03','337',' 창경궁 입구','정기','M','30대',41,2956.47,22.71,98050,599
'2017-03','338',' 세운스퀘어 앞','정기','M','30대',85,4776.43,35.38,152480,1301
'2017-03','339',' 종로4가 사거리','정기','M','30대',190,11310.15,86.35,371970,2603
'2017-03','340',' 혜화동 로터리','정기','M','30대',98,6052.75,48.94,210650,1188
'2017-03','341',' 혜화역 3번출구 뒤','정기','M','30대',129,7881.01,61.74,266240,1644
'2017-03','342',' 대학로 마로니에공원','정기','M','30대',105,4949.1,39.61,171040,1152
'2017-03','343',' 예일빌딩(율곡로) 앞','정기','M','30대',65,3952.94,29.73,127990,1201
'2017-03','112',' 극동방송국 앞','정기','M','30대',68,3743.48,31.06,133770,1042
'2017-03','344',' 성균관대 E하우스 앞','정기','M','30대',60,2403.24,19.76,85360,530
'2017-03','345',' 서울보증보험본사 앞','정기','M','30대',113,6546.23,50.5,217660,1466
'2017-03','346',' 맥스타일 앞','정기','M','30대',176,15656.64,122.28,527080,3247
'2017-03','347',' 동대문역사문화공원역 9번출구 앞','정기','M','30대',109,7962.67,63.2,272490,1534
'2017-03','349',' 사직동주민센터','정기','M','30대',106,5087.96,43.27,186510,1089
'2017-03','350','KEB 하나은행(내자동 지점) 앞','정기','M','30대',81,4913.59,39.08,168570,1109
'2017-03','351',' 청운초교 앞 삼거리','정기','M','30대',89,5625.26,46.57,200640,1752
'2017-03','352',' 중앙고입구 삼거리','정기','M','30대',26,2003.43,16.44,70860,408
'2017-03','353',' 재동초교 앞 삼거리','정기','M','30대',62,3996.4,32.83,141350,917
'2017-03','117',' 홍은사거리','정기','M','30대',22,2323.48,18.54,79960,347
'2017-03','354',' 포르투갈 대사관 앞','정기','M','30대',202,11185.43,92.11,397100,2640
'2017-03','355',' 서울사대부속초교 앞','정기','M','30대',84,3217.44,25.15,108480,838
'2017-03','356',' KT혜화지사 앞','정기','M','30대',68,4619.37,35.51,153120,1035
'2017-03','358',' 성대입구 사거리','정기','M','30대',101,6435.69,52.6,226850,1381
'2017-03','359',' 원남동사거리','정기','M','30대',50,2300.64,17.7,76240,501
'2017-03','361',' 동묘앞역 1번출구 뒤','정기','M','30대',72,5082.04,39.4,169860,1318
'2017-03','362',' 청계8가 사거리','정기','M','30대',69,5502.76,40.53,174630,1198
'2017-03','363',' 신설동역 11번출구 뒤','정기','M','30대',35,3640.57,28.08,121010,924
'2017-03','364',' 창신역 1번출구 앞','정기','M','30대',68,4305.19,30.99,133590,693
'2017-03','113',' 홍대입구역 2번출구 앞','정기','M','30대',338,19122.99,155.08,668630,5030
'2017-03','367',' 독립문역 3-1번출구 ','정기','M','30대',25,1864,14.02,60440,384
'2017-03','368',' SK 서린빌딩 앞','정기','M','30대',93,7890.35,64.54,278140,1800
'2017-03','369',' 광화문 시민열린마당','정기','M','30대',127,6853.03,52.37,225720,1163
'2017-03','348',' 독립문역 사거리','정기','M','30대',16,1484.75,10.85,46850,287
'2017-03','370',' 시청역(2호선) 9번출구 뒤','정기','M','30대',71,3766.52,30.41,131050,862
'2017-03','371',' 동대입구역 6번출구 뒤','정기','M','30대',18,1374.91,10.19,43980,311
'2017-03','372',' 약수역 3번출구 뒤','정기','M','30대',33,2391.14,19.34,83320,644
'2017-03','373',' 청구 어린이공원','정기','M','30대',7,474.66,2.97,12810,61
'2017-03','374',' 청구역 2번출구 앞','정기','M','30대',31,2302.92,18.31,79080,491
'2017-03','118',' 광흥창역 2번출구 앞','정기','M','30대',60,2608.77,22.38,96440,708
'2017-03','375',' 다산 어린이공원','정기','M','30대',53,4127.91,34.31,147770,846
'2017-03','377',' 서울역 4번출구 앞','정기','M','30대',16,1420.16,11.08,47780,311
'2017-03','378',' 청계7가 사거리','정기','M','30대',66,3599.95,28.07,120990,905
'2017-03','379',' 서울역9번출구','정기','M','30대',49,4667.78,36.43,157000,844
'2017-03','380',' CJ제일제당 앞','정기','M','30대',90,6253.54,49.93,215070,1335
'2017-03','381',' 장충체육관','정기','M','30대',8,519.41,4.26,18410,129
'2017-03','382',' 약수역 10번출구 앞','정기','M','30대',26,2022.34,17.6,75800,353
'2017-03','383',' 신당역 12번 출구 뒤','정기','M','30대',183,11706.26,87,375000,3062
'2017-03','384',' 종로학원본원 ','정기','M','30대',23,2011.14,15.56,67060,395
'2017-03','114',' 홍대입구역 8번출구 앞','정기','M','30대',158,10685.48,85.76,369880,2482
'2017-03','142',' 아현역 4번출구 앞','정기','M','30대',64,4529.54,32.22,138920,865
'2017-03','143',' 공덕역 2번출구','정기','M','30대',75,5779.42,46.63,200980,1160
'2017-03','144',' 공덕역 8번출구','정기','M','30대',146,12614.48,97.84,421900,2554
'2017-03','145',' 공덕역 5번출구','정기','M','30대',43,2153.48,17.63,75970,413
'2017-03','146',' 마포역 1번출구 뒤','정기','M','30대',109,14179.18,109.23,470660,2437
'2017-03','147',' 마포역 4번출구 뒤','정기','M','30대',54,6141.31,49.84,214790,1457
'2017-03','148',' 용강동 주민센터 앞','정기','M','30대',32,5105.97,36.58,157700,797
'2017-03','150',' 서강대역 2번출구 앞','정기','M','30대',39,2101.92,17.31,74520,728
'2017-03','151',' 망원1동주민센터','정기','M','30대',39,3089.15,26.98,116170,899
'2017-03','152',' 마포구민체육센터 앞','정기','M','30대',79,10334.94,80.62,347520,2130
'2017-03','119',' 서강나루 공원','정기','M','30대',94,6190.34,50.74,218700,1250
'2017-03','153',' 성산2교 사거리','정기','M','30대',126,10663.1,83.05,358090,2115
'2017-03','154',' 마포구청역 ','정기','M','30대',93,6311.39,51.21,220490,1373
'2017-03','155',' 가좌역1 번출구 뒤','정기','M','30대',29,2922.53,23.12,99650,556
'2017-03','156',' 서울서부지방법원 앞','정기','M','30대',61,4362.25,33.79,145620,715
'2017-03','157',' 애오개역 4번출구 앞','정기','M','30대',80,5004.09,38.58,166150,1033
'2017-03','158',' 독립문 어린이 공원','정기','M','30대',58,4997.95,37.51,161570,941
'2017-03','159',' 이대역 4번 출구','정기','M','30대',66,3609.98,27.86,120020,735
'2017-03','160',' 북아현동 가구거리','정기','M','30대',71,3000.6,23.8,102880,667
'2017-03','161',' 무악재역1번 출구','정기','M','30대',5,581.63,4.19,18020,160
'2017-03','162',' 봉원고가차도 밑','정기','M','30대',75,5591.68,46.11,198730,1043
'2017-03','120',' 신수동 사거리','정기','M','30대',41,2121.69,17.37,74900,423
'2017-03','163',' 명지전문대학교 정문 앞','정기','M','30대',12,1274.51,9.24,39710,260
'2017-03','164',' 북가좌1동 주민센터 ','정기','M','30대',49,2446.24,19.53,84210,390
'2017-03','165',' 중앙근린공원','정기','M','30대',88,9050.88,68.95,296980,1294
'2017-03','166',' 가재울 초등학교','정기','M','30대',108,9807.07,80.4,346640,1832
'2017-03','167',' 연가초등학교 옆','정기','M','30대',29,4071.98,30.42,131250,729
'2017-03','168',' 남가좌동 사거리','정기','M','30대',16,921.99,8.13,35120,173
'2017-03','169',' 북가좌 삼거리','정기','M','30대',50,3420.25,28.33,122180,619
'2017-03','170',' 가재울 뉴타운 주유소 옆','정기','M','30대',37,1984.51,15.31,65880,478
'2017-03','171',' 임광빌딩 앞','정기','M','30대',81,3920.44,32.41,139510,826
'2017-03','172',' 서대문소방서','정기','M','30대',62,4985.62,40.48,174420,1111
'2017-03','121',' 마포소방서 앞','정기','M','30대',44,2211.7,17.59,75760,387
'2017-03','173',' 서대문역 8번출구 앞','정기','M','30대',78,5527.05,45.65,196810,1065
'2017-03','175',' 홍연2교옆','정기','M','30대',135,13436.89,115.96,499940,2343
'2017-03','179',' 가좌역 4번출구 앞','정기','M','30대',84,5024.34,39.16,168780,1068
'2017-03','180',' 충정로역 7번출구 뒤','정기','M','30대',113,5827.81,46.63,201000,1514
'2017-03','518',' 청계천 박물관 앞','정기','M','30대',18,1829.27,15.21,65590,342
'2017-03','519',' 양지사거리','정기','M','30대',49,3607.55,29.41,126850,660
'2017-03','520',' 상왕십리역 4번 출구 앞','정기','M','30대',73,6731.04,53.29,229690,1345
'2017-03','521',' 왕십리역 11번 출구 앞','정기','M','30대',63,7731.86,63.85,275240,1691
'2017-03','522',' 금호역 1번출구 앞','정기','M','30대',54,4794.31,42.04,181210,911
'2017-03','523',' 옥수동성당 옆','정기','M','30대',1,60.25,0.42,1790,11
'2017-03','122',' 신성기사식당 앞','정기','M','30대',38,1846.13,14.07,60510,316
'2017-03','524',' 래미안금호하이리버 아파트 102동 옆','정기','M','30대',3,182.06,1.74,7480,47
'2017-03','525',' 한양대병원사거리','정기','M','30대',29,2916.98,22.12,95370,618
'2017-03','526',' 용답토속공원 앞','정기','M','30대',66,3822.14,29.66,128100,663
'2017-03','529',' 장한평역 8번 출구 앞','정기','M','30대',84,8026.32,57.97,249790,1024
'2017-03','530',' 청계벽산아파트 앞','정기','M','30대',26,1865.19,14.23,61400,351
'2017-03','533',' 우리은행 금호동 지점 앞','정기','M','30대',3,426.49,3.22,13920,67
'2017-03','534',' 금호사거리','정기','M','30대',4,235.36,1.8,7750,48
'2017-03','535',' 응봉삼거리','정기','M','30대',45,5416.97,43.85,189070,984
'2017-03','536',' 행당역 2번출구 앞','정기','M','30대',48,3931.76,31.29,134770,1473
'2017-03','537',' 한양대후문역 부근','정기','M','30대',17,1546.91,11.96,51530,274
'2017-03','123',' 문화촌 공원','정기','M','30대',24,3840.41,29.75,128220,571
'2017-03','538',' 답십리역 8번출구 앞','정기','M','30대',15,1039.66,8,34380,221
'2017-03','550',' 서울시설공단 앞','정기','M','30대',69,4524.98,36.99,159430,839
'2017-03','539',' 군자교교차로','정기','M','30대',27,3160.01,22.69,97880,572
'2017-03','540',' 군자역 7번출구 베스트샵 앞','정기','M','30대',75,4648.75,35.97,155040,1111
'2017-03','542',' 강변역 4번출구 뒤','정기','M','30대',18,1903.15,15.49,66840,343
'2017-03','543',' 구의공원(테크노마트 앞)','정기','M','30대',8,1046.06,8.2,35410,195
'2017-03','544',' 광남중학교','정기','M','30대',13,1451.21,11.65,50180,233
'2017-03','546',' 잠실대교북단 교차로','정기','M','30대',20,1501.36,12.47,53720,283
'2017-03','548',' 자양나들목','정기','M','30대',21,3454.94,24.3,104720,418
'2017-03','549',' 아차산역 3번출구','정기','M','30대',110,6109.09,50.66,218480,1211
'2017-03','124',' 서강대 정문 건너편','정기','M','30대',80,3230.96,25.43,109670,655
'2017-03','600',' 휘경2동 주민센터','정기','M','30대',10,1327.8,10.32,44510,317
'2017-03','601',' 용신동주민센터','정기','M','30대',13,551.06,4.02,17340,95
'2017-03','602',' 장안동 사거리','정기','M','30대',52,5792.96,40.23,173320,1141
'2017-03','604',' 답십리초등학교 옆 공원','정기','M','30대',27,1827.69,12.72,54720,760
'2017-03','605',' 신설동역8번출구','정기','M','30대',30,1914.25,16.22,69870,345
'2017-03','606',' 휘경공고앞','정기','M','30대',72,14319.02,116.76,503360,2382
'2017-03','607',' 신이문역 2번출구','정기','M','30대',11,2458.75,18.52,79790,430
'2017-03','608',' 전농삼성아파트','정기','M','30대',20,1242.67,7.58,32720,405
'2017-03','609',' 제기2교','정기','M','30대',55,4501.23,37.43,161030,987
'2017-03','125',' 서강대 남문 옆','정기','M','30대',109,5553.36,44.08,190140,1717
'2017-03','610',' 동대문중 교차로','정기','M','30대',19,897.39,7.52,32400,274
'2017-03','612',' 시립동부병원 앞 사거리','정기','M','30대',30,1408.49,10.71,46110,385
'2017-03','613',' 신설동역 10번출구 앞','정기','M','30대',86,7193.82,56.27,242560,1537
'2017-03','614',' 용두동 사거리','정기','M','30대',86,7855.03,59.89,258070,1590
'2017-03','615',' 용두동 레미안허브리츠아파트 앞','정기','M','30대',55,4698.61,35.26,151980,1284
'2017-03','616',' 서울시립대 앞','정기','M','30대',65,2945.13,23.56,101670,774
'2017-03','617',' 청솔우성아파트 앞','정기','M','30대',30,2123.76,13.48,58150,325
'2017-03','227',' 양평2나들목 보행통로 입구','정기','M','30대',17,2223.59,18.1,77920,413
'2017-03','228',' 선유도역 3번출구 앞','정기','M','30대',106,10848.23,79.79,344010,1920
'2017-03','229',' 양평1 보행육교 앞','정기','M','30대',82,10610.26,80.42,346700,2192
'2017-03','126',' 서강대 후문 옆','정기','M','30대',110,5582.59,43.9,189230,1182
'2017-03','231',' 남부고용노동지청 남측','정기','M','30대',18,1953.32,13.46,58030,454
'2017-03','232',' 양평우림 이비즈센타 앞','정기','M','30대',146,10372.07,76.27,328670,2024
'2017-03','233',' YP 센터 앞','정기','M','30대',20,853.84,6.3,27090,168
'2017-03','234',' 영등포구민체육센터 앞','정기','M','30대',8,255.52,2.08,8950,52
'2017-03','235',' 신길동 우리은행 옆','정기','M','30대',63,3771.24,33.04,142430,772
'2017-03','236',' 문래동자이아파트 앞','정기','M','30대',37,3659.34,29.14,125600,949
'2017-03','237',' 보라매 두산위브 건너편','정기','M','30대',87,8940.53,67.45,290870,1691
'2017-03','238',' 제2구민체육센타 앞','정기','M','30대',170,9475.2,72.82,314040,1950
'2017-03','239',' 유스호스텔 앞','정기','M','30대',101,8652.59,60.61,261240,1830
'2017-03','240',' 문래역 4번출구 앞','정기','M','30대',69,3201.48,26.31,113500,826
'2017-03','127',' 현대벤처빌 앞','정기','M','30대',48,1739.12,14.35,61810,363
'2017-03','241',' 신길우성1차아파트 앞 공원','정기','M','30대',38,3133.96,24.81,107030,616
'2017-03','242',' 신길선원가와인아파트 앞','정기','M','30대',38,2787.19,24.45,105360,538
'2017-03','243',' 이앤씨드림타워 앞','정기','M','30대',35,2487.28,21.19,91360,618
'2017-03','244',' 영등포삼환아파트 앞','정기','M','30대',105,6161.8,51.64,222570,1260
'2017-03','245',' 삼성생명 당산사옥 앞','정기','M','30대',66,5050.04,41.5,178890,1277
'2017-03','247',' 당산역 10번출구 앞','정기','M','30대',167,14714.36,108.32,467000,2521
'2017-03','248',' 초원아파트 앞','정기','M','30대',41,3981.95,31.66,136590,746
'2017-03','249',' 여의도중학교 옆','정기','M','30대',14,1168,9.74,41930,337
'2017-03','250',' 대림아파트 사거리','정기','M','30대',18,1224.96,8.97,38660,265
'2017-03','251',' 서울지방병무청 버스정류장','정기','M','30대',29,2127.01,15.08,64950,383
'2017-03','101',' (구)합정동 주민센터','정기','M','30대',47,3051.59,21.74,93790,677
'2017-03','128',' 신촌역(2호선) 1번출구 옆','정기','M','30대',105,5687.2,46.96,202490,1575
'2017-03','252',' 보라매역4번출구','정기','M','30대',38,2739.96,23.23,100100,544
'2017-03','253',' 신풍역 5번출구 인근','정기','M','30대',24,1763.08,15.21,65500,367
'2017-03','254',' 도림신협 앞','정기','M','30대',19,1310.3,10.28,44300,380
'2017-03','255',' 도림4거리','정기','M','30대',36,2349.68,19.04,82050,598
'2017-03','256',' 동아에코빌입구','정기','M','30대',19,1013.63,8.82,37980,292
'2017-03','257',' 신길삼거리(우리은행)','정기','M','30대',41,2995.04,21.23,91550,541
'2017-03','258',' 신길역3번출구','정기','M','30대',79,6403.7,45.88,197930,1389
'2017-03','259',' 대방역6번출구','정기','M','30대',134,8422.35,66.62,287200,1497
'2017-03','700',' KB국민은행 염창역 지점 앞','정기','M','30대',34,5773.44,44.53,191900,1100
'2017-03','701',' 목동사거리 부근','정기','M','30대',3,597.13,4.64,20010,116
'2017-03','129',' 신촌역(2호선) 6번출구 옆','정기','M','30대',41,2533.77,20.03,86330,494
'2017-03','702',' 목4동주민센터 옆','정기','M','30대',6,484.83,3.46,14900,119
'2017-03','703',' 오목교역 7번출구 앞','정기','M','30대',71,7975.11,57.58,248160,1589
'2017-03','704',' 남부법원검찰청 교차로','정기','M','30대',9,721.05,5.26,22680,194
'2017-03','706',' 신정네거리역','정기','M','30대',33,3466.25,26.91,116020,724
'2017-03','707',' 신정3동주민센터','정기','M','30대',22,2081.94,15.71,67770,475
'2017-03','708',' 서울출입국관리사무소 앞','정기','M','30대',32,6350.41,41.32,178110,917
'2017-03','709',' 신정3동 현장민원실 앞','정기','M','30대',1,73.04,0.5,2170,9
'2017-03','710',' 서부화물트럭터미널 사거리','정기','M','30대',6,969.85,6.54,28210,142
'2017-03','711',' 신일해피트리아파트 앞','정기','M','30대',18,2653.71,18.74,80670,448
'2017-03','712',' 강월초교입구 사거리','정기','M','30대',5,440.13,2.94,12630,91
'2017-03','130',' 신촌역(2호선) 7번출구 앞','정기','M','30대',67,5883.14,46.36,199760,1110
'2017-03','714',' 한국SGI 양천문화회관 앞','정기','M','30대',1,86.98,0.75,3230,20
'2017-03','800',' 목월공원 앞','정기','M','30대',38,4534.22,35.11,151400,773
'2017-03','802',' 한강진역 2번 출구 앞','정기','M','30대',65,3599.62,25,107920,650
'2017-03','803',' 한남초교 앞 보도육교','정기','M','30대',10,2775.31,19.55,84230,381
'2017-03','805',' 문배어린이공원 앞','정기','M','30대',63,4452.57,35.47,152950,1025
'2017-03','806',' 전자랜드 본관 앞','정기','M','30대',65,9868.77,74.31,320160,1688
'2017-03','807',' 서울역 12번 출구 앞','정기','M','30대',63,5164.24,39.93,172140,1076
'2017-03','808',' 서빙고동 금호맨션 앞','정기','M','30대',5,556.74,3.59,15520,130
'2017-03','131',' 증산2교','정기','M','30대',24,2668.44,22.35,96330,615
'2017-03','809',' 한남 유수지 복개주차장','정기','M','30대',19,4036.55,30.61,131900,734
'2017-03','810',' 이태원지하보도','정기','M','30대',20,1690.76,14.12,60960,319
'2017-03','811',' 녹사평역1번출구','정기','M','30대',75,4068.59,29.31,126490,871
'2017-03','812',' 용산전쟁기념관','정기','M','30대',13,443.7,3.12,13540,68
'2017-03','813',' 삼각지역 3번출구','정기','M','30대',15,1950.13,13.07,56280,289
'2017-03','815',' LIG강촌아파트 103동앞','정기','M','30대',24,4466.78,33.42,143970,767
'2017-03','385',' 종각역 5번출구','정기','M','30대',80,7533.59,54.13,233230,1546
'2017-03','386',' 올림픽기념 국민생활관 앞','정기','M','30대',80,6277.08,48.63,209510,1000
'2017-03','387',' 훈련원공원주차장 앞','정기','M','30대',35,2140.81,15.75,67860,542
'2017-03','181',' 망원초록길 입구','정기','M','30대',3,463.54,3.8,16380,90
'2017-03','132',' 창천문화공원','정기','M','30대',57,4218.15,34.56,148710,1319
'2017-03','182',' 망원2빗물펌프장 앞','정기','M','30대',40,5955.27,43.5,187460,992
'2017-03','183',' 하늘채코오롱아파트 건너편','정기','M','30대',121,6602.15,53.66,231210,1256
'2017-03','184',' SK망원동주유소 건너편','정기','M','30대',96,5417.81,46.27,199410,1398
'2017-03','185',' 마포 신수공원 앞','정기','M','30대',112,10971.59,85.71,369370,1800
'2017-03','186',' 월드컵공원','정기','M','30대',31,4388.17,32.84,141500,963
'2017-03','177',' 북가좌 초등학교','정기','M','30대',13,1149.62,9.57,41290,255
'2017-03','188',' 홍은동 정원여중 입구','정기','M','30대',21,2785.42,21.51,92720,499
'2017-03','191',' 정명학원','정기','M','30대',53,5793.33,46.16,198810,1402
'2017-03','192',' 연서어린이공원','정기','M','30대',37,2130.09,16.74,72120,433
'2017-03','178',' 증산3교 앞','정기','M','30대',50,4227.45,38.47,165810,1140
'2017-03','133',' 해담는다리','정기','M','30대',36,2723.82,20.48,88300,361
'2017-03','194',' 증산교 앞','정기','M','30대',46,3310.52,25.37,109260,532
'2017-03','195',' 모래내고가차도 ','정기','M','30대',53,4078.36,33.15,142800,644
'2017-03','196',' 연희교차로 인근','정기','M','30대',55,4360.1,32.35,139310,845
'2017-03','198',' 충정2교','정기','M','30대',44,2851.99,22.59,97340,676
'2017-03','556',' 달맞이공원','정기','M','30대',14,863.55,6.83,29500,145
'2017-03','557',' 도선동 주민센터 앞','정기','M','30대',90,7049.87,51.8,223320,1123
'2017-03','558',' 성동광진 교육지원청 앞','정기','M','30대',56,3987.16,28.39,122470,748
'2017-03','134',' 연세로 명물길','정기','M','30대',28,1613.43,12.74,55000,422
'2017-03','559',' 왕십리역 4번 출구 건너편','정기','M','30대',46,3407.94,25.86,111490,845
'2017-03','560',' 비전교회 앞','정기','M','30대',15,891.42,7.43,32090,171
'2017-03','561',' 서울숲역 2번출구 앞','정기','M','30대',98,5069.65,35.54,153010,1004
'2017-03','562',' 군자지하보도 앞','정기','M','30대',88,4773.71,38.24,165100,848
'2017-03','563',' 성동세무서 건너편','정기','M','30대',84,5221.76,43.55,187610,989
'2017-03','564',' 금호역 3번출구','정기','M','30대',4,452.64,3.94,17020,82
'2017-03','565',' 옥수역 3번출구','정기','M','30대',63,14265.75,105.23,453700,2113
'2017-03','567',' 성수역 2번출구 앞','정기','M','30대',177,11636.47,92.47,398940,3444
'2017-03','568',' 청계8가사거리 부근','정기','M','30대',71,4591.08,36.58,157670,943
'2017-03','135',' 명물길 원형무대 앞','정기','M','30대',22,1249.95,10.84,46730,414
'2017-03','569',' 응봉현대아파트 정류소','정기','M','30대',1,52.89,0.37,1590,11
'2017-03','578',' 성동세무서 부근','정기','M','30대',77,4442.81,34.94,150690,711
'2017-03','579',' 마장역 4번출구','정기','M','30대',12,664.24,5.08,21910,120
'2017-03','580',' 신금호역 3번출구 뒤','정기','M','30대',11,792.59,6.64,28550,210
'2017-03','581',' 용답초등학교','정기','M','30대',27,1850.46,15.16,65340,359
'2017-03','582',' 경일중학교 앞','정기','M','30대',54,2450.43,17.26,74630,729
'2017-03','583',' 청계천 생태교실 앞','정기','M','30대',22,4009.26,32.52,140230,751
'2017-03','551',' 구의삼성쉐르빌 앞','정기','M','30대',14,944.61,6.64,28650,165
'2017-03','552',' 대림아크로리버 앞','정기','M','30대',3,242.17,1.68,7250,31
'2017-03','553',' 중곡 성원APT 앞','정기','M','30대',36,4660.72,35.19,151570,904
'2017-03','136',' 대흥동 주민센터','정기','M','30대',54,1972.68,18.44,79570,565
'2017-03','554',' 아차산역 사거리','정기','M','30대',34,1357.21,10.53,45210,233
'2017-03','571',' 어린이대공원역6번출구','정기','M','30대',40,2243.26,16.94,72810,569
'2017-03','572',' 국립정신 건강센터 앞','정기','M','30대',19,3886.29,28.35,122170,581
'2017-03','573',' 구의문주차장 앞','정기','M','30대',34,3482.24,24.87,107230,568
'2017-03','574',' 아차산역4번출구','정기','M','30대',63,5935.77,44.09,189970,1265
'2017-03','575',' 중앙농협 중곡지점','정기','M','30대',9,535.06,3.37,14540,107
'2017-03','576',' 광나루역 3번 출구','정기','M','30대',17,1431.24,10.93,47140,306
'2017-03','577',' 광진청소년수련관','정기','M','30대',23,2885.31,20.86,90000,536
'2017-03','621',' 동대문중학교 옆','정기','M','30대',9,302.8,2.53,10960,60
'2017-03','137',' NH농협 신촌지점 앞','정기','M','30대',43,2568.61,21.86,94360,1267
'2017-03','622',' 전농사거리 교통섬','정기','M','30대',50,2225.69,15.57,67140,504
'2017-03','623',' 서울시립대 정문 앞','정기','M','30대',63,7027.82,55.47,239120,1195
'2017-03','624',' 전농동 동아아파트 앞','정기','M','30대',48,2972.06,23.01,99220,743
'2017-03','625',' 답십리초등학교 앞(현대시장 옆)','정기','M','30대',26,2503.04,21.58,93120,541
'2017-03','626',' 군자교 서측 녹지대','정기','M','30대',12,1163.87,8.83,38100,256
'2017-03','627',' 장안동삼거리 교통섬','정기','M','30대',14,639.47,4.11,17870,132
'2017-03','628',' 휘봉고등학교 앞','정기','M','30대',22,3375.33,29.97,129270,482
'2017-03','630',' 동대문구 보건소','정기','M','30대',67,4512.14,33.89,145950,956
'2017-03','631',' 답십리역 1번출구','정기','M','30대',55,3248.06,25.06,108060,696
'2017-03','102',' 망원역 1번출구 앞','정기','M','30대',203,10581.02,83.54,360080,2306
'2017-03','138',' 신촌동 제1공영주차장 앞','정기','M','30대',20,1163.51,9.18,39570,295
'2017-03','633',' 청량리 기업은행 앞','정기','M','30대',78,6636.84,45.77,197300,1176
'2017-03','634',' 외국어대 정문 앞','정기','M','30대',54,6137.94,47.64,205190,1521
'2017-03','635',' 시조사 앞 (청량고정문 옆)','정기','M','30대',71,8534.91,65.85,283850,1759
'2017-03','636',' 세종대왕기념관 교차로','정기','M','30대',41,3989.94,32.93,142040,733
'2017-03','637',' KAIST 경영대학 앞','정기','M','30대',41,3337.79,27.53,118470,462
'2017-03','638',' 서울시립대 정보기술관','정기','M','30대',28,886.91,6.75,29150,316
'2017-03','639',' 서울시립대 후문','정기','M','30대',20,1389.25,11.17,48070,351
'2017-03','640',' KEB하나은행 청량리역지점','정기','M','30대',49,2327.76,19.01,82000,407
'2017-03','641',' 용두역 4번출구','정기','M','30대',69,5025.31,42.05,181190,1107
'2017-03','642',' 신답역 사거리','정기','M','30대',15,750.86,5.53,23820,200
'2017-03','140',' 이화여대 후문','정기','M','30대',31,1532.01,12.23,52830,333
'2017-03','643',' 동대문구민체육센터 (육교아래)','정기','M','30대',7,1016.67,6.85,29490,151
'2017-03','230',' 영등포구청역 1번출구','정기','M','30대',93,5156.57,39.65,170900,1109
'2017-03','260',' 여의도 마리나선착장 앞','정기','M','30대',10,1736.04,12.15,52430,242
'2017-03','262',' 영문초등학교 사거리','정기','M','30대',92,4378.55,36.32,156630,978
'2017-03','263',' 근로자회관 사거리','정기','M','30대',45,3815.52,33.04,142440,883
'2017-03','264',' 교보생명보험 앞','정기','M','30대',60,6258.04,47.13,203170,1043
'2017-03','265',' 영등포유통상가 사거리','정기','M','30대',17,375.79,2.89,12520,89
'2017-03','141',' 연대 대운동장 옆','정기','M','30대',81,4204.63,32.31,139170,813
'2017-03','266',' 영등포청과시장 사거리','정기','M','30대',92,5512.78,40.23,173610,1477
'2017-03','267',' 삼성화재 사옥 옆','정기','M','30대',35,2763.25,20.66,89100,554
'2017-03','268',' 그랜드컨벤션센터 앞','정기','M','30대',27,1359.24,11.08,47830,267
'2017-03','270',' 증권거래소후문교차로','정기','M','30대',34,1495.66,10.61,45780,275
'2017-03','271',' 샛강생태공원방문자센터 앞','정기','M','30대',41,1482.27,11.88,51210,288
'2017-03','272',' 당산육갑문','정기','M','30대',112,11316.6,88.77,382800,2079
'2017-03','716','신정6동 주민센터 인근','정기','M','30대',16,912.06,7.46,32170,188
'2017-03','139',' 연세대 정문 건너편','정기','M','30대',60,5341.96,35.88,154610,791
'2017-03','719',' 홍익병원앞 교차로','정기','M','30대',30,3523.52,28.57,123270,682
'2017-03','720',' 서울강월초등학교 앞','정기','M','30대',5,283.35,1.83,7880,57
'2017-03','816',' 신용산역 6번출구 앞','정기','M','30대',39,4070.78,30.86,132920,933
'2017-03','817',' 삼각지역 4번출구 앞','정기','M','30대',17,811.83,6.58,28370,263
'2017-03','818',' 숙명여대 입구 교차로','정기','M','30대',29,2602.08,19.41,83620,613
'2017-03','819',' 선린인터넷 고등학교','정기','M','30대',47,3070.9,26.41,113830,758
'2017-03','820',' 청파동입구 교차로','정기','M','30대',63,8020.94,65.97,284410,1450
'2017-03','822',' 이촌1동 마을공원','정기','M','30대',28,3227.76,24.14,104070,602
'2017-03','823',' 효창동주민센터 앞','정기','M','30대',11,867.02,6.61,28510,186
'2017-03','825',' 서빙고동 주민센터 앞','정기','M','30대',28,5200.23,36.8,158610,916
'2017-03','199',' 서울 월드컵 경기장','정기','M','30대',55,5958.79,43.12,185790,1258
'2017-03','388',' 동성중학교 앞','정기','M','30대',68,5487.42,38.63,166670,1101
'2017-03','584',' 광진광장 교통섬','정기','M','30대',51,2732.75,20.68,89080,493
'2017-03','585',' 성수2가1동 공영주차장 인근','정기','M','30대',21,2829.86,22.95,98870,523
'2017-03','586',' 마장동 주민센터','정기','M','30대',7,378.34,3.13,13560,79
'2017-03','900',' 은평예술회관','정기','M','30대',36,2957.77,22.09,95230,562
'2017-03','901',' 응암1동사무소','정기','M','30대',39,3313.98,31.29,135040,662
'2017-03','200',' 국회의원회관','정기','M','30대',49,3657.85,28.75,123750,976
'2017-03','902',' 진관동 은빛초등학교','정기','M','30대',9,660.62,4.66,20140,107
'2017-03','903',' 은평뉴타운 아이파크','정기','M','30대',26,2820.61,19.57,84310,422
'2017-03','904',' 은평뉴타운 푸르지오','정기','M','30대',7,597.22,5.12,22070,307
'2017-03','905',' 구파발역 2번출구','정기','M','30대',14,1167.77,8.8,37970,269
'2017-03','906',' 연신내역 5번출구150M 아래','정기','M','30대',64,5600.27,42.9,185060,1166
'2017-03','907',' CJ 드림시티','정기','M','30대',91,14705.2,119.91,516780,1541
'2017-03','908',' 구산역 4번출구','정기','M','30대',34,3882.31,28.36,122140,717
'2017-03','909',' 백련산 힐스테이트 3차','정기','M','30대',8,1187.68,8.83,38020,170
'2017-03','911',' 은평평화공원(역촌역4번출구)','정기','M','30대',41,2009.02,14.76,63670,693
'2017-03','201',' 진미파라곤 앞','정기','M','30대',144,14758.14,112.98,486840,2512
'2017-03','912',' 응암오거리','정기','M','30대',53,5145.43,40.65,175190,846
'2017-03','913',' 이마트 은평점','정기','M','30대',52,4733.62,36.68,158170,894
'2017-03','914',' 새절역 2번출구','정기','M','30대',25,2213.38,17.34,74840,477
'2017-03','915',' 증산역 4번출구','정기','M','30대',29,2552.92,18.76,80880,560
'2017-03','916',' 평생학습관 앞','정기','M','30대',14,1318.67,8.74,37620,287
'2017-03','917',' 녹번역 4번출구','정기','M','30대',34,2218.51,16.59,71350,410
'2017-03','919',' 서울혁신파크','정기','M','30대',13,996.79,9.92,42750,249
'2017-03','921',' 신도고등학교','정기','M','30대',13,2026.99,12.15,52380,248
'2017-03','202',' 국민일보 앞','정기','M','30대',155,10789.05,80.71,347980,1925
'2017-03','922',' 연신내역 4번출구','정기','M','30대',27,1495.23,11.92,51310,312
'2017-03','923',' 국민은행 연서지점','정기','M','30대',31,2795.36,21.93,94520,431
'2017-03','924',' 메뚜기다리','정기','M','30대',21,3438.24,28.92,124640,672
'2017-03','925',' 불광역 2번출구','정기','M','30대',15,897.93,7.44,32050,222
'2017-03','926',' 불광역 8번출구','정기','M','30대',59,4851.58,34.87,150120,838
'2017-03','927',' 연신내역 3번출구 인근','정기','M','30대',22,1505.48,13.74,59220,297
'2017-03','928',' 은평역사한옥박물관','정기','M','30대',2,197.29,1.41,6080,57
'2017-03','930',' 구 서부경찰서 건너편','정기','M','30대',14,1896.94,14.7,63390,301
'2017-03','931',' 역촌파출소','정기','M','30대',98,12786.37,101.68,438150,2885
'2017-03','932',' 예일여중','정기','M','30대',36,2588.09,20.53,88440,641
'2017-03','933',' LG서비스 역촌점','정기','M','30대',35,2042.17,16.68,71860,424
'2017-03','587',' KEB하나은행 성수중앙지점','정기','M','30대',93,9996.79,81.47,351230,1861
'2017-03','588',' 뚝섬 유원지역','정기','M','30대',4,414.52,3.09,13330,50
'2017-03','위트콤','위트콤','정기','M','30대',1,0,0,0,4
'2017-03','103',' 망원역 2번출구 앞','정기','M','30대',100,6754.67,55.87,240990,1902
'2017-03','204',' 국회의사당역 5번출구 옆','정기','M','30대',88,5180.63,42.72,184140,1350
'2017-03','203',' 국회의사당역 3번출구 옆','정기','M','30대',118,8283.67,61,262980,1348
'2017-03','205',' 산업은행 앞','정기','M','30대',78,7996.71,57.53,248050,1434
'2017-03','206',' KBS 앞','정기','M','30대',90,7708.35,58.44,251750,1402
'2017-03','209',' 유진투자증권빌딩 앞','정기','M','30대',146,9774.97,74.34,320610,1737
'2017-03','210',' IFC몰','정기','M','30대',102,6212.51,50.15,216260,1366
'2017-03','211',' 여의도역 4번출구 옆','정기','M','30대',265,12644.22,97.35,419770,3394
'2017-03','212',' 여의도역 1번출구 옆','정기','M','30대',144,8368.72,61.95,267190,1667
'2017-03','213',' KT앞','정기','M','30대',199,12736.67,91.58,394450,2447
'2017-03','104',' 합정역 1번출구 앞','정기','M','30대',136,10694.72,82.64,356240,2271
'2017-03','214',' 금융감독원 앞','정기','M','30대',107,6808.02,50.93,219700,1171
'2017-03','218',' 증권거래소 앞','정기','M','30대',135,5084.78,41.69,179530,1130
'2017-03','219',' 롯데캐슬엠파이어 옆','정기','M','30대',56,1922.39,14.95,64470,422
'2017-03','220',' 미성아파트 A동 앞','정기','M','30대',84,3462.16,26.87,115770,639
'2017-03','215',' 여의도고교 앞','정기','M','30대',16,2135.71,15.32,66090,281
'2017-03','216',' 삼부아파트1동 앞','정기','M','30대',68,3677.58,28.72,123740,657
'2017-03','217',' NH농협은행 앞','정기','M','30대',146,5020.33,39.92,172060,1128
'2017-03','221',' 여의도초교 앞','정기','M','30대',138,9757.36,77.77,334920,1577
'2017-03','222',' 시범아파트버스정류장 옆','정기','M','30대',132,7230.1,59.31,255740,1339
'2017-03','223',' 진주아파트상가 앞','정기','M','30대',103,5250.25,39.65,171240,939
'2017-03','105',' 합정역 5번출구 앞','정기','M','30대',51,6068.33,49.69,214100,1134
'2017-03','224',' 롯데캐슬 앞','정기','M','30대',95,6800.22,50.27,216760,1848
'2017-03','225',' 앙카라공원 앞','정기','M','30대',81,3637.73,26.49,114250,590
'2017-03','226',' 샛강역 1번출구 앞','정기','M','30대',37,1368.65,10.34,44570,310
'2017-03','207',' 여의나루역 1번출구 앞','정기','M','30대',203,11520.83,92.21,398010,1925
'2017-03','401',' 상암월드컵파크 10단지 앞','정기','M','30대',23,2085,18.22,78580,506
'2017-03','402',' 상암월드컵파크 9단지 앞','정기','M','30대',79,3641.88,26.6,114670,644
'2017-03','403',' 부엉이공원 앞','정기','M','30대',49,7020.62,52.44,225900,923
'2017-03','106',' 합정역 7번출구 앞','정기','M','30대',175,15155.02,124.89,538160,3182
'2017-03','405',' DMC빌 앞','정기','M','30대',72,5559.79,46.91,202350,1231
'2017-03','406',' 상암월드컵파크 7단지 앞','정기','M','30대',26,1290.06,9.23,39810,298
'2017-03','421',' 마포구청 앞','정기','M','30대',107,9563.18,73.86,318390,2146
'2017-03','407',' 마포구 육아종합지원센터','정기','M','30대',32,1539.82,12.39,53350,491
'2017-03','408',' LG CNS앞','정기','M','30대',138,9978.37,78.31,337570,1785
'2017-03','420',' 서울시 공공자전거 상암센터','정기','M','30대',25,2161.3,16.8,72480,480
'2017-03','409',' 누리꿈스퀘어 옆','정기','M','30대',295,22296.6,172.15,742040,4756
'2017-03','419',' 홈플러스 앞','정기','M','30대',165,15851.71,126.62,545470,2829
'2017-03','410',' 상암중학교 옆','정기','M','30대',24,2412.33,17.41,74950,364
'2017-03','418',' 월드컵경기장역 3번출구 옆','정기','M','30대',61,5859.74,46.69,201050,1242
'2017-03','107',' 신한은행 서교동금융센터점 앞','정기','M','30대',162,10292.88,86.07,371160,3627
'2017-03','411',' DMC홍보관','정기','M','30대',79,5042.13,38.14,164390,1172
'2017-03','412',' DMC산학협력연구센터 앞','정기','M','30대',188,10775.61,83.33,359440,2030
'2017-03','413',' 상암월드컵파크 3단지 후문','정기','M','30대',23,1175.55,9.76,42080,249
'2017-03','417',' DMC역 2번출구 옆','정기','M','30대',176,11957.36,92.93,400250,2027
'2017-03','414',' 상암동주민센터 옆','정기','M','30대',63,6382.91,45.18,194750,1072
'2017-03','415',' DMC역 9번출구 앞','정기','M','30대',268,19033.62,138.91,598940,3127
'2017-03','416',' 상암월드컵파크 1단지 교차로','정기','M','30대',22,1228.94,10.25,44220,294
'2017-03','500',' 어린이대공원역 3번출구 앞','정기','M','30대',55,3810.43,28.51,123070,712
'2017-03','501',' 광진구의회 앞','정기','M','30대',46,2870.41,23.03,99430,683
'2017-03','502',' 뚝섬유원지역 1번출구 앞','정기','M','30대',75,8437.64,66.16,285160,1646
'2017-03','108',' 서교동 사거리','정기','M','40대',42,2497.05,20.14,86900,683
'2017-03','503',' 더샵스타시티 C동 앞','정기','M','40대',71,3612.72,29.66,127590,1348
'2017-03','504',' 신자초교입구교차로','정기','M','40대',81,5709.29,41.76,179970,1399
'2017-03','505',' 자양사거리 광진아크로텔 앞','정기','M','40대',95,5798.17,48.88,210580,1277
'2017-03','506',' 금호 어울림 아파트 앞','정기','M','40대',20,1057.96,8.73,37590,183
'2017-03','507',' 성수아이에스비즈타워 앞','정기','M','40대',6,481.61,3.71,15980,118
'2017-03','508',' 성수아카데미타워 앞','정기','M','40대',43,2482.62,18.17,78340,445
'2017-03','509',' 이마트 버스정류소 옆','정기','M','40대',46,4360.04,34.53,148870,893
'2017-03','510',' 서울숲 남문 버스정류소 옆','정기','M','40대',4,432.98,3.28,14140,85
'2017-03','511',' 서울숲역 4번 출구 옆','정기','M','40대',30,2841.89,23.25,100310,756
'2017-03','512',' 뚝섬역 1번 출구 옆','정기','M','40대',44,4962.23,40.84,176030,1053
'2017-03','109',' 제일빌딩 앞','정기','M','40대',44,2710.04,21.42,92450,647
'2017-03','400',' 상암한화오벨리스크 1차 앞','정기','M','40대',26,1492.58,15.61,67350,770
'2017-03','513',' 뚝섬역 5번 출구 정류소 옆','정기','M','40대',49,4153.71,31.95,137850,1023
'2017-03','514',' 성수사거리 버스정류장 앞','정기','M','40대',30,2881.9,22.74,98020,613
'2017-03','515',' 광양중학교 앞','정기','M','40대',41,3647.12,28.94,124850,886
'2017-03','516',' 광진메디칼 앞','정기','M','40대',8,388.34,3.15,13600,90
'2017-03','300',' 정동사거리','정기','M','40대',194,8059.88,64.01,275430,1455
'2017-03','301',' 경복궁역 7번출구 앞','정기','M','40대',66,1941.68,14.82,64120,348
'2017-03','302',' 경복궁역 4번출구 뒤','정기','M','40대',72,3679.08,30.35,130770,746
'2017-03','303',' 광화문역 1번출구 앞','정기','M','40대',104,5318.97,42.38,182590,1029
'2017-03','115',' 사루비아 빌딩 앞','정기','M','40대',31,1982.69,16.77,72250,457
'2017-03','304',' 광화문역 2번출구 앞','정기','M','40대',75,4521.13,34.33,147880,1205
'2017-03','305',' 종로구청 옆','정기','M','40대',126,8233.48,60.21,259520,1835
'2017-03','306',' 광화문역 7번출구 앞','정기','M','40대',39,1802.5,14.68,63350,422
'2017-03','307',' 서울역사박물관 앞','정기','M','40대',89,4877.76,40.73,175400,1463
'2017-03','308',' 광화문 S타워 앞','정기','M','40대',93,5138.46,39.35,169550,1148
'2017-03','309',' 광화문역 6번출구 옆','정기','M','40대',80,2821.6,23.25,100300,587
'2017-03','310',' 청계광장 옆','정기','M','40대',46,2413.64,18.83,81130,577
'2017-03','311',' 서울광장 옆','정기','M','40대',158,7201.23,56.85,245160,1605
'2017-03','312',' 시청역 1번출구 뒤','정기','M','40대',139,6158.23,51.88,223380,1220
'2017-03','313',' 서울역 광장 파출소 옆','정기','M','40대',103,5510.52,44.43,191540,1215
'2017-03','110',' 사천교','정기','M','40대',11,582.96,4.82,20890,221
'2017-03','314',' 국립현대미술관','정기','M','40대',111,8807.26,73.88,318170,1998
'2017-03','315',' 신한은행 안국역지점 옆','정기','M','40대',60,3702.39,28.02,120790,863
'2017-03','316',' 종각역 1번출구 앞','정기','M','40대',95,5767.96,48.16,207660,1744
'2017-03','318',' 광교사거리 남측','정기','M','40대',44,3411.98,26.79,115560,913
'2017-03','320',' 을지로입구역 4번출구 앞','정기','M','40대',47,3262.86,24.23,104280,665
'2017-03','321',' KEB 하나은행 본점 앞','정기','M','40대',56,4670.57,34.31,147720,1013
'2017-03','322',' 명동성당 앞','정기','M','40대',79,4915.92,39.6,170620,1031
'2017-03','116',' 일진아이윌아파트 옆','정기','M','40대',71,4286.24,34.93,150630,814
'2017-03','324',' 신세계백화점 본점 앞','정기','M','40대',51,4420.54,35.98,155070,828
'2017-03','326',' 안국역 5번출구 앞','정기','M','40대',66,2915.64,23.72,102110,644
'2017-03','327',' 낙원상가 옆','정기','M','40대',52,1827.16,15.22,65650,575
'2017-03','328',' 탑골공원 앞','정기','M','40대',71,4468.34,36.32,156470,1063
'2017-03','329',' 청계2가 사거리 옆','정기','M','40대',69,3248.54,26.07,112570,1379
'2017-03','330',' 청계천 한빛광장','정기','M','40대',79,5199.68,41.01,176850,1190
'2017-03','331',' 을지로2가 사거리 북측','정기','M','40대',38,2477.36,19.88,85710,492
'2017-03','332',' 을지로2가 사거리 남측','정기','M','40대',73,4033.2,32.02,137970,827
'2017-03','111',' 상수역 2번출구 앞','정기','M','40대',36,2006.41,16.48,70910,520
'2017-03','334',' 종로3가역 2번출구 뒤','정기','M','40대',69,4358.59,33.24,143110,932
'2017-03','335',' 종로3가역 15번출구 앞','정기','M','40대',50,3923.96,32.26,139010,922
'2017-03','336',' 티마크 호텔 앞','정기','M','40대',144,9201.67,71.32,307130,2372
'2017-03','337',' 창경궁 입구','정기','M','40대',45,2948.63,22.45,96640,655
'2017-03','338',' 세운스퀘어 앞','정기','M','40대',88,6132.2,46.17,198970,1586
'2017-03','339',' 종로4가 사거리','정기','M','40대',101,8632.14,65.01,280070,2251
'2017-03','340',' 혜화동 로터리','정기','M','40대',129,12589.79,93.45,403100,2410
'2017-03','341',' 혜화역 3번출구 뒤','정기','M','40대',48,2324.25,19.36,83390,479
'2017-03','342',' 대학로 마로니에공원','정기','M','40대',91,4660.07,40.74,175740,1182
'2017-03','343',' 예일빌딩(율곡로) 앞','정기','M','40대',11,621.41,4.74,20480,163
'2017-03','112',' 극동방송국 앞','정기','M','40대',15,957.54,8.25,35600,259
'2017-03','344',' 성균관대 E하우스 앞','정기','M','40대',23,1163.83,9.25,39780,324
'2017-03','345',' 서울보증보험본사 앞','정기','M','40대',72,4751.4,37.35,161040,996
'2017-03','346',' 맥스타일 앞','정기','M','40대',60,4457.87,36.11,155570,1143
'2017-03','347',' 동대문역사문화공원역 9번출구 앞','정기','M','40대',80,8278.91,65.75,283440,1474
'2017-03','349',' 사직동주민센터','정기','M','40대',83,3940.16,29.59,127560,772
'2017-03','350','KEB 하나은행(내자동 지점) 앞','정기','M','40대',131,8473.59,64.83,279050,1919
'2017-03','351',' 청운초교 앞 삼거리','정기','M','40대',45,3706.94,29.84,128520,713
'2017-03','352',' 중앙고입구 삼거리','정기','M','40대',77,4532.01,36.08,155640,856
'2017-03','353',' 재동초교 앞 삼거리','정기','M','40대',20,1141.97,9.83,42350,271
'2017-03','117',' 홍은사거리','정기','M','40대',22,2552.45,20.41,87920,475
'2017-03','354',' 포르투갈 대사관 앞','정기','M','40대',60,5097.8,38.65,166650,1014
'2017-03','355',' 서울사대부속초교 앞','정기','M','40대',36,1531.32,11.61,50170,327
'2017-03','356',' KT혜화지사 앞','정기','M','40대',66,3728.86,29.53,127330,768
'2017-03','358',' 성대입구 사거리','정기','M','40대',66,3845.88,31.05,133890,853
'2017-03','359',' 원남동사거리','정기','M','40대',71,6457.44,46.57,200920,1163
'2017-03','361',' 동묘앞역 1번출구 뒤','정기','M','40대',41,2602.81,21.74,93680,717
'2017-03','362',' 청계8가 사거리','정기','M','40대',54,4037.22,30.11,129840,676
'2017-03','363',' 신설동역 11번출구 뒤','정기','M','40대',24,5257.06,30.2,130170,750
'2017-03','364',' 창신역 1번출구 앞','정기','M','40대',14,1376.16,12.5,53880,264
'2017-03','113',' 홍대입구역 2번출구 앞','정기','M','40대',236,13086.65,109.65,472280,3515
'2017-03','367',' 독립문역 3-1번출구 ','정기','M','40대',84,7078.57,53.58,230990,1331
'2017-03','368',' SK 서린빌딩 앞','정기','M','40대',49,3378.86,25.45,109650,757
'2017-03','369',' 광화문 시민열린마당','정기','M','40대',64,3328.68,26.28,113220,819
'2017-03','348',' 독립문역 사거리','정기','M','40대',61,3753.35,31.93,137530,712
'2017-03','370',' 시청역(2호선) 9번출구 뒤','정기','M','40대',95,7543.83,59.91,258330,1480
'2017-03','371',' 동대입구역 6번출구 뒤','정기','M','40대',25,1896.37,15.62,67250,646
'2017-03','372',' 약수역 3번출구 뒤','정기','M','40대',15,858.79,7.21,31070,275
'2017-03','373',' 청구 어린이공원','정기','M','40대',5,329.46,3.22,13900,83
'2017-03','374',' 청구역 2번출구 앞','정기','M','40대',10,1071.81,8.3,35760,229
'2017-03','118',' 광흥창역 2번출구 앞','정기','M','40대',63,3060.31,24.55,105920,762
'2017-03','375',' 다산 어린이공원','정기','M','40대',14,1750.24,13.67,58970,381
'2017-03','377',' 서울역 4번출구 앞','정기','M','40대',34,2656.54,21.91,94520,779
'2017-03','378',' 청계7가 사거리','정기','M','40대',94,5861.09,43.33,186980,1157
'2017-03','379',' 서울역9번출구','정기','M','40대',34,4130.22,29.65,127670,1343
'2017-03','380',' CJ제일제당 앞','정기','M','40대',44,4822.16,37.18,160150,1121
'2017-03','381',' 장충체육관','정기','M','40대',20,1847.59,14.8,63810,356
'2017-03','382',' 약수역 10번출구 앞','정기','M','40대',18,1065.8,9.69,41730,324
'2017-03','383',' 신당역 12번 출구 뒤','정기','M','40대',69,4412.48,36.21,156000,981
'2017-03','384',' 종로학원본원 ','정기','M','40대',49,3688.47,27.78,120030,702
'2017-03','114',' 홍대입구역 8번출구 앞','정기','M','40대',61,4878.63,39.76,171600,1205
'2017-03','142',' 아현역 4번출구 앞','정기','M','40대',107,6637.25,49.98,215590,1085
'2017-03','143',' 공덕역 2번출구','정기','M','40대',54,4865.55,39.25,169120,1209
'2017-03','144',' 공덕역 8번출구','정기','M','40대',115,11618.4,89.04,383720,2116
'2017-03','145',' 공덕역 5번출구','정기','M','40대',69,2366.96,19.07,82240,795
'2017-03','146',' 마포역 1번출구 뒤','정기','M','40대',57,6270.28,45.07,194500,1185
'2017-03','147',' 마포역 4번출구 뒤','정기','M','40대',84,11949.73,93.54,403140,2072
'2017-03','148',' 용강동 주민센터 앞','정기','M','40대',56,5465.61,41.92,180630,1148
'2017-03','150',' 서강대역 2번출구 앞','정기','M','40대',26,1514.36,12.84,55380,385
'2017-03','151',' 망원1동주민센터','정기','M','40대',36,3917.01,29.61,127670,1080
'2017-03','152',' 마포구민체육센터 앞','정기','M','40대',59,7155.71,58.74,253230,1468
'2017-03','119',' 서강나루 공원','정기','M','40대',74,4281.1,32.55,140290,839
'2017-03','153',' 성산2교 사거리','정기','M','40대',46,2940.09,25.05,108010,625
'2017-03','154',' 마포구청역 ','정기','M','40대',24,1868.37,14.39,62030,351
'2017-03','155',' 가좌역1 번출구 뒤','정기','M','40대',43,3905.35,30.22,130100,791
'2017-03','156',' 서울서부지방법원 앞','정기','M','40대',65,5386.91,38.98,168060,1177
'2017-03','157',' 애오개역 4번출구 앞','정기','M','40대',68,5037.48,40.64,175080,965
'2017-03','158',' 독립문 어린이 공원','정기','M','40대',45,3157.06,26.02,112150,819
'2017-03','159',' 이대역 4번 출구','정기','M','40대',58,5545.89,46.55,200600,1134
'2017-03','160',' 북아현동 가구거리','정기','M','40대',49,4099.37,30.5,131490,643
'2017-03','161',' 무악재역1번 출구','정기','M','40대',18,2460.66,16.97,73120,393
'2017-03','162',' 봉원고가차도 밑','정기','M','40대',23,2127.56,17.28,74460,406
'2017-03','120',' 신수동 사거리','정기','M','40대',19,1159.2,9.85,42470,281
'2017-03','163',' 명지전문대학교 정문 앞','정기','M','40대',42,6849.29,49.91,215090,1476
'2017-03','164',' 북가좌1동 주민센터 ','정기','M','40대',16,1519.94,12.49,53880,363
'2017-03','165',' 중앙근린공원','정기','M','40대',63,5362.31,46.24,199420,1043
'2017-03','166',' 가재울 초등학교','정기','M','40대',93,5155.3,43.33,186590,1198
'2017-03','167',' 연가초등학교 옆','정기','M','40대',30,4886.11,41.12,177250,958
'2017-03','168',' 남가좌동 사거리','정기','M','40대',16,1236.02,9.9,42690,267
'2017-03','169',' 북가좌 삼거리','정기','M','40대',10,564.26,4.64,20020,146
'2017-03','170',' 가재울 뉴타운 주유소 옆','정기','M','40대',77,5301.27,48.26,208220,1143
'2017-03','171',' 임광빌딩 앞','정기','M','40대',57,3801.07,31.01,133710,883
'2017-03','172',' 서대문소방서','정기','M','40대',35,3175.44,26.73,115260,542
'2017-03','121',' 마포소방서 앞','정기','M','40대',18,1333.28,10.61,45710,266
'2017-03','173',' 서대문역 8번출구 앞','정기','M','40대',85,7026.74,54.55,235070,1220
'2017-03','175',' 홍연2교옆','정기','M','40대',63,5664.78,49.12,211580,1092
'2017-03','179',' 가좌역 4번출구 앞','정기','M','40대',51,3127.35,23.96,103290,543
'2017-03','180',' 충정로역 7번출구 뒤','정기','M','40대',45,5175.39,39.74,171260,825
'2017-03','518',' 청계천 박물관 앞','정기','M','40대',14,1184.98,9.61,41440,230
'2017-03','519',' 양지사거리','정기','M','40대',4,332.61,2.7,11630,104
'2017-03','520',' 상왕십리역 4번 출구 앞','정기','M','40대',13,1237.32,10.02,43240,265
'2017-03','521',' 왕십리역 11번 출구 앞','정기','M','40대',34,4618.45,35.94,154750,798
'2017-03','522',' 금호역 1번출구 앞','정기','M','40대',1,197.05,1.44,6220,24
'2017-03','523',' 옥수동성당 옆','정기','M','40대',3,177.1,1.42,6150,41
'2017-03','122',' 신성기사식당 앞','정기','M','40대',42,4759.27,40.06,172670,975
'2017-03','524',' 래미안금호하이리버 아파트 102동 옆','정기','M','40대',15,1466.69,13.34,57440,318
'2017-03','525',' 한양대병원사거리','정기','M','40대',21,4220.53,28.59,123230,756
'2017-03','526',' 용답토속공원 앞','정기','M','40대',45,1848.45,16.84,72360,438
'2017-03','529',' 장한평역 8번 출구 앞','정기','M','40대',76,3334.59,28.13,121110,830
'2017-03','530',' 청계벽산아파트 앞','정기','M','40대',19,826.47,6.15,26540,136
'2017-03','533',' 우리은행 금호동 지점 앞','정기','M','40대',5,370.93,3.53,15240,130
'2017-03','534',' 금호사거리','정기','M','40대',1,58.61,0.43,1850,10
'2017-03','535',' 응봉삼거리','정기','M','40대',15,2183.45,15.45,66550,307
'2017-03','536',' 행당역 2번출구 앞','정기','M','40대',5,470.6,3.5,15070,88
'2017-03','537',' 한양대후문역 부근','정기','M','40대',45,4915.79,40.82,176000,1372
'2017-03','123',' 문화촌 공원','정기','M','40대',17,2281.49,19.1,82350,352
'2017-03','538',' 답십리역 8번출구 앞','정기','M','40대',45,2957.24,26.12,112530,765
'2017-03','550',' 서울시설공단 앞','정기','M','40대',52,3765.39,30.42,131180,729
'2017-03','539',' 군자교교차로','정기','M','40대',17,1153.47,9.72,41970,267
'2017-03','540',' 군자역 7번출구 베스트샵 앞','정기','M','40대',61,9856.91,69.91,301260,1598
'2017-03','542',' 강변역 4번출구 뒤','정기','M','40대',33,4008.82,27.49,118670,849
'2017-03','543',' 구의공원(테크노마트 앞)','정기','M','40대',24,1473.45,11.47,49480,281
'2017-03','544',' 광남중학교','정기','M','40대',25,2531.76,19.3,83140,464
'2017-03','546',' 잠실대교북단 교차로','정기','M','40대',37,1543.42,12.54,53890,487
'2017-03','548',' 자양나들목','정기','M','40대',24,2156.3,16.32,70340,520
'2017-03','549',' 아차산역 3번출구','정기','M','40대',60,3128.98,26.44,113500,573
'2017-03','124',' 서강대 정문 건너편','정기','M','40대',26,1208.79,9.42,40670,248
'2017-03','600',' 휘경2동 주민센터','정기','M','40대',43,2751.44,21.15,91180,641
'2017-03','601',' 용신동주민센터','정기','M','40대',47,1927.45,16.67,71960,626
'2017-03','602',' 장안동 사거리','정기','M','40대',19,1741.34,14.81,63820,342
'2017-03','604',' 답십리초등학교 옆 공원','정기','M','40대',11,476.14,3.48,15030,214
'2017-03','605',' 신설동역8번출구','정기','M','40대',28,2497.36,20.43,87970,630
'2017-03','606',' 휘경공고앞','정기','M','40대',1,24.31,0.22,930,4
'2017-03','607',' 신이문역 2번출구','정기','M','40대',17,3510.77,30.25,130360,651
'2017-03','609',' 제기2교','정기','M','40대',38,3855.2,32.37,139540,933
'2017-03','125',' 서강대 남문 옆','정기','M','40대',12,375.77,2.88,12420,86
'2017-03','610',' 동대문중 교차로','정기','M','40대',12,555.05,4.15,17870,188
'2017-03','612',' 시립동부병원 앞 사거리','정기','M','40대',63,4784.82,37.38,161040,805
'2017-03','613',' 신설동역 10번출구 앞','정기','M','40대',51,2931.01,25.63,110470,752
'2017-03','614',' 용두동 사거리','정기','M','40대',49,2703.1,22.43,96730,665
'2017-03','615',' 용두동 레미안허브리츠아파트 앞','정기','M','40대',29,1511.99,11.53,49760,487
'2017-03','616',' 서울시립대 앞','정기','M','40대',10,301.28,2.75,11830,63
'2017-03','617',' 청솔우성아파트 앞','정기','M','40대',45,2577.2,21.23,91390,631
'2017-03','227',' 양평2나들목 보행통로 입구','정기','M','40대',4,821.38,5.76,24850,140
'2017-03','228',' 선유도역 3번출구 앞','정기','M','40대',61,2641.45,20.29,87490,734
'2017-03','229',' 양평1 보행육교 앞','정기','M','40대',82,5898.64,43.02,185400,1632
'2017-03','126',' 서강대 후문 옆','정기','M','40대',14,665.17,5.33,23010,179
'2017-03','231',' 남부고용노동지청 남측','정기','M','40대',2,42.81,0.33,1410,8
'2017-03','232',' 양평우림 이비즈센타 앞','정기','M','40대',42,3295.35,29.11,125400,1174
'2017-03','233',' YP 센터 앞','정기','M','40대',3,105.48,0.86,3660,26
'2017-03','234',' 영등포구민체육센터 앞','정기','M','40대',2,86.5,0.62,2680,13
'2017-03','235',' 신길동 우리은행 옆','정기','M','40대',5,528.75,4.14,17910,105
'2017-03','236',' 문래동자이아파트 앞','정기','M','40대',19,1009,8.29,35630,208
'2017-03','237',' 보라매 두산위브 건너편','정기','M','40대',28,2904.78,21.83,93980,652
'2017-03','238',' 제2구민체육센타 앞','정기','M','40대',61,3772.23,26.58,114780,771
'2017-03','239',' 유스호스텔 앞','정기','M','40대',24,1409.36,11.85,50980,355
'2017-03','240',' 문래역 4번출구 앞','정기','M','40대',28,1505.9,12.83,55370,380
'2017-03','127',' 현대벤처빌 앞','정기','M','40대',13,983.45,8.4,36270,251
'2017-03','241',' 신길우성1차아파트 앞 공원','정기','M','40대',5,552.66,4.84,20830,98
'2017-03','242',' 신길선원가와인아파트 앞','정기','M','40대',35,2832.02,23.93,103120,653
'2017-03','243',' 이앤씨드림타워 앞','정기','M','40대',22,3190.14,27.93,120450,545
'2017-03','244',' 영등포삼환아파트 앞','정기','M','40대',34,2117.16,17.48,75180,460
'2017-03','245',' 삼성생명 당산사옥 앞','정기','M','40대',17,1401.21,11.92,51340,385
'2017-03','247',' 당산역 10번출구 앞','정기','M','40대',64,6290.18,46.79,201370,1287
'2017-03','248',' 초원아파트 앞','정기','M','40대',38,3060.7,22.95,98990,720
'2017-03','249',' 여의도중학교 옆','정기','M','40대',7,972.84,7.64,32910,216
'2017-03','250',' 대림아파트 사거리','정기','M','40대',25,1474.95,11.26,48500,281
'2017-03','251',' 서울지방병무청 버스정류장','정기','M','40대',8,375.16,2.94,12760,74
'2017-03','101',' (구)합정동 주민센터','정기','M','40대',5,472.29,2.92,12590,110
'2017-03','128',' 신촌역(2호선) 1번출구 옆','정기','M','40대',53,6807.42,51.84,223360,1263
'2017-03','252',' 보라매역4번출구','정기','M','40대',21,1916.39,14.39,62000,367
'2017-03','253',' 신풍역 5번출구 인근','정기','M','40대',19,1392.3,10.82,46670,220
'2017-03','254',' 도림신협 앞','정기','M','40대',8,350.37,2.8,12050,104
'2017-03','255',' 도림4거리','정기','M','40대',3,344.05,2.45,10550,65
'2017-03','256',' 동아에코빌입구','정기','M','40대',25,804.9,7.11,30750,221
'2017-03','257',' 신길삼거리(우리은행)','정기','M','40대',48,6554.17,55.48,239130,1289
'2017-03','258',' 신길역3번출구','정기','M','40대',38,3389.18,28.84,124210,556
'2017-03','259',' 대방역6번출구','정기','M','40대',165,10576.92,81.14,349880,1811
'2017-03','700',' KB국민은행 염창역 지점 앞','정기','M','40대',10,1739.91,14.38,62020,330
'2017-03','701',' 목동사거리 부근','정기','M','40대',12,1323.41,10.12,43620,210
'2017-03','129',' 신촌역(2호선) 6번출구 옆','정기','M','40대',18,1463.33,11.19,48180,288
'2017-03','702',' 목4동주민센터 옆','정기','M','40대',8,1589.7,12.82,55280,254
'2017-03','703',' 오목교역 7번출구 앞','정기','M','40대',81,5777.35,45.1,194570,2195
'2017-03','704',' 남부법원검찰청 교차로','정기','M','40대',44,4687.77,36.28,156230,933
'2017-03','706',' 신정네거리역','정기','M','40대',20,1553.75,11.39,49030,275
'2017-03','707',' 신정3동주민센터','정기','M','40대',31,3227.47,23.91,103030,790
'2017-03','708',' 서울출입국관리사무소 앞','정기','M','40대',56,3904.9,30.86,133140,1469
'2017-03','709',' 신정3동 현장민원실 앞','정기','M','40대',26,2311.06,20.8,89580,342
'2017-03','710',' 서부화물트럭터미널 사거리','정기','M','40대',20,2438.65,17.44,75100,366
'2017-03','711',' 신일해피트리아파트 앞','정기','M','40대',14,1426.68,10.08,43440,235
'2017-03','712',' 강월초교입구 사거리','정기','M','40대',8,327.21,2.68,11580,59
'2017-03','130',' 신촌역(2호선) 7번출구 앞','정기','M','40대',27,1294.46,10.3,44400,298
'2017-03','714',' 한국SGI 양천문화회관 앞','정기','M','40대',1,188.5,1.58,6800,35
'2017-03','800',' 목월공원 앞','정기','M','40대',35,3517.36,27.81,119830,802
'2017-03','802',' 한강진역 2번 출구 앞','정기','M','40대',9,1342.07,9.19,39580,298
'2017-03','803',' 한남초교 앞 보도육교','정기','M','40대',10,1605.63,12.09,52000,332
'2017-03','805',' 문배어린이공원 앞','정기','M','40대',13,821.43,6.43,27690,270
'2017-03','806',' 전자랜드 본관 앞','정기','M','40대',17,1025.71,7.95,34310,201
'2017-03','807',' 서울역 12번 출구 앞','정기','M','40대',20,3779.64,28.07,120990,602
'2017-03','808',' 서빙고동 금호맨션 앞','정기','M','40대',18,2077.72,15.41,66450,339
'2017-03','131',' 증산2교','정기','M','40대',23,3675.51,28.85,124300,615
'2017-03','809',' 한남 유수지 복개주차장','정기','M','40대',65,15182.76,117.23,505330,2584
'2017-03','810',' 이태원지하보도','정기','M','40대',7,2270.45,20.43,88060,315
'2017-03','811',' 녹사평역1번출구','정기','M','40대',36,2656.73,20.97,90380,409
'2017-03','812',' 용산전쟁기념관','정기','M','40대',8,450.45,3.65,15760,111
'2017-03','813',' 삼각지역 3번출구','정기','M','40대',47,5681.09,38.94,167910,1109
'2017-03','815',' LIG강촌아파트 103동앞','정기','M','40대',19,6108.88,46.94,202390,1054
'2017-03','385',' 종각역 5번출구','정기','M','40대',54,3995.13,32.78,141340,983
'2017-03','386',' 올림픽기념 국민생활관 앞','정기','M','40대',62,5062.69,38.93,167680,923
'2017-03','387',' 훈련원공원주차장 앞','정기','M','40대',15,1485.64,12.8,55130,369
'2017-03','181',' 망원초록길 입구','정기','M','40대',7,1385.64,10.91,47110,264
'2017-03','132',' 창천문화공원','정기','M','40대',10,439.75,3.87,16690,131
'2017-03','182',' 망원2빗물펌프장 앞','정기','M','40대',26,5049.89,38.83,167250,761
'2017-03','183',' 하늘채코오롱아파트 건너편','정기','M','40대',71,3930.21,31.73,136690,782
'2017-03','184',' SK망원동주유소 건너편','정기','M','40대',52,3125.51,23.74,102270,768
'2017-03','185',' 마포 신수공원 앞','정기','M','40대',83,5362.05,42.93,184860,1123
'2017-03','186',' 월드컵공원','정기','M','40대',48,5216.96,44.19,190570,1326
'2017-03','177',' 북가좌 초등학교','정기','M','40대',24,2584.06,28.83,124280,733
'2017-03','188',' 홍은동 정원여중 입구','정기','M','40대',28,3556.86,27.92,120340,556
'2017-03','191',' 정명학원','정기','M','40대',21,819.84,6.19,26590,135
'2017-03','192',' 연서어린이공원','정기','M','40대',7,399.68,3.64,15700,225
'2017-03','178',' 증산3교 앞','정기','M','40대',10,583.89,5.13,22140,119
'2017-03','133',' 해담는다리','정기','M','40대',10,1849.59,13.35,57620,283
'2017-03','194',' 증산교 앞','정기','M','40대',27,1491.95,11.96,51630,257
'2017-03','195',' 모래내고가차도 ','정기','M','40대',22,1400.37,13.49,58140,502
'2017-03','196',' 연희교차로 인근','정기','M','40대',6,552.31,3.97,17050,72
'2017-03','198',' 충정2교','정기','M','40대',27,1986.63,15,64740,414
'2017-03','556',' 달맞이공원','정기','M','40대',4,492.79,5.3,22850,152
'2017-03','557',' 도선동 주민센터 앞','정기','M','40대',9,394.71,3.32,14350,197
'2017-03','558',' 성동광진 교육지원청 앞','정기','M','40대',28,1677.18,13.01,55980,340
'2017-03','134',' 연세로 명물길','정기','M','40대',6,446.63,3.69,15920,146
'2017-03','559',' 왕십리역 4번 출구 건너편','정기','M','40대',29,2201.46,17.66,76040,510
'2017-03','560',' 비전교회 앞','정기','M','40대',2,55.21,0.43,1840,10
'2017-03','561',' 서울숲역 2번출구 앞','정기','M','40대',11,1073.82,7.7,33210,143
'2017-03','562',' 군자지하보도 앞','정기','M','40대',15,1630.29,12.8,55180,303
'2017-03','563',' 성동세무서 건너편','정기','M','40대',49,1740.11,13.2,57070,525
'2017-03','564',' 금호역 3번출구','정기','M','40대',5,426.52,3.85,16570,111
'2017-03','565',' 옥수역 3번출구','정기','M','40대',72,11834.08,97.29,419470,2259
'2017-03','567',' 성수역 2번출구 앞','정기','M','40대',106,6279.07,45.17,194400,1288
'2017-03','568',' 청계8가사거리 부근','정기','M','40대',97,7209.32,57.94,249400,1576
'2017-03','135',' 명물길 원형무대 앞','정기','M','40대',6,513.3,4.51,19390,147
'2017-03','569',' 응봉현대아파트 정류소','정기','M','40대',18,1602,14.16,61050,342
'2017-03','578',' 성동세무서 부근','정기','M','40대',23,2470.68,20,86270,549
'2017-03','579',' 마장역 4번출구','정기','M','40대',51,2921.39,25.02,107670,862
'2017-03','580',' 신금호역 3번출구 뒤','정기','M','40대',7,404.11,2.98,12790,60
'2017-03','581',' 용답초등학교','정기','M','40대',29,5014.01,39.57,170620,805
'2017-03','582',' 경일중학교 앞','정기','M','40대',17,940.91,6.9,29810,165
'2017-03','583',' 청계천 생태교실 앞','정기','M','40대',55,6622.23,51.37,221420,1656
'2017-03','551',' 구의삼성쉐르빌 앞','정기','M','40대',25,1941.78,15.47,66620,335
'2017-03','552',' 대림아크로리버 앞','정기','M','40대',18,3579.58,26.91,115890,464
'2017-03','553',' 중곡 성원APT 앞','정기','M','40대',18,1172.51,9.19,39580,220
'2017-03','136',' 대흥동 주민센터','정기','M','40대',6,102.3,0.84,3690,13
'2017-03','554',' 아차산역 사거리','정기','M','40대',85,7079.3,56.41,242960,1279
'2017-03','555',' 구의3동주민센터','정기','M','40대',4,505.99,4.38,18860,149
'2017-03','571',' 어린이대공원역6번출구','정기','M','40대',23,1712.59,13.79,59350,405
'2017-03','572',' 국립정신 건강센터 앞','정기','M','40대',27,1859.24,15.5,66940,423
'2017-03','573',' 구의문주차장 앞','정기','M','40대',47,3180.34,24.29,104650,659
'2017-03','574',' 아차산역4번출구','정기','M','40대',37,2261.34,17.08,73540,528
'2017-03','575',' 중앙농협 중곡지점','정기','M','40대',13,1758.99,14.48,62410,330
'2017-03','576',' 광나루역 3번 출구','정기','M','40대',9,909.98,7.16,30830,199
'2017-03','577',' 광진청소년수련관','정기','M','40대',21,2005.82,17.96,77470,623
'2017-03','621',' 동대문중학교 옆','정기','M','40대',31,1790.21,14.68,63340,418
'2017-03','137',' NH농협 신촌지점 앞','정기','M','40대',7,592.61,4.66,20100,119
'2017-03','622',' 전농사거리 교통섬','정기','M','40대',54,1654.64,13.62,59200,521
'2017-03','623',' 서울시립대 정문 앞','정기','M','40대',87,3758.36,31.47,135940,908
'2017-03','624',' 전농동 동아아파트 앞','정기','M','40대',19,986.9,7.69,33190,226
'2017-03','625',' 답십리초등학교 앞(현대시장 옆)','정기','M','40대',18,912.67,7.01,30210,183
'2017-03','626',' 군자교 서측 녹지대','정기','M','40대',29,2832.81,23.07,99460,507
'2017-03','627',' 장안동삼거리 교통섬','정기','M','40대',3,341.88,2.53,10910,78
'2017-03','628',' 휘봉고등학교 앞','정기','M','40대',3,214.95,1.39,6010,50
'2017-03','630',' 동대문구 보건소','정기','M','40대',27,1478.71,10.81,46610,594
'2017-03','631',' 답십리역 1번출구','정기','M','40대',47,3054.34,22.66,97670,535
'2017-03','102',' 망원역 1번출구 앞','정기','M','40대',61,7199.77,63.76,274760,1925
'2017-03','138',' 신촌동 제1공영주차장 앞','정기','M','40대',24,1313.44,11.24,48510,271
'2017-03','633',' 청량리 기업은행 앞','정기','M','40대',57,3528.7,28.53,123110,967
'2017-03','634',' 외국어대 정문 앞','정기','M','40대',33,5462.08,43.01,185400,1127
'2017-03','635',' 시조사 앞 (청량고정문 옆)','정기','M','40대',18,3897.81,30.42,131120,601
'2017-03','636',' 세종대왕기념관 교차로','정기','M','40대',36,2062.32,17.17,73970,467
'2017-03','637',' KAIST 경영대학 앞','정기','M','40대',11,1214.79,9.89,42580,226
'2017-03','638',' 서울시립대 정보기술관','정기','M','40대',3,96.69,0.87,3710,50
'2017-03','639',' 서울시립대 후문','정기','M','40대',41,1869.14,14.38,61860,548
'2017-03','640',' KEB하나은행 청량리역지점','정기','M','40대',14,657.9,5.26,22680,456
'2017-03','641',' 용두역 4번출구','정기','M','40대',30,1950.74,15.43,66480,398
'2017-03','642',' 신답역 사거리','정기','M','40대',39,1611.58,13.12,56410,415
'2017-03','140',' 이화여대 후문','정기','M','40대',9,661.83,5.65,24420,144
'2017-03','643',' 동대문구민체육센터 (육교아래)','정기','M','40대',25,2762.45,22,94780,610
'2017-03','230',' 영등포구청역 1번출구','정기','M','40대',56,1683.92,15.02,65020,522
'2017-03','260',' 여의도 마리나선착장 앞','정기','M','40대',33,3142.44,26.26,113280,642
'2017-03','262',' 영문초등학교 사거리','정기','M','40대',23,970.33,7.9,34090,331
'2017-03','263',' 근로자회관 사거리','정기','M','40대',6,213.7,1.56,6730,77
'2017-03','264',' 교보생명보험 앞','정기','M','40대',26,1127.06,10.24,44150,303
'2017-03','265',' 영등포유통상가 사거리','정기','M','40대',4,135.13,1.01,4380,36
'2017-03','141',' 연대 대운동장 옆','정기','M','40대',1,54.36,0.41,1760,26
'2017-03','266',' 영등포청과시장 사거리','정기','M','40대',35,2349.86,17.31,74570,492
'2017-03','267',' 삼성화재 사옥 옆','정기','M','40대',19,1492.73,11.11,47870,339
'2017-03','268',' 그랜드컨벤션센터 앞','정기','M','40대',37,3231.62,25.43,109630,623
'2017-03','270',' 증권거래소후문교차로','정기','M','40대',23,1546.4,12.82,55200,256
'2017-03','271',' 샛강생태공원방문자센터 앞','정기','M','40대',44,2997.27,26.08,112580,495
'2017-03','272',' 당산육갑문','정기','M','40대',65,9574.07,71.9,309960,1431
'2017-03','716','신정6동 주민센터 인근','정기','M','40대',20,3088.69,24.22,104350,625
'2017-03','139',' 연세대 정문 건너편','정기','M','40대',15,953.79,7.93,34220,172
'2017-03','719',' 홍익병원앞 교차로','정기','M','40대',10,1410.71,10.58,45590,383
'2017-03','816',' 신용산역 6번출구 앞','정기','M','40대',72,13029.56,94.94,409380,1875
'2017-03','817',' 삼각지역 4번출구 앞','정기','M','40대',5,1068.83,7.04,30400,155
'2017-03','818',' 숙명여대 입구 교차로','정기','M','40대',8,656.03,5.08,21890,141
'2017-03','819',' 선린인터넷 고등학교','정기','M','40대',60,8155.41,58.73,253080,1753
'2017-03','820',' 청파동입구 교차로','정기','M','40대',12,1390.89,10.71,46250,227
'2017-03','822',' 이촌1동 마을공원','정기','M','40대',21,3479.85,27.39,118080,710
'2017-03','823',' 효창동주민센터 앞','정기','M','40대',16,909.85,7.19,30950,257
'2017-03','825',' 서빙고동 주민센터 앞','정기','M','40대',94,16263.53,142.03,612000,3155
'2017-03','199',' 서울 월드컵 경기장','정기','M','40대',27,2181.21,17.16,74010,403
'2017-03','388',' 동성중학교 앞','정기','M','40대',26,2031.58,17.11,73680,445
'2017-03','584',' 광진광장 교통섬','정기','M','40대',9,608.61,4.92,21180,110
'2017-03','585',' 성수2가1동 공영주차장 인근','정기','M','40대',59,5126.07,43.33,186720,1038
'2017-03','586',' 마장동 주민센터','정기','M','40대',2,193.21,1.62,6970,66
'2017-03','900',' 은평예술회관','정기','M','40대',92,4307.39,38.52,166150,1310
'2017-03','901',' 응암1동사무소','정기','M','40대',25,824.43,6.72,29100,162
'2017-03','200',' 국회의원회관','정기','M','40대',81,10039.93,78.28,337270,1752
'2017-03','902',' 진관동 은빛초등학교','정기','M','40대',6,681.84,5.72,24710,180
'2017-03','903',' 은평뉴타운 아이파크','정기','M','40대',23,1233.79,9.58,41400,279
'2017-03','904',' 은평뉴타운 푸르지오','정기','M','40대',32,2124.36,16.32,70250,392
'2017-03','905',' 구파발역 2번출구','정기','M','40대',72,4253.45,32.46,140000,789
'2017-03','906',' 연신내역 5번출구150M 아래','정기','M','40대',58,4336.07,33.42,144020,899
'2017-03','907',' CJ 드림시티','정기','M','40대',57,8829.27,70.16,302510,1521
'2017-03','908',' 구산역 4번출구','정기','M','40대',10,588.96,4.72,20270,126
'2017-03','909',' 백련산 힐스테이트 3차','정기','M','40대',44,4257.58,33.69,145100,574
'2017-03','911',' 은평평화공원(역촌역4번출구)','정기','M','40대',41,1443.89,11.67,50390,357
'2017-03','201',' 진미파라곤 앞','정기','M','40대',59,5200.13,38.78,167120,1048
'2017-03','912',' 응암오거리','정기','M','40대',31,2130.17,17.62,75910,434
'2017-03','913',' 이마트 은평점','정기','M','40대',47,2618.41,20.34,87770,1067
'2017-03','914',' 새절역 2번출구','정기','M','40대',63,6630.16,56.08,241650,1383
'2017-03','915',' 증산역 4번출구','정기','M','40대',35,3315.99,28.82,124220,653
'2017-03','916',' 평생학습관 앞','정기','M','40대',24,1230.23,8.57,36910,218
'2017-03','917',' 녹번역 4번출구','정기','M','40대',53,2924.28,22.45,96560,597
'2017-03','919',' 서울혁신파크','정기','M','40대',30,1595.12,15.56,66990,468
'2017-03','921',' 신도고등학교','정기','M','40대',6,512.14,4.33,18680,100
'2017-03','202',' 국민일보 앞','정기','M','40대',149,11692.99,87.53,377540,2201
'2017-03','922',' 연신내역 4번출구','정기','M','40대',8,766.9,5.48,23630,172
'2017-03','923',' 국민은행 연서지점','정기','M','40대',19,2262.88,18.65,80410,622
'2017-03','924',' 메뚜기다리','정기','M','40대',6,379.23,2.79,12090,71
'2017-03','925',' 불광역 2번출구','정기','M','40대',23,1207.18,9.31,40130,270
'2017-03','926',' 불광역 8번출구','정기','M','40대',42,3431.33,27.4,118250,715
'2017-03','927',' 연신내역 3번출구 인근','정기','M','40대',23,2210.34,17.91,77350,536
'2017-03','928',' 은평역사한옥박물관','정기','M','40대',5,580.75,5.02,21620,207
'2017-03','930',' 구 서부경찰서 건너편','정기','M','40대',3,865.99,6.58,28370,93
'2017-03','931',' 역촌파출소','정기','M','40대',37,3026.39,22.56,97230,437
'2017-03','932',' 예일여중','정기','M','40대',22,2277.01,20.52,88490,440
'2017-03','933',' LG서비스 역촌점','정기','M','40대',29,2890.39,23.3,100290,540
'2017-03','587',' KEB하나은행 성수중앙지점','정기','M','40대',34,4208.27,33.68,145080,764
'2017-03','588',' 뚝섬 유원지역','정기','M','40대',9,462.35,3.64,15680,135
'2017-03','위트콤','위트콤','정기','M','40대',10,19.55,0.12,520,73
'2017-03','103',' 망원역 2번출구 앞','정기','M','40대',27,1834.31,13.97,60280,556
'2017-03','204',' 국회의사당역 5번출구 옆','정기','M','40대',52,4778.17,40.77,175760,892
'2017-03','203',' 국회의사당역 3번출구 옆','정기','M','40대',113,9001.98,74.36,320590,1709
'2017-03','205',' 산업은행 앞','정기','M','40대',72,8902.03,72.7,313400,2364
'2017-03','206',' KBS 앞','정기','M','40대',160,11982.1,102.41,441360,3146
'2017-03','209',' 유진투자증권빌딩 앞','정기','M','40대',70,4231.13,31.81,137170,995
'2017-03','210',' IFC몰','정기','M','40대',79,5913.17,45.19,194930,1550
'2017-03','211',' 여의도역 4번출구 옆','정기','M','40대',164,8314.82,62.83,270620,1698
'2017-03','212',' 여의도역 1번출구 옆','정기','M','40대',77,5101.43,37.95,163740,1101
'2017-03','213',' KT앞','정기','M','40대',119,8199.89,63.94,275600,1524
'2017-03','104',' 합정역 1번출구 앞','정기','M','40대',72,4535.43,34.82,150500,981
'2017-03','214',' 금융감독원 앞','정기','M','40대',82,7675.86,62.95,271360,1213
'2017-03','218',' 증권거래소 앞','정기','M','40대',30,2598.39,18.84,81140,378
'2017-03','219',' 롯데캐슬엠파이어 옆','정기','M','40대',59,3262.29,26.52,114330,640
'2017-03','220',' 미성아파트 A동 앞','정기','M','40대',65,11045.52,79.61,343210,1799
'2017-03','215',' 여의도고교 앞','정기','M','40대',76,6264.58,48.69,209700,1173
'2017-03','216',' 삼부아파트1동 앞','정기','M','40대',152,16713.85,126.6,545370,2612
'2017-03','217',' NH농협은행 앞','정기','M','40대',117,6216.89,49.39,213000,1489
'2017-03','221',' 여의도초교 앞','정기','M','40대',114,5480.24,42.73,183690,1025
'2017-03','222',' 시범아파트버스정류장 옆','정기','M','40대',135,9970.93,79.55,343030,2095
'2017-03','223',' 진주아파트상가 앞','정기','M','40대',105,4046.6,29.39,126800,749
'2017-03','105',' 합정역 5번출구 앞','정기','M','40대',22,1881.03,14.82,63970,451
'2017-03','224',' 롯데캐슬 앞','정기','M','40대',154,7079.5,57.3,247110,1501
'2017-03','225',' 앙카라공원 앞','정기','M','40대',84,3859.91,29.4,126410,769
'2017-03','226',' 샛강역 1번출구 앞','정기','M','40대',67,6731.19,54.03,232930,1177
'2017-03','207',' 여의나루역 1번출구 앞','정기','M','40대',210,15617.22,118.01,508610,2678
'2017-03','401',' 상암월드컵파크 10단지 앞','정기','M','40대',47,3914.05,35.33,152300,658
'2017-03','402',' 상암월드컵파크 9단지 앞','정기','M','40대',79,5071.94,39.12,168490,1065
'2017-03','403',' 부엉이공원 앞','정기','M','40대',42,3569.8,29,124950,731
'2017-03','106',' 합정역 7번출구 앞','정기','M','40대',98,8108.64,65.39,281930,1745
'2017-03','405',' DMC빌 앞','정기','M','40대',128,10222.76,83.24,359010,1819
'2017-03','406',' 상암월드컵파크 7단지 앞','정기','M','40대',38,3957.86,33.08,142490,827
'2017-03','421',' 마포구청 앞','정기','M','40대',125,9896.33,82.27,354550,1850
'2017-03','407',' 마포구 육아종합지원센터','정기','M','40대',74,5202.61,41.2,177390,1336
'2017-03','408',' LG CNS앞','정기','M','40대',126,8864.09,70.08,302280,1640
'2017-03','420',' 서울시 공공자전거 상암센터','정기','M','40대',24,3193.87,25.75,110970,630
'2017-03','409',' 누리꿈스퀘어 옆','정기','M','40대',132,8950.19,74.47,320820,2222
'2017-03','419',' 홈플러스 앞','정기','M','40대',87,7643.37,64.13,276580,1679
'2017-03','410',' 상암중학교 옆','정기','M','40대',31,1209.62,9.85,42530,265
'2017-03','418',' 월드컵경기장역 3번출구 옆','정기','M','40대',74,10838.6,84.87,366190,1596
'2017-03','107',' 신한은행 서교동금융센터점 앞','정기','M','40대',144,5728.06,46.82,201480,2839
'2017-03','411',' DMC홍보관','정기','M','40대',79,4072.2,30.73,132700,738
'2017-03','412',' DMC산학협력연구센터 앞','정기','M','40대',122,10280.31,79.31,341950,1878
'2017-03','413',' 상암월드컵파크 3단지 후문','정기','M','40대',84,6232.42,50.19,216070,1138
'2017-03','417',' DMC역 2번출구 옆','정기','M','40대',136,15786.62,120.82,521000,2334
'2017-03','414',' 상암동주민센터 옆','정기','M','40대',78,4133.59,35.49,152780,995
'2017-03','415',' DMC역 9번출구 앞','정기','M','40대',205,10498.55,84.35,363900,1955
'2017-03','416',' 상암월드컵파크 1단지 교차로','정기','M','40대',76,2540.88,22.34,96180,473
'2017-03','500',' 어린이대공원역 3번출구 앞','정기','M','40대',24,1671.51,14.08,60680,411
'2017-03','501',' 광진구의회 앞','정기','M','40대',68,5055.72,38.24,164630,1234
'2017-03','502',' 뚝섬유원지역 1번출구 앞','정기','M','40대',67,5500.86,45.04,194340,980
'2017-03','108',' 서교동 사거리','정기','M','50대',4,539.62,3.84,16520,149
'2017-03','504',' 신자초교입구교차로','정기','M','50대',3,273.42,2.23,9650,47
'2017-03','505',' 자양사거리 광진아크로텔 앞','정기','M','50대',4,660.07,5.56,23960,128
'2017-03','507',' 성수아이에스비즈타워 앞','정기','M','50대',1,63.94,0.56,2410,13
'2017-03','508',' 성수아카데미타워 앞','정기','M','50대',1,20.59,0.19,800,3
'2017-03','509',' 이마트 버스정류소 옆','정기','M','50대',11,1115.76,9.32,40190,259
'2017-03','510',' 서울숲 남문 버스정류소 옆','정기','M','50대',6,407.85,3.61,15540,131
'2017-03','511',' 서울숲역 4번 출구 옆','정기','M','50대',32,3394.75,26.58,114720,724
'2017-03','512',' 뚝섬역 1번 출구 옆','정기','M','50대',42,4599.39,38.74,167060,1115
'2017-03','109',' 제일빌딩 앞','정기','M','50대',11,1079.15,7.62,32910,158
'2017-03','400',' 상암한화오벨리스크 1차 앞','정기','M','50대',1,20.52,0.17,730,6
'2017-03','513',' 뚝섬역 5번 출구 정류소 옆','정기','M','50대',47,2643.92,21.81,93940,560
'2017-03','514',' 성수사거리 버스정류장 앞','정기','M','50대',19,716.13,6.39,27550,144
'2017-03','516',' 광진메디칼 앞','정기','M','50대',14,651.27,5.27,22790,134
'2017-03','300',' 정동사거리','정기','M','50대',64,3142.46,24.91,107550,697
'2017-03','301',' 경복궁역 7번출구 앞','정기','M','50대',28,1232.24,10.72,46110,273
'2017-03','302',' 경복궁역 4번출구 뒤','정기','M','50대',55,2561.99,20.86,89980,650
'2017-03','303',' 광화문역 1번출구 앞','정기','M','50대',71,2882.96,22.19,95640,614
'2017-03','115',' 사루비아 빌딩 앞','정기','M','50대',33,1620.98,14.56,62900,512
'2017-03','304',' 광화문역 2번출구 앞','정기','M','50대',50,2973.64,24.62,106220,764
'2017-03','305',' 종로구청 옆','정기','M','50대',70,3319.95,26.45,114150,842
'2017-03','306',' 광화문역 7번출구 앞','정기','M','50대',39,1755.4,14.8,63870,427
'2017-03','307',' 서울역사박물관 앞','정기','M','50대',19,980.35,8.36,35980,190
'2017-03','308',' 광화문 S타워 앞','정기','M','50대',16,772.24,6.04,26030,184
'2017-03','309',' 광화문역 6번출구 옆','정기','M','50대',48,2329.95,19.34,83300,550
'2017-03','310',' 청계광장 옆','정기','M','50대',36,1802.4,14.17,60970,388
'2017-03','311',' 서울광장 옆','정기','M','50대',55,3542.13,28.68,123580,1035
'2017-03','312',' 시청역 1번출구 뒤','정기','M','50대',34,1698.53,14.97,64520,478
'2017-03','313',' 서울역 광장 파출소 옆','정기','M','50대',17,910.96,7.12,30790,206
'2017-03','110',' 사천교','정기','M','50대',1,127.64,0.95,4080,25
'2017-03','314',' 국립현대미술관','정기','M','50대',32,1879.9,16.29,70240,433
'2017-03','315',' 신한은행 안국역지점 옆','정기','M','50대',13,1019.46,8.87,38210,301
'2017-03','316',' 종각역 1번출구 앞','정기','M','50대',35,3781.99,28.87,124430,971
'2017-03','318',' 광교사거리 남측','정기','M','50대',23,1923.63,14.47,62380,390
'2017-03','320',' 을지로입구역 4번출구 앞','정기','M','50대',11,707.7,6.09,26240,163
'2017-03','321',' KEB 하나은행 본점 앞','정기','M','50대',15,1224.58,9.57,41250,314
'2017-03','322',' 명동성당 앞','정기','M','50대',23,2658.21,21.81,94010,522
'2017-03','116',' 일진아이윌아파트 옆','정기','M','50대',20,917.71,6.83,29510,212
'2017-03','324',' 신세계백화점 본점 앞','정기','M','50대',11,946.74,7.49,32310,300
'2017-03','326',' 안국역 5번출구 앞','정기','M','50대',79,6584.71,57.33,247080,1434
'2017-03','327',' 낙원상가 옆','정기','M','50대',35,2588.69,22.92,98730,733
'2017-03','328',' 탑골공원 앞','정기','M','50대',30,2260.3,19,81880,567
'2017-03','329',' 청계2가 사거리 옆','정기','M','50대',19,1178.06,10.39,44670,343
'2017-03','330',' 청계천 한빛광장','정기','M','50대',9,704.71,5.8,24990,176
'2017-03','331',' 을지로2가 사거리 북측','정기','M','50대',10,622.94,5.15,22240,202
'2017-03','332',' 을지로2가 사거리 남측','정기','M','50대',17,1559.47,12.11,52160,370
'2017-03','111',' 상수역 2번출구 앞','정기','M','50대',5,1213.71,9.12,39290,239
'2017-03','334',' 종로3가역 2번출구 뒤','정기','M','50대',86,6331.07,52.13,224640,1236
'2017-03','335',' 종로3가역 15번출구 앞','정기','M','50대',50,4789.44,40.85,176000,1197
'2017-03','336',' 티마크 호텔 앞','정기','M','50대',24,1637.09,13.46,58000,490
'2017-03','337',' 창경궁 입구','정기','M','50대',24,1208.39,10.54,45410,353
'2017-03','338',' 세운스퀘어 앞','정기','M','50대',24,1416.29,12.49,53810,419
'2017-03','339',' 종로4가 사거리','정기','M','50대',39,2695.32,20.08,86510,778
'2017-03','340',' 혜화동 로터리','정기','M','50대',43,4116,32.99,142180,898
'2017-03','341',' 혜화역 3번출구 뒤','정기','M','50대',18,1503.85,11.74,50570,372
'2017-03','342',' 대학로 마로니에공원','정기','M','50대',50,2941.74,21.74,93660,675
'2017-03','343',' 예일빌딩(율곡로) 앞','정기','M','50대',18,595.94,4.42,18900,92
'2017-03','112',' 극동방송국 앞','정기','M','50대',16,1175.29,9.42,40690,270
'2017-03','344',' 성균관대 E하우스 앞','정기','M','50대',26,1101.68,8.1,35020,241
'2017-03','345',' 서울보증보험본사 앞','정기','M','50대',7,353.6,2.9,12520,74
'2017-03','346',' 맥스타일 앞','정기','M','50대',26,1945.91,15.54,66950,501
'2017-03','347',' 동대문역사문화공원역 9번출구 앞','정기','M','50대',31,1613.33,12.83,55450,383
'2017-03','349',' 사직동주민센터','정기','M','50대',28,1369.3,9.81,42310,1132
'2017-03','350','KEB 하나은행(내자동 지점) 앞','정기','M','50대',17,940.96,7.41,31950,204
'2017-03','351',' 청운초교 앞 삼거리','정기','M','50대',130,9416.07,84.6,364640,2008
'2017-03','352',' 중앙고입구 삼거리','정기','M','50대',26,1646.53,13.84,59650,300
'2017-03','353',' 재동초교 앞 삼거리','정기','M','50대',28,1367.43,12.29,52890,385
'2017-03','117',' 홍은사거리','정기','M','50대',32,4137.27,34.88,150410,712
'2017-03','354',' 포르투갈 대사관 앞','정기','M','50대',28,1790.38,15.21,65550,376
'2017-03','355',' 서울사대부속초교 앞','정기','M','50대',18,1196.34,9.19,39630,523
'2017-03','356',' KT혜화지사 앞','정기','M','50대',20,1409.7,10.7,45930,273
'2017-03','358',' 성대입구 사거리','정기','M','50대',50,3767.79,31.84,137150,749
'2017-03','359',' 원남동사거리','정기','M','50대',46,1960.85,13.74,59380,383
'2017-03','361',' 동묘앞역 1번출구 뒤','정기','M','50대',17,1517.3,12.94,55730,492
'2017-03','362',' 청계8가 사거리','정기','M','50대',30,1747.7,21.29,91820,460
'2017-03','363',' 신설동역 11번출구 뒤','정기','M','50대',3,671.71,5.4,23240,119
'2017-03','364',' 창신역 1번출구 앞','정기','M','50대',9,675.11,6.38,27540,149
'2017-03','113',' 홍대입구역 2번출구 앞','정기','M','50대',18,1002.13,7.35,31670,183
'2017-03','367',' 독립문역 3-1번출구 ','정기','M','50대',29,1741.22,13.03,56240,334
'2017-03','368',' SK 서린빌딩 앞','정기','M','50대',11,775.4,6.78,29210,210
'2017-03','369',' 광화문 시민열린마당','정기','M','50대',3,168.25,1.29,5560,35
'2017-03','348',' 독립문역 사거리','정기','M','50대',9,521.95,4.23,18220,136
'2017-03','370',' 시청역(2호선) 9번출구 뒤','정기','M','50대',15,1239.76,9.34,40340,301
'2017-03','371',' 동대입구역 6번출구 뒤','정기','M','50대',5,408.46,3.84,16550,105
'2017-03','372',' 약수역 3번출구 뒤','정기','M','50대',4,259.35,2.27,9790,74
'2017-03','374',' 청구역 2번출구 앞','정기','M','50대',13,1268.09,11.34,48840,307
'2017-03','118',' 광흥창역 2번출구 앞','정기','M','50대',13,1390.87,10.79,46560,202
'2017-03','375',' 다산 어린이공원','정기','M','50대',7,983.28,8.86,38200,205
'2017-03','377',' 서울역 4번출구 앞','정기','M','50대',6,543.63,4,17250,99
'2017-03','378',' 청계7가 사거리','정기','M','50대',12,822.97,7.35,31660,186
'2017-03','379',' 서울역9번출구','정기','M','50대',7,374.18,3.23,13860,85
'2017-03','380',' CJ제일제당 앞','정기','M','50대',47,2647.78,20.17,86900,452
'2017-03','382',' 약수역 10번출구 앞','정기','M','50대',15,1557.62,12.94,55770,378
'2017-03','383',' 신당역 12번 출구 뒤','정기','M','50대',9,726.27,5.23,22530,186
'2017-03','384',' 종로학원본원 ','정기','M','50대',12,823.3,7.2,30970,183
'2017-03','114',' 홍대입구역 8번출구 앞','정기','M','50대',8,614.69,5.5,23650,129
'2017-03','142',' 아현역 4번출구 앞','정기','M','50대',15,482.71,4.16,17930,92
'2017-03','143',' 공덕역 2번출구','정기','M','50대',28,2093.73,17.12,73820,433
'2017-03','144',' 공덕역 8번출구','정기','M','50대',16,2182.25,17.87,77010,401
'2017-03','145',' 공덕역 5번출구','정기','M','50대',17,1090.34,9.19,39640,308
'2017-03','146',' 마포역 1번출구 뒤','정기','M','50대',52,7243.08,66.8,287960,1942
'2017-03','147',' 마포역 4번출구 뒤','정기','M','50대',23,2859.33,23.3,100450,627
'2017-03','148',' 용강동 주민센터 앞','정기','M','50대',5,816.79,6.9,29780,180
'2017-03','150',' 서강대역 2번출구 앞','정기','M','50대',22,2017.33,17.44,75250,407
'2017-03','151',' 망원1동주민센터','정기','M','50대',3,496.21,3.25,13980,74
'2017-03','152',' 마포구민체육센터 앞','정기','M','50대',5,726.23,5.05,21780,106
'2017-03','119',' 서강나루 공원','정기','M','50대',20,2431.84,19.66,84770,395
'2017-03','153',' 성산2교 사거리','정기','M','50대',2,224.16,1.66,7170,54
'2017-03','154',' 마포구청역 ','정기','M','50대',9,1079.47,7.85,33880,212
'2017-03','155',' 가좌역1 번출구 뒤','정기','M','50대',13,908.61,7.77,33550,203
'2017-03','156',' 서울서부지방법원 앞','정기','M','50대',19,925.31,7.5,32420,241
'2017-03','157',' 애오개역 4번출구 앞','정기','M','50대',12,739.08,6.26,27050,268
'2017-03','158',' 독립문 어린이 공원','정기','M','50대',40,2346.33,18.71,80450,685
'2017-03','159',' 이대역 4번 출구','정기','M','50대',8,395.61,3.68,15830,145
'2017-03','160',' 북아현동 가구거리','정기','M','50대',34,3291.11,27.18,117110,723
'2017-03','161',' 무악재역1번 출구','정기','M','50대',9,6181.47,47.53,204880,258
'2017-03','162',' 봉원고가차도 밑','정기','M','50대',14,731.57,6.72,28950,178
'2017-03','120',' 신수동 사거리','정기','M','50대',5,266.07,2.16,9300,49
'2017-03','163',' 명지전문대학교 정문 앞','정기','M','50대',9,461.79,3.88,16790,86
'2017-03','164',' 북가좌1동 주민센터 ','정기','M','50대',2,408.61,2.9,12480,57
'2017-03','165',' 중앙근린공원','정기','M','50대',19,1742.97,15.72,67730,372
'2017-03','166',' 가재울 초등학교','정기','M','50대',56,4416.02,34.5,148540,910
'2017-03','167',' 연가초등학교 옆','정기','M','50대',10,796.25,6.77,29210,122
'2017-03','168',' 남가좌동 사거리','정기','M','50대',11,664.78,5.92,25550,137
'2017-03','169',' 북가좌 삼거리','정기','M','50대',26,3075.19,23.85,102850,441
'2017-03','170',' 가재울 뉴타운 주유소 옆','정기','M','50대',1,27.32,0.21,920,8
'2017-03','171',' 임광빌딩 앞','정기','M','50대',32,1772.05,14.37,61970,332
'2017-03','172',' 서대문소방서','정기','M','50대',14,1012.32,8.14,35120,210
'2017-03','121',' 마포소방서 앞','정기','M','50대',15,650.94,5.5,23720,166
'2017-03','173',' 서대문역 8번출구 앞','정기','M','50대',30,2335.68,17.26,74510,522
'2017-03','175',' 홍연2교옆','정기','M','50대',50,5309.16,41.54,179100,765
'2017-03','179',' 가좌역 4번출구 앞','정기','M','50대',37,2909.8,22.97,99040,438
'2017-03','180',' 충정로역 7번출구 뒤','정기','M','50대',25,2082.93,17.36,74890,435
'2017-03','518',' 청계천 박물관 앞','정기','M','50대',9,1267.7,9.26,39840,220
'2017-03','519',' 양지사거리','정기','M','50대',2,57.64,0.49,2110,18
'2017-03','520',' 상왕십리역 4번 출구 앞','정기','M','50대',5,621.4,4.57,19690,106
'2017-03','521',' 왕십리역 11번 출구 앞','정기','M','50대',13,714.88,5.9,25420,214
'2017-03','522',' 금호역 1번출구 앞','정기','M','50대',1,25.95,0.21,910,4
'2017-03','523',' 옥수동성당 옆','정기','M','50대',1,94.98,0.86,3690,20
'2017-03','122',' 신성기사식당 앞','정기','M','50대',1,49.06,0.41,1770,12
'2017-03','524',' 래미안금호하이리버 아파트 102동 옆','정기','M','50대',7,1091.74,9.28,39980,258
'2017-03','525',' 한양대병원사거리','정기','M','50대',4,322.27,2.6,11210,64
'2017-03','526',' 용답토속공원 앞','정기','M','50대',4,287.52,2.54,10970,57
'2017-03','529',' 장한평역 8번 출구 앞','정기','M','50대',19,1006.9,8.36,36120,362
'2017-03','530',' 청계벽산아파트 앞','정기','M','50대',6,433.9,3.89,16790,78
'2017-03','533',' 우리은행 금호동 지점 앞','정기','M','50대',3,333.72,2.73,11770,64
'2017-03','534',' 금호사거리','정기','M','50대',7,463.27,3.93,16890,164
'2017-03','535',' 응봉삼거리','정기','M','50대',5,266.67,2.21,9580,46
'2017-03','536',' 행당역 2번출구 앞','정기','M','50대',3,59.74,0.56,2410,34
'2017-03','537',' 한양대후문역 부근','정기','M','50대',12,1606.21,14.08,60750,283
'2017-03','123',' 문화촌 공원','정기','M','50대',11,1120.43,9.9,42690,261
'2017-03','538',' 답십리역 8번출구 앞','정기','M','50대',9,702.86,6.19,26700,141
'2017-03','550',' 서울시설공단 앞','정기','M','50대',10,493.78,4.33,18680,172
'2017-03','539',' 군자교교차로','정기','M','50대',7,437.95,3.92,16860,147
'2017-03','540',' 군자역 7번출구 베스트샵 앞','정기','M','50대',17,653.02,5.29,22680,123
'2017-03','544',' 광남중학교','정기','M','50대',8,1837.06,16.56,71370,290
'2017-03','546',' 잠실대교북단 교차로','정기','M','50대',1,114.21,0.96,4120,18
'2017-03','548',' 자양나들목','정기','M','50대',2,193.85,1.8,7770,61
'2017-03','549',' 아차산역 3번출구','정기','M','50대',3,372.3,2.56,11070,87
'2017-03','124',' 서강대 정문 건너편','정기','M','50대',39,2845.4,24.69,106540,634
'2017-03','600',' 휘경2동 주민센터','정기','M','50대',16,831.22,7.26,31260,234
'2017-03','601',' 용신동주민센터','정기','M','50대',14,727.54,5.95,25650,227
'2017-03','602',' 장안동 사거리','정기','M','50대',1,26.14,0.2,880,4
'2017-03','605',' 신설동역8번출구','정기','M','50대',19,1680.61,14.21,61270,470
'2017-03','606',' 휘경공고앞','정기','M','50대',1,131.19,0.94,4040,18
'2017-03','607',' 신이문역 2번출구','정기','M','50대',4,372.48,2.96,12770,70
'2017-03','609',' 제기2교','정기','M','50대',11,1850.73,16.01,69040,448
'2017-03','125',' 서강대 남문 옆','정기','M','50대',14,838.63,7.41,31960,197
'2017-03','610',' 동대문중 교차로','정기','M','50대',3,244.87,1.85,7970,47
'2017-03','612',' 시립동부병원 앞 사거리','정기','M','50대',1,79.44,0.55,2360,14
'2017-03','613',' 신설동역 10번출구 앞','정기','M','50대',26,1501.12,13.35,57610,386
'2017-03','614',' 용두동 사거리','정기','M','50대',17,1482.57,11.81,50800,339
'2017-03','615',' 용두동 레미안허브리츠아파트 앞','정기','M','50대',20,2483.38,22.37,96480,516
'2017-03','616',' 서울시립대 앞','정기','M','50대',5,216.94,1.78,7670,55
'2017-03','617',' 청솔우성아파트 앞','정기','M','50대',40,5987.4,47.56,204940,937
'2017-03','227',' 양평2나들목 보행통로 입구','정기','M','50대',7,1123.48,8.8,37960,226
'2017-03','228',' 선유도역 3번출구 앞','정기','M','50대',8,1231.87,8.79,37940,251
'2017-03','229',' 양평1 보행육교 앞','정기','M','50대',15,1863.69,12.24,52760,314
'2017-03','126',' 서강대 후문 옆','정기','M','50대',12,1606.05,13.01,56140,259
'2017-03','231',' 남부고용노동지청 남측','정기','M','50대',9,625.86,4.97,21390,160
'2017-03','232',' 양평우림 이비즈센타 앞','정기','M','50대',63,6279.64,41.43,178580,939
'2017-03','233',' YP 센터 앞','정기','M','50대',1,86.68,0.67,2880,15
'2017-03','234',' 영등포구민체육센터 앞','정기','M','50대',7,263.09,2.22,9580,73
'2017-03','235',' 신길동 우리은행 옆','정기','M','50대',4,386.85,3.46,14880,109
'2017-03','237',' 보라매 두산위브 건너편','정기','M','50대',3,504.65,4.05,17470,96
'2017-03','238',' 제2구민체육센타 앞','정기','M','50대',14,510.42,4,17280,98
'2017-03','239',' 유스호스텔 앞','정기','M','50대',10,630.83,4.71,20320,124
'2017-03','240',' 문래역 4번출구 앞','정기','M','50대',3,257.51,1.78,7650,64
'2017-03','127',' 현대벤처빌 앞','정기','M','50대',5,350.85,3.12,13450,83
'2017-03','241',' 신길우성1차아파트 앞 공원','정기','M','50대',1,104.23,0.87,3760,24
'2017-03','242',' 신길선원가와인아파트 앞','정기','M','50대',3,150.47,1.16,5030,29
'2017-03','243',' 이앤씨드림타워 앞','정기','M','50대',1,13.59,0.12,520,3
'2017-03','244',' 영등포삼환아파트 앞','정기','M','50대',31,2513.79,19.4,83660,485
'2017-03','245',' 삼성생명 당산사옥 앞','정기','M','50대',9,1187.02,8.7,37550,186
'2017-03','247',' 당산역 10번출구 앞','정기','M','50대',83,6764,51.87,223880,1139
'2017-03','248',' 초원아파트 앞','정기','M','50대',28,2640.01,20.13,86710,422
'2017-03','249',' 여의도중학교 옆','정기','M','50대',4,727.21,5.21,22460,128
'2017-03','250',' 대림아파트 사거리','정기','M','50대',1,53.54,0.48,2080,11
'2017-03','251',' 서울지방병무청 버스정류장','정기','M','50대',1,53.27,0.41,1770,12
'2017-03','101',' (구)합정동 주민센터','정기','M','50대',1,103.23,0.8,3430,15
'2017-03','128',' 신촌역(2호선) 1번출구 옆','정기','M','50대',13,794.7,6.88,29720,223
'2017-03','252',' 보라매역4번출구','정기','M','50대',4,74.78,0.61,2650,23
'2017-03','253',' 신풍역 5번출구 인근','정기','M','50대',51,1867.2,15.77,68020,480
'2017-03','254',' 도림신협 앞','정기','M','50대',1,53.46,0.42,1800,13
'2017-03','255',' 도림4거리','정기','M','50대',38,1557.75,13.13,56590,400
'2017-03','256',' 동아에코빌입구','정기','M','50대',6,521.99,4.94,21260,119
'2017-03','257',' 신길삼거리(우리은행)','정기','M','50대',3,404.34,3.53,15240,88
'2017-03','258',' 신길역3번출구','정기','M','50대',15,2575.66,19.29,83180,426
'2017-03','259',' 대방역6번출구','정기','M','50대',26,3643.07,27.51,118700,468
'2017-03','700',' KB국민은행 염창역 지점 앞','정기','M','50대',15,2937.86,21.1,90920,434
'2017-03','701',' 목동사거리 부근','정기','M','50대',9,1067.97,9.18,39660,228
'2017-03','129',' 신촌역(2호선) 6번출구 옆','정기','M','50대',10,410.53,3.63,15610,167
'2017-03','702',' 목4동주민센터 옆','정기','M','50대',1,68.97,0.72,3110,17
'2017-03','703',' 오목교역 7번출구 앞','정기','M','50대',16,1474.2,12.25,52810,341
'2017-03','704',' 남부법원검찰청 교차로','정기','M','50대',11,805.47,6.39,27520,194
'2017-03','706',' 신정네거리역','정기','M','50대',2,91.76,0.79,3420,26
'2017-03','707',' 신정3동주민센터','정기','M','50대',5,461.81,3.86,16660,87
'2017-03','708',' 서울출입국관리사무소 앞','정기','M','50대',18,2304.33,14.9,64260,698
'2017-03','709',' 신정3동 현장민원실 앞','정기','M','50대',3,574.8,4.33,18680,119
'2017-03','712',' 강월초교입구 사거리','정기','M','50대',1,177.61,1.39,5980,33
'2017-03','130',' 신촌역(2호선) 7번출구 앞','정기','M','50대',18,987.53,8.48,36460,211
'2017-03','714',' 한국SGI 양천문화회관 앞','정기','M','50대',7,1080.83,9.74,41990,252
'2017-03','800',' 목월공원 앞','정기','M','50대',26,4263.41,34.6,149100,838
'2017-03','802',' 한강진역 2번 출구 앞','정기','M','50대',9,1396.41,12.59,54250,414
'2017-03','803',' 한남초교 앞 보도육교','정기','M','50대',2,320.28,2.34,10080,89
'2017-03','805',' 문배어린이공원 앞','정기','M','50대',5,459.51,3.94,16970,148
'2017-03','806',' 전자랜드 본관 앞','정기','M','50대',3,248.52,2.03,8730,63
'2017-03','807',' 서울역 12번 출구 앞','정기','M','50대',16,1143.28,9.4,40510,260
'2017-03','808',' 서빙고동 금호맨션 앞','정기','M','50대',3,422.94,3.03,13070,64
'2017-03','131',' 증산2교','정기','M','50대',7,1600.13,12.73,54840,235
'2017-03','809',' 한남 유수지 복개주차장','정기','M','50대',8,2045.51,14.09,60770,301
'2017-03','810',' 이태원지하보도','정기','M','50대',1,76.32,0.61,2640,12
'2017-03','811',' 녹사평역1번출구','정기','M','50대',1,26.63,0.19,820,4
'2017-03','812',' 용산전쟁기념관','정기','M','50대',8,333.39,2.75,11910,92
'2017-03','813',' 삼각지역 3번출구','정기','M','50대',4,693.64,5.37,23120,154
'2017-03','815',' LIG강촌아파트 103동앞','정기','M','50대',3,421.08,3.58,15420,83
'2017-03','385',' 종각역 5번출구','정기','M','50대',18,1673.98,13.24,57090,522
'2017-03','386',' 올림픽기념 국민생활관 앞','정기','M','50대',6,632.69,5.71,24580,99
'2017-03','387',' 훈련원공원주차장 앞','정기','M','50대',38,6851.87,60.36,260230,1422
'2017-03','181',' 망원초록길 입구','정기','M','50대',13,2879.17,30.19,130170,511
'2017-03','132',' 창천문화공원','정기','M','50대',9,780.03,6.52,28140,156
'2017-03','182',' 망원2빗물펌프장 앞','정기','M','50대',5,1245.79,9.47,40840,318
'2017-03','183',' 하늘채코오롱아파트 건너편','정기','M','50대',71,3730.44,29.31,126330,770
'2017-03','184',' SK망원동주유소 건너편','정기','M','50대',4,435.21,3.53,15170,136
'2017-03','185',' 마포 신수공원 앞','정기','M','50대',41,2314.59,20,86110,544
'2017-03','186',' 월드컵공원','정기','M','50대',21,2223.86,19.48,83920,677
'2017-03','188',' 홍은동 정원여중 입구','정기','M','50대',23,3141.55,24.89,107300,443
'2017-03','191',' 정명학원','정기','M','50대',4,254.49,2.18,9410,56
'2017-03','192',' 연서어린이공원','정기','M','50대',1,117.85,1.15,4960,40
'2017-03','178',' 증산3교 앞','정기','M','50대',2,329.96,2.47,10640,61
'2017-03','133',' 해담는다리','정기','M','50대',9,1143.29,9.77,42160,208
'2017-03','194',' 증산교 앞','정기','M','50대',38,2518.9,22.61,97550,500
'2017-03','195',' 모래내고가차도 ','정기','M','50대',2,212.32,1.64,7060,32
'2017-03','196',' 연희교차로 인근','정기','M','50대',6,659.51,5.27,22740,136
'2017-03','198',' 충정2교','정기','M','50대',16,1161.66,9.54,41090,278
'2017-03','556',' 달맞이공원','정기','M','50대',4,968.68,7.64,32930,160
'2017-03','557',' 도선동 주민센터 앞','정기','M','50대',11,460.23,4.14,17880,173
'2017-03','558',' 성동광진 교육지원청 앞','정기','M','50대',11,454.35,3.64,15650,111
'2017-03','134',' 연세로 명물길','정기','M','50대',3,88.8,0.8,3450,31
'2017-03','559',' 왕십리역 4번 출구 건너편','정기','M','50대',20,1446.23,12.12,52260,255
'2017-03','560',' 비전교회 앞','정기','M','50대',11,434.88,3.73,16090,136
'2017-03','561',' 서울숲역 2번출구 앞','정기','M','50대',2,36.29,0.33,1410,21
'2017-03','562',' 군자지하보도 앞','정기','M','50대',29,1529.59,12.61,54350,515
'2017-03','563',' 성동세무서 건너편','정기','M','50대',8,680.99,5.29,22790,132
'2017-03','564',' 금호역 3번출구','정기','M','50대',2,128.6,1,4330,38
'2017-03','565',' 옥수역 3번출구','정기','M','50대',22,6049.29,44.45,191630,768
'2017-03','567',' 성수역 2번출구 앞','정기','M','50대',18,1154.64,9.7,41720,262
'2017-03','568',' 청계8가사거리 부근','정기','M','50대',12,1029.2,8.29,35710,216
'2017-03','135',' 명물길 원형무대 앞','정기','M','50대',2,66.91,0.5,2170,14
'2017-03','569',' 응봉현대아파트 정류소','정기','M','50대',23,2065.3,17.36,74760,463
'2017-03','578',' 성동세무서 부근','정기','M','50대',5,191.25,1.73,7430,180
'2017-03','579',' 마장역 4번출구','정기','M','50대',12,720.8,6.2,26800,231
'2017-03','580',' 신금호역 3번출구 뒤','정기','M','50대',4,110.63,0.91,3880,12
'2017-03','581',' 용답초등학교','정기','M','50대',3,159.38,1.34,5750,33
'2017-03','582',' 경일중학교 앞','정기','M','50대',4,246.07,2.06,8850,62
'2017-03','583',' 청계천 생태교실 앞','정기','M','50대',18,3326.5,28.87,124370,611
'2017-03','551',' 구의삼성쉐르빌 앞','정기','M','50대',18,1099.87,8.77,37870,252
'2017-03','552',' 대림아크로리버 앞','정기','M','50대',1,27.94,0.26,1120,6
'2017-03','553',' 중곡 성원APT 앞','정기','M','50대',23,3285.42,30.73,132470,707
'2017-03','571',' 어린이대공원역6번출구','정기','M','50대',10,708.55,5.69,24510,123
'2017-03','572',' 국립정신 건강센터 앞','정기','M','50대',5,1097.4,10.06,43310,210
'2017-03','573',' 구의문주차장 앞','정기','M','50대',6,294.5,2.22,9570,82
'2017-03','574',' 아차산역4번출구','정기','M','50대',7,1145.35,7.89,33980,178
'2017-03','575',' 중앙농협 중곡지점','정기','M','50대',18,3105.91,22.75,98040,509
'2017-03','577',' 광진청소년수련관','정기','M','50대',4,645.95,5.13,22160,120
'2017-03','621',' 동대문중학교 옆','정기','M','50대',2,114.54,1.04,4450,18
'2017-03','137',' NH농협 신촌지점 앞','정기','M','50대',3,129.66,1.06,4530,56
'2017-03','622',' 전농사거리 교통섬','정기','M','50대',4,226.09,2.04,8780,66
'2017-03','623',' 서울시립대 정문 앞','정기','M','50대',7,377.41,3.27,14110,70
'2017-03','624',' 전농동 동아아파트 앞','정기','M','50대',39,1814.38,11.9,51100,647
'2017-03','625',' 답십리초등학교 앞(현대시장 옆)','정기','M','50대',4,189.82,1.5,6450,46
'2017-03','627',' 장안동삼거리 교통섬','정기','M','50대',4,733.48,5.57,24020,71
'2017-03','628',' 휘봉고등학교 앞','정기','M','50대',1,60.89,0.48,2050,12
'2017-03','630',' 동대문구 보건소','정기','M','50대',9,924.43,7.36,31760,224
'2017-03','631',' 답십리역 1번출구','정기','M','50대',62,6479.55,58.07,250300,1630
'2017-03','102',' 망원역 1번출구 앞','정기','M','50대',7,472.67,4.11,17730,155
'2017-03','138',' 신촌동 제1공영주차장 앞','정기','M','50대',14,701.92,5.56,23940,145
'2017-03','633',' 청량리 기업은행 앞','정기','M','50대',29,1881.71,16.25,69910,847
'2017-03','634',' 외국어대 정문 앞','정기','M','50대',6,224.08,1.64,7080,44
'2017-03','635',' 시조사 앞 (청량고정문 옆)','정기','M','50대',23,1346.48,12.09,52100,328
'2017-03','636',' 세종대왕기념관 교차로','정기','M','50대',6,700.67,5.44,23450,150
'2017-03','637',' KAIST 경영대학 앞','정기','M','50대',4,874.75,6.27,27030,153
'2017-03','638',' 서울시립대 정보기술관','정기','M','50대',1,71.11,0.62,2680,18
'2017-03','639',' 서울시립대 후문','정기','M','50대',1,65.48,0.49,2120,10
'2017-03','640',' KEB하나은행 청량리역지점','정기','M','50대',3,414.6,3.45,14860,95
'2017-03','641',' 용두역 4번출구','정기','M','50대',30,2559.02,21.92,94490,632
'2017-03','642',' 신답역 사거리','정기','M','50대',25,1292.46,9.63,41640,684
'2017-03','140',' 이화여대 후문','정기','M','50대',11,351.79,3.1,13410,72
'2017-03','643',' 동대문구민체육센터 (육교아래)','정기','M','50대',6,1519.13,13.22,57000,264
'2017-03','230',' 영등포구청역 1번출구','정기','M','50대',41,2023.83,13.91,60020,379
'2017-03','260',' 여의도 마리나선착장 앞','정기','M','50대',4,455.21,3.42,14740,64
'2017-03','262',' 영문초등학교 사거리','정기','M','50대',27,1347.48,9.79,42250,248
'2017-03','263',' 근로자회관 사거리','정기','M','50대',9,1553.09,10.75,46310,258
'2017-03','264',' 교보생명보험 앞','정기','M','50대',26,1455.21,12.14,52450,372
'2017-03','265',' 영등포유통상가 사거리','정기','M','50대',3,142.32,1.14,4880,28
'2017-03','141',' 연대 대운동장 옆','정기','M','50대',27,1311.9,11.59,49980,454
'2017-03','266',' 영등포청과시장 사거리','정기','M','50대',9,1164.39,8.93,38500,258
'2017-03','267',' 삼성화재 사옥 옆','정기','M','50대',4,443.06,3.41,14670,79
'2017-03','268',' 그랜드컨벤션센터 앞','정기','M','50대',2,79.22,0.59,2530,15
'2017-03','270',' 증권거래소후문교차로','정기','M','50대',3,664.76,5.81,25080,113
'2017-03','271',' 샛강생태공원방문자센터 앞','정기','M','50대',30,2926.37,20.11,86770,424
'2017-03','272',' 당산육갑문','정기','M','50대',17,2235.36,17.73,76410,531
'2017-03','716','신정6동 주민센터 인근','정기','M','50대',19,2505.89,21.07,90790,469
'2017-03','139',' 연세대 정문 건너편','정기','M','50대',9,727.73,6.07,26100,148
'2017-03','719',' 홍익병원앞 교차로','정기','M','50대',2,76.06,0.66,2860,14
'2017-03','816',' 신용산역 6번출구 앞','정기','M','50대',27,3448.79,27.43,118230,790
'2017-03','817',' 삼각지역 4번출구 앞','정기','M','50대',2,27.91,0.24,1020,7
'2017-03','818',' 숙명여대 입구 교차로','정기','M','50대',1,128.81,0.99,4280,28
'2017-03','819',' 선린인터넷 고등학교','정기','M','50대',4,251.18,2,8630,48
'2017-03','820',' 청파동입구 교차로','정기','M','50대',8,722.82,5.22,22480,146
'2017-03','822',' 이촌1동 마을공원','정기','M','50대',16,2685.43,21.55,92890,390
'2017-03','823',' 효창동주민센터 앞','정기','M','50대',1,43.66,0.34,1470,8
'2017-03','825',' 서빙고동 주민센터 앞','정기','M','50대',14,3004.82,24.92,107400,561
'2017-03','199',' 서울 월드컵 경기장','정기','M','50대',24,1817.42,15.72,67810,345
'2017-03','388',' 동성중학교 앞','정기','M','50대',15,1178.87,9.48,40850,310
'2017-03','584',' 광진광장 교통섬','정기','M','50대',10,669.09,5.36,23120,163
'2017-03','585',' 성수2가1동 공영주차장 인근','정기','M','50대',2,251.1,1.86,8030,46
'2017-03','586',' 마장동 주민센터','정기','M','50대',17,1119.43,8.41,36250,239
'2017-03','900',' 은평예술회관','정기','M','50대',7,248.91,2.25,9670,71
'2017-03','901',' 응암1동사무소','정기','M','50대',10,826.06,6.44,27770,184
'2017-03','200',' 국회의원회관','정기','M','50대',30,3679.09,27.62,119140,576
'2017-03','903',' 은평뉴타운 아이파크','정기','M','50대',9,325.33,2.91,12640,408
'2017-03','904',' 은평뉴타운 푸르지오','정기','M','50대',14,1925.55,14.59,62930,348
'2017-03','905',' 구파발역 2번출구','정기','M','50대',21,1714.5,13.87,59840,317
'2017-03','906',' 연신내역 5번출구150M 아래','정기','M','50대',9,503.95,4.65,19980,185
'2017-03','907',' CJ 드림시티','정기','M','50대',22,2335.19,19.9,85900,426
'2017-03','909',' 백련산 힐스테이트 3차','정기','M','50대',25,2892.08,25.98,111930,586
'2017-03','911',' 은평평화공원(역촌역4번출구)','정기','M','50대',17,1452.97,12.16,52340,238
'2017-03','201',' 진미파라곤 앞','정기','M','50대',14,912.56,7.46,32180,175
'2017-03','912',' 응암오거리','정기','M','50대',33,1432.92,13.07,56250,320
'2017-03','913',' 이마트 은평점','정기','M','50대',34,1945.88,17.15,73870,519
'2017-03','914',' 새절역 2번출구','정기','M','50대',30,5578.47,56.63,244170,924
'2017-03','915',' 증산역 4번출구','정기','M','50대',12,2006.8,16.7,72010,359
'2017-03','916',' 평생학습관 앞','정기','M','50대',3,238.68,2.33,10030,40
'2017-03','917',' 녹번역 4번출구','정기','M','50대',10,509.16,4.2,18110,139
'2017-03','919',' 서울혁신파크','정기','M','50대',5,435.14,3.33,14370,174
'2017-03','202',' 국민일보 앞','정기','M','50대',24,1623.1,13.93,59960,368
'2017-03','922',' 연신내역 4번출구','정기','M','50대',12,2333.42,17.57,75720,352
'2017-03','923',' 국민은행 연서지점','정기','M','50대',3,99.51,0.78,3350,24
'2017-03','924',' 메뚜기다리','정기','M','50대',2,81.51,0.63,2720,11
'2017-03','925',' 불광역 2번출구','정기','M','50대',8,1223.21,10.33,44480,220
'2017-03','926',' 불광역 8번출구','정기','M','50대',9,797.79,6.07,26190,147
'2017-03','927',' 연신내역 3번출구 인근','정기','M','50대',9,1508.23,11.55,49800,257
'2017-03','928',' 은평역사한옥박물관','정기','M','50대',1,70.39,0.55,2370,10
'2017-03','930',' 구 서부경찰서 건너편','정기','M','50대',2,181.47,1.42,6110,49
'2017-03','931',' 역촌파출소','정기','M','50대',7,364.08,3.13,13480,88
'2017-03','932',' 예일여중','정기','M','50대',2,118.09,1.02,4360,60
'2017-03','933',' LG서비스 역촌점','정기','M','50대',8,546.76,5.25,22660,183
'2017-03','588',' 뚝섬 유원지역','정기','M','50대',3,352.61,2.96,12780,106
'2017-03','103',' 망원역 2번출구 앞','정기','M','50대',4,258.83,2.26,9770,52
'2017-03','204',' 국회의사당역 5번출구 옆','정기','M','50대',11,378.84,2.92,12590,122
'2017-03','203',' 국회의사당역 3번출구 옆','정기','M','50대',31,2163.8,19.2,82760,464
'2017-03','205',' 산업은행 앞','정기','M','50대',26,2646.16,21.25,91710,501
'2017-03','206',' KBS 앞','정기','M','50대',11,796.16,6.08,26200,121
'2017-03','209',' 유진투자증권빌딩 앞','정기','M','50대',12,368.09,2.85,12290,72
'2017-03','210',' IFC몰','정기','M','50대',9,936.73,7.7,33140,146
'2017-03','211',' 여의도역 4번출구 옆','정기','M','50대',79,3442.41,27.38,118160,687
'2017-03','212',' 여의도역 1번출구 옆','정기','M','50대',30,2263.62,20.66,89090,649
'2017-03','213',' KT앞','정기','M','50대',34,2483.08,19.61,84780,352
'2017-03','104',' 합정역 1번출구 앞','정기','M','50대',10,580.18,4.78,20640,146
'2017-03','214',' 금융감독원 앞','정기','M','50대',30,2920,26.29,113560,616
'2017-03','218',' 증권거래소 앞','정기','M','50대',5,1274.81,10.47,45150,169
'2017-03','219',' 롯데캐슬엠파이어 옆','정기','M','50대',14,593,4.75,20520,304
'2017-03','220',' 미성아파트 A동 앞','정기','M','50대',16,1007.86,8.83,38000,214
'2017-03','215',' 여의도고교 앞','정기','M','50대',12,2122.42,16.29,70220,502
'2017-03','216',' 삼부아파트1동 앞','정기','M','50대',69,9466.95,73.98,318540,1667
'2017-03','217',' NH농협은행 앞','정기','M','50대',16,1702.19,14.1,60810,270
'2017-03','221',' 여의도초교 앞','정기','M','50대',23,1928.78,14.51,62430,327
'2017-03','222',' 시범아파트버스정류장 옆','정기','M','50대',55,5006.02,37.26,160430,750
'2017-03','223',' 진주아파트상가 앞','정기','M','50대',62,1840.56,14.68,63450,339
'2017-03','105',' 합정역 5번출구 앞','정기','M','50대',4,275.37,2.13,9170,56
'2017-03','224',' 롯데캐슬 앞','정기','M','50대',10,381.78,3.33,14400,104
'2017-03','225',' 앙카라공원 앞','정기','M','50대',47,1589.78,12.92,55670,306
'2017-03','226',' 샛강역 1번출구 앞','정기','M','50대',15,2318.89,18.81,80990,448
'2017-03','207',' 여의나루역 1번출구 앞','정기','M','50대',45,4179.5,33.19,142940,753
'2017-03','401',' 상암월드컵파크 10단지 앞','정기','M','50대',4,358.56,3.24,13930,101
'2017-03','402',' 상암월드컵파크 9단지 앞','정기','M','50대',4,128.05,1.09,4720,40
'2017-03','403',' 부엉이공원 앞','정기','M','50대',4,182.99,1.39,6020,31
'2017-03','106',' 합정역 7번출구 앞','정기','M','50대',27,2324.22,18.43,79570,529
'2017-03','405',' DMC빌 앞','정기','M','50대',14,2260.38,17.49,75370,445
'2017-03','406',' 상암월드컵파크 7단지 앞','정기','M','50대',64,4338.38,36.07,155530,840
'2017-03','421',' 마포구청 앞','정기','M','50대',68,6432.9,59.66,257090,1199
'2017-03','407',' 마포구 육아종합지원센터','정기','M','50대',11,1666.5,13.71,59020,282
'2017-03','408',' LG CNS앞','정기','M','50대',16,799.75,5.95,25680,188
'2017-03','420',' 서울시 공공자전거 상암센터','정기','M','50대',22,592.54,4.7,20360,124
'2017-03','409',' 누리꿈스퀘어 옆','정기','M','50대',9,472.52,3.53,15180,99
'2017-03','419',' 홈플러스 앞','정기','M','50대',57,3246.04,25.19,108590,568
'2017-03','410',' 상암중학교 옆','정기','M','50대',2,126.26,0.92,3960,15
'2017-03','418',' 월드컵경기장역 3번출구 옆','정기','M','50대',13,1065.13,9.75,42010,257
'2017-03','107',' 신한은행 서교동금융센터점 앞','정기','M','50대',29,1526.58,12.48,53800,459
'2017-03','411',' DMC홍보관','정기','M','50대',21,3142.23,21.85,94350,481
'2017-03','412',' DMC산학협력연구센터 앞','정기','M','50대',30,3871.34,29.87,128700,665
'2017-03','413',' 상암월드컵파크 3단지 후문','정기','M','50대',63,3329.67,27.92,119920,893
'2017-03','417',' DMC역 2번출구 옆','정기','M','50대',13,606.3,5.35,23050,125
'2017-03','414',' 상암동주민센터 옆','정기','M','50대',6,488.22,4.22,18220,106
'2017-03','415',' DMC역 9번출구 앞','정기','M','50대',60,8564.9,76.3,328860,1688
'2017-03','416',' 상암월드컵파크 1단지 교차로','정기','M','50대',24,1593.55,11.62,49940,308
'2017-03','500',' 어린이대공원역 3번출구 앞','정기','M','50대',5,259.89,2.21,9550,102
'2017-03','501',' 광진구의회 앞','정기','M','50대',10,319.32,2.86,12320,65
'2017-03','502',' 뚝섬유원지역 1번출구 앞','정기','M','50대',15,1914.6,15.19,65520,482
'2017-03','503',' 더샵스타시티 C동 앞','정기','M','60대',6,1471.92,12.27,52870,287
'2017-03','505',' 자양사거리 광진아크로텔 앞','정기','M','60대',8,1013.49,8.75,37740,511
'2017-03','507',' 성수아이에스비즈타워 앞','정기','M','60대',16,510.08,4.18,17890,93
'2017-03','508',' 성수아카데미타워 앞','정기','M','60대',3,71.3,0.64,2770,13
'2017-03','510',' 서울숲 남문 버스정류소 옆','정기','M','60대',1,81.34,0.73,3160,30
'2017-03','511',' 서울숲역 4번 출구 옆','정기','M','60대',4,594.11,4.78,20580,130
'2017-03','512',' 뚝섬역 1번 출구 옆','정기','M','60대',1,77.52,0.61,2610,17
'2017-03','109',' 제일빌딩 앞','정기','M','60대',1,129.21,1.16,5020,21
'2017-03','400',' 상암한화오벨리스크 1차 앞','정기','M','60대',17,1223.64,9.54,41200,260
'2017-03','513',' 뚝섬역 5번 출구 정류소 옆','정기','M','60대',2,305.79,2.71,11700,56
'2017-03','514',' 성수사거리 버스정류장 앞','정기','M','60대',1,109.77,0.89,3850,22
'2017-03','515',' 광양중학교 앞','정기','M','60대',2,207.78,1.84,7950,44
'2017-03','300',' 정동사거리','정기','M','60대',11,1095.99,7.63,32870,154
'2017-03','301',' 경복궁역 7번출구 앞','정기','M','60대',2,11.04,0.08,340,18
'2017-03','302',' 경복궁역 4번출구 뒤','정기','M','60대',1,1.54,0.01,60,4
'2017-03','303',' 광화문역 1번출구 앞','정기','M','60대',3,202.77,1.66,7120,46
'2017-03','115',' 사루비아 빌딩 앞','정기','M','60대',22,2884.99,24.05,103650,571
'2017-03','304',' 광화문역 2번출구 앞','정기','M','60대',10,770.16,6.65,28600,203
'2017-03','305',' 종로구청 옆','정기','M','60대',5,335.98,3.01,12930,122
'2017-03','307',' 서울역사박물관 앞','정기','M','60대',7,677.08,4.75,20470,241
'2017-03','311',' 서울광장 옆','정기','M','60대',2,231.07,1.88,8100,55
'2017-03','312',' 시청역 1번출구 뒤','정기','M','60대',7,650.17,4.67,20110,126
'2017-03','313',' 서울역 광장 파출소 옆','정기','M','60대',6,383.89,3.45,14880,106
'2017-03','110',' 사천교','정기','M','60대',1,128.45,1.11,4770,34
'2017-03','314',' 국립현대미술관','정기','M','60대',2,263.98,1.74,7490,51
'2017-03','315',' 신한은행 안국역지점 옆','정기','M','60대',1,152.43,1.42,6110,35
'2017-03','316',' 종각역 1번출구 앞','정기','M','60대',2,38.6,0.29,1240,81
'2017-03','318',' 광교사거리 남측','정기','M','60대',1,42.65,0.28,1210,9
'2017-03','320',' 을지로입구역 4번출구 앞','정기','M','60대',57,4855.1,44.07,190160,1561
'2017-03','321',' KEB 하나은행 본점 앞','정기','M','60대',19,1602.86,14.2,61290,528
'2017-03','322',' 명동성당 앞','정기','M','60대',7,521.44,4,17230,108
'2017-03','324',' 신세계백화점 본점 앞','정기','M','60대',2,56.88,0.52,2210,28
'2017-03','326',' 안국역 5번출구 앞','정기','M','60대',12,896.62,8.24,35550,257
'2017-03','327',' 낙원상가 옆','정기','M','60대',2,101.51,0.89,3850,32
'2017-03','328',' 탑골공원 앞','정기','M','60대',6,445.63,3.6,15560,109
'2017-03','329',' 청계2가 사거리 옆','정기','M','60대',18,2632.88,20.78,89550,521
'2017-03','330',' 청계천 한빛광장','정기','M','60대',5,588.68,5.31,22870,181
'2017-03','331',' 을지로2가 사거리 북측','정기','M','60대',7,180.69,1.62,7020,53
'2017-03','332',' 을지로2가 사거리 남측','정기','M','60대',1,23.94,0.22,930,9
'2017-03','334',' 종로3가역 2번출구 뒤','정기','M','60대',9,661.32,5.59,24080,209
'2017-03','335',' 종로3가역 15번출구 앞','정기','M','60대',5,314.43,2.57,11110,177
'2017-03','336',' 티마크 호텔 앞','정기','M','60대',11,846.1,8.27,35610,217
'2017-03','337',' 창경궁 입구','정기','M','60대',14,924.77,7.48,32240,353
'2017-03','338',' 세운스퀘어 앞','정기','M','60대',17,1210.01,11.21,48310,423
'2017-03','339',' 종로4가 사거리','정기','M','60대',12,844.18,7.72,33260,254
'2017-03','340',' 혜화동 로터리','정기','M','60대',29,1253.34,13.07,56310,328
'2017-03','342',' 대학로 마로니에공원','정기','M','60대',17,853.09,7.68,33110,175
'2017-03','343',' 예일빌딩(율곡로) 앞','정기','M','60대',11,480.81,4.59,19790,250
'2017-03','344',' 성균관대 E하우스 앞','정기','M','60대',18,778.3,6.91,29760,778
'2017-03','345',' 서울보증보험본사 앞','정기','M','60대',1,79.6,0.78,3350,23
'2017-03','346',' 맥스타일 앞','정기','M','60대',5,414.39,3.62,15560,125
'2017-03','347',' 동대문역사문화공원역 9번출구 앞','정기','M','60대',1,53.28,0.48,2070,11
'2017-03','349',' 사직동주민센터','정기','M','60대',1,60.59,0.47,2040,45
'2017-03','350','KEB 하나은행(내자동 지점) 앞','정기','M','60대',1,176.83,1.59,6870,33
'2017-03','352',' 중앙고입구 삼거리','정기','M','60대',4,380.21,2.49,10730,84
'2017-03','353',' 재동초교 앞 삼거리','정기','M','60대',3,158.85,1.52,6540,83
'2017-03','117',' 홍은사거리','정기','M','60대',12,1276.85,10.8,46610,329
'2017-03','354',' 포르투갈 대사관 앞','정기','M','60대',1,124.06,0.82,3520,23
'2017-03','355',' 서울사대부속초교 앞','정기','M','60대',6,344.46,3,12940,146
'2017-03','356',' KT혜화지사 앞','정기','M','60대',11,209.82,1.76,7570,66
'2017-03','358',' 성대입구 사거리','정기','M','60대',15,489.32,4.39,19010,240
'2017-03','359',' 원남동사거리','정기','M','60대',26,526.07,4.43,19070,153
'2017-03','361',' 동묘앞역 1번출구 뒤','정기','M','60대',4,179.53,1.45,6240,54
'2017-03','362',' 청계8가 사거리','정기','M','60대',2,256.4,1.79,7700,50
'2017-03','364',' 창신역 1번출구 앞','정기','M','60대',1,75.56,0.74,3180,19
'2017-03','113',' 홍대입구역 2번출구 앞','정기','M','60대',8,659.17,5.1,22010,184
'2017-03','367',' 독립문역 3-1번출구 ','정기','M','60대',3,92.5,0.74,3200,25
'2017-03','368',' SK 서린빌딩 앞','정기','M','60대',2,217.18,1.58,6840,42
'2017-03','369',' 광화문 시민열린마당','정기','M','60대',10,615.03,3.88,16700,172
'2017-03','348',' 독립문역 사거리','정기','M','60대',6,704.97,6.35,27390,245
'2017-03','370',' 시청역(2호선) 9번출구 뒤','정기','M','60대',5,580.12,4.12,17740,112
'2017-03','371',' 동대입구역 6번출구 뒤','정기','M','60대',1,56.07,0.55,2360,15
'2017-03','373',' 청구 어린이공원','정기','M','60대',9,594.47,5.8,25020,154
'2017-03','118',' 광흥창역 2번출구 앞','정기','M','60대',19,655.72,5.89,25490,286
'2017-03','377',' 서울역 4번출구 앞','정기','M','60대',1,24.39,0.26,1120,7
'2017-03','378',' 청계7가 사거리','정기','M','60대',4,465.72,3.39,14610,129
'2017-03','379',' 서울역9번출구','정기','M','60대',1,61.42,0.65,2820,41
'2017-03','380',' CJ제일제당 앞','정기','M','60대',1,136.83,1.03,4430,35
'2017-03','382',' 약수역 10번출구 앞','정기','M','60대',2,103.53,0.89,3810,26
'2017-03','383',' 신당역 12번 출구 뒤','정기','M','60대',1,41.58,0.41,1750,10
'2017-03','114',' 홍대입구역 8번출구 앞','정기','M','60대',4,367.37,2.63,11330,93
'2017-03','142',' 아현역 4번출구 앞','정기','M','60대',1,59.46,0.54,2310,13
'2017-03','143',' 공덕역 2번출구','정기','M','60대',8,699.32,5.98,25790,139
'2017-03','144',' 공덕역 8번출구','정기','M','60대',14,959.95,8.15,35080,213
'2017-03','145',' 공덕역 5번출구','정기','M','60대',7,606.82,5.42,23370,149
'2017-03','146',' 마포역 1번출구 뒤','정기','M','60대',5,740.05,6.36,27380,143
'2017-03','147',' 마포역 4번출구 뒤','정기','M','60대',6,861.27,7.05,30340,147
'2017-03','148',' 용강동 주민센터 앞','정기','M','60대',3,254.24,1.98,8560,103
'2017-03','150',' 서강대역 2번출구 앞','정기','M','60대',16,710.87,6.51,28030,427
'2017-03','152',' 마포구민체육센터 앞','정기','M','60대',14,3276.32,24.85,107120,539
'2017-03','119',' 서강나루 공원','정기','M','60대',14,959.89,8.03,34600,274
'2017-03','153',' 성산2교 사거리','정기','M','60대',3,599.74,5.41,23300,144
'2017-03','154',' 마포구청역 ','정기','M','60대',22,1037.87,9.81,42160,242
'2017-03','155',' 가좌역1 번출구 뒤','정기','M','60대',18,3963.96,37.82,162970,917
'2017-03','156',' 서울서부지방법원 앞','정기','M','60대',20,3796.54,33.84,145890,634
'2017-03','157',' 애오개역 4번출구 앞','정기','M','60대',12,1945.67,15.38,66270,318
'2017-03','158',' 독립문 어린이 공원','정기','M','60대',3,451.92,3.73,16060,93
'2017-03','160',' 북아현동 가구거리','정기','M','60대',1,43.96,0.43,1850,7
'2017-03','162',' 봉원고가차도 밑','정기','M','60대',4,248.59,2.06,8920,52
'2017-03','120',' 신수동 사거리','정기','M','60대',24,882.34,8.56,36850,829
'2017-03','163',' 명지전문대학교 정문 앞','정기','M','60대',3,243.15,2.01,8670,78
'2017-03','165',' 중앙근린공원','정기','M','60대',1,95.67,0.7,3020,20
'2017-03','166',' 가재울 초등학교','정기','M','60대',2,173.81,1.46,6270,37
'2017-03','167',' 연가초등학교 옆','정기','M','60대',1,95.44,0.73,3130,27
'2017-03','170',' 가재울 뉴타운 주유소 옆','정기','M','60대',5,1077.81,8.42,36290,254
'2017-03','171',' 임광빌딩 앞','정기','M','60대',2,224.62,1.72,7390,61
'2017-03','172',' 서대문소방서','정기','M','60대',10,824.06,6.83,29430,190
'2017-03','121',' 마포소방서 앞','정기','M','60대',26,919.19,8.81,37900,759
'2017-03','175',' 홍연2교옆','정기','M','60대',12,1399.93,11.45,49280,312
'2017-03','179',' 가좌역 4번출구 앞','정기','M','60대',6,1021.95,8.52,36720,194
'2017-03','180',' 충정로역 7번출구 뒤','정기','M','60대',2,100.48,0.95,4080,23
'2017-03','518',' 청계천 박물관 앞','정기','M','60대',1,52.78,0.45,1960,46
'2017-03','519',' 양지사거리','정기','M','60대',25,2652.67,20.74,89400,397
'2017-03','520',' 상왕십리역 4번 출구 앞','정기','M','60대',23,984.11,7.66,33030,366
'2017-03','521',' 왕십리역 11번 출구 앞','정기','M','60대',4,756.1,5.03,21680,154
'2017-03','523',' 옥수동성당 옆','정기','M','60대',1,112.86,0.88,3800,39
'2017-03','122',' 신성기사식당 앞','정기','M','60대',27,1124.91,10.06,43290,669
'2017-03','529',' 장한평역 8번 출구 앞','정기','M','60대',1,37.56,0.35,1530,9
'2017-03','530',' 청계벽산아파트 앞','정기','M','60대',3,42.28,0.37,1570,27
'2017-03','534',' 금호사거리','정기','M','60대',1,1.33,0.01,60,5
'2017-03','536',' 행당역 2번출구 앞','정기','M','60대',1,30.29,0.24,1020,6
'2017-03','123',' 문화촌 공원','정기','M','60대',2,338.99,3.06,13170,70
'2017-03','538',' 답십리역 8번출구 앞','정기','M','60대',15,1495.31,13.13,56610,309
'2017-03','550',' 서울시설공단 앞','정기','M','60대',3,381.65,2.98,12850,76
'2017-03','544',' 광남중학교','정기','M','60대',1,124.07,1.12,4820,30
'2017-03','548',' 자양나들목','정기','M','60대',1,108.88,0.98,4230,25
'2017-03','549',' 아차산역 3번출구','정기','M','60대',1,123.9,1.08,4670,55
'2017-03','124',' 서강대 정문 건너편','정기','M','60대',53,1721.4,14.71,63350,809
'2017-03','600',' 휘경2동 주민센터','정기','M','60대',1,0,0,0,27
'2017-03','601',' 용신동주민센터','정기','M','60대',12,1066.17,9.3,40060,459
'2017-03','602',' 장안동 사거리','정기','M','60대',1,25.47,0.22,960,9
'2017-03','605',' 신설동역8번출구','정기','M','60대',1,114.09,1,4300,49
'2017-03','606',' 휘경공고앞','정기','M','60대',1,83.85,0.89,3850,33
'2017-03','608',' 전농삼성아파트','정기','M','60대',25,1282.13,11.32,48760,342
'2017-03','609',' 제기2교','정기','M','60대',1,48.82,0.43,1840,18
'2017-03','125',' 서강대 남문 옆','정기','M','60대',11,403.72,3.57,15330,172
'2017-03','613',' 신설동역 10번출구 앞','정기','M','60대',7,486.57,4.41,18940,165
'2017-03','614',' 용두동 사거리','정기','M','60대',4,331.06,2.97,12840,93
'2017-03','615',' 용두동 레미안허브리츠아파트 앞','정기','M','60대',2,82.25,0.71,3080,97
'2017-03','616',' 서울시립대 앞','정기','M','60대',1,0,0,0,28
'2017-03','617',' 청솔우성아파트 앞','정기','M','60대',1,23.42,0.21,910,6
'2017-03','227',' 양평2나들목 보행통로 입구','정기','M','60대',6,245.23,1.98,8530,48
'2017-03','228',' 선유도역 3번출구 앞','정기','M','60대',6,206.21,1.59,6840,33
'2017-03','126',' 서강대 후문 옆','정기','M','60대',17,872.33,5.81,25100,178
'2017-03','231',' 남부고용노동지청 남측','정기','M','60대',16,3512.74,31.65,136470,500
'2017-03','236',' 문래동자이아파트 앞','정기','M','60대',4,139.71,1.03,4410,1053
'2017-03','240',' 문래역 4번출구 앞','정기','M','60대',23,1650.57,14.89,64150,305
'2017-03','127',' 현대벤처빌 앞','정기','M','60대',15,538.53,5.18,22330,363
'2017-03','242',' 신길선원가와인아파트 앞','정기','M','60대',10,850.61,8.3,35800,208
'2017-03','247',' 당산역 10번출구 앞','정기','M','60대',8,1133.83,10.15,43750,242
'2017-03','248',' 초원아파트 앞','정기','M','60대',3,257.97,2.24,9670,45
'2017-03','249',' 여의도중학교 옆','정기','M','60대',2,355.37,2.97,12820,58
'2017-03','128',' 신촌역(2호선) 1번출구 옆','정기','M','60대',2,214.39,1.89,8160,69
'2017-03','256',' 동아에코빌입구','정기','M','60대',25,1081.49,10.06,43350,329
'2017-03','258',' 신길역3번출구','정기','M','60대',6,424.7,3.83,16500,129
'2017-03','259',' 대방역6번출구','정기','M','60대',2,302.97,2.48,10700,55
'2017-03','129',' 신촌역(2호선) 6번출구 옆','정기','M','60대',2,89.34,0.78,3340,20
'2017-03','130',' 신촌역(2호선) 7번출구 앞','정기','M','60대',4,171.77,1.38,5930,66
'2017-03','800',' 목월공원 앞','정기','M','60대',25,2021.19,13.43,58000,243
'2017-03','802',' 한강진역 2번 출구 앞','정기','M','60대',1,53.7,0.52,2260,16
'2017-03','805',' 문배어린이공원 앞','정기','M','60대',1,44.87,0.48,2060,22
'2017-03','806',' 전자랜드 본관 앞','정기','M','60대',4,624.6,4.21,18160,89
'2017-03','807',' 서울역 12번 출구 앞','정기','M','60대',1,104.09,0.78,3370,26
'2017-03','131',' 증산2교','정기','M','60대',1,87.32,0.68,2940,20
'2017-03','809',' 한남 유수지 복개주차장','정기','M','60대',2,311.32,2.65,11390,55
'2017-03','811',' 녹사평역1번출구','정기','M','60대',1,159.19,1.24,5360,40
'2017-03','813',' 삼각지역 3번출구','정기','M','60대',27,1904.52,12.82,55230,246
'2017-03','815',' LIG강촌아파트 103동앞','정기','M','60대',5,247.36,2.33,10060,70
'2017-03','385',' 종각역 5번출구','정기','M','60대',1,113.32,0.91,3920,35
'2017-03','386',' 올림픽기념 국민생활관 앞','정기','M','60대',44,1287.64,11.47,49370,1384
'2017-03','387',' 훈련원공원주차장 앞','정기','M','60대',2,94.31,1.01,4330,39
'2017-03','181',' 망원초록길 입구','정기','M','60대',20,3260.76,29.38,126680,1056
'2017-03','132',' 창천문화공원','정기','M','60대',1,110.17,0.99,4280,20
'2017-03','182',' 망원2빗물펌프장 앞','정기','M','60대',2,224.71,2.03,8730,108
'2017-03','183',' 하늘채코오롱아파트 건너편','정기','M','60대',2,156.23,1.3,5570,52
'2017-03','184',' SK망원동주유소 건너편','정기','M','60대',5,556.07,4.65,20060,97
'2017-03','185',' 마포 신수공원 앞','정기','M','60대',8,1754.91,14.27,61550,269
'2017-03','186',' 월드컵공원','정기','M','60대',12,2250.75,16.82,72460,390
'2017-03','188',' 홍은동 정원여중 입구','정기','M','60대',12,908.18,7.25,31290,374
'2017-03','191',' 정명학원','정기','M','60대',2,345.96,3.13,13490,77
'2017-03','194',' 증산교 앞','정기','M','60대',7,808.13,6.31,27210,345
'2017-03','195',' 모래내고가차도 ','정기','M','60대',2,300.27,2.35,10110,67
'2017-03','198',' 충정2교','정기','M','60대',9,509.42,4.97,21440,75
'2017-03','557',' 도선동 주민센터 앞','정기','M','60대',18,684.76,5.4,23100,113
'2017-03','559',' 왕십리역 4번 출구 건너편','정기','M','60대',10,960.52,6.54,28210,201
'2017-03','562',' 군자지하보도 앞','정기','M','60대',1,53.77,0.51,2190,12
'2017-03','563',' 성동세무서 건너편','정기','M','60대',18,636.59,5.76,24730,150
'2017-03','565',' 옥수역 3번출구','정기','M','60대',6,2071.35,15.74,67810,251
'2017-03','567',' 성수역 2번출구 앞','정기','M','60대',25,443.92,3.88,16580,89
'2017-03','568',' 청계8가사거리 부근','정기','M','60대',7,711.38,4.78,20640,209
'2017-03','578',' 성동세무서 부근','정기','M','60대',1,91.38,0.82,3550,16
'2017-03','583',' 청계천 생태교실 앞','정기','M','60대',3,398.99,3.54,15280,81
'2017-03','553',' 중곡 성원APT 앞','정기','M','60대',12,721.49,6.12,26400,166
'2017-03','136',' 대흥동 주민센터','정기','M','60대',15,365.9,3.52,15160,167
'2017-03','571',' 어린이대공원역6번출구','정기','M','60대',2,266.6,1.87,8060,64
'2017-03','572',' 국립정신 건강센터 앞','정기','M','60대',15,1732.32,15.62,67300,315
'2017-03','573',' 구의문주차장 앞','정기','M','60대',2,57.66,0.48,2080,11
'2017-03','577',' 광진청소년수련관','정기','M','60대',1,0,0,0,13
'2017-03','622',' 전농사거리 교통섬','정기','M','60대',3,152.13,1.37,5910,34
'2017-03','623',' 서울시립대 정문 앞','정기','M','60대',2,56.37,0.5,2140,19
'2017-03','626',' 군자교 서측 녹지대','정기','M','60대',1,99.75,1.06,4580,20
'2017-03','627',' 장안동삼거리 교통섬','정기','M','60대',1,19.4,0.18,790,4
'2017-03','630',' 동대문구 보건소','정기','M','60대',2,204.02,1.71,7360,38
'2017-03','631',' 답십리역 1번출구','정기','M','60대',22,1160.21,10.32,44490,316
'2017-03','102',' 망원역 1번출구 앞','정기','M','60대',5,396.12,3.3,14290,99
'2017-03','633',' 청량리 기업은행 앞','정기','M','60대',4,290.74,2.37,10240,86
'2017-03','634',' 외국어대 정문 앞','정기','M','60대',7,1178.04,10.95,47220,218
'2017-03','635',' 시조사 앞 (청량고정문 옆)','정기','M','60대',3,507.51,4.1,17650,115
'2017-03','639',' 서울시립대 후문','정기','M','60대',5,198.47,1.66,7160,37
'2017-03','640',' KEB하나은행 청량리역지점','정기','M','60대',1,52.25,0.47,2030,15
'2017-03','641',' 용두역 4번출구','정기','M','60대',7,406.89,3.54,15160,132
'2017-03','140',' 이화여대 후문','정기','M','60대',1,46.59,0.42,1810,10
'2017-03','230',' 영등포구청역 1번출구','정기','M','60대',3,226.19,1.65,7070,89
'2017-03','260',' 여의도 마리나선착장 앞','정기','M','60대',3,1003.94,7.35,31690,141
'2017-03','263',' 근로자회관 사거리','정기','M','60대',14,895.36,7.61,32810,233
'2017-03','265',' 영등포유통상가 사거리','정기','M','60대',2,153.41,1.39,5960,24
'2017-03','141',' 연대 대운동장 옆','정기','M','60대',1,44.35,0.37,1600,11
'2017-03','266',' 영등포청과시장 사거리','정기','M','60대',8,824.3,7.35,31610,178
'2017-03','267',' 삼성화재 사옥 옆','정기','M','60대',1,128.44,1.16,4990,38
'2017-03','270',' 증권거래소후문교차로','정기','M','60대',4,832.9,6.31,27220,112
'2017-03','272',' 당산육갑문','정기','M','60대',1,119.69,1.08,4650,41
'2017-03','139',' 연세대 정문 건너편','정기','M','60대',1,163.35,1.35,5810,41
'2017-03','816',' 신용산역 6번출구 앞','정기','M','60대',7,512.21,4.19,18040,173
'2017-03','818',' 숙명여대 입구 교차로','정기','M','60대',2,135.45,1.17,5030,57
'2017-03','820',' 청파동입구 교차로','정기','M','60대',5,288.81,3.08,13260,158
'2017-03','822',' 이촌1동 마을공원','정기','M','60대',4,141.95,1.43,6180,28
'2017-03','823',' 효창동주민센터 앞','정기','M','60대',2,142.56,0.93,4000,40
'2017-03','825',' 서빙고동 주민센터 앞','정기','M','60대',1,0,0,0,41
'2017-03','199',' 서울 월드컵 경기장','정기','M','60대',6,1028.2,7.55,32510,170
'2017-03','388',' 동성중학교 앞','정기','M','60대',1,45.9,0.48,2070,9
'2017-03','584',' 광진광장 교통섬','정기','M','60대',7,375.35,3.09,13350,261
'2017-03','585',' 성수2가1동 공영주차장 인근','정기','M','60대',2,90.21,0.77,3300,27
'2017-03','900',' 은평예술회관','정기','M','60대',1,111.2,1,4320,42
'2017-03','901',' 응암1동사무소','정기','M','60대',21,1131.27,9.2,39510,288
'2017-03','200',' 국회의원회관','정기','M','60대',3,516.97,4.33,18650,86
'2017-03','903',' 은평뉴타운 아이파크','정기','M','60대',3,134.36,1.21,5220,87
'2017-03','905',' 구파발역 2번출구','정기','M','60대',1,25.48,0.23,990,11
'2017-03','906',' 연신내역 5번출구150M 아래','정기','M','60대',3,199.72,1.81,7790,58
'2017-03','907',' CJ 드림시티','정기','M','60대',2,421.34,3.37,14530,76
'2017-03','908',' 구산역 4번출구','정기','M','60대',1,13.54,0.13,570,2
'2017-03','911',' 은평평화공원(역촌역4번출구)','정기','M','60대',4,120.46,1.1,4700,105
'2017-03','201',' 진미파라곤 앞','정기','M','60대',4,839.92,7.03,30300,138
'2017-03','912',' 응암오거리','정기','M','60대',3,164.1,1.37,5920,41
'2017-03','913',' 이마트 은평점','정기','M','60대',10,766.69,6.44,27750,324
'2017-03','914',' 새절역 2번출구','정기','M','60대',7,740.71,6.06,26180,242
'2017-03','916',' 평생학습관 앞','정기','M','60대',2,210.84,1.82,7830,82
'2017-03','917',' 녹번역 4번출구','정기','M','60대',5,191.77,1.76,7610,47
'2017-03','202',' 국민일보 앞','정기','M','60대',22,2975.85,24.88,107290,545
'2017-03','922',' 연신내역 4번출구','정기','M','60대',2,124.67,1.07,4630,39
'2017-03','923',' 국민은행 연서지점','정기','M','60대',15,3904.25,29.33,126400,585
'2017-03','925',' 불광역 2번출구','정기','M','60대',9,624.19,5.38,23180,325
'2017-03','926',' 불광역 8번출구','정기','M','60대',2,73.51,0.63,2700,60
'2017-03','927',' 연신내역 3번출구 인근','정기','M','60대',4,55,0.52,2240,11
'2017-03','932',' 예일여중','정기','M','60대',2,124.1,0.96,4110,25
'2017-03','204',' 국회의사당역 5번출구 옆','정기','M','60대',5,393.05,3.54,15270,83
'2017-03','203',' 국회의사당역 3번출구 옆','정기','M','60대',16,1189.87,10.62,45760,261
'2017-03','205',' 산업은행 앞','정기','M','60대',17,1058.36,8.47,36520,240
'2017-03','206',' KBS 앞','정기','M','60대',23,1270.96,11.51,49530,759
'2017-03','209',' 유진투자증권빌딩 앞','정기','M','60대',5,238.01,1.9,8200,77
'2017-03','210',' IFC몰','정기','M','60대',1,64.64,0.71,3080,17
'2017-03','211',' 여의도역 4번출구 옆','정기','M','60대',4,258.07,1.74,7510,45
'2017-03','212',' 여의도역 1번출구 옆','정기','M','60대',14,237.56,2.61,11320,98
'2017-03','213',' KT앞','정기','M','60대',25,316.14,3.46,14860,80
'2017-03','104',' 합정역 1번출구 앞','정기','M','60대',3,205.65,1.71,7360,82
'2017-03','214',' 금융감독원 앞','정기','M','60대',1,4.41,0.05,210,1
'2017-03','219',' 롯데캐슬엠파이어 옆','정기','M','60대',11,2953.58,22.32,96240,409
'2017-03','220',' 미성아파트 A동 앞','정기','M','60대',4,657.36,5.22,22490,105
'2017-03','217',' NH농협은행 앞','정기','M','60대',2,79.22,0.75,3210,27
'2017-03','221',' 여의도초교 앞','정기','M','60대',40,2665.81,23.91,102980,805
'2017-03','222',' 시범아파트버스정류장 옆','정기','M','60대',9,874.86,7.27,31330,235
'2017-03','223',' 진주아파트상가 앞','정기','M','60대',38,1836.75,16.16,69500,524
'2017-03','105',' 합정역 5번출구 앞','정기','M','60대',3,189.25,1.82,7830,51
'2017-03','224',' 롯데캐슬 앞','정기','M','60대',10,935.66,7.72,33330,263
'2017-03','225',' 앙카라공원 앞','정기','M','60대',17,851.06,7.5,32270,219
'2017-03','226',' 샛강역 1번출구 앞','정기','M','60대',15,1069.04,8.73,37570,211
'2017-03','207',' 여의나루역 1번출구 앞','정기','M','60대',5,372.73,3.32,14360,85
'2017-03','401',' 상암월드컵파크 10단지 앞','정기','M','60대',1,41.83,0.32,1390,10
'2017-03','402',' 상암월드컵파크 9단지 앞','정기','M','60대',1,51.28,0.41,1750,8
'2017-03','403',' 부엉이공원 앞','정기','M','60대',4,652.4,4.97,21450,130
'2017-03','106',' 합정역 7번출구 앞','정기','M','60대',12,458.33,4.47,19290,259
'2017-03','421',' 마포구청 앞','정기','M','60대',1,131.12,1.1,4730,37
'2017-03','407',' 마포구 육아종합지원센터','정기','M','60대',1,133.35,1.04,4490,27
'2017-03','420',' 서울시 공공자전거 상암센터','정기','M','60대',1,81.77,0.68,2950,16
'2017-03','409',' 누리꿈스퀘어 옆','정기','M','60대',5,522.08,4.07,17560,129
'2017-03','419',' 홈플러스 앞','정기','M','60대',8,766.91,6.24,26900,194
'2017-03','418',' 월드컵경기장역 3번출구 옆','정기','M','60대',5,386.66,3.12,13450,68
'2017-03','411',' DMC홍보관','정기','M','60대',1,50.56,0.39,1680,10
'2017-03','413',' 상암월드컵파크 3단지 후문','정기','M','60대',1,30.29,0.24,1020,6
'2017-03','417',' DMC역 2번출구 옆','정기','M','60대',6,1317.25,10.71,46200,201
'2017-03','414',' 상암동주민센터 옆','정기','M','60대',2,209.01,1.75,7540,47
'2017-03','415',' DMC역 9번출구 앞','정기','M','60대',1,108.63,0.88,3810,16
'2017-03','416',' 상암월드컵파크 1단지 교차로','정기','M','60대',1,61.25,0.48,2090,17
'2017-03','500',' 어린이대공원역 3번출구 앞','정기','M','60대',6,175.18,1.48,6320,32
'2017-03','501',' 광진구의회 앞','정기','M','60대',2,122.01,1.1,4740,40
'2017-03','502',' 뚝섬유원지역 1번출구 앞','정기','M','60대',5,863.82,6.42,27710,239
'2017-03','108',' 서교동 사거리','정기','M','70대~',8,433.07,3.64,15670,126
'2017-03','503',' 더샵스타시티 C동 앞','정기','M','70대~',10,408.26,3.5,15120,171
'2017-03','504',' 신자초교입구교차로','정기','M','70대~',5,242.57,1.7,7370,35
'2017-03','505',' 자양사거리 광진아크로텔 앞','정기','M','70대~',5,734.19,6.08,26220,145
'2017-03','506',' 금호 어울림 아파트 앞','정기','M','70대~',1,15.44,0.14,600,3
'2017-03','507',' 성수아이에스비즈타워 앞','정기','M','70대~',4,351.66,2.63,11360,57
'2017-03','508',' 성수아카데미타워 앞','정기','M','70대~',6,349.21,2.47,10660,49
'2017-03','509',' 이마트 버스정류소 옆','정기','M','70대~',21,1544.03,12.45,53680,291
'2017-03','510',' 서울숲 남문 버스정류소 옆','정기','M','70대~',4,563.88,5.16,22200,164
'2017-03','511',' 서울숲역 4번 출구 옆','정기','M','70대~',11,901.7,7.25,31280,217
'2017-03','512',' 뚝섬역 1번 출구 옆','정기','M','70대~',31,2756.76,23.49,101320,505
'2017-03','109',' 제일빌딩 앞','정기','M','70대~',11,1135.8,8.73,37590,214
'2017-03','400',' 상암한화오벨리스크 1차 앞','정기','M','70대~',33,2088.12,17.58,75750,455
'2017-03','513',' 뚝섬역 5번 출구 정류소 옆','정기','M','70대~',8,532.69,4.54,19540,180
'2017-03','514',' 성수사거리 버스정류장 앞','정기','M','70대~',6,282.19,2.3,9910,55
'2017-03','515',' 광양중학교 앞','정기','M','70대~',4,316.34,2.37,10210,64
'2017-03','516',' 광진메디칼 앞','정기','M','70대~',13,1029.85,8.75,37720,266
'2017-03','300',' 정동사거리','정기','M','70대~',26,914.78,7.49,32190,233
'2017-03','301',' 경복궁역 7번출구 앞','정기','M','70대~',12,645.39,5.42,23390,132
'2017-03','302',' 경복궁역 4번출구 뒤','정기','M','70대~',20,1115.47,9.4,40510,254
'2017-03','303',' 광화문역 1번출구 앞','정기','M','70대~',21,775.97,6.43,27790,217
'2017-03','115',' 사루비아 빌딩 앞','정기','M','70대~',16,1194.15,9.46,40710,273
'2017-03','304',' 광화문역 2번출구 앞','정기','M','70대~',15,1022.36,8.01,34520,214
'2017-03','305',' 종로구청 옆','정기','M','70대~',27,1321.68,10.17,43830,442
'2017-03','306',' 광화문역 7번출구 앞','정기','M','70대~',12,654.91,5.4,23320,166
'2017-03','307',' 서울역사박물관 앞','정기','M','70대~',17,1128.03,9.41,40530,283
'2017-03','308',' 광화문 S타워 앞','정기','M','70대~',14,536.41,4.29,18540,136
'2017-03','309',' 광화문역 6번출구 옆','정기','M','70대~',17,1059.14,8.6,37180,194
'2017-03','310',' 청계광장 옆','정기','M','70대~',12,463.88,3.81,16440,172
'2017-03','311',' 서울광장 옆','정기','M','70대~',43,2231.5,17.61,75870,668
'2017-03','312',' 시청역 1번출구 뒤','정기','M','70대~',36,1767.44,14.78,63650,570
'2017-03','313',' 서울역 광장 파출소 옆','정기','M','70대~',26,888.75,7.25,31340,191
'2017-03','110',' 사천교','정기','M','70대~',2,98.79,0.8,3460,16
'2017-03','314',' 국립현대미술관','정기','M','70대~',11,847.27,6.72,29010,150
'2017-03','315',' 신한은행 안국역지점 옆','정기','M','70대~',9,670.61,5.34,23040,141
'2017-03','316',' 종각역 1번출구 앞','정기','M','70대~',40,2394.84,19.26,83060,830
'2017-03','318',' 광교사거리 남측','정기','M','70대~',23,2192.41,16.62,71740,505
'2017-03','320',' 을지로입구역 4번출구 앞','정기','M','70대~',58,3503.86,30.75,132420,1318
'2017-03','321',' KEB 하나은행 본점 앞','정기','M','70대~',11,789.95,6.86,29540,281
'2017-03','322',' 명동성당 앞','정기','M','70대~',8,714.21,5.92,25520,187
'2017-03','116',' 일진아이윌아파트 옆','정기','M','70대~',12,746.83,6.77,29280,154
'2017-03','324',' 신세계백화점 본점 앞','정기','M','70대~',15,1156.81,9.38,40500,329
'2017-03','326',' 안국역 5번출구 앞','정기','M','70대~',25,1511.82,12.95,55770,303
'2017-03','327',' 낙원상가 옆','정기','M','70대~',17,611.81,4.99,21470,210
'2017-03','328',' 탑골공원 앞','정기','M','70대~',18,887.6,7.3,31490,214
'2017-03','329',' 청계2가 사거리 옆','정기','M','70대~',16,1259.88,9.92,42810,261
'2017-03','330',' 청계천 한빛광장','정기','M','70대~',17,734.7,6.21,26740,253
'2017-03','331',' 을지로2가 사거리 북측','정기','M','70대~',11,496.17,3.71,16050,138
'2017-03','332',' 을지로2가 사거리 남측','정기','M','70대~',20,1431.26,11.26,48550,339
'2017-03','111',' 상수역 2번출구 앞','정기','M','70대~',12,1223.63,10.2,43930,251
'2017-03','334',' 종로3가역 2번출구 뒤','정기','M','70대~',47,2279.42,19.02,82180,577
'2017-03','335',' 종로3가역 15번출구 앞','정기','M','70대~',16,979.87,8.11,35030,273
'2017-03','336',' 티마크 호텔 앞','정기','M','70대~',21,1396.73,11.19,48280,323
'2017-03','337',' 창경궁 입구','정기','M','70대~',5,484.85,4.33,18690,114
'2017-03','338',' 세운스퀘어 앞','정기','M','70대~',14,706.4,5.45,23450,181
'2017-03','339',' 종로4가 사거리','정기','M','70대~',30,1743.16,13.89,59900,437
'2017-03','340',' 혜화동 로터리','정기','M','70대~',18,1401.03,10.27,44280,251
'2017-03','341',' 혜화역 3번출구 뒤','정기','M','70대~',8,338.32,2.79,12020,81
'2017-03','342',' 대학로 마로니에공원','정기','M','70대~',17,1044.79,8.65,37370,219
'2017-03','343',' 예일빌딩(율곡로) 앞','정기','M','70대~',11,643.83,5.5,23720,149
'2017-03','112',' 극동방송국 앞','정기','M','70대~',17,2029.3,16.71,71930,408
'2017-03','344',' 성균관대 E하우스 앞','정기','M','70대~',9,316.92,2.68,11560,105
'2017-03','345',' 서울보증보험본사 앞','정기','M','70대~',19,1382.55,11.31,48760,305
'2017-03','346',' 맥스타일 앞','정기','M','70대~',21,1595.52,12.77,55040,497
'2017-03','347',' 동대문역사문화공원역 9번출구 앞','정기','M','70대~',12,993.54,7.66,33050,225
'2017-03','349',' 사직동주민센터','정기','M','70대~',11,605.39,4.79,20680,235
'2017-03','350','KEB 하나은행(내자동 지점) 앞','정기','M','70대~',14,660.42,5.35,23150,172
'2017-03','351',' 청운초교 앞 삼거리','정기','M','70대~',12,975.84,8.23,35540,266
'2017-03','352',' 중앙고입구 삼거리','정기','M','70대~',5,416.14,3.41,14670,89
'2017-03','353',' 재동초교 앞 삼거리','정기','M','70대~',7,625.46,4.94,21250,117
'2017-03','117',' 홍은사거리','정기','M','70대~',5,385.52,2.96,12750,77
'2017-03','354',' 포르투갈 대사관 앞','정기','M','70대~',15,849,6.97,30010,190
'2017-03','355',' 서울사대부속초교 앞','정기','M','70대~',8,235.45,1.86,8030,87
'2017-03','356',' KT혜화지사 앞','정기','M','70대~',12,956.77,7.18,30980,175
'2017-03','358',' 성대입구 사거리','정기','M','70대~',23,1563.68,13.25,57220,294
'2017-03','359',' 원남동사거리','정기','M','70대~',15,1128.71,8.61,37050,208
'2017-03','361',' 동묘앞역 1번출구 뒤','정기','M','70대~',7,429.62,3.85,16660,95
'2017-03','362',' 청계8가 사거리','정기','M','70대~',13,1016.07,7.72,33240,266
'2017-03','363',' 신설동역 11번출구 뒤','정기','M','70대~',6,687.86,5.34,23030,117
'2017-03','364',' 창신역 1번출구 앞','정기','M','70대~',7,617.7,5,21550,104
'2017-03','113',' 홍대입구역 2번출구 앞','정기','M','70대~',40,2252.55,18.21,78420,503
'2017-03','367',' 독립문역 3-1번출구 ','정기','M','70대~',13,1249.68,9.35,40300,225
'2017-03','368',' SK 서린빌딩 앞','정기','M','70대~',12,951.07,7.32,31500,180
'2017-03','369',' 광화문 시민열린마당','정기','M','70대~',16,912.23,6.93,29870,180
'2017-03','348',' 독립문역 사거리','정기','M','70대~',5,410.26,3.13,13510,63
'2017-03','370',' 시청역(2호선) 9번출구 뒤','정기','M','70대~',43,2782.32,23.75,102270,1035
'2017-03','371',' 동대입구역 6번출구 뒤','정기','M','70대~',10,487.17,4.07,17490,120
'2017-03','372',' 약수역 3번출구 뒤','정기','M','70대~',4,264.62,2.31,9970,59
'2017-03','373',' 청구 어린이공원','정기','M','70대~',2,112.38,1.09,4730,25
'2017-03','374',' 청구역 2번출구 앞','정기','M','70대~',6,557.36,4.36,18800,118
'2017-03','118',' 광흥창역 2번출구 앞','정기','M','70대~',17,675.18,5.57,24080,136
'2017-03','375',' 다산 어린이공원','정기','M','70대~',8,1040.04,9.03,38870,185
'2017-03','377',' 서울역 4번출구 앞','정기','M','70대~',7,940.39,6.56,28310,208
'2017-03','378',' 청계7가 사거리','정기','M','70대~',11,672.37,5.9,25330,219
'2017-03','379',' 서울역9번출구','정기','M','70대~',6,495.87,3.56,15350,97
'2017-03','380',' CJ제일제당 앞','정기','M','70대~',12,624.16,4.9,21200,162
'2017-03','381',' 장충체육관','정기','M','70대~',1,49.36,0.38,1640,10
'2017-03','382',' 약수역 10번출구 앞','정기','M','70대~',5,306.15,2.52,10820,61
'2017-03','383',' 신당역 12번 출구 뒤','정기','M','70대~',20,1234.15,10.08,43510,270
'2017-03','384',' 종로학원본원 ','정기','M','70대~',6,434.31,3.39,14660,83
'2017-03','114',' 홍대입구역 8번출구 앞','정기','M','70대~',21,1337.98,10.49,45260,293
'2017-03','142',' 아현역 4번출구 앞','정기','M','70대~',9,676.34,5.28,22780,108
'2017-03','143',' 공덕역 2번출구','정기','M','70대~',16,764.69,6.29,27120,399
'2017-03','144',' 공덕역 8번출구','정기','M','70대~',16,1852.73,14.4,62060,316
'2017-03','145',' 공덕역 5번출구','정기','M','70대~',16,1214.43,10.9,46940,282
'2017-03','146',' 마포역 1번출구 뒤','정기','M','70대~',11,1012.66,8.1,34910,170
'2017-03','147',' 마포역 4번출구 뒤','정기','M','70대~',19,1472.99,11.99,51700,385
'2017-03','148',' 용강동 주민센터 앞','정기','M','70대~',11,809.28,6.75,29120,190
'2017-03','150',' 서강대역 2번출구 앞','정기','M','70대~',10,697.26,5.27,22670,134
'2017-03','151',' 망원1동주민센터','정기','M','70대~',3,330.36,2.99,12910,66
'2017-03','152',' 마포구민체육센터 앞','정기','M','70대~',15,1513.52,13.84,59670,414
'2017-03','119',' 서강나루 공원','정기','M','70대~',16,1152.74,9.31,40140,194
'2017-03','153',' 성산2교 사거리','정기','M','70대~',11,634.64,5.47,23540,140
'2017-03','154',' 마포구청역 ','정기','M','70대~',12,586.88,4.86,20890,144
'2017-03','155',' 가좌역1 번출구 뒤','정기','M','70대~',13,1267.15,10.55,45520,294
'2017-03','156',' 서울서부지방법원 앞','정기','M','70대~',8,737.49,5.97,25750,149
'2017-03','157',' 애오개역 4번출구 앞','정기','M','70대~',11,913.88,6.19,26740,128
'2017-03','158',' 독립문 어린이 공원','정기','M','70대~',7,497.89,3.93,16890,145
'2017-03','159',' 이대역 4번 출구','정기','M','70대~',7,474.92,4.11,17720,133
'2017-03','160',' 북아현동 가구거리','정기','M','70대~',13,1199.73,8.76,37760,186
'2017-03','161',' 무악재역1번 출구','정기','M','70대~',1,148.64,1.28,5520,39
'2017-03','162',' 봉원고가차도 밑','정기','M','70대~',8,272.45,2.11,9130,113
'2017-03','120',' 신수동 사거리','정기','M','70대~',3,139.76,1.25,5430,29
'2017-03','163',' 명지전문대학교 정문 앞','정기','M','70대~',4,749.65,4.9,21150,111
'2017-03','164',' 북가좌1동 주민센터 ','정기','M','70대~',7,618.72,5.2,22390,132
'2017-03','165',' 중앙근린공원','정기','M','70대~',33,1768.64,16.28,70370,398
'2017-03','166',' 가재울 초등학교','정기','M','70대~',21,1220.67,9.87,42540,314
'2017-03','167',' 연가초등학교 옆','정기','M','70대~',3,167.03,1.56,6720,66
'2017-03','168',' 남가좌동 사거리','정기','M','70대~',4,186.27,1.34,5780,33
'2017-03','169',' 북가좌 삼거리','정기','M','70대~',5,272.47,2.31,9960,41
'2017-03','170',' 가재울 뉴타운 주유소 옆','정기','M','70대~',9,537.04,4.83,20850,99
'2017-03','171',' 임광빌딩 앞','정기','M','70대~',29,986.15,7.78,33440,215
'2017-03','172',' 서대문소방서','정기','M','70대~',12,676.13,5.54,23870,123
'2017-03','121',' 마포소방서 앞','정기','M','70대~',16,922.42,7.17,30970,217
'2017-03','173',' 서대문역 8번출구 앞','정기','M','70대~',16,988.29,7.87,33840,270
'2017-03','175',' 홍연2교옆','정기','M','70대~',13,1128.87,10.07,43400,412
'2017-03','179',' 가좌역 4번출구 앞','정기','M','70대~',9,327.44,2.73,11770,96
'2017-03','180',' 충정로역 7번출구 뒤','정기','M','70대~',14,768.19,6.43,27690,173
'2017-03','518',' 청계천 박물관 앞','정기','M','70대~',2,88.47,0.81,3470,17
'2017-03','519',' 양지사거리','정기','M','70대~',2,92.19,0.67,2910,17
'2017-03','520',' 상왕십리역 4번 출구 앞','정기','M','70대~',7,680.16,5.23,22550,118
'2017-03','521',' 왕십리역 11번 출구 앞','정기','M','70대~',8,1424.37,10.93,47140,194
'2017-03','522',' 금호역 1번출구 앞','정기','M','70대~',2,19.75,0.2,860,8
'2017-03','523',' 옥수동성당 옆','정기','M','70대~',2,335.02,3.27,14100,67
'2017-03','122',' 신성기사식당 앞','정기','M','70대~',12,628.1,5.24,22600,232
'2017-03','524',' 래미안금호하이리버 아파트 102동 옆','정기','M','70대~',7,704.8,6.03,26030,136
'2017-03','525',' 한양대병원사거리','정기','M','70대~',8,700.29,5.49,23640,133
'2017-03','526',' 용답토속공원 앞','정기','M','70대~',6,406.38,3.29,14220,57
'2017-03','529',' 장한평역 8번 출구 앞','정기','M','70대~',8,1292.88,10.29,44390,188
'2017-03','530',' 청계벽산아파트 앞','정기','M','70대~',3,57.86,0.47,2070,8
'2017-03','533',' 우리은행 금호동 지점 앞','정기','M','70대~',1,172.46,1.51,6500,45
'2017-03','534',' 금호사거리','정기','M','70대~',2,124.6,1.15,4960,21
'2017-03','535',' 응봉삼거리','정기','M','70대~',8,600.72,5.19,22400,127
'2017-03','536',' 행당역 2번출구 앞','정기','M','70대~',8,600.43,5.09,21980,164
'2017-03','537',' 한양대후문역 부근','정기','M','70대~',13,1235.54,10.47,45180,237
'2017-03','123',' 문화촌 공원','정기','M','70대~',4,707.86,5.96,25660,105
'2017-03','538',' 답십리역 8번출구 앞','정기','M','70대~',5,364.23,2.91,12520,70
'2017-03','550',' 서울시설공단 앞','정기','M','70대~',5,223.84,1.98,8540,73
'2017-03','539',' 군자교교차로','정기','M','70대~',2,72.07,0.6,2600,56
'2017-03','540',' 군자역 7번출구 베스트샵 앞','정기','M','70대~',21,1161.34,8.95,38510,305
'2017-03','542',' 강변역 4번출구 뒤','정기','M','70대~',2,231.09,2.06,8860,56
'2017-03','543',' 구의공원(테크노마트 앞)','정기','M','70대~',4,402.76,2.79,12050,95
'2017-03','544',' 광남중학교','정기','M','70대~',2,200.22,1.55,6680,32
'2017-03','546',' 잠실대교북단 교차로','정기','M','70대~',6,301.55,2.68,11520,58
'2017-03','548',' 자양나들목','정기','M','70대~',11,881.33,5.77,24900,85
'2017-03','549',' 아차산역 3번출구','정기','M','70대~',11,565.57,4.55,19590,162
'2017-03','124',' 서강대 정문 건너편','정기','M','70대~',26,1515.82,13.15,56710,331
'2017-03','600',' 휘경2동 주민센터','정기','M','70대~',7,531.86,4.75,20510,117
'2017-03','601',' 용신동주민센터','정기','M','70대~',3,79.8,0.72,3070,13
'2017-03','602',' 장안동 사거리','정기','M','70대~',3,229.42,1.6,6910,42
'2017-03','604',' 답십리초등학교 옆 공원','정기','M','70대~',2,186.32,1.48,6370,72
'2017-03','605',' 신설동역8번출구','정기','M','70대~',2,157.71,1.4,6020,30
'2017-03','607',' 신이문역 2번출구','정기','M','70대~',3,611.51,4.19,18050,73
'2017-03','608',' 전농삼성아파트','정기','M','70대~',2,92.13,0.77,3330,17
'2017-03','609',' 제기2교','정기','M','70대~',11,1112.32,9.35,40200,258
'2017-03','125',' 서강대 남문 옆','정기','M','70대~',23,799.73,6.27,27030,293
'2017-03','610',' 동대문중 교차로','정기','M','70대~',7,240.58,1.95,8390,56
'2017-03','612',' 시립동부병원 앞 사거리','정기','M','70대~',6,313.22,2.6,11220,59
'2017-03','613',' 신설동역 10번출구 앞','정기','M','70대~',9,669.43,5.3,22870,185
'2017-03','614',' 용두동 사거리','정기','M','70대~',10,786.25,6.41,27650,166
'2017-03','615',' 용두동 레미안허브리츠아파트 앞','정기','M','70대~',7,910.62,6.56,28290,135
'2017-03','616',' 서울시립대 앞','정기','M','70대~',10,397.36,3.3,14240,140
'2017-03','617',' 청솔우성아파트 앞','정기','M','70대~',9,463.96,3.77,16220,124
'2017-03','227',' 양평2나들목 보행통로 입구','정기','M','70대~',1,261.36,2.04,8800,40
'2017-03','228',' 선유도역 3번출구 앞','정기','M','70대~',11,756.96,5.91,25440,121
'2017-03','229',' 양평1 보행육교 앞','정기','M','70대~',14,1453.07,11.25,48430,432
'2017-03','126',' 서강대 후문 옆','정기','M','70대~',28,1379.83,11.08,47850,309
'2017-03','231',' 남부고용노동지청 남측','정기','M','70대~',5,823.01,6,25890,108
'2017-03','232',' 양평우림 이비즈센타 앞','정기','M','70대~',11,607.57,4.82,20720,113
'2017-03','233',' YP 센터 앞','정기','M','70대~',1,46.83,0.38,1620,10
'2017-03','234',' 영등포구민체육센터 앞','정기','M','70대~',1,278.76,2.51,10830,44
'2017-03','235',' 신길동 우리은행 옆','정기','M','70대~',5,307.15,2.51,10880,56
'2017-03','236',' 문래동자이아파트 앞','정기','M','70대~',4,343.88,2.79,12040,137
'2017-03','237',' 보라매 두산위브 건너편','정기','M','70대~',4,282.09,2.38,10250,54
'2017-03','238',' 제2구민체육센타 앞','정기','M','70대~',13,638.85,5.03,21680,163
'2017-03','239',' 유스호스텔 앞','정기','M','70대~',14,1010.19,7.51,32430,226
'2017-03','240',' 문래역 4번출구 앞','정기','M','70대~',8,346.86,2.88,12400,81
'2017-03','127',' 현대벤처빌 앞','정기','M','70대~',9,464.97,3.48,15020,73
'2017-03','241',' 신길우성1차아파트 앞 공원','정기','M','70대~',2,173.67,1.54,6620,36
'2017-03','242',' 신길선원가와인아파트 앞','정기','M','70대~',4,209.61,1.73,7480,91
'2017-03','243',' 이앤씨드림타워 앞','정기','M','70대~',1,109.91,0.99,4270,34
'2017-03','244',' 영등포삼환아파트 앞','정기','M','70대~',7,313.91,2.63,11360,59
'2017-03','245',' 삼성생명 당산사옥 앞','정기','M','70대~',5,597.03,4.82,20810,203
'2017-03','247',' 당산역 10번출구 앞','정기','M','70대~',29,2606.11,20.07,86530,490
'2017-03','248',' 초원아파트 앞','정기','M','70대~',10,1233.9,9.05,39040,197
'2017-03','249',' 여의도중학교 옆','정기','M','70대~',1,103.4,0.87,3730,28
'2017-03','250',' 대림아파트 사거리','정기','M','70대~',4,677.26,5.97,25780,157
'2017-03','251',' 서울지방병무청 버스정류장','정기','M','70대~',3,146.12,1.07,4590,22
'2017-03','101',' (구)합정동 주민센터','정기','M','70대~',7,564.83,5.06,21770,133
'2017-03','128',' 신촌역(2호선) 1번출구 옆','정기','M','70대~',19,1412.77,11.31,48750,295
'2017-03','252',' 보라매역4번출구','정기','M','70대~',3,81.59,0.7,2980,18
'2017-03','253',' 신풍역 5번출구 인근','정기','M','70대~',5,250.52,2.12,9190,57
'2017-03','254',' 도림신협 앞','정기','M','70대~',1,49.9,0.39,1680,14
'2017-03','255',' 도림4거리','정기','M','70대~',1,74.84,0.63,2700,15
'2017-03','256',' 동아에코빌입구','정기','M','70대~',4,241.11,2.04,8780,41
'2017-03','257',' 신길삼거리(우리은행)','정기','M','70대~',7,800.26,6.17,26560,152
'2017-03','258',' 신길역3번출구','정기','M','70대~',8,659.54,5.19,22390,806
'2017-03','259',' 대방역6번출구','정기','M','70대~',22,2219.25,15.72,67840,325
'2017-03','700',' KB국민은행 염창역 지점 앞','정기','M','70대~',2,328.11,2.34,10110,48
'2017-03','701',' 목동사거리 부근','정기','M','70대~',2,200.75,1.63,7000,43
'2017-03','129',' 신촌역(2호선) 6번출구 옆','정기','M','70대~',12,880.68,7.6,32760,194
'2017-03','702',' 목4동주민센터 옆','정기','M','70대~',1,261.95,1.57,6750,36
'2017-03','703',' 오목교역 7번출구 앞','정기','M','70대~',13,1051.33,8.36,36020,259
'2017-03','704',' 남부법원검찰청 교차로','정기','M','70대~',3,208.62,1.52,6560,33
'2017-03','706',' 신정네거리역','정기','M','70대~',2,219.26,1.9,8220,48
'2017-03','707',' 신정3동주민센터','정기','M','70대~',4,274.95,2.08,8940,45
'2017-03','708',' 서울출입국관리사무소 앞','정기','M','70대~',6,549.3,4.07,17550,129
'2017-03','709',' 신정3동 현장민원실 앞','정기','M','70대~',2,132.7,1.09,4690,28
'2017-03','710',' 서부화물트럭터미널 사거리','정기','M','70대~',3,293.21,2.39,10340,44
'2017-03','711',' 신일해피트리아파트 앞','정기','M','70대~',2,225.17,1.53,6590,34
'2017-03','130',' 신촌역(2호선) 7번출구 앞','정기','M','70대~',9,401.59,3.22,13880,78
'2017-03','800',' 목월공원 앞','정기','M','70대~',5,379.57,2.95,12650,81
'2017-03','802',' 한강진역 2번 출구 앞','정기','M','70대~',7,588.45,4.49,19360,102
'2017-03','803',' 한남초교 앞 보도육교','정기','M','70대~',2,881.85,6.24,26920,126
'2017-03','805',' 문배어린이공원 앞','정기','M','70대~',5,339.18,2.42,10420,89
'2017-03','806',' 전자랜드 본관 앞','정기','M','70대~',9,1009.04,7.79,33560,206
'2017-03','807',' 서울역 12번 출구 앞','정기','M','70대~',7,683.26,5.21,22460,102
'2017-03','808',' 서빙고동 금호맨션 앞','정기','M','70대~',1,177.41,1.48,6400,34
'2017-03','131',' 증산2교','정기','M','70대~',4,459.96,3.71,15970,85
'2017-03','809',' 한남 유수지 복개주차장','정기','M','70대~',6,815.33,6.45,27810,159
'2017-03','810',' 이태원지하보도','정기','M','70대~',4,288.76,2.17,9390,72
'2017-03','811',' 녹사평역1번출구','정기','M','70대~',9,786.83,5.92,25500,135
'2017-03','812',' 용산전쟁기념관','정기','M','70대~',2,188.96,1.51,6500,66
'2017-03','813',' 삼각지역 3번출구','정기','M','70대~',7,610.33,4.72,20320,127
'2017-03','815',' LIG강촌아파트 103동앞','정기','M','70대~',3,530.64,4.32,18630,93
'2017-03','385',' 종각역 5번출구','정기','M','70대~',35,1687.2,14.09,60790,658
'2017-03','386',' 올림픽기념 국민생활관 앞','정기','M','70대~',12,745.01,5.94,25630,167
'2017-03','387',' 훈련원공원주차장 앞','정기','M','70대~',5,591.67,5.02,21690,108
'2017-03','181',' 망원초록길 입구','정기','M','70대~',3,445.3,4.35,18760,105
'2017-03','132',' 창천문화공원','정기','M','70대~',8,491.23,4.13,17850,136
'2017-03','182',' 망원2빗물펌프장 앞','정기','M','70대~',5,316.06,2.87,12370,108
'2017-03','183',' 하늘채코오롱아파트 건너편','정기','M','70대~',18,688.17,5.77,24780,183
'2017-03','184',' SK망원동주유소 건너편','정기','M','70대~',7,459.15,3.45,14890,80
'2017-03','185',' 마포 신수공원 앞','정기','M','70대~',17,1249.75,9.86,42510,220
'2017-03','186',' 월드컵공원','정기','M','70대~',3,350.45,3.43,14770,120
'2017-03','177',' 북가좌 초등학교','정기','M','70대~',2,143.99,1.51,6530,34
'2017-03','188',' 홍은동 정원여중 입구','정기','M','70대~',2,188.4,1.62,7000,34
'2017-03','191',' 정명학원','정기','M','70대~',4,388.66,3.15,13560,83
'2017-03','192',' 연서어린이공원','정기','M','70대~',1,36.83,0.29,1240,7
'2017-03','178',' 증산3교 앞','정기','M','70대~',3,338.87,2.37,10240,46
'2017-03','133',' 해담는다리','정기','M','70대~',2,148.11,1.02,4400,20
'2017-03','194',' 증산교 앞','정기','M','70대~',8,792.18,5.96,25700,121
'2017-03','195',' 모래내고가차도 ','정기','M','70대~',4,201,1.74,7510,46
'2017-03','196',' 연희교차로 인근','정기','M','70대~',3,174.65,1.33,5710,25
'2017-03','198',' 충정2교','정기','M','70대~',5,283.45,2.11,9140,64
'2017-03','556',' 달맞이공원','정기','M','70대~',2,192.78,1.4,6060,39
'2017-03','557',' 도선동 주민센터 앞','정기','M','70대~',9,752.1,6.56,28220,188
'2017-03','558',' 성동광진 교육지원청 앞','정기','M','70대~',9,524.88,4.34,18760,109
'2017-03','134',' 연세로 명물길','정기','M','70대~',5,239.93,2.08,8950,50
'2017-03','559',' 왕십리역 4번 출구 건너편','정기','M','70대~',5,343.97,2.25,9710,87
'2017-03','560',' 비전교회 앞','정기','M','70대~',4,108.84,0.89,3860,35
'2017-03','561',' 서울숲역 2번출구 앞','정기','M','70대~',11,776.66,6.01,25830,196
'2017-03','562',' 군자지하보도 앞','정기','M','70대~',4,140.29,1.04,4490,17
'2017-03','563',' 성동세무서 건너편','정기','M','70대~',10,535.83,4.36,18850,90
'2017-03','565',' 옥수역 3번출구','정기','M','70대~',13,2976.74,23.63,101830,458
'2017-03','567',' 성수역 2번출구 앞','정기','M','70대~',20,1381.65,11.11,47900,282
'2017-03','568',' 청계8가사거리 부근','정기','M','70대~',14,766.2,5.97,25680,137
'2017-03','135',' 명물길 원형무대 앞','정기','M','70대~',6,419.05,3.86,16630,92
'2017-03','569',' 응봉현대아파트 정류소','정기','M','70대~',2,370.58,3.3,14220,68
'2017-03','578',' 성동세무서 부근','정기','M','70대~',2,220.5,1.84,7950,27
'2017-03','579',' 마장역 4번출구','정기','M','70대~',7,301.32,2.5,10740,62
'2017-03','581',' 용답초등학교','정기','M','70대~',4,252.79,2,8600,38
'2017-03','582',' 경일중학교 앞','정기','M','70대~',3,83.49,0.66,2830,13
'2017-03','583',' 청계천 생태교실 앞','정기','M','70대~',9,661.09,5.38,23190,142
'2017-03','551',' 구의삼성쉐르빌 앞','정기','M','70대~',2,110.1,0.86,3690,17
'2017-03','552',' 대림아크로리버 앞','정기','M','70대~',1,98.53,0.74,3190,15
'2017-03','553',' 중곡 성원APT 앞','정기','M','70대~',3,446.6,3.82,16460,80
'2017-03','136',' 대흥동 주민센터','정기','M','70대~',7,279.71,2.36,10210,44
'2017-03','554',' 아차산역 사거리','정기','M','70대~',7,470.6,3.75,16090,70
'2017-03','571',' 어린이대공원역6번출구','정기','M','70대~',14,782.76,5.86,25240,176
'2017-03','572',' 국립정신 건강센터 앞','정기','M','70대~',16,1871.14,15.78,68130,402
'2017-03','573',' 구의문주차장 앞','정기','M','70대~',11,766.8,5.71,24570,154
'2017-03','574',' 아차산역4번출구','정기','M','70대~',2,94.83,0.7,3040,14
'2017-03','576',' 광나루역 3번 출구','정기','M','70대~',1,66.53,0.56,2400,13
'2017-03','577',' 광진청소년수련관','정기','M','70대~',5,465.78,4.21,18120,106
'2017-03','621',' 동대문중학교 옆','정기','M','70대~',1,87.01,0.7,3010,10
'2017-03','137',' NH농협 신촌지점 앞','정기','M','70대~',3,206.5,1.8,7700,37
'2017-03','622',' 전농사거리 교통섬','정기','M','70대~',4,152.87,1.19,5120,24
'2017-03','623',' 서울시립대 정문 앞','정기','M','70대~',24,1027.8,8.28,35670,262
'2017-03','624',' 전농동 동아아파트 앞','정기','M','70대~',5,194.85,1.38,5920,78
'2017-03','625',' 답십리초등학교 앞(현대시장 옆)','정기','M','70대~',6,570.35,4.53,19580,112
'2017-03','626',' 군자교 서측 녹지대','정기','M','70대~',2,234.16,1.55,6720,31
'2017-03','627',' 장안동삼거리 교통섬','정기','M','70대~',5,875.06,7.59,32760,191
'2017-03','628',' 휘봉고등학교 앞','정기','M','70대~',1,170.66,1.54,6630,26
'2017-03','630',' 동대문구 보건소','정기','M','70대~',8,447.75,3.22,13870,116
'2017-03','631',' 답십리역 1번출구','정기','M','70대~',12,1277.24,10.48,45200,249
'2017-03','102',' 망원역 1번출구 앞','정기','M','70대~',20,925.51,7.97,34320,224
'2017-03','138',' 신촌동 제1공영주차장 앞','정기','M','70대~',13,486.99,4.24,18250,135
'2017-03','633',' 청량리 기업은행 앞','정기','M','70대~',15,1227.92,10.61,45810,297
'2017-03','634',' 외국어대 정문 앞','정기','M','70대~',11,942.26,7.74,33340,235
'2017-03','635',' 시조사 앞 (청량고정문 옆)','정기','M','70대~',8,1484.53,11.77,50800,262
'2017-03','636',' 세종대왕기념관 교차로','정기','M','70대~',4,239.4,1.99,8570,45
'2017-03','637',' KAIST 경영대학 앞','정기','M','70대~',3,437.67,3.56,15340,77
'2017-03','638',' 서울시립대 정보기술관','정기','M','70대~',9,292.24,2.39,10280,80
'2017-03','639',' 서울시립대 후문','정기','M','70대~',8,286.73,2.36,10100,129
'2017-03','640',' KEB하나은행 청량리역지점','정기','M','70대~',3,119.77,0.96,4130,32
'2017-03','641',' 용두역 4번출구','정기','M','70대~',20,1779.99,16.14,69540,380
'2017-03','642',' 신답역 사거리','정기','M','70대~',4,132.15,1.04,4490,53
'2017-03','140',' 이화여대 후문','정기','M','70대~',12,522.99,4.15,17920,113
'2017-03','230',' 영등포구청역 1번출구','정기','M','70대~',15,1309.7,9.65,41590,283
'2017-03','260',' 여의도 마리나선착장 앞','정기','M','70대~',5,1142.41,8.87,38270,162
'2017-03','262',' 영문초등학교 사거리','정기','M','70대~',8,509.16,3.95,17010,110
'2017-03','263',' 근로자회관 사거리','정기','M','70대~',6,175.66,1.57,6740,46
'2017-03','264',' 교보생명보험 앞','정기','M','70대~',6,637.24,4.69,20240,103
'2017-03','265',' 영등포유통상가 사거리','정기','M','70대~',1,103.28,0.76,3260,23
'2017-03','141',' 연대 대운동장 옆','정기','M','70대~',15,822.3,6.48,27950,152
'2017-03','266',' 영등포청과시장 사거리','정기','M','70대~',4,173.04,1.36,5880,55
'2017-03','267',' 삼성화재 사옥 옆','정기','M','70대~',2,359.49,2.91,12560,65
'2017-03','268',' 그랜드컨벤션센터 앞','정기','M','70대~',3,54.83,0.5,2130,11
'2017-03','270',' 증권거래소후문교차로','정기','M','70대~',8,367.29,2.96,12770,128
'2017-03','271',' 샛강생태공원방문자센터 앞','정기','M','70대~',8,651.16,5.38,23200,125
'2017-03','272',' 당산육갑문','정기','M','70대~',14,2542.67,19.16,82630,366
'2017-03','716','신정6동 주민센터 인근','정기','M','70대~',3,199.39,1.59,6870,37
'2017-03','139',' 연세대 정문 건너편','정기','M','70대~',11,621.26,4.64,20040,210
'2017-03','719',' 홍익병원앞 교차로','정기','M','70대~',4,424.28,3.51,15160,68
'2017-03','816',' 신용산역 6번출구 앞','정기','M','70대~',12,1110.99,8.75,37620,194
'2017-03','817',' 삼각지역 4번출구 앞','정기','M','70대~',1,17.21,0.16,690,6
'2017-03','818',' 숙명여대 입구 교차로','정기','M','70대~',6,634.13,4.36,18710,84
'2017-03','819',' 선린인터넷 고등학교','정기','M','70대~',11,1748.35,14.27,61510,289
'2017-03','820',' 청파동입구 교차로','정기','M','70대~',4,576.73,4.96,21380,115
'2017-03','822',' 이촌1동 마을공원','정기','M','70대~',4,794,6.8,29300,138
'2017-03','823',' 효창동주민센터 앞','정기','M','70대~',2,286.74,1.93,8300,56
'2017-03','825',' 서빙고동 주민센터 앞','정기','M','70대~',8,1433.97,12.78,55070,215
'2017-03','199',' 서울 월드컵 경기장','정기','M','70대~',3,495.94,3.93,16900,164
'2017-03','388',' 동성중학교 앞','정기','M','70대~',11,596.37,4.69,20190,118
'2017-03','584',' 광진광장 교통섬','정기','M','70대~',8,516.96,4.56,19660,178
'2017-03','585',' 성수2가1동 공영주차장 인근','정기','M','70대~',9,1075.17,7.73,33260,270
'2017-03','586',' 마장동 주민센터','정기','M','70대~',3,119.01,1.02,4380,25
'2017-03','900',' 은평예술회관','정기','M','70대~',5,194.88,1.66,7160,48
'2017-03','901',' 응암1동사무소','정기','M','70대~',9,695.17,6.09,26270,146
'2017-03','200',' 국회의원회관','정기','M','70대~',9,561.35,4.2,18160,92
'2017-03','903',' 은평뉴타운 아이파크','정기','M','70대~',9,1398.55,9.05,39030,259
'2017-03','904',' 은평뉴타운 푸르지오','정기','M','70대~',5,278.33,2.39,10270,38
'2017-03','905',' 구파발역 2번출구','정기','M','70대~',14,941.83,6.75,29060,168
'2017-03','906',' 연신내역 5번출구150M 아래','정기','M','70대~',8,609.36,4.78,20580,109
'2017-03','907',' CJ 드림시티','정기','M','70대~',31,2811.27,19.45,83820,596
'2017-03','908',' 구산역 4번출구','정기','M','70대~',30,1833.24,13.46,57880,605
'2017-03','909',' 백련산 힐스테이트 3차','정기','M','70대~',3,290.72,2.43,10500,48
'2017-03','911',' 은평평화공원(역촌역4번출구)','정기','M','70대~',1,35.59,0.25,1070,3
'2017-03','201',' 진미파라곤 앞','정기','M','70대~',7,764.56,6.16,26540,171
'2017-03','912',' 응암오거리','정기','M','70대~',8,903.92,7.59,32740,140
'2017-03','913',' 이마트 은평점','정기','M','70대~',10,1041.85,7.11,30620,156
'2017-03','914',' 새절역 2번출구','정기','M','70대~',7,965.72,8.92,38410,144
'2017-03','915',' 증산역 4번출구','정기','M','70대~',6,340.99,2.38,10280,97
'2017-03','916',' 평생학습관 앞','정기','M','70대~',5,340.15,2.44,10520,82
'2017-03','917',' 녹번역 4번출구','정기','M','70대~',6,402.63,2.83,12150,64
'2017-03','919',' 서울혁신파크','정기','M','70대~',4,182.28,1.85,7940,44
'2017-03','921',' 신도고등학교','정기','M','70대~',3,354.43,2.45,10540,71
'2017-03','202',' 국민일보 앞','정기','M','70대~',27,2877.87,21.63,93200,479
'2017-03','922',' 연신내역 4번출구','정기','M','70대~',5,394.65,3.15,13580,79
'2017-03','923',' 국민은행 연서지점','정기','M','70대~',2,187.4,1.46,6310,32
'2017-03','924',' 메뚜기다리','정기','M','70대~',1,175.03,1.58,6800,47
'2017-03','925',' 불광역 2번출구','정기','M','70대~',4,469.19,3.91,16850,98
'2017-03','926',' 불광역 8번출구','정기','M','70대~',32,2084.19,16.95,73010,435
'2017-03','927',' 연신내역 3번출구 인근','정기','M','70대~',12,820.18,5.57,24040,218
'2017-03','930',' 구 서부경찰서 건너편','정기','M','70대~',4,132.26,1.05,4520,22
'2017-03','931',' 역촌파출소','정기','M','70대~',40,1865.81,15.3,66030,398
'2017-03','932',' 예일여중','정기','M','70대~',6,336.54,2.92,12640,98
'2017-03','933',' LG서비스 역촌점','정기','M','70대~',9,558.51,4.43,19050,116
'2017-03','587',' KEB하나은행 성수중앙지점','정기','M','70대~',3,102.88,0.74,3170,34
'2017-03','588',' 뚝섬 유원지역','정기','M','70대~',2,195.04,1.8,7750,48
'2017-03','위트콤','위트콤','정기','M','70대~',3,23.7,0.14,630,17
'2017-03','103',' 망원역 2번출구 앞','정기','M','70대~',15,925.16,7.41,31950,264
'2017-03','204',' 국회의사당역 5번출구 옆','정기','M','70대~',11,551.38,4.56,19680,127
'2017-03','203',' 국회의사당역 3번출구 옆','정기','M','70대~',25,1299.59,10.67,46050,350
'2017-03','205',' 산업은행 앞','정기','M','70대~',19,1647.82,11.36,48880,404
'2017-03','206',' KBS 앞','정기','M','70대~',19,1412.29,12.07,51970,292
'2017-03','209',' 유진투자증권빌딩 앞','정기','M','70대~',29,1601.78,12.8,55100,435
'2017-03','210',' IFC몰','정기','M','70대~',13,547.62,4.55,19560,201
'2017-03','211',' 여의도역 4번출구 옆','정기','M','70대~',61,2751.37,22.34,96230,1199
'2017-03','212',' 여의도역 1번출구 옆','정기','M','70대~',72,4129.44,34.79,149930,1750
'2017-03','213',' KT앞','정기','M','70대~',21,1138.92,8.88,38340,595
'2017-03','104',' 합정역 1번출구 앞','정기','M','70대~',12,1209.02,9.11,39290,200
'2017-03','214',' 금융감독원 앞','정기','M','70대~',16,891.34,7.58,32560,252
'2017-03','218',' 증권거래소 앞','정기','M','70대~',24,700.76,6.15,26580,154
'2017-03','219',' 롯데캐슬엠파이어 옆','정기','M','70대~',12,587.91,4.6,19880,136
'2017-03','220',' 미성아파트 A동 앞','정기','M','70대~',7,770.96,5.55,23910,100
'2017-03','215',' 여의도고교 앞','정기','M','70대~',3,228.19,1.64,7080,22
'2017-03','216',' 삼부아파트1동 앞','정기','M','70대~',16,882.27,7.09,30490,157
'2017-03','217',' NH농협은행 앞','정기','M','70대~',34,1738.24,13.81,59470,519
'2017-03','221',' 여의도초교 앞','정기','M','70대~',19,799.52,6.82,29330,183
'2017-03','222',' 시범아파트버스정류장 옆','정기','M','70대~',22,1054.51,8.23,35480,218
'2017-03','223',' 진주아파트상가 앞','정기','M','70대~',19,578.6,4.7,20290,157
'2017-03','105',' 합정역 5번출구 앞','정기','M','70대~',4,393.5,2.87,12340,87
'2017-03','224',' 롯데캐슬 앞','정기','M','70대~',19,1229.01,9.84,42540,264
'2017-03','225',' 앙카라공원 앞','정기','M','70대~',36,1131.34,9.2,39630,525
'2017-03','226',' 샛강역 1번출구 앞','정기','M','70대~',19,1489.72,11.99,51790,515
'2017-03','207',' 여의나루역 1번출구 앞','정기','M','70대~',61,2961.85,23.86,102870,869
'2017-03','401',' 상암월드컵파크 10단지 앞','정기','M','70대~',5,348.46,2.96,12780,79
'2017-03','402',' 상암월드컵파크 9단지 앞','정기','M','70대~',7,593.81,4.36,18760,88
'2017-03','403',' 부엉이공원 앞','정기','M','70대~',9,1321.76,9.9,42700,253
'2017-03','106',' 합정역 7번출구 앞','정기','M','70대~',18,1609.63,13.58,58570,261
'2017-03','405',' DMC빌 앞','정기','M','70대~',10,405.85,3.34,14460,71
'2017-03','406',' 상암월드컵파크 7단지 앞','정기','M','70대~',4,390.09,3.14,13540,62
'2017-03','421',' 마포구청 앞','정기','M','70대~',20,1669.62,12.79,55120,299
'2017-03','407',' 마포구 육아종합지원센터','정기','M','70대~',9,538.25,4.69,20190,98
'2017-03','408',' LG CNS앞','정기','M','70대~',12,800.9,6.87,29620,199
'2017-03','420',' 서울시 공공자전거 상암센터','정기','M','70대~',3,314.08,2.53,10880,42
'2017-03','409',' 누리꿈스퀘어 옆','정기','M','70대~',23,2095.75,15.83,68220,357
'2017-03','419',' 홈플러스 앞','정기','M','70대~',20,1896.75,14.93,64410,357
'2017-03','410',' 상암중학교 옆','정기','M','70대~',4,204.44,1.57,6790,30
'2017-03','418',' 월드컵경기장역 3번출구 옆','정기','M','70대~',19,1059.87,9.04,39060,275
'2017-03','107',' 신한은행 서교동금융센터점 앞','정기','M','70대~',17,988.67,8.17,35170,358
'2017-03','411',' DMC홍보관','정기','M','70대~',13,1779.87,13.01,56160,353
'2017-03','412',' DMC산학협력연구센터 앞','정기','M','70대~',21,1564.95,12.28,52930,325
'2017-03','413',' 상암월드컵파크 3단지 후문','정기','M','70대~',29,1587.57,15.64,67430,294
'2017-03','417',' DMC역 2번출구 옆','정기','M','70대~',25,1662.25,13.44,57980,307
'2017-03','414',' 상암동주민센터 옆','정기','M','70대~',12,788.67,6.97,29960,244
'2017-03','415',' DMC역 9번출구 앞','정기','M','70대~',50,3234.8,27.03,116650,582
'2017-03','416',' 상암월드컵파크 1단지 교차로','정기','M','70대~',9,530.35,4.51,19440,116
'2017-03','500',' 어린이대공원역 3번출구 앞','정기','M','70대~',26,2366.38,19.85,85560,398
'2017-03','501',' 광진구의회 앞','정기','M','70대~',6,351.15,3.21,13850,90
'2017-03','502',' 뚝섬유원지역 1번출구 앞','정기','M','70대~',10,1067.99,8.53,36800,183
'2017-03','108',' 서교동 사거리','일일(회원)','F','~10대',1,26.77,0.24,1040,7
'2017-03','505',' 자양사거리 광진아크로텔 앞','일일(회원)','F','~10대',2,140.44,1.58,6820,115
'2017-03','509',' 이마트 버스정류소 옆','일일(회원)','F','~10대',2,183.67,1.79,7730,63
'2017-03','510',' 서울숲 남문 버스정류소 옆','일일(회원)','F','~10대',1,0,0,0,4
'2017-03','511',' 서울숲역 4번 출구 옆','일일(회원)','F','~10대',11,1134.52,11.28,48580,537
'2017-03','512',' 뚝섬역 1번 출구 옆','일일(회원)','F','~10대',2,253.04,2.96,12780,125
'2017-03','515',' 광양중학교 앞','일일(회원)','F','~10대',1,0,0,0,44
'2017-03','516',' 광진메디칼 앞','일일(회원)','F','~10대',1,136.82,1.6,6910,50
'2017-03','301',' 경복궁역 7번출구 앞','일일(회원)','F','~10대',2,129.22,1.17,5020,44
'2017-03','302',' 경복궁역 4번출구 뒤','일일(회원)','F','~10대',1,78.25,0.71,3040,22
'2017-03','303',' 광화문역 1번출구 앞','일일(회원)','F','~10대',1,52.77,0.48,2050,75
'2017-03','304',' 광화문역 2번출구 앞','일일(회원)','F','~10대',2,75.07,0.85,3700,57
'2017-03','307',' 서울역사박물관 앞','일일(회원)','F','~10대',1,21.59,0.22,940,20
'2017-03','312',' 시청역 1번출구 뒤','일일(회원)','F','~10대',1,107.08,0.97,4160,36
'2017-03','316',' 종각역 1번출구 앞','일일(회원)','F','~10대',2,91.16,0.94,4070,44
'2017-03','318',' 광교사거리 남측','일일(회원)','F','~10대',2,205,1.9,8210,80
'2017-03','321',' KEB 하나은행 본점 앞','일일(회원)','F','~10대',1,50.66,0.57,2460,36
'2017-03','326',' 안국역 5번출구 앞','일일(회원)','F','~10대',3,174.24,1.89,8150,59
'2017-03','336',' 티마크 호텔 앞','일일(회원)','F','~10대',1,51.84,0.55,2380,25
'2017-03','337',' 창경궁 입구','일일(회원)','F','~10대',1,10.55,0.1,410,3
'2017-03','338',' 세운스퀘어 앞','일일(회원)','F','~10대',1,78.69,0.85,3680,23
'2017-03','339',' 종로4가 사거리','일일(회원)','F','~10대',1,81.68,0.87,3750,29
'2017-03','340',' 혜화동 로터리','일일(회원)','F','~10대',1,85.63,0.98,4240,31
'2017-03','342',' 대학로 마로니에공원','일일(회원)','F','~10대',2,138.33,1.76,7620,60
'2017-03','345',' 서울보증보험본사 앞','일일(회원)','F','~10대',2,68.98,0.78,3350,28
'2017-03','346',' 맥스타일 앞','일일(회원)','F','~10대',4,290.21,3.45,14880,190
'2017-03','353',' 재동초교 앞 삼거리','일일(회원)','F','~10대',1,42.01,0.48,2080,13
'2017-03','117',' 홍은사거리','일일(회원)','F','~10대',3,712.11,6.62,28510,294
'2017-03','355',' 서울사대부속초교 앞','일일(회원)','F','~10대',1,26.25,0.24,1020,6
'2017-03','356',' KT혜화지사 앞','일일(회원)','F','~10대',1,12.87,0.12,500,2
'2017-03','358',' 성대입구 사거리','일일(회원)','F','~10대',3,202.56,1.96,8410,83
'2017-03','359',' 원남동사거리','일일(회원)','F','~10대',2,69.94,0.65,2810,27
'2017-03','361',' 동묘앞역 1번출구 뒤','일일(회원)','F','~10대',3,159.4,1.65,7130,49
'2017-03','362',' 청계8가 사거리','일일(회원)','F','~10대',2,46.94,0.36,1560,12
'2017-03','113',' 홍대입구역 2번출구 앞','일일(회원)','F','~10대',1,101.12,1.41,6080,42
'2017-03','348',' 독립문역 사거리','일일(회원)','F','~10대',3,196.27,2.11,9110,72
'2017-03','370',' 시청역(2호선) 9번출구 뒤','일일(회원)','F','~10대',1,36.04,0.32,1400,20
'2017-03','371',' 동대입구역 6번출구 뒤','일일(회원)','F','~10대',2,131.51,1.45,6260,91
'2017-03','377',' 서울역 4번출구 앞','일일(회원)','F','~10대',1,83.4,0.75,3240,42
'2017-03','382',' 약수역 10번출구 앞','일일(회원)','F','~10대',1,69.62,0.69,2980,23
'2017-03','383',' 신당역 12번 출구 뒤','일일(회원)','F','~10대',10,319.28,3.68,15890,337
'2017-03','142',' 아현역 4번출구 앞','일일(회원)','F','~10대',2,184.46,1.72,7400,55
'2017-03','143',' 공덕역 2번출구','일일(회원)','F','~10대',1,330.24,2.98,12830,65
'2017-03','145',' 공덕역 5번출구','일일(회원)','F','~10대',2,158.62,1.64,7090,82
'2017-03','146',' 마포역 1번출구 뒤','일일(회원)','F','~10대',1,0,0,0,13
'2017-03','147',' 마포역 4번출구 뒤','일일(회원)','F','~10대',2,522.76,4.28,18430,165
'2017-03','150',' 서강대역 2번출구 앞','일일(회원)','F','~10대',1,116.09,1.05,4510,67
'2017-03','152',' 마포구민체육센터 앞','일일(회원)','F','~10대',6,596.26,6.05,26020,173
'2017-03','119',' 서강나루 공원','일일(회원)','F','~10대',2,360.68,3.52,15180,96
'2017-03','153',' 성산2교 사거리','일일(회원)','F','~10대',1,203.58,2.34,10080,57
'2017-03','157',' 애오개역 4번출구 앞','일일(회원)','F','~10대',1,206.95,1.87,8040,58
'2017-03','160',' 북아현동 가구거리','일일(회원)','F','~10대',1,182.57,1.57,6780,45
'2017-03','163',' 명지전문대학교 정문 앞','일일(회원)','F','~10대',2,201.62,2.49,10720,94
'2017-03','165',' 중앙근린공원','일일(회원)','F','~10대',1,48.85,0.6,2570,15
'2017-03','167',' 연가초등학교 옆','일일(회원)','F','~10대',1,57.42,0.58,2500,22
'2017-03','520',' 상왕십리역 4번 출구 앞','일일(회원)','F','~10대',5,364.14,3.88,16700,233
'2017-03','521',' 왕십리역 11번 출구 앞','일일(회원)','F','~10대',2,65.9,0.73,3140,52
'2017-03','522',' 금호역 1번출구 앞','일일(회원)','F','~10대',7,375.01,4.38,18900,271
'2017-03','525',' 한양대병원사거리','일일(회원)','F','~10대',9,867.81,9.2,39690,299
'2017-03','533',' 우리은행 금호동 지점 앞','일일(회원)','F','~10대',6,354.38,4.37,18830,269
'2017-03','537',' 한양대후문역 부근','일일(회원)','F','~10대',1,85.16,0.91,3910,39
'2017-03','540',' 군자역 7번출구 베스트샵 앞','일일(회원)','F','~10대',1,36.81,0.33,1430,9
'2017-03','543',' 구의공원(테크노마트 앞)','일일(회원)','F','~10대',1,0,0,0,54
'2017-03','544',' 광남중학교','일일(회원)','F','~10대',1,116.82,1.37,5900,33
'2017-03','548',' 자양나들목','일일(회원)','F','~10대',1,52.21,0.68,2930,24
'2017-03','549',' 아차산역 3번출구','일일(회원)','F','~10대',2,246.85,2.23,9590,66
'2017-03','600',' 휘경2동 주민센터','일일(회원)','F','~10대',1,147.64,1.66,7170,100
'2017-03','609',' 제기2교','일일(회원)','F','~10대',2,240.75,2.32,10010,103
'2017-03','125',' 서강대 남문 옆','일일(회원)','F','~10대',2,95.44,1.03,4450,66
'2017-03','613',' 신설동역 10번출구 앞','일일(회원)','F','~10대',1,14.73,0.14,620,17
'2017-03','228',' 선유도역 3번출구 앞','일일(회원)','F','~10대',1,248.84,3.1,13370,111
'2017-03','232',' 양평우림 이비즈센타 앞','일일(회원)','F','~10대',8,1990.94,20.55,88530,709
'2017-03','237',' 보라매 두산위브 건너편','일일(회원)','F','~10대',1,137.57,1.64,7090,58
'2017-03','247',' 당산역 10번출구 앞','일일(회원)','F','~10대',6,600.48,7.07,30430,235
'2017-03','249',' 여의도중학교 옆','일일(회원)','F','~10대',2,307.34,3.47,14970,93
'2017-03','250',' 대림아파트 사거리','일일(회원)','F','~10대',1,23.93,0.25,1060,16
'2017-03','251',' 서울지방병무청 버스정류장','일일(회원)','F','~10대',2,82.24,0.99,4250,56
'2017-03','128',' 신촌역(2호선) 1번출구 옆','일일(회원)','F','~10대',1,174.07,1.55,6660,95
'2017-03','700',' KB국민은행 염창역 지점 앞','일일(회원)','F','~10대',2,737.95,7.89,34020,494
'2017-03','703',' 오목교역 7번출구 앞','일일(회원)','F','~10대',3,421.35,4.31,18590,193
'2017-03','704',' 남부법원검찰청 교차로','일일(회원)','F','~10대',1,33.98,0.31,1320,21
'2017-03','708',' 서울출입국관리사무소 앞','일일(회원)','F','~10대',1,71.63,0.75,3230,43
'2017-03','713',' 양서중학교 옆','일일(회원)','F','~10대',1,113.29,1.09,4690,45
'2017-03','800',' 목월공원 앞','일일(회원)','F','~10대',2,348.65,3.41,14690,122
'2017-03','808',' 서빙고동 금호맨션 앞','일일(회원)','F','~10대',1,121.24,1.09,4710,82
'2017-03','809',' 한남 유수지 복개주차장','일일(회원)','F','~10대',1,250.32,2.57,11090,72
'2017-03','810',' 이태원지하보도','일일(회원)','F','~10대',1,58.92,0.56,2400,24
'2017-03','811',' 녹사평역1번출구','일일(회원)','F','~10대',3,322.44,3.19,13760,117
'2017-03','812',' 용산전쟁기념관','일일(회원)','F','~10대',1,56.37,0.51,2190,22
'2017-03','813',' 삼각지역 3번출구','일일(회원)','F','~10대',1,54.57,0.49,2120,17
'2017-03','815',' LIG강촌아파트 103동앞','일일(회원)','F','~10대',2,426.26,3.84,16560,126
'2017-03','385',' 종각역 5번출구','일일(회원)','F','~10대',2,188.49,1.97,8500,77
'2017-03','387',' 훈련원공원주차장 앞','일일(회원)','F','~10대',1,45.26,0.59,2540,23
'2017-03','182',' 망원2빗물펌프장 앞','일일(회원)','F','~10대',2,201.08,2.18,9430,101
'2017-03','185',' 마포 신수공원 앞','일일(회원)','F','~10대',1,186.31,2.32,10010,44
'2017-03','186',' 월드컵공원','일일(회원)','F','~10대',5,616.89,6.9,29720,260
'2017-03','133',' 해담는다리','일일(회원)','F','~10대',1,84.47,0.55,2370,14
'2017-03','556',' 달맞이공원','일일(회원)','F','~10대',1,74.65,0.67,2900,40
'2017-03','557',' 도선동 주민센터 앞','일일(회원)','F','~10대',1,23.47,0.18,780,7
'2017-03','558',' 성동광진 교육지원청 앞','일일(회원)','F','~10대',2,370.63,3.68,15860,107
'2017-03','559',' 왕십리역 4번 출구 건너편','일일(회원)','F','~10대',4,181.35,2.11,9060,91
'2017-03','561',' 서울숲역 2번출구 앞','일일(회원)','F','~10대',7,576.46,6.71,28900,383
'2017-03','564',' 금호역 3번출구','일일(회원)','F','~10대',1,4.63,0.04,180,10
'2017-03','565',' 옥수역 3번출구','일일(회원)','F','~10대',7,1208.21,11.65,50210,296
'2017-03','569',' 응봉현대아파트 정류소','일일(회원)','F','~10대',3,183.15,2.01,8610,138
'2017-03','583',' 청계천 생태교실 앞','일일(회원)','F','~10대',4,639.52,5.93,25540,198
'2017-03','553',' 중곡 성원APT 앞','일일(회원)','F','~10대',1,252.25,2.27,9800,70
'2017-03','571',' 어린이대공원역6번출구','일일(회원)','F','~10대',6,396.13,3.57,15390,155
'2017-03','572',' 국립정신 건강센터 앞','일일(회원)','F','~10대',2,92.15,0.83,3580,20
'2017-03','574',' 아차산역4번출구','일일(회원)','F','~10대',2,136.42,1.23,5300,35
'2017-03','137',' NH농협 신촌지점 앞','일일(회원)','F','~10대',1,147.75,1.33,5740,54
'2017-03','623',' 서울시립대 정문 앞','일일(회원)','F','~10대',1,58.69,0.53,2280,21
'2017-03','627',' 장안동삼거리 교통섬','일일(회원)','F','~10대',1,274.13,2.47,10650,59
'2017-03','633',' 청량리 기업은행 앞','일일(회원)','F','~10대',1,53.28,0.48,2070,36
'2017-03','634',' 외국어대 정문 앞','일일(회원)','F','~10대',3,611.37,6.5,28000,196
'2017-03','641',' 용두역 4번출구','일일(회원)','F','~10대',1,98.41,1.15,4970,34
'2017-03','268',' 그랜드컨벤션센터 앞','일일(회원)','F','~10대',1,38.21,0.45,1930,43
'2017-03','272',' 당산육갑문','일일(회원)','F','~10대',1,0,0,0,9
'2017-03','816',' 신용산역 6번출구 앞','일일(회원)','F','~10대',2,119.95,1.08,4660,52
'2017-03','817',' 삼각지역 4번출구 앞','일일(회원)','F','~10대',1,59.97,0.54,2330,29
'2017-03','820',' 청파동입구 교차로','일일(회원)','F','~10대',2,206.69,1.86,8030,97
'2017-03','822',' 이촌1동 마을공원','일일(회원)','F','~10대',1,68.21,0.61,2650,25
'2017-03','825',' 서빙고동 주민센터 앞','일일(회원)','F','~10대',5,1012.85,9.91,42700,225
'2017-03','199',' 서울 월드컵 경기장','일일(회원)','F','~10대',6,1575.02,16.57,71420,791
'2017-03','584',' 광진광장 교통섬','일일(회원)','F','~10대',2,413.13,3.72,16050,117
'2017-03','907',' CJ 드림시티','일일(회원)','F','~10대',4,808.51,8.91,38390,255
'2017-03','201',' 진미파라곤 앞','일일(회원)','F','~10대',1,711.71,6.41,27650,211
'2017-03','912',' 응암오거리','일일(회원)','F','~10대',2,282.74,2.8,12050,213
'2017-03','914',' 새절역 2번출구','일일(회원)','F','~10대',1,129.82,1.58,6830,87
'2017-03','202',' 국민일보 앞','일일(회원)','F','~10대',4,510.75,5.2,22430,184
'2017-03','928',' 은평역사한옥박물관','일일(회원)','F','~10대',1,90.26,0.91,3930,31
'2017-03','588',' 뚝섬 유원지역','일일(회원)','F','~10대',2,713.77,6.43,27730,335
'2017-03','205',' 산업은행 앞','일일(회원)','F','~10대',4,304.27,2.91,12530,189
'2017-03','206',' KBS 앞','일일(회원)','F','~10대',1,136.41,1.63,7030,62
'2017-03','209',' 유진투자증권빌딩 앞','일일(회원)','F','~10대',1,216.22,1.95,8400,53
'2017-03','210',' IFC몰','일일(회원)','F','~10대',3,550.96,6.45,27800,155
'2017-03','211',' 여의도역 4번출구 옆','일일(회원)','F','~10대',4,483.54,5.04,21690,256
'2017-03','213',' KT앞','일일(회원)','F','~10대',1,48.35,0.52,2220,24
'2017-03','214',' 금융감독원 앞','일일(회원)','F','~10대',1,122.78,1.36,5850,38
'2017-03','215',' 여의도고교 앞','일일(회원)','F','~10대',4,467.99,5.06,21810,330
'2017-03','221',' 여의도초교 앞','일일(회원)','F','~10대',1,157.79,1.42,6130,57
'2017-03','222',' 시범아파트버스정류장 옆','일일(회원)','F','~10대',1,125.5,1.29,5560,36
'2017-03','226',' 샛강역 1번출구 앞','일일(회원)','F','~10대',2,93.06,1.09,4700,52
'2017-03','207',' 여의나루역 1번출구 앞','일일(회원)','F','~10대',41,4483.19,43.95,189430,2137
'2017-03','402',' 상암월드컵파크 9단지 앞','일일(회원)','F','~10대',1,83.32,0.61,2630,22
'2017-03','106',' 합정역 7번출구 앞','일일(회원)','F','~10대',1,84.32,1.18,5070,50
'2017-03','421',' 마포구청 앞','일일(회원)','F','~10대',1,362.68,3.27,14090,116
'2017-03','409',' 누리꿈스퀘어 옆','일일(회원)','F','~10대',2,255.04,2.7,11630,105
'2017-03','419',' 홈플러스 앞','일일(회원)','F','~10대',3,377.77,3.35,14400,179
'2017-03','418',' 월드컵경기장역 3번출구 옆','일일(회원)','F','~10대',4,411.04,3.66,15760,95
'2017-03','500',' 어린이대공원역 3번출구 앞','일일(회원)','F','~10대',6,725.35,6.52,28180,298
'2017-03','501',' 광진구의회 앞','일일(회원)','F','~10대',4,170.65,1.94,8370,108
'2017-03','502',' 뚝섬유원지역 1번출구 앞','일일(회원)','F','~10대',28,3304.18,33.47,144210,1571
'2017-03','108',' 서교동 사거리','일일(회원)','F','20대',22,2428.41,21.2,91450,912
'2017-03','503',' 더샵스타시티 C동 앞','일일(회원)','F','20대',18,972.22,10.35,44590,401
'2017-03','504',' 신자초교입구교차로','일일(회원)','F','20대',17,1650.18,15.92,68590,542
'2017-03','505',' 자양사거리 광진아크로텔 앞','일일(회원)','F','20대',38,3354.88,35.8,154300,1430
'2017-03','506',' 금호 어울림 아파트 앞','일일(회원)','F','20대',17,1818.42,18.59,80150,560
'2017-03','507',' 성수아이에스비즈타워 앞','일일(회원)','F','20대',10,858.82,8.79,37970,260
'2017-03','508',' 성수아카데미타워 앞','일일(회원)','F','20대',12,1059.26,12,51710,525
'2017-03','509',' 이마트 버스정류소 옆','일일(회원)','F','20대',45,4940.51,48.58,209490,2028
'2017-03','510',' 서울숲 남문 버스정류소 옆','일일(회원)','F','20대',51,5058.1,53.49,230540,2670
'2017-03','511',' 서울숲역 4번 출구 옆','일일(회원)','F','20대',140,15814.68,159.78,688550,7371
'2017-03','512',' 뚝섬역 1번 출구 옆','일일(회원)','F','20대',39,3403.74,34.01,146660,1438
'2017-03','109',' 제일빌딩 앞','일일(회원)','F','20대',28,2773.18,27.9,120140,1034
'2017-03','400',' 상암한화오벨리스크 1차 앞','일일(회원)','F','20대',11,716.3,7.43,32060,230
'2017-03','513',' 뚝섬역 5번 출구 정류소 옆','일일(회원)','F','20대',16,1102.17,11.15,48040,536
'2017-03','514',' 성수사거리 버스정류장 앞','일일(회원)','F','20대',25,2493.35,23.52,101400,827
'2017-03','515',' 광양중학교 앞','일일(회원)','F','20대',20,2904.25,28.13,121280,1061
'2017-03','516',' 광진메디칼 앞','일일(회원)','F','20대',24,3001.62,30.54,131640,1083
'2017-03','300',' 정동사거리','일일(회원)','F','20대',7,507.65,5.45,23470,189
'2017-03','301',' 경복궁역 7번출구 앞','일일(회원)','F','20대',10,692.25,7.32,31560,274
'2017-03','302',' 경복궁역 4번출구 뒤','일일(회원)','F','20대',32,2371.49,25.08,107960,1234
'2017-03','303',' 광화문역 1번출구 앞','일일(회원)','F','20대',19,909.39,9.21,39740,330
'2017-03','115',' 사루비아 빌딩 앞','일일(회원)','F','20대',27,1576.38,16.49,71150,675
'2017-03','304',' 광화문역 2번출구 앞','일일(회원)','F','20대',8,567.56,5.77,24900,385
'2017-03','305',' 종로구청 옆','일일(회원)','F','20대',15,753.64,7.8,33630,303
'2017-03','306',' 광화문역 7번출구 앞','일일(회원)','F','20대',13,1909.83,17.94,77380,364
'2017-03','307',' 서울역사박물관 앞','일일(회원)','F','20대',23,1381.8,14.04,60470,579
'2017-03','308',' 광화문 S타워 앞','일일(회원)','F','20대',11,1099.07,11.09,47720,329
'2017-03','309',' 광화문역 6번출구 옆','일일(회원)','F','20대',11,747.37,7.28,31410,258
'2017-03','310',' 청계광장 옆','일일(회원)','F','20대',8,361.34,3.57,15340,139
'2017-03','311',' 서울광장 옆','일일(회원)','F','20대',7,621.84,6.4,27600,286
'2017-03','312',' 시청역 1번출구 뒤','일일(회원)','F','20대',8,492.76,4.84,20920,288
'2017-03','313',' 서울역 광장 파출소 옆','일일(회원)','F','20대',3,428.45,4.81,20720,272
'2017-03','110',' 사천교','일일(회원)','F','20대',12,695.08,6.8,29360,1943
'2017-03','314',' 국립현대미술관','일일(회원)','F','20대',21,1387.25,14.31,61730,636
'2017-03','315',' 신한은행 안국역지점 옆','일일(회원)','F','20대',23,1722.79,16.36,70470,746
'2017-03','316',' 종각역 1번출구 앞','일일(회원)','F','20대',19,1507.96,15.13,65170,669
'2017-03','318',' 광교사거리 남측','일일(회원)','F','20대',12,1265.5,13.47,58090,478
'2017-03','320',' 을지로입구역 4번출구 앞','일일(회원)','F','20대',12,720.19,7.38,31790,253
'2017-03','321',' KEB 하나은행 본점 앞','일일(회원)','F','20대',14,1210.79,12.08,52090,460
'2017-03','322',' 명동성당 앞','일일(회원)','F','20대',18,1343.27,14.05,60590,531
'2017-03','116',' 일진아이윌아파트 옆','일일(회원)','F','20대',19,1312.12,14.41,62050,532
'2017-03','324',' 신세계백화점 본점 앞','일일(회원)','F','20대',13,1093.33,10.91,46980,385
'2017-03','326',' 안국역 5번출구 앞','일일(회원)','F','20대',16,831.99,8.3,35780,548
'2017-03','327',' 낙원상가 옆','일일(회원)','F','20대',6,512.44,4.57,19750,195
'2017-03','328',' 탑골공원 앞','일일(회원)','F','20대',29,1530.22,16.15,69590,672
'2017-03','329',' 청계2가 사거리 옆','일일(회원)','F','20대',16,1141.91,11.82,50990,412
'2017-03','330',' 청계천 한빛광장','일일(회원)','F','20대',12,924.79,9.63,41560,397
'2017-03','331',' 을지로2가 사거리 북측','일일(회원)','F','20대',5,564.01,5.76,24860,263
'2017-03','332',' 을지로2가 사거리 남측','일일(회원)','F','20대',12,1332.29,12.48,53800,366
'2017-03','111',' 상수역 2번출구 앞','일일(회원)','F','20대',45,6824.41,69.35,298920,2655
'2017-03','334',' 종로3가역 2번출구 뒤','일일(회원)','F','20대',19,1460.85,14.34,61780,507
'2017-03','335',' 종로3가역 15번출구 앞','일일(회원)','F','20대',19,1336.47,11.77,50700,530
'2017-03','336',' 티마크 호텔 앞','일일(회원)','F','20대',12,875.29,7.91,34110,373
'2017-03','337',' 창경궁 입구','일일(회원)','F','20대',24,1879.71,19.32,83300,887
'2017-03','338',' 세운스퀘어 앞','일일(회원)','F','20대',25,1525.18,14.13,60940,534
'2017-03','339',' 종로4가 사거리','일일(회원)','F','20대',30,1897.9,19.36,83390,915
'2017-03','340',' 혜화동 로터리','일일(회원)','F','20대',23,2102.78,21.2,91410,799
'2017-03','341',' 혜화역 3번출구 뒤','일일(회원)','F','20대',22,1903.62,18.9,81500,836
'2017-03','342',' 대학로 마로니에공원','일일(회원)','F','20대',27,2022.31,20.88,90100,927
'2017-03','343',' 예일빌딩(율곡로) 앞','일일(회원)','F','20대',4,188.94,2.1,9030,79
'2017-03','112',' 극동방송국 앞','일일(회원)','F','20대',29,3107.27,29.99,129240,1175
'2017-03','344',' 성균관대 E하우스 앞','일일(회원)','F','20대',12,569.76,6.03,25930,250
'2017-03','345',' 서울보증보험본사 앞','일일(회원)','F','20대',7,559.82,5.41,23310,309
'2017-03','346',' 맥스타일 앞','일일(회원)','F','20대',33,2304.23,23.68,102050,924
'2017-03','347',' 동대문역사문화공원역 9번출구 앞','일일(회원)','F','20대',25,1593.59,16.72,72010,742
'2017-03','349',' 사직동주민센터','일일(회원)','F','20대',12,991.15,9.12,39230,589
'2017-03','350','KEB 하나은행(내자동 지점) 앞','일일(회원)','F','20대',17,951.8,9.27,39950,403
'2017-03','351',' 청운초교 앞 삼거리','일일(회원)','F','20대',18,1220.32,13.12,56530,505
'2017-03','352',' 중앙고입구 삼거리','일일(회원)','F','20대',7,580.23,5.72,24640,234
'2017-03','353',' 재동초교 앞 삼거리','일일(회원)','F','20대',10,551.2,5.17,22300,328
'2017-03','117',' 홍은사거리','일일(회원)','F','20대',20,3042.45,29.29,126280,981
'2017-03','354',' 포르투갈 대사관 앞','일일(회원)','F','20대',13,779.23,7.38,31830,308
'2017-03','355',' 서울사대부속초교 앞','일일(회원)','F','20대',11,804.66,8.34,36010,326
'2017-03','356',' KT혜화지사 앞','일일(회원)','F','20대',10,661.81,6.9,29720,252
'2017-03','358',' 성대입구 사거리','일일(회원)','F','20대',47,3509.46,36.38,156780,1404
'2017-03','359',' 원남동사거리','일일(회원)','F','20대',15,956.57,10.03,43220,526
'2017-03','361',' 동묘앞역 1번출구 뒤','일일(회원)','F','20대',6,842.22,8.81,37940,259
'2017-03','362',' 청계8가 사거리','일일(회원)','F','20대',6,524.82,4.5,19400,273
'2017-03','363',' 신설동역 11번출구 뒤','일일(회원)','F','20대',12,997.85,10.73,46230,409
'2017-03','364',' 창신역 1번출구 앞','일일(회원)','F','20대',6,1028.5,9.39,40480,310
'2017-03','113',' 홍대입구역 2번출구 앞','일일(회원)','F','20대',84,8336.33,85.89,370190,4044
'2017-03','367',' 독립문역 3-1번출구 ','일일(회원)','F','20대',14,1355.38,14.07,60730,511
'2017-03','368',' SK 서린빌딩 앞','일일(회원)','F','20대',16,1041.41,10.75,46350,428
'2017-03','369',' 광화문 시민열린마당','일일(회원)','F','20대',13,1247.44,12.66,54570,651
'2017-03','348',' 독립문역 사거리','일일(회원)','F','20대',1,89.06,0.8,3460,20
'2017-03','370',' 시청역(2호선) 9번출구 뒤','일일(회원)','F','20대',10,483.29,4.89,21110,214
'2017-03','371',' 동대입구역 6번출구 뒤','일일(회원)','F','20대',15,983.37,9.65,41660,480
'2017-03','372',' 약수역 3번출구 뒤','일일(회원)','F','20대',5,277.73,2.77,11980,76
'2017-03','373',' 청구 어린이공원','일일(회원)','F','20대',1,26.52,0.29,1240,14
'2017-03','374',' 청구역 2번출구 앞','일일(회원)','F','20대',3,154.19,1.5,6490,109
'2017-03','118',' 광흥창역 2번출구 앞','일일(회원)','F','20대',12,976.19,10.1,43530,384
'2017-03','375',' 다산 어린이공원','일일(회원)','F','20대',8,936.36,10.71,46140,375
'2017-03','377',' 서울역 4번출구 앞','일일(회원)','F','20대',6,524.36,5.48,23660,250
'2017-03','378',' 청계7가 사거리','일일(회원)','F','20대',12,701.64,7.29,31410,214
'2017-03','379',' 서울역9번출구','일일(회원)','F','20대',9,742.66,7.39,31790,365
'2017-03','380',' CJ제일제당 앞','일일(회원)','F','20대',10,587.62,6.04,25980,221
'2017-03','381',' 장충체육관','일일(회원)','F','20대',5,417.93,4.42,19080,256
'2017-03','382',' 약수역 10번출구 앞','일일(회원)','F','20대',8,727.07,8.68,37380,332
'2017-03','383',' 신당역 12번 출구 뒤','일일(회원)','F','20대',27,2348.77,24.3,104760,893
'2017-03','384',' 종로학원본원 ','일일(회원)','F','20대',3,272.24,2.96,12750,95
'2017-03','114',' 홍대입구역 8번출구 앞','일일(회원)','F','20대',69,6240.39,62.87,271090,2328
'2017-03','142',' 아현역 4번출구 앞','일일(회원)','F','20대',10,964.22,9.38,40480,337
'2017-03','143',' 공덕역 2번출구','일일(회원)','F','20대',22,1558.87,15.7,67670,666
'2017-03','144',' 공덕역 8번출구','일일(회원)','F','20대',42,3606.7,38.29,165140,1464
'2017-03','145',' 공덕역 5번출구','일일(회원)','F','20대',18,2680.95,24.67,106290,829
'2017-03','146',' 마포역 1번출구 뒤','일일(회원)','F','20대',52,7089.33,70.47,303950,2539
'2017-03','147',' 마포역 4번출구 뒤','일일(회원)','F','20대',32,3038.41,30.36,130850,1059
'2017-03','148',' 용강동 주민센터 앞','일일(회원)','F','20대',12,2255.65,23.99,103450,925
'2017-03','150',' 서강대역 2번출구 앞','일일(회원)','F','20대',23,2249.34,22.21,95750,789
'2017-03','151',' 망원1동주민센터','일일(회원)','F','20대',24,2925.24,29.24,125970,1033
'2017-03','152',' 마포구민체육센터 앞','일일(회원)','F','20대',104,13608.18,139.45,601150,4784
'2017-03','119',' 서강나루 공원','일일(회원)','F','20대',18,2580.14,24.05,103670,646
'2017-03','153',' 성산2교 사거리','일일(회원)','F','20대',24,3663.09,38.11,164260,1055
'2017-03','154',' 마포구청역 ','일일(회원)','F','20대',26,2094.1,20.2,87130,769
'2017-03','155',' 가좌역1 번출구 뒤','일일(회원)','F','20대',21,2286.72,22.63,97490,871
'2017-03','156',' 서울서부지방법원 앞','일일(회원)','F','20대',16,1159.44,12.87,55540,386
'2017-03','157',' 애오개역 4번출구 앞','일일(회원)','F','20대',17,2472.91,23.73,102190,710
'2017-03','158',' 독립문 어린이 공원','일일(회원)','F','20대',11,993.01,9.18,39580,341
'2017-03','159',' 이대역 4번 출구','일일(회원)','F','20대',31,2920.08,29.61,127590,1189
'2017-03','160',' 북아현동 가구거리','일일(회원)','F','20대',22,1991.92,19.86,85640,771
'2017-03','161',' 무악재역1번 출구','일일(회원)','F','20대',1,134.05,1.27,5460,49
'2017-03','162',' 봉원고가차도 밑','일일(회원)','F','20대',18,989.02,11.57,49750,341
'2017-03','120',' 신수동 사거리','일일(회원)','F','20대',1,136.94,1.23,5320,49
'2017-03','163',' 명지전문대학교 정문 앞','일일(회원)','F','20대',25,3695.64,38.49,166010,1240
'2017-03','164',' 북가좌1동 주민센터 ','일일(회원)','F','20대',6,472.9,5.28,22760,207
'2017-03','165',' 중앙근린공원','일일(회원)','F','20대',11,864.16,9.11,39190,358
'2017-03','166',' 가재울 초등학교','일일(회원)','F','20대',7,810.41,8.67,37390,262
'2017-03','167',' 연가초등학교 옆','일일(회원)','F','20대',2,71,0.88,3810,24
'2017-03','168',' 남가좌동 사거리','일일(회원)','F','20대',12,876.35,9.41,40570,370
'2017-03','169',' 북가좌 삼거리','일일(회원)','F','20대',6,725.6,7.57,32610,262
'2017-03','170',' 가재울 뉴타운 주유소 옆','일일(회원)','F','20대',13,1286.75,12.69,54700,442
'2017-03','171',' 임광빌딩 앞','일일(회원)','F','20대',2,201.32,1.88,8080,63
'2017-03','172',' 서대문소방서','일일(회원)','F','20대',13,1566.96,16.14,69560,524
'2017-03','121',' 마포소방서 앞','일일(회원)','F','20대',8,925.5,10.84,46740,330
'2017-03','173',' 서대문역 8번출구 앞','일일(회원)','F','20대',12,851.26,9.29,40020,311
'2017-03','175',' 홍연2교옆','일일(회원)','F','20대',36,5578.33,55.64,239760,1683
'2017-03','179',' 가좌역 4번출구 앞','일일(회원)','F','20대',14,1626.35,16.92,72890,415
'2017-03','180',' 충정로역 7번출구 뒤','일일(회원)','F','20대',22,2402.87,24.77,106750,794
'2017-03','518',' 청계천 박물관 앞','일일(회원)','F','20대',8,897.08,8.01,34520,233
'2017-03','519',' 양지사거리','일일(회원)','F','20대',13,924.76,9.36,40350,298
'2017-03','520',' 상왕십리역 4번 출구 앞','일일(회원)','F','20대',19,1697.27,16.85,72550,705
'2017-03','521',' 왕십리역 11번 출구 앞','일일(회원)','F','20대',16,1746.03,16.64,71780,641
'2017-03','522',' 금호역 1번출구 앞','일일(회원)','F','20대',1,109.99,1.17,5050,26
'2017-03','523',' 옥수동성당 옆','일일(회원)','F','20대',2,94.41,1.02,4400,35
'2017-03','122',' 신성기사식당 앞','일일(회원)','F','20대',15,1242.19,12.83,55350,423
'2017-03','524',' 래미안금호하이리버 아파트 102동 옆','일일(회원)','F','20대',3,357.83,3.85,16580,105
'2017-03','525',' 한양대병원사거리','일일(회원)','F','20대',70,8700.94,90.29,389070,3148
'2017-03','526',' 용답토속공원 앞','일일(회원)','F','20대',5,572.13,5.03,21650,144
'2017-03','529',' 장한평역 8번 출구 앞','일일(회원)','F','20대',6,1223.38,11.71,50520,313
'2017-03','530',' 청계벽산아파트 앞','일일(회원)','F','20대',2,207.96,2.13,9200,69
'2017-03','533',' 우리은행 금호동 지점 앞','일일(회원)','F','20대',13,1455.69,14.98,64580,477
'2017-03','534',' 금호사거리','일일(회원)','F','20대',1,40.3,0.45,1920,55
'2017-03','535',' 응봉삼거리','일일(회원)','F','20대',26,2976.21,29.29,126230,843
'2017-03','536',' 행당역 2번출구 앞','일일(회원)','F','20대',17,1429.57,15.52,66840,622
'2017-03','537',' 한양대후문역 부근','일일(회원)','F','20대',33,4982.42,51.58,222360,1647
'2017-03','123',' 문화촌 공원','일일(회원)','F','20대',9,1068.12,10.49,45230,391
'2017-03','538',' 답십리역 8번출구 앞','일일(회원)','F','20대',4,493.92,5.31,22850,188
'2017-03','550',' 서울시설공단 앞','일일(회원)','F','20대',7,898.83,8.91,38420,262
'2017-03','539',' 군자교교차로','일일(회원)','F','20대',17,1837.75,18.75,80750,712
'2017-03','540',' 군자역 7번출구 베스트샵 앞','일일(회원)','F','20대',58,4694.57,48.78,210070,1750
'2017-03','542',' 강변역 4번출구 뒤','일일(회원)','F','20대',15,2270.86,24.43,105340,765
'2017-03','543',' 구의공원(테크노마트 앞)','일일(회원)','F','20대',20,2063.38,21.7,93550,872
'2017-03','544',' 광남중학교','일일(회원)','F','20대',14,2412.71,24.23,104380,690
'2017-03','546',' 잠실대교북단 교차로','일일(회원)','F','20대',11,1099.21,11.53,49660,418
'2017-03','548',' 자양나들목','일일(회원)','F','20대',23,3319.19,33.64,145040,1530
'2017-03','549',' 아차산역 3번출구','일일(회원)','F','20대',14,1530.55,15.56,67080,470
'2017-03','124',' 서강대 정문 건너편','일일(회원)','F','20대',27,2672.89,26.35,113650,964
'2017-03','600',' 휘경2동 주민센터','일일(회원)','F','20대',19,2820.13,27.83,120030,1082
'2017-03','601',' 용신동주민센터','일일(회원)','F','20대',2,186.26,1.77,7630,102
'2017-03','602',' 장안동 사거리','일일(회원)','F','20대',27,3488.88,35.91,154800,1248
'2017-03','604',' 답십리초등학교 옆 공원','일일(회원)','F','20대',2,238.28,2.35,10120,116
'2017-03','605',' 신설동역8번출구','일일(회원)','F','20대',2,103.14,1,4320,64
'2017-03','606',' 휘경공고앞','일일(회원)','F','20대',7,763.7,8.2,35320,298
'2017-03','607',' 신이문역 2번출구','일일(회원)','F','20대',26,5422.25,53.59,231130,1621
'2017-03','608',' 전농삼성아파트','일일(회원)','F','20대',3,174.21,1.68,7260,77
'2017-03','609',' 제기2교','일일(회원)','F','20대',31,4352,45.38,195550,1363
'2017-03','125',' 서강대 남문 옆','일일(회원)','F','20대',13,1407.47,14.63,63070,613
'2017-03','610',' 동대문중 교차로','일일(회원)','F','20대',3,145.3,1.66,7160,61
'2017-03','612',' 시립동부병원 앞 사거리','일일(회원)','F','20대',12,1301.69,12.54,54050,427
'2017-03','613',' 신설동역 10번출구 앞','일일(회원)','F','20대',11,1054.83,11.85,51070,493
'2017-03','614',' 용두동 사거리','일일(회원)','F','20대',24,1940.11,20.58,88740,754
'2017-03','615',' 용두동 레미안허브리츠아파트 앞','일일(회원)','F','20대',12,975.4,10.22,44020,309
'2017-03','616',' 서울시립대 앞','일일(회원)','F','20대',7,324.48,3.15,13600,152
'2017-03','617',' 청솔우성아파트 앞','일일(회원)','F','20대',5,532.15,5.27,22690,129
'2017-03','227',' 양평2나들목 보행통로 입구','일일(회원)','F','20대',33,4071.17,40.76,175740,1199
'2017-03','228',' 선유도역 3번출구 앞','일일(회원)','F','20대',41,4907.35,52.92,228160,2252
'2017-03','229',' 양평1 보행육교 앞','일일(회원)','F','20대',30,4285.65,44.55,191900,1400
'2017-03','126',' 서강대 후문 옆','일일(회원)','F','20대',33,4238.12,44.51,191790,1470
'2017-03','231',' 남부고용노동지청 남측','일일(회원)','F','20대',7,617.35,6.7,28850,216
'2017-03','232',' 양평우림 이비즈센타 앞','일일(회원)','F','20대',33,2593.37,27.46,118440,1191
'2017-03','233',' YP 센터 앞','일일(회원)','F','20대',1,118.4,1.07,4600,49
'2017-03','234',' 영등포구민체육센터 앞','일일(회원)','F','20대',9,1835.81,17.74,76490,533
'2017-03','235',' 신길동 우리은행 옆','일일(회원)','F','20대',3,366.69,3.45,14890,147
'2017-03','236',' 문래동자이아파트 앞','일일(회원)','F','20대',13,1782.07,16.19,69820,737
'2017-03','237',' 보라매 두산위브 건너편','일일(회원)','F','20대',21,2383.12,25.52,110060,891
'2017-03','238',' 제2구민체육센타 앞','일일(회원)','F','20대',10,996.05,9.02,38910,260
'2017-03','239',' 유스호스텔 앞','일일(회원)','F','20대',6,494.88,5.49,23620,174
'2017-03','240',' 문래역 4번출구 앞','일일(회원)','F','20대',26,1607.51,15.38,66400,687
'2017-03','127',' 현대벤처빌 앞','일일(회원)','F','20대',4,139.59,1.36,5880,38
'2017-03','241',' 신길우성1차아파트 앞 공원','일일(회원)','F','20대',8,1577.28,17.43,75180,436
'2017-03','242',' 신길선원가와인아파트 앞','일일(회원)','F','20대',3,246.38,2.6,11230,166
'2017-03','243',' 이앤씨드림타워 앞','일일(회원)','F','20대',3,213.42,2.07,8940,66
'2017-03','244',' 영등포삼환아파트 앞','일일(회원)','F','20대',26,2483.59,26.72,115180,1065
'2017-03','245',' 삼성생명 당산사옥 앞','일일(회원)','F','20대',27,2663.1,22.95,98970,651
'2017-03','247',' 당산역 10번출구 앞','일일(회원)','F','20대',54,6675.73,70.46,303930,2320
'2017-03','248',' 초원아파트 앞','일일(회원)','F','20대',54,7599.15,74.88,322800,2760
'2017-03','249',' 여의도중학교 옆','일일(회원)','F','20대',77,9214.44,93.27,402080,3769
'2017-03','250',' 대림아파트 사거리','일일(회원)','F','20대',11,1276.47,12.53,54020,551
'2017-03','251',' 서울지방병무청 버스정류장','일일(회원)','F','20대',6,923.59,9.54,41090,384
'2017-03','101',' (구)합정동 주민센터','일일(회원)','F','20대',10,724.83,7.59,32780,311
'2017-03','128',' 신촌역(2호선) 1번출구 옆','일일(회원)','F','20대',32,2322.98,23.57,101620,1041
'2017-03','252',' 보라매역4번출구','일일(회원)','F','20대',28,3135.74,33.48,144280,1265
'2017-03','253',' 신풍역 5번출구 인근','일일(회원)','F','20대',5,456.93,4.39,18940,181
'2017-03','254',' 도림신협 앞','일일(회원)','F','20대',3,303.99,2.74,11810,91
'2017-03','255',' 도림4거리','일일(회원)','F','20대',5,1027.51,9.94,42840,311
'2017-03','256',' 동아에코빌입구','일일(회원)','F','20대',6,504.18,4.99,21550,193
'2017-03','257',' 신길삼거리(우리은행)','일일(회원)','F','20대',13,1545.74,15.03,64890,592
'2017-03','258',' 신길역3번출구','일일(회원)','F','20대',18,38930.1,17.24,74290,678
'2017-03','259',' 대방역6번출구','일일(회원)','F','20대',25,3623.76,36.02,155280,1195
'2017-03','700',' KB국민은행 염창역 지점 앞','일일(회원)','F','20대',27,4146.4,44.69,192610,1614
'2017-03','701',' 목동사거리 부근','일일(회원)','F','20대',10,1621.94,16,68950,516
'2017-03','129',' 신촌역(2호선) 6번출구 옆','일일(회원)','F','20대',16,927.86,9.73,41850,425
'2017-03','702',' 목4동주민센터 옆','일일(회원)','F','20대',3,396.02,3.75,16160,155
'2017-03','703',' 오목교역 7번출구 앞','일일(회원)','F','20대',57,7876.8,79.18,341310,2482
'2017-03','704',' 남부법원검찰청 교차로','일일(회원)','F','20대',7,665.89,6.44,27760,251
'2017-03','706',' 신정네거리역','일일(회원)','F','20대',5,407.42,4.17,18000,137
'2017-03','707',' 신정3동주민센터','일일(회원)','F','20대',10,1185.89,12.59,54220,393
'2017-03','708',' 서울출입국관리사무소 앞','일일(회원)','F','20대',6,727.67,7.74,33360,314
'2017-03','710',' 서부화물트럭터미널 사거리','일일(회원)','F','20대',9,407.1,3.83,16470,135
'2017-03','711',' 신일해피트리아파트 앞','일일(회원)','F','20대',2,82.37,0.97,4160,66
'2017-03','712',' 강월초교입구 사거리','일일(회원)','F','20대',5,481.34,5.14,22170,216
'2017-03','130',' 신촌역(2호선) 7번출구 앞','일일(회원)','F','20대',17,1496.77,15.51,66850,617
'2017-03','713',' 양서중학교 옆','일일(회원)','F','20대',8,744.71,8.06,34740,345
'2017-03','714',' 한국SGI 양천문화회관 앞','일일(회원)','F','20대',4,499.37,4.8,20650,149
'2017-03','800',' 목월공원 앞','일일(회원)','F','20대',19,3092.17,27.32,117650,1024
'2017-03','802',' 한강진역 2번 출구 앞','일일(회원)','F','20대',12,1451.35,14.97,64540,576
'2017-03','803',' 한남초교 앞 보도육교','일일(회원)','F','20대',7,357.34,3.52,15180,137
'2017-03','805',' 문배어린이공원 앞','일일(회원)','F','20대',13,1021.32,10.8,46560,573
'2017-03','806',' 전자랜드 본관 앞','일일(회원)','F','20대',17,1410.44,14.3,61640,563
'2017-03','807',' 서울역 12번 출구 앞','일일(회원)','F','20대',9,1013.71,10.52,45380,331
'2017-03','808',' 서빙고동 금호맨션 앞','일일(회원)','F','20대',4,628.06,6.46,27850,214
'2017-03','131',' 증산2교','일일(회원)','F','20대',27,3048.74,30.34,130960,907
'2017-03','809',' 한남 유수지 복개주차장','일일(회원)','F','20대',54,10240.17,104.51,450630,2815
'2017-03','810',' 이태원지하보도','일일(회원)','F','20대',11,1458.84,14.79,63730,485
'2017-03','811',' 녹사평역1번출구','일일(회원)','F','20대',60,6661.61,68.68,296030,2550
'2017-03','812',' 용산전쟁기념관','일일(회원)','F','20대',11,494.26,5.46,23550,238
'2017-03','813',' 삼각지역 3번출구','일일(회원)','F','20대',17,1903.78,20.07,86470,830
'2017-03','815',' LIG강촌아파트 103동앞','일일(회원)','F','20대',43,7331.86,73.62,317360,2485
'2017-03','385',' 종각역 5번출구','일일(회원)','F','20대',29,2178.33,23.12,99610,875
'2017-03','386',' 올림픽기념 국민생활관 앞','일일(회원)','F','20대',16,540.66,5.88,25330,259
'2017-03','387',' 훈련원공원주차장 앞','일일(회원)','F','20대',5,269.88,2.65,11390,133
'2017-03','181',' 망원초록길 입구','일일(회원)','F','20대',30,5978.63,58.75,253320,1805
'2017-03','132',' 창천문화공원','일일(회원)','F','20대',38,3558.78,36.09,155540,1383
'2017-03','182',' 망원2빗물펌프장 앞','일일(회원)','F','20대',42,6050.73,63.88,275190,2088
'2017-03','183',' 하늘채코오롱아파트 건너편','일일(회원)','F','20대',34,2568.33,27.96,120510,1090
'2017-03','184',' SK망원동주유소 건너편','일일(회원)','F','20대',25,2402.96,24.08,103820,900
'2017-03','185',' 마포 신수공원 앞','일일(회원)','F','20대',40,3219.44,33.64,145090,1210
'2017-03','186',' 월드컵공원','일일(회원)','F','20대',74,11091.21,109.48,472010,3751
'2017-03','177',' 북가좌 초등학교','일일(회원)','F','20대',1,108.32,1.35,5820,43
'2017-03','188',' 홍은동 정원여중 입구','일일(회원)','F','20대',18,3092.96,31.92,137610,774
'2017-03','191',' 정명학원','일일(회원)','F','20대',4,392.38,3.96,17070,145
'2017-03','192',' 연서어린이공원','일일(회원)','F','20대',5,525.73,6.27,27020,152
'2017-03','178',' 증산3교 앞','일일(회원)','F','20대',13,1176.23,11.93,51350,323
'2017-03','133',' 해담는다리','일일(회원)','F','20대',29,4051.17,41.01,176820,1059
'2017-03','194',' 증산교 앞','일일(회원)','F','20대',26,3357.16,32.38,139640,993
'2017-03','195',' 모래내고가차도 ','일일(회원)','F','20대',14,894.37,9.49,40900,362
'2017-03','196',' 연희교차로 인근','일일(회원)','F','20대',8,542.92,6.33,27280,255
'2017-03','198',' 충정2교','일일(회원)','F','20대',10,1193.31,12.23,52690,454
'2017-03','556',' 달맞이공원','일일(회원)','F','20대',16,2439.22,25.7,110770,734
'2017-03','557',' 도선동 주민센터 앞','일일(회원)','F','20대',7,441.17,5.03,21670,145
'2017-03','558',' 성동광진 교육지원청 앞','일일(회원)','F','20대',26,2601.99,26.13,112660,799
'2017-03','134',' 연세로 명물길','일일(회원)','F','20대',17,1496.16,15.53,66960,614
'2017-03','559',' 왕십리역 4번 출구 건너편','일일(회원)','F','20대',32,3203.66,32.24,139140,1232
'2017-03','560',' 비전교회 앞','일일(회원)','F','20대',7,614.34,6.95,29900,212
'2017-03','561',' 서울숲역 2번출구 앞','일일(회원)','F','20대',60,6175.62,67.24,289600,3154
'2017-03','562',' 군자지하보도 앞','일일(회원)','F','20대',2,547.08,5.28,22750,168
'2017-03','563',' 성동세무서 건너편','일일(회원)','F','20대',14,974.66,9.49,40880,376
'2017-03','564',' 금호역 3번출구','일일(회원)','F','20대',2,227.5,2.78,11980,88
'2017-03','565',' 옥수역 3번출구','일일(회원)','F','20대',54,9093.55,95.38,410980,3055
'2017-03','567',' 성수역 2번출구 앞','일일(회원)','F','20대',41,3334.53,35.68,153750,1469
'2017-03','568',' 청계8가사거리 부근','일일(회원)','F','20대',29,1235.92,13.32,57470,494
'2017-03','135',' 명물길 원형무대 앞','일일(회원)','F','20대',13,593.51,6.48,27950,301
'2017-03','569',' 응봉현대아파트 정류소','일일(회원)','F','20대',6,1159.36,9.32,40180,260
'2017-03','578',' 성동세무서 부근','일일(회원)','F','20대',3,439.45,4.62,19900,168
'2017-03','579',' 마장역 4번출구','일일(회원)','F','20대',19,2149.45,20.45,88140,778
'2017-03','580',' 신금호역 3번출구 뒤','일일(회원)','F','20대',2,517.12,5.47,23590,199
'2017-03','581',' 용답초등학교','일일(회원)','F','20대',4,710.21,7.94,34240,262
'2017-03','582',' 경일중학교 앞','일일(회원)','F','20대',9,592.91,6.07,26200,288
'2017-03','583',' 청계천 생태교실 앞','일일(회원)','F','20대',53,9495.39,96.04,413980,2606
'2017-03','551',' 구의삼성쉐르빌 앞','일일(회원)','F','20대',8,580.05,5.92,25470,490
'2017-03','553',' 중곡 성원APT 앞','일일(회원)','F','20대',11,2021.44,21.71,93590,672
'2017-03','554',' 아차산역 사거리','일일(회원)','F','20대',7,764.8,7.59,32700,263
'2017-03','555',' 구의3동주민센터','일일(회원)','F','20대',2,161.45,1.94,8360,88
'2017-03','571',' 어린이대공원역6번출구','일일(회원)','F','20대',59,5256.07,54.44,234760,2488
'2017-03','572',' 국립정신 건강센터 앞','일일(회원)','F','20대',13,1690.15,17.14,73920,629
'2017-03','573',' 구의문주차장 앞','일일(회원)','F','20대',22,2172.69,20.66,89040,928
'2017-03','574',' 아차산역4번출구','일일(회원)','F','20대',42,2639.83,26.63,114900,1174
'2017-03','575',' 중앙농협 중곡지점','일일(회원)','F','20대',4,515.92,5.24,22570,161
'2017-03','576',' 광나루역 3번 출구','일일(회원)','F','20대',8,1272.39,12.45,53630,376
'2017-03','577',' 광진청소년수련관','일일(회원)','F','20대',28,3186.37,32.75,141220,1389
'2017-03','621',' 동대문중학교 옆','일일(회원)','F','20대',2,148.89,1.75,7520,75
'2017-03','137',' NH농협 신촌지점 앞','일일(회원)','F','20대',25,2075.86,21.67,93410,824
'2017-03','622',' 전농사거리 교통섬','일일(회원)','F','20대',10,641.24,6.35,27320,229
'2017-03','623',' 서울시립대 정문 앞','일일(회원)','F','20대',25,2034.65,20.09,86580,933
'2017-03','624',' 전농동 동아아파트 앞','일일(회원)','F','20대',12,1678.29,16.64,71700,468
'2017-03','625',' 답십리초등학교 앞(현대시장 옆)','일일(회원)','F','20대',4,196.43,1.93,8270,111
'2017-03','626',' 군자교 서측 녹지대','일일(회원)','F','20대',24,3228.59,33.43,144080,1225
'2017-03','627',' 장안동삼거리 교통섬','일일(회원)','F','20대',12,1168.32,11.35,48920,328
'2017-03','628',' 휘봉고등학교 앞','일일(회원)','F','20대',3,377.33,3.68,15880,113
'2017-03','630',' 동대문구 보건소','일일(회원)','F','20대',21,2207.89,22.32,96170,712
'2017-03','631',' 답십리역 1번출구','일일(회원)','F','20대',19,1931.61,20.78,89540,743
'2017-03','102',' 망원역 1번출구 앞','일일(회원)','F','20대',40,3772.78,39.71,171220,1689
'2017-03','138',' 신촌동 제1공영주차장 앞','일일(회원)','F','20대',20,1563.44,15.78,68020,667
'2017-03','633',' 청량리 기업은행 앞','일일(회원)','F','20대',18,1278.59,12.62,54380,485
'2017-03','634',' 외국어대 정문 앞','일일(회원)','F','20대',42,5878.75,59.28,255550,2132
'2017-03','635',' 시조사 앞 (청량고정문 옆)','일일(회원)','F','20대',18,1489.81,16.03,69110,719
'2017-03','636',' 세종대왕기념관 교차로','일일(회원)','F','20대',7,556.23,5.95,25650,212
'2017-03','637',' KAIST 경영대학 앞','일일(회원)','F','20대',7,776.15,8.22,35440,294
'2017-03','638',' 서울시립대 정보기술관','일일(회원)','F','20대',17,1468.65,13.8,59560,649
'2017-03','639',' 서울시립대 후문','일일(회원)','F','20대',17,2902.24,29.57,127500,770
'2017-03','640',' KEB하나은행 청량리역지점','일일(회원)','F','20대',7,434.44,4.32,18550,154
'2017-03','641',' 용두역 4번출구','일일(회원)','F','20대',32,3542.13,34.98,150800,1251
'2017-03','642',' 신답역 사거리','일일(회원)','F','20대',8,489.39,5.71,24620,247
'2017-03','140',' 이화여대 후문','일일(회원)','F','20대',19,1272.53,13.51,58230,547
'2017-03','643',' 동대문구민체육센터 (육교아래)','일일(회원)','F','20대',11,2065.38,20.08,86540,497
'2017-03','230',' 영등포구청역 1번출구','일일(회원)','F','20대',20,1967,20.26,87340,633
'2017-03','260',' 여의도 마리나선착장 앞','일일(회원)','F','20대',19,2162.64,21.98,94760,808
'2017-03','262',' 영문초등학교 사거리','일일(회원)','F','20대',11,1268.06,12.52,53900,386
'2017-03','263',' 근로자회관 사거리','일일(회원)','F','20대',12,1365.28,12.8,55190,539
'2017-03','264',' 교보생명보험 앞','일일(회원)','F','20대',10,316.09,2.89,12460,114
'2017-03','265',' 영등포유통상가 사거리','일일(회원)','F','20대',7,672.23,7.02,30250,275
'2017-03','141',' 연대 대운동장 옆','일일(회원)','F','20대',22,1446.14,15.34,66110,751
'2017-03','266',' 영등포청과시장 사거리','일일(회원)','F','20대',40,4076.8,40.17,173200,1398
'2017-03','267',' 삼성화재 사옥 옆','일일(회원)','F','20대',22,1948.83,19.84,85610,695
'2017-03','268',' 그랜드컨벤션센터 앞','일일(회원)','F','20대',15,1544.84,15.15,65350,535
'2017-03','270',' 증권거래소후문교차로','일일(회원)','F','20대',14,1521.63,16.07,69170,600
'2017-03','271',' 샛강생태공원방문자센터 앞','일일(회원)','F','20대',16,19394.05,18.3,78880,599
'2017-03','272',' 당산육갑문','일일(회원)','F','20대',95,14650.46,152.44,657050,4957
'2017-03','716','신정6동 주민센터 인근','일일(회원)','F','20대',11,834.4,8.37,36100,336
'2017-03','139',' 연세대 정문 건너편','일일(회원)','F','20대',15,1022.26,10.58,45490,466
'2017-03','719',' 홍익병원앞 교차로','일일(회원)','F','20대',10,1330.81,13.46,58050,351
'2017-03','720',' 서울강월초등학교 앞','일일(회원)','F','20대',3,317.89,3.09,13330,98
'2017-03','816',' 신용산역 6번출구 앞','일일(회원)','F','20대',27,3839.29,40.32,173800,1223
'2017-03','817',' 삼각지역 4번출구 앞','일일(회원)','F','20대',8,1877.01,15.54,66970,590
'2017-03','818',' 숙명여대 입구 교차로','일일(회원)','F','20대',34,3388.58,33.29,143560,1727
'2017-03','819',' 선린인터넷 고등학교','일일(회원)','F','20대',24,2324.65,23.49,101280,891
'2017-03','820',' 청파동입구 교차로','일일(회원)','F','20대',9,1172.72,12.31,53110,408
'2017-03','822',' 이촌1동 마을공원','일일(회원)','F','20대',28,5056.22,49.44,213060,1504
'2017-03','823',' 효창동주민센터 앞','일일(회원)','F','20대',13,1458.9,13.79,59440,524
'2017-03','825',' 서빙고동 주민센터 앞','일일(회원)','F','20대',51,8037.38,78.74,339380,2617
'2017-03','199',' 서울 월드컵 경기장','일일(회원)','F','20대',62,9750.48,98.22,423500,4216
'2017-03','388',' 동성중학교 앞','일일(회원)','F','20대',18,1371.42,14.61,62970,573
'2017-03','584',' 광진광장 교통섬','일일(회원)','F','20대',36,4222.79,44.69,192670,1592
'2017-03','585',' 성수2가1동 공영주차장 인근','일일(회원)','F','20대',7,747.28,7.56,32560,279
'2017-03','586',' 마장동 주민센터','일일(회원)','F','20대',6,757.09,7.54,32510,211
'2017-03','900',' 은평예술회관','일일(회원)','F','20대',8,574.91,5.69,24470,227
'2017-03','901',' 응암1동사무소','일일(회원)','F','20대',10,1029.8,10.51,45370,293
'2017-03','200',' 국회의원회관','일일(회원)','F','20대',11,1202.09,11.57,49850,403
'2017-03','902',' 진관동 은빛초등학교','일일(회원)','F','20대',4,487.18,5.31,22850,257
'2017-03','903',' 은평뉴타운 아이파크','일일(회원)','F','20대',2,94.3,1.01,4330,39
'2017-03','904',' 은평뉴타운 푸르지오','일일(회원)','F','20대',6,698.84,6.67,28770,289
'2017-03','905',' 구파발역 2번출구','일일(회원)','F','20대',8,539,5.04,21700,198
'2017-03','906',' 연신내역 5번출구150M 아래','일일(회원)','F','20대',17,2060.17,20.3,87500,664
'2017-03','907',' CJ 드림시티','일일(회원)','F','20대',45,6608.01,65.23,281180,1968
'2017-03','908',' 구산역 4번출구','일일(회원)','F','20대',14,2271.34,22.34,96380,737
'2017-03','909',' 백련산 힐스테이트 3차','일일(회원)','F','20대',3,310.01,3.64,15710,130
'2017-03','911',' 은평평화공원(역촌역4번출구)','일일(회원)','F','20대',14,1945.04,20.54,88500,685
'2017-03','201',' 진미파라곤 앞','일일(회원)','F','20대',28,3676.89,36,155170,1173
'2017-03','912',' 응암오거리','일일(회원)','F','20대',11,967.63,10.09,43500,299
'2017-03','913',' 이마트 은평점','일일(회원)','F','20대',33,2695.57,28,120710,1342
'2017-03','914',' 새절역 2번출구','일일(회원)','F','20대',47,8235.41,81.5,351330,2318
'2017-03','915',' 증산역 4번출구','일일(회원)','F','20대',12,2139.46,22.99,99080,793
'2017-03','916',' 평생학습관 앞','일일(회원)','F','20대',1,33.72,0.3,1310,47
'2017-03','917',' 녹번역 4번출구','일일(회원)','F','20대',5,211.56,2.55,10990,265
'2017-03','919',' 서울혁신파크','일일(회원)','F','20대',4,184,1.67,7200,60
'2017-03','921',' 신도고등학교','일일(회원)','F','20대',2,127.51,1.22,5280,41
'2017-03','202',' 국민일보 앞','일일(회원)','F','20대',75,9023.46,88.14,379990,3196
'2017-03','922',' 연신내역 4번출구','일일(회원)','F','20대',6,597.51,5.91,25480,211
'2017-03','923',' 국민은행 연서지점','일일(회원)','F','20대',1,112.38,1.2,5160,54
'2017-03','924',' 메뚜기다리','일일(회원)','F','20대',8,559.32,5.51,23850,176
'2017-03','925',' 불광역 2번출구','일일(회원)','F','20대',6,277.34,2.89,12450,116
'2017-03','926',' 불광역 8번출구','일일(회원)','F','20대',20,2637.81,25.33,109170,1083
'2017-03','927',' 연신내역 3번출구 인근','일일(회원)','F','20대',3,359.62,3.08,13260,140
'2017-03','928',' 은평역사한옥박물관','일일(회원)','F','20대',1,114.8,1.03,4460,37
'2017-03','930',' 구 서부경찰서 건너편','일일(회원)','F','20대',1,22.37,0.26,1130,8
'2017-03','931',' 역촌파출소','일일(회원)','F','20대',14,3152.21,32.69,140980,927
'2017-03','932',' 예일여중','일일(회원)','F','20대',13,1819.9,19.74,85060,563
'2017-03','933',' LG서비스 역촌점','일일(회원)','F','20대',6,548.33,6.06,26120,242
'2017-03','587',' KEB하나은행 성수중앙지점','일일(회원)','F','20대',9,1204.52,12.74,54870,457
'2017-03','588',' 뚝섬 유원지역','일일(회원)','F','20대',57,7779.91,80.15,345570,2890
'2017-03','103',' 망원역 2번출구 앞','일일(회원)','F','20대',33,3126.26,32.3,139070,1235
'2017-03','204',' 국회의사당역 5번출구 옆','일일(회원)','F','20대',37,3201.27,32.42,139700,1360
'2017-03','203',' 국회의사당역 3번출구 옆','일일(회원)','F','20대',28,3400.21,32.56,140280,1342
'2017-03','205',' 산업은행 앞','일일(회원)','F','20대',56,6952.07,72.31,311650,2650
'2017-03','206',' KBS 앞','일일(회원)','F','20대',23,3024.44,30.06,129600,1057
'2017-03','209',' 유진투자증권빌딩 앞','일일(회원)','F','20대',33,4280.72,44.67,192590,1680
'2017-03','210',' IFC몰','일일(회원)','F','20대',56,7271.78,72.98,314480,2669
'2017-03','211',' 여의도역 4번출구 옆','일일(회원)','F','20대',77,8305.82,86.25,371450,3903
'2017-03','212',' 여의도역 1번출구 옆','일일(회원)','F','20대',40,5063.53,54.19,233480,2010
'2017-03','213',' KT앞','일일(회원)','F','20대',34,4888.81,46.47,200360,1472
'2017-03','104',' 합정역 1번출구 앞','일일(회원)','F','20대',48,5310.85,52.74,227300,1920
'2017-03','214',' 금융감독원 앞','일일(회원)','F','20대',28,4247.05,43.25,186460,1645
'2017-03','218',' 증권거래소 앞','일일(회원)','F','20대',13,1833.09,18.49,79680,684
'2017-03','219',' 롯데캐슬엠파이어 옆','일일(회원)','F','20대',9,1417.82,13.43,57850,541
'2017-03','220',' 미성아파트 A동 앞','일일(회원)','F','20대',25,1874.44,19.4,83540,959
'2017-03','215',' 여의도고교 앞','일일(회원)','F','20대',45,8104.88,78.74,339260,2600
'2017-03','216',' 삼부아파트1동 앞','일일(회원)','F','20대',24,3064.62,32.16,138690,944
'2017-03','217',' NH농협은행 앞','일일(회원)','F','20대',11,1236.87,13.59,58610,540
'2017-03','221',' 여의도초교 앞','일일(회원)','F','20대',26,3506.11,35.07,151140,1271
'2017-03','222',' 시범아파트버스정류장 옆','일일(회원)','F','20대',23,3309.82,33.04,142320,1101
'2017-03','223',' 진주아파트상가 앞','일일(회원)','F','20대',11,1526.13,15.97,68910,466
'2017-03','105',' 합정역 5번출구 앞','일일(회원)','F','20대',22,2268.81,22.45,96850,930
'2017-03','224',' 롯데캐슬 앞','일일(회원)','F','20대',17,2110.6,20.9,90060,813
'2017-03','225',' 앙카라공원 앞','일일(회원)','F','20대',18,2507.95,26.2,112980,920
'2017-03','226',' 샛강역 1번출구 앞','일일(회원)','F','20대',18,1579.37,15.53,66910,703
'2017-03','207',' 여의나루역 1번출구 앞','일일(회원)','F','20대',487,66303.64,675.25,2910140,27547
'2017-03','401',' 상암월드컵파크 10단지 앞','일일(회원)','F','20대',9,517.19,5.06,21740,133
'2017-03','402',' 상암월드컵파크 9단지 앞','일일(회원)','F','20대',6,685.73,6.57,28320,249
'2017-03','403',' 부엉이공원 앞','일일(회원)','F','20대',10,1135.83,9.83,42460,306
'2017-03','106',' 합정역 7번출구 앞','일일(회원)','F','20대',70,7916.03,78.18,336920,3416
'2017-03','405',' DMC빌 앞','일일(회원)','F','20대',5,237.16,2.24,9660,84
'2017-03','406',' 상암월드컵파크 7단지 앞','일일(회원)','F','20대',6,326.8,3.55,15290,121
'2017-03','421',' 마포구청 앞','일일(회원)','F','20대',38,4183.42,41.3,178100,1733
'2017-03','408',' LG CNS앞','일일(회원)','F','20대',22,2235.81,25.67,110700,878
'2017-03','420',' 서울시 공공자전거 상암센터','일일(회원)','F','20대',29,2589.84,26.5,114270,1078
'2017-03','409',' 누리꿈스퀘어 옆','일일(회원)','F','20대',39,2922.17,29.73,128200,1079
'2017-03','419',' 홈플러스 앞','일일(회원)','F','20대',93,10540.22,111.76,481690,3554
'2017-03','410',' 상암중학교 옆','일일(회원)','F','20대',6,639.73,6.61,28490,194
'2017-03','418',' 월드컵경기장역 3번출구 옆','일일(회원)','F','20대',60,5543.21,56.32,242680,2087
'2017-03','107',' 신한은행 서교동금융센터점 앞','일일(회원)','F','20대',17,1321.12,12.73,54820,539
'2017-03','411',' DMC홍보관','일일(회원)','F','20대',23,2740.37,27.98,120640,782
'2017-03','412',' DMC산학협력연구센터 앞','일일(회원)','F','20대',11,1197.99,12.36,53370,339
'2017-03','413',' 상암월드컵파크 3단지 후문','일일(회원)','F','20대',18,2410.43,23.1,99580,712
'2017-03','417',' DMC역 2번출구 옆','일일(회원)','F','20대',27,3660.1,40.41,174170,1225
'2017-03','414',' 상암동주민센터 옆','일일(회원)','F','20대',4,292.79,3.3,14180,86
'2017-03','415',' DMC역 9번출구 앞','일일(회원)','F','20대',16,1316.59,12.57,54220,368
'2017-03','416',' 상암월드컵파크 1단지 교차로','일일(회원)','F','20대',5,621.61,6.76,29130,141
'2017-03','500',' 어린이대공원역 3번출구 앞','일일(회원)','F','20대',75,6201.51,63.13,272200,3077
'2017-03','501',' 광진구의회 앞','일일(회원)','F','20대',78,9725.15,96.35,415410,3644
'2017-03','502',' 뚝섬유원지역 1번출구 앞','일일(회원)','F','20대',344,43528.36,442.48,1907370,18457
'2017-03','108',' 서교동 사거리','일일(회원)','F','30대',4,561.03,6.51,28050,227
'2017-03','503',' 더샵스타시티 C동 앞','일일(회원)','F','30대',7,570.05,4.62,19950,166
'2017-03','504',' 신자초교입구교차로','일일(회원)','F','30대',13,1086.54,10.42,44890,420
'2017-03','505',' 자양사거리 광진아크로텔 앞','일일(회원)','F','30대',12,781.5,7.17,30850,312
'2017-03','506',' 금호 어울림 아파트 앞','일일(회원)','F','30대',1,35.26,0.39,1680,19
'2017-03','507',' 성수아이에스비즈타워 앞','일일(회원)','F','30대',2,111.97,1.01,4350,42
'2017-03','509',' 이마트 버스정류소 옆','일일(회원)','F','30대',6,714.66,7.96,34290,294
'2017-03','510',' 서울숲 남문 버스정류소 옆','일일(회원)','F','30대',15,1702.22,17.92,77290,797
'2017-03','511',' 서울숲역 4번 출구 옆','일일(회원)','F','30대',28,4355.78,44.36,191210,1552
'2017-03','512',' 뚝섬역 1번 출구 옆','일일(회원)','F','30대',11,1438.37,14.29,61640,532
'2017-03','109',' 제일빌딩 앞','일일(회원)','F','30대',10,1839.1,16.92,72910,468
'2017-03','400',' 상암한화오벨리스크 1차 앞','일일(회원)','F','30대',4,206.58,2.27,9790,112
'2017-03','513',' 뚝섬역 5번 출구 정류소 옆','일일(회원)','F','30대',6,500.45,4.84,20880,155
'2017-03','514',' 성수사거리 버스정류장 앞','일일(회원)','F','30대',4,350.9,3.49,15040,160
'2017-03','515',' 광양중학교 앞','일일(회원)','F','30대',3,248.03,2.65,11410,104
'2017-03','516',' 광진메디칼 앞','일일(회원)','F','30대',5,686.77,7.07,30490,194
'2017-03','300',' 정동사거리','일일(회원)','F','30대',1,67.76,0.68,2950,24
'2017-03','301',' 경복궁역 7번출구 앞','일일(회원)','F','30대',5,274.99,2.78,11980,119
'2017-03','302',' 경복궁역 4번출구 뒤','일일(회원)','F','30대',3,183.55,1.78,7660,73
'2017-03','303',' 광화문역 1번출구 앞','일일(회원)','F','30대',3,138.61,1.46,6300,86
'2017-03','115',' 사루비아 빌딩 앞','일일(회원)','F','30대',11,1052.77,10.37,44650,366
'2017-03','304',' 광화문역 2번출구 앞','일일(회원)','F','30대',4,237.53,2.27,9790,111
'2017-03','305',' 종로구청 옆','일일(회원)','F','30대',4,250.35,2.15,9230,156
'2017-03','306',' 광화문역 7번출구 앞','일일(회원)','F','30대',3,147.02,1.34,5810,48
'2017-03','307',' 서울역사박물관 앞','일일(회원)','F','30대',4,428.83,4.04,17400,116
'2017-03','308',' 광화문 S타워 앞','일일(회원)','F','30대',5,289.21,2.71,11670,99
'2017-03','309',' 광화문역 6번출구 옆','일일(회원)','F','30대',5,327.43,3.27,14090,118
'2017-03','310',' 청계광장 옆','일일(회원)','F','30대',2,40.42,0.41,1760,72
'2017-03','311',' 서울광장 옆','일일(회원)','F','30대',4,376.22,3.36,14440,132
'2017-03','312',' 시청역 1번출구 뒤','일일(회원)','F','30대',4,288.8,2.6,11220,103
'2017-03','313',' 서울역 광장 파출소 옆','일일(회원)','F','30대',1,54.31,0.49,2110,15
'2017-03','110',' 사천교','일일(회원)','F','30대',1,73.18,0.71,3080,27
'2017-03','314',' 국립현대미술관','일일(회원)','F','30대',7,490.81,4.71,20330,194
'2017-03','315',' 신한은행 안국역지점 옆','일일(회원)','F','30대',7,471.99,3.91,16900,157
'2017-03','316',' 종각역 1번출구 앞','일일(회원)','F','30대',6,576.44,5.34,23030,195
'2017-03','318',' 광교사거리 남측','일일(회원)','F','30대',2,114.19,1.24,5340,50
'2017-03','320',' 을지로입구역 4번출구 앞','일일(회원)','F','30대',3,354.87,3.84,16560,131
'2017-03','321',' KEB 하나은행 본점 앞','일일(회원)','F','30대',6,698.2,6.52,28060,209
'2017-03','322',' 명동성당 앞','일일(회원)','F','30대',7,620.79,6.35,27410,230
'2017-03','116',' 일진아이윌아파트 옆','일일(회원)','F','30대',5,519.87,4.83,20850,296
'2017-03','324',' 신세계백화점 본점 앞','일일(회원)','F','30대',8,531.33,5.46,23560,183
'2017-03','326',' 안국역 5번출구 앞','일일(회원)','F','30대',3,176.45,1.69,7310,56
'2017-03','327',' 낙원상가 옆','일일(회원)','F','30대',3,168.76,1.64,7100,49
'2017-03','328',' 탑골공원 앞','일일(회원)','F','30대',3,286.11,2.66,11460,83
'2017-03','329',' 청계2가 사거리 옆','일일(회원)','F','30대',10,712.59,6.89,29700,246
'2017-03','330',' 청계천 한빛광장','일일(회원)','F','30대',3,124.7,1.45,6230,97
'2017-03','331',' 을지로2가 사거리 북측','일일(회원)','F','30대',3,207.53,2.34,10110,74
'2017-03','332',' 을지로2가 사거리 남측','일일(회원)','F','30대',4,183.4,1.91,8200,78
'2017-03','111',' 상수역 2번출구 앞','일일(회원)','F','30대',12,1348.24,13.55,58340,475
'2017-03','334',' 종로3가역 2번출구 뒤','일일(회원)','F','30대',5,402.25,3.31,14220,185
'2017-03','335',' 종로3가역 15번출구 앞','일일(회원)','F','30대',2,149.39,1.43,6150,105
'2017-03','336',' 티마크 호텔 앞','일일(회원)','F','30대',1,62.03,0.56,2410,45
'2017-03','337',' 창경궁 입구','일일(회원)','F','30대',4,559.11,5.06,21780,176
'2017-03','338',' 세운스퀘어 앞','일일(회원)','F','30대',5,327.5,3.62,15560,156
'2017-03','339',' 종로4가 사거리','일일(회원)','F','30대',3,188.3,1.87,8060,90
'2017-03','340',' 혜화동 로터리','일일(회원)','F','30대',9,666.23,6.54,28160,237
'2017-03','341',' 혜화역 3번출구 뒤','일일(회원)','F','30대',2,213.12,1.92,8280,56
'2017-03','342',' 대학로 마로니에공원','일일(회원)','F','30대',4,375.52,3.45,14900,137
'2017-03','112',' 극동방송국 앞','일일(회원)','F','30대',6,829.59,8.69,37440,283
'2017-03','344',' 성균관대 E하우스 앞','일일(회원)','F','30대',3,96.72,1.07,4600,31
'2017-03','345',' 서울보증보험본사 앞','일일(회원)','F','30대',5,282.01,2.71,11680,97
'2017-03','346',' 맥스타일 앞','일일(회원)','F','30대',8,694.96,6.96,30010,245
'2017-03','347',' 동대문역사문화공원역 9번출구 앞','일일(회원)','F','30대',6,419.01,3.87,16650,203
'2017-03','349',' 사직동주민센터','일일(회원)','F','30대',6,480.76,4.76,20530,183
'2017-03','350','KEB 하나은행(내자동 지점) 앞','일일(회원)','F','30대',6,395.46,3.93,16950,213
'2017-03','351',' 청운초교 앞 삼거리','일일(회원)','F','30대',1,43.72,0.43,1840,13
'2017-03','352',' 중앙고입구 삼거리','일일(회원)','F','30대',1,28.27,0.28,1190,26
'2017-03','353',' 재동초교 앞 삼거리','일일(회원)','F','30대',3,181.12,1.81,7810,116
'2017-03','117',' 홍은사거리','일일(회원)','F','30대',9,1056.93,9.22,39720,220
'2017-03','354',' 포르투갈 대사관 앞','일일(회원)','F','30대',4,210.07,2.15,9280,177
'2017-03','355',' 서울사대부속초교 앞','일일(회원)','F','30대',1,49.4,0.38,1620,38
'2017-03','356',' KT혜화지사 앞','일일(회원)','F','30대',2,177.45,2.06,8900,98
'2017-03','358',' 성대입구 사거리','일일(회원)','F','30대',3,259.72,2.33,10090,90
'2017-03','359',' 원남동사거리','일일(회원)','F','30대',1,65.38,0.59,2540,29
'2017-03','361',' 동묘앞역 1번출구 뒤','일일(회원)','F','30대',4,530.64,4.91,21160,108
'2017-03','362',' 청계8가 사거리','일일(회원)','F','30대',11,635.3,5.39,23230,154
'2017-03','363',' 신설동역 11번출구 뒤','일일(회원)','F','30대',4,541.15,4.26,18350,92
'2017-03','364',' 창신역 1번출구 앞','일일(회원)','F','30대',2,112.95,1.16,5020,61
'2017-03','113',' 홍대입구역 2번출구 앞','일일(회원)','F','30대',25,2622.86,27.24,117370,2910
'2017-03','367',' 독립문역 3-1번출구 ','일일(회원)','F','30대',6,376.32,3.91,16850,224
'2017-03','368',' SK 서린빌딩 앞','일일(회원)','F','30대',4,305.76,3.12,13430,128
'2017-03','369',' 광화문 시민열린마당','일일(회원)','F','30대',4,304.76,3.01,12970,127
'2017-03','370',' 시청역(2호선) 9번출구 뒤','일일(회원)','F','30대',1,129.35,0.85,3670,44
'2017-03','371',' 동대입구역 6번출구 뒤','일일(회원)','F','30대',4,268.89,3.1,13350,175
'2017-03','373',' 청구 어린이공원','일일(회원)','F','30대',1,48.39,0.44,1880,22
'2017-03','374',' 청구역 2번출구 앞','일일(회원)','F','30대',3,178.5,1.93,8310,49
'2017-03','118',' 광흥창역 2번출구 앞','일일(회원)','F','30대',4,516.26,5.27,22710,226
'2017-03','375',' 다산 어린이공원','일일(회원)','F','30대',1,21.78,0.23,1000,15
'2017-03','378',' 청계7가 사거리','일일(회원)','F','30대',3,283.81,2.78,12000,69
'2017-03','379',' 서울역9번출구','일일(회원)','F','30대',1,85.84,0.95,4090,35
'2017-03','380',' CJ제일제당 앞','일일(회원)','F','30대',3,151.71,1.45,6240,53
'2017-03','381',' 장충체육관','일일(회원)','F','30대',1,314.5,3.35,14440,109
'2017-03','383',' 신당역 12번 출구 뒤','일일(회원)','F','30대',2,186.08,2.01,8660,57
'2017-03','384',' 종로학원본원 ','일일(회원)','F','30대',2,229.2,2.21,9510,84
'2017-03','114',' 홍대입구역 8번출구 앞','일일(회원)','F','30대',13,789.45,8.49,36510,379
'2017-03','142',' 아현역 4번출구 앞','일일(회원)','F','30대',2,74.13,0.73,3120,17
'2017-03','143',' 공덕역 2번출구','일일(회원)','F','30대',8,863.15,9.51,40960,534
'2017-03','144',' 공덕역 8번출구','일일(회원)','F','30대',8,849.47,7.74,33360,243
'2017-03','145',' 공덕역 5번출구','일일(회원)','F','30대',3,195.96,2.18,9380,74
'2017-03','146',' 마포역 1번출구 뒤','일일(회원)','F','30대',19,2214.9,22.52,97050,964
'2017-03','147',' 마포역 4번출구 뒤','일일(회원)','F','30대',15,2309.14,22.94,98920,586
'2017-03','148',' 용강동 주민센터 앞','일일(회원)','F','30대',8,1044.98,10.16,43760,399
'2017-03','150',' 서강대역 2번출구 앞','일일(회원)','F','30대',2,127.41,1.14,4950,32
'2017-03','151',' 망원1동주민센터','일일(회원)','F','30대',12,1399.71,15.4,66400,493
'2017-03','152',' 마포구민체육센터 앞','일일(회원)','F','30대',31,3597.6,36.47,157370,1402
'2017-03','119',' 서강나루 공원','일일(회원)','F','30대',7,818.77,9.01,38830,233
'2017-03','153',' 성산2교 사거리','일일(회원)','F','30대',11,1177,10.84,46760,393
'2017-03','154',' 마포구청역 ','일일(회원)','F','30대',15,828.99,8.02,34590,320
'2017-03','155',' 가좌역1 번출구 뒤','일일(회원)','F','30대',13,1392.09,13.54,58380,556
'2017-03','156',' 서울서부지방법원 앞','일일(회원)','F','30대',2,314.52,2.94,12690,86
'2017-03','157',' 애오개역 4번출구 앞','일일(회원)','F','30대',10,859.35,9.28,39980,328
'2017-03','158',' 독립문 어린이 공원','일일(회원)','F','30대',2,231.54,2.22,9590,145
'2017-03','159',' 이대역 4번 출구','일일(회원)','F','30대',6,552.7,5.15,22200,225
'2017-03','160',' 북아현동 가구거리','일일(회원)','F','30대',5,476.65,5.33,22950,161
'2017-03','162',' 봉원고가차도 밑','일일(회원)','F','30대',1,158.4,1.86,8000,63
'2017-03','120',' 신수동 사거리','일일(회원)','F','30대',1,328.24,3.7,15940,95
'2017-03','164',' 북가좌1동 주민센터 ','일일(회원)','F','30대',5,917.57,10.02,43240,311
'2017-03','165',' 중앙근린공원','일일(회원)','F','30대',5,302.76,3.16,13580,178
'2017-03','166',' 가재울 초등학교','일일(회원)','F','30대',12,938.27,9.34,40290,386
'2017-03','168',' 남가좌동 사거리','일일(회원)','F','30대',4,465.33,4.4,18970,149
'2017-03','169',' 북가좌 삼거리','일일(회원)','F','30대',1,22.91,0.21,890,6
'2017-03','170',' 가재울 뉴타운 주유소 옆','일일(회원)','F','30대',6,554.61,5.74,24740,164
'2017-03','171',' 임광빌딩 앞','일일(회원)','F','30대',1,99.87,0.9,3880,35
'2017-03','172',' 서대문소방서','일일(회원)','F','30대',2,184.53,1.88,8100,77
'2017-03','121',' 마포소방서 앞','일일(회원)','F','30대',1,388.16,3.92,16900,72
'2017-03','173',' 서대문역 8번출구 앞','일일(회원)','F','30대',11,458.27,4.19,18070,134
'2017-03','175',' 홍연2교옆','일일(회원)','F','30대',14,1236.86,12.73,54890,410
'2017-03','179',' 가좌역 4번출구 앞','일일(회원)','F','30대',9,1255.04,12.77,54960,325
'2017-03','518',' 청계천 박물관 앞','일일(회원)','F','30대',2,466.34,4.8,20690,103
'2017-03','519',' 양지사거리','일일(회원)','F','30대',6,338.56,3.04,13090,95
'2017-03','520',' 상왕십리역 4번 출구 앞','일일(회원)','F','30대',8,840.59,8.58,36990,256
'2017-03','521',' 왕십리역 11번 출구 앞','일일(회원)','F','30대',7,786.28,8.15,35150,203
'2017-03','523',' 옥수동성당 옆','일일(회원)','F','30대',2,392.55,3.69,15900,78
'2017-03','524',' 래미안금호하이리버 아파트 102동 옆','일일(회원)','F','30대',2,313.64,3.21,13830,143
'2017-03','525',' 한양대병원사거리','일일(회원)','F','30대',8,825.5,8.1,34950,334
'2017-03','526',' 용답토속공원 앞','일일(회원)','F','30대',1,0,0,0,12
'2017-03','529',' 장한평역 8번 출구 앞','일일(회원)','F','30대',10,893.35,8.67,37350,312
'2017-03','530',' 청계벽산아파트 앞','일일(회원)','F','30대',5,554.21,5.23,22530,175
'2017-03','533',' 우리은행 금호동 지점 앞','일일(회원)','F','30대',4,830.42,6.48,27960,125
'2017-03','534',' 금호사거리','일일(회원)','F','30대',2,661.31,6.24,26920,147
'2017-03','535',' 응봉삼거리','일일(회원)','F','30대',3,351.84,3.73,16090,111
'2017-03','536',' 행당역 2번출구 앞','일일(회원)','F','30대',4,171.67,2.1,9080,85
'2017-03','537',' 한양대후문역 부근','일일(회원)','F','30대',7,782.49,7.87,33900,215
'2017-03','123',' 문화촌 공원','일일(회원)','F','30대',1,77.58,0.73,3160,31
'2017-03','550',' 서울시설공단 앞','일일(회원)','F','30대',12,664.89,7.67,33080,442
'2017-03','539',' 군자교교차로','일일(회원)','F','30대',8,888.93,9.06,39080,324
'2017-03','540',' 군자역 7번출구 베스트샵 앞','일일(회원)','F','30대',15,1230.58,13.25,57080,408
'2017-03','542',' 강변역 4번출구 뒤','일일(회원)','F','30대',2,138.04,1.57,6740,53
'2017-03','543',' 구의공원(테크노마트 앞)','일일(회원)','F','30대',2,354.38,3.43,14760,100
'2017-03','544',' 광남중학교','일일(회원)','F','30대',5,685.13,6.24,26910,177
'2017-03','546',' 잠실대교북단 교차로','일일(회원)','F','30대',3,174.77,2.09,8990,104
'2017-03','548',' 자양나들목','일일(회원)','F','30대',4,501.22,5.34,23030,210
'2017-03','549',' 아차산역 3번출구','일일(회원)','F','30대',8,596.53,6.21,26800,187
'2017-03','124',' 서강대 정문 건너편','일일(회원)','F','30대',13,1348.11,14.48,62460,1049
'2017-03','600',' 휘경2동 주민센터','일일(회원)','F','30대',3,212.11,2.05,8850,93
'2017-03','601',' 용신동주민센터','일일(회원)','F','30대',1,80.8,0.86,3710,35
'2017-03','602',' 장안동 사거리','일일(회원)','F','30대',11,1323.8,13.78,59340,465
'2017-03','604',' 답십리초등학교 옆 공원','일일(회원)','F','30대',1,174.56,1.76,7600,81
'2017-03','605',' 신설동역8번출구','일일(회원)','F','30대',6,677.84,6.36,27410,217
'2017-03','606',' 휘경공고앞','일일(회원)','F','30대',9,2447.78,27.3,117690,546
'2017-03','607',' 신이문역 2번출구','일일(회원)','F','30대',1,159.65,1.7,7330,60
'2017-03','608',' 전농삼성아파트','일일(회원)','F','30대',1,150.32,1.35,5840,56
'2017-03','609',' 제기2교','일일(회원)','F','30대',9,813.77,8.78,37860,380
'2017-03','125',' 서강대 남문 옆','일일(회원)','F','30대',1,31.15,0.28,1210,10
'2017-03','610',' 동대문중 교차로','일일(회원)','F','30대',1,65.48,0.72,3120,35
'2017-03','612',' 시립동부병원 앞 사거리','일일(회원)','F','30대',6,778.48,8.43,36350,228
'2017-03','613',' 신설동역 10번출구 앞','일일(회원)','F','30대',3,252.13,2.51,10820,109
'2017-03','614',' 용두동 사거리','일일(회원)','F','30대',9,848.3,8.72,37660,265
'2017-03','615',' 용두동 레미안허브리츠아파트 앞','일일(회원)','F','30대',6,357.04,3.69,15880,195
'2017-03','617',' 청솔우성아파트 앞','일일(회원)','F','30대',2,884.81,7.25,31250,208
'2017-03','227',' 양평2나들목 보행통로 입구','일일(회원)','F','30대',4,567.16,5.82,25070,120
'2017-03','228',' 선유도역 3번출구 앞','일일(회원)','F','30대',20,2090.4,22.11,95330,566
'2017-03','229',' 양평1 보행육교 앞','일일(회원)','F','30대',4,762.34,8.99,38740,246
'2017-03','126',' 서강대 후문 옆','일일(회원)','F','30대',6,425.24,4.32,18610,141
'2017-03','231',' 남부고용노동지청 남측','일일(회원)','F','30대',3,393.74,3.7,15950,94
'2017-03','232',' 양평우림 이비즈센타 앞','일일(회원)','F','30대',9,478.34,5.18,22340,259
'2017-03','233',' YP 센터 앞','일일(회원)','F','30대',3,411.84,4.41,18990,153
'2017-03','235',' 신길동 우리은행 옆','일일(회원)','F','30대',2,113.25,1.33,5720,53
'2017-03','236',' 문래동자이아파트 앞','일일(회원)','F','30대',5,235.1,2.56,10960,143
'2017-03','237',' 보라매 두산위브 건너편','일일(회원)','F','30대',6,630.83,5.61,24170,276
'2017-03','238',' 제2구민체육센타 앞','일일(회원)','F','30대',8,1075.04,11.36,48930,444
'2017-03','239',' 유스호스텔 앞','일일(회원)','F','30대',7,886.04,9.94,42870,263
'2017-03','240',' 문래역 4번출구 앞','일일(회원)','F','30대',2,79.61,0.73,3130,29
'2017-03','127',' 현대벤처빌 앞','일일(회원)','F','30대',1,23.7,0.24,1050,5
'2017-03','241',' 신길우성1차아파트 앞 공원','일일(회원)','F','30대',8,1367.93,12.81,55210,471
'2017-03','243',' 이앤씨드림타워 앞','일일(회원)','F','30대',2,165.21,1.52,6530,67
'2017-03','244',' 영등포삼환아파트 앞','일일(회원)','F','30대',2,133.45,1.22,5260,74
'2017-03','245',' 삼성생명 당산사옥 앞','일일(회원)','F','30대',9,1025.14,10.91,47030,535
'2017-03','247',' 당산역 10번출구 앞','일일(회원)','F','30대',18,2575.73,27.17,117110,933
'2017-03','248',' 초원아파트 앞','일일(회원)','F','30대',6,331.26,3.57,15350,114
'2017-03','249',' 여의도중학교 옆','일일(회원)','F','30대',7,918.31,8.53,36790,416
'2017-03','250',' 대림아파트 사거리','일일(회원)','F','30대',1,211.7,2.26,9720,183
'2017-03','251',' 서울지방병무청 버스정류장','일일(회원)','F','30대',1,131.95,1.38,5950,54
'2017-03','101',' (구)합정동 주민센터','일일(회원)','F','30대',2,175.93,1.96,8450,65
'2017-03','128',' 신촌역(2호선) 1번출구 옆','일일(회원)','F','30대',3,305.51,2.77,11940,80
'2017-03','252',' 보라매역4번출구','일일(회원)','F','30대',3,282.3,2.96,12770,121
'2017-03','253',' 신풍역 5번출구 인근','일일(회원)','F','30대',2,202.69,1.95,8440,84
'2017-03','255',' 도림4거리','일일(회원)','F','30대',3,497.67,4.7,20270,95
'2017-03','256',' 동아에코빌입구','일일(회원)','F','30대',2,65.54,0.76,3310,29
'2017-03','257',' 신길삼거리(우리은행)','일일(회원)','F','30대',3,168.9,1.75,7570,65
'2017-03','258',' 신길역3번출구','일일(회원)','F','30대',3,374.69,4.32,18600,132
'2017-03','259',' 대방역6번출구','일일(회원)','F','30대',6,855.21,9.32,40200,274
'2017-03','700',' KB국민은행 염창역 지점 앞','일일(회원)','F','30대',14,3101.38,30.85,132900,1008
'2017-03','701',' 목동사거리 부근','일일(회원)','F','30대',1,72.09,0.77,3310,35
'2017-03','129',' 신촌역(2호선) 6번출구 옆','일일(회원)','F','30대',2,188.16,1.7,7310,66
'2017-03','702',' 목4동주민센터 옆','일일(회원)','F','30대',1,152.38,1.37,5920,107
'2017-03','703',' 오목교역 7번출구 앞','일일(회원)','F','30대',9,1977.23,19.56,84320,593
'2017-03','704',' 남부법원검찰청 교차로','일일(회원)','F','30대',1,0,0,0,50
'2017-03','706',' 신정네거리역','일일(회원)','F','30대',3,112.23,1.01,4360,120
'2017-03','708',' 서울출입국관리사무소 앞','일일(회원)','F','30대',4,298.43,3.17,13680,194
'2017-03','710',' 서부화물트럭터미널 사거리','일일(회원)','F','30대',3,511.56,5.7,24560,175
'2017-03','712',' 강월초교입구 사거리','일일(회원)','F','30대',2,314.82,3.08,13250,82
'2017-03','130',' 신촌역(2호선) 7번출구 앞','일일(회원)','F','30대',6,733.69,7.66,32980,272
'2017-03','713',' 양서중학교 옆','일일(회원)','F','30대',1,49.18,0.63,2700,113
'2017-03','800',' 목월공원 앞','일일(회원)','F','30대',5,425.91,4.37,18840,172
'2017-03','802',' 한강진역 2번 출구 앞','일일(회원)','F','30대',2,490.6,4.42,19060,119
'2017-03','805',' 문배어린이공원 앞','일일(회원)','F','30대',6,444.41,4.65,20020,199
'2017-03','806',' 전자랜드 본관 앞','일일(회원)','F','30대',2,146.91,1.72,7420,60
'2017-03','807',' 서울역 12번 출구 앞','일일(회원)','F','30대',6,406.87,4.1,17660,62
'2017-03','808',' 서빙고동 금호맨션 앞','일일(회원)','F','30대',3,384.71,3.51,15130,113
'2017-03','131',' 증산2교','일일(회원)','F','30대',4,614.87,6.31,27200,198
'2017-03','809',' 한남 유수지 복개주차장','일일(회원)','F','30대',8,1855.53,19.27,83060,451
'2017-03','810',' 이태원지하보도','일일(회원)','F','30대',2,75.4,0.69,2990,25
'2017-03','811',' 녹사평역1번출구','일일(회원)','F','30대',20,1418.56,15.11,65180,478
'2017-03','812',' 용산전쟁기념관','일일(회원)','F','30대',3,335.19,2.59,11180,99
'2017-03','813',' 삼각지역 3번출구','일일(회원)','F','30대',3,480.76,4.87,21030,134
'2017-03','815',' LIG강촌아파트 103동앞','일일(회원)','F','30대',14,2219.98,21.23,91480,644
'2017-03','385',' 종각역 5번출구','일일(회원)','F','30대',6,526.82,5.14,22080,208
'2017-03','386',' 올림픽기념 국민생활관 앞','일일(회원)','F','30대',1,0,0,0,50
'2017-03','387',' 훈련원공원주차장 앞','일일(회원)','F','30대',2,220.22,2.05,8830,75
'2017-03','181',' 망원초록길 입구','일일(회원)','F','30대',6,780.07,7.35,31680,191
'2017-03','132',' 창천문화공원','일일(회원)','F','30대',1,69.6,0.78,3380,17
'2017-03','182',' 망원2빗물펌프장 앞','일일(회원)','F','30대',27,3978.33,41.87,180470,1270
'2017-03','183',' 하늘채코오롱아파트 건너편','일일(회원)','F','30대',12,1321.48,12.52,53920,450
'2017-03','184',' SK망원동주유소 건너편','일일(회원)','F','30대',9,642.95,7.27,31310,314
'2017-03','185',' 마포 신수공원 앞','일일(회원)','F','30대',10,1135.13,12.05,52000,340
'2017-03','186',' 월드컵공원','일일(회원)','F','30대',41,3607.02,36.68,158230,1794
'2017-03','188',' 홍은동 정원여중 입구','일일(회원)','F','30대',1,62.9,0.82,3530,25
'2017-03','191',' 정명학원','일일(회원)','F','30대',2,139.53,1.64,7070,52
'2017-03','192',' 연서어린이공원','일일(회원)','F','30대',3,295.89,3.12,13470,104
'2017-03','178',' 증산3교 앞','일일(회원)','F','30대',3,314.81,2.91,12590,86
'2017-03','133',' 해담는다리','일일(회원)','F','30대',7,667.73,7.67,33010,310
'2017-03','194',' 증산교 앞','일일(회원)','F','30대',5,325.49,3.35,14460,114
'2017-03','196',' 연희교차로 인근','일일(회원)','F','30대',2,84.43,0.76,3280,53
'2017-03','198',' 충정2교','일일(회원)','F','30대',2,277.99,2.51,10800,87
'2017-03','556',' 달맞이공원','일일(회원)','F','30대',5,769.34,8.22,35420,291
'2017-03','557',' 도선동 주민센터 앞','일일(회원)','F','30대',12,857.18,8.31,35850,249
'2017-03','558',' 성동광진 교육지원청 앞','일일(회원)','F','30대',8,854.23,8.65,37290,237
'2017-03','134',' 연세로 명물길','일일(회원)','F','30대',1,144.14,1.3,5600,34
'2017-03','559',' 왕십리역 4번 출구 건너편','일일(회원)','F','30대',6,422.91,4.63,19920,172
'2017-03','560',' 비전교회 앞','일일(회원)','F','30대',3,166.95,1.57,6730,51
'2017-03','561',' 서울숲역 2번출구 앞','일일(회원)','F','30대',18,1295.16,13.48,58210,489
'2017-03','562',' 군자지하보도 앞','일일(회원)','F','30대',8,502.51,5.11,22000,144
'2017-03','563',' 성동세무서 건너편','일일(회원)','F','30대',6,450.33,5.11,22010,133
'2017-03','565',' 옥수역 3번출구','일일(회원)','F','30대',20,3101.14,32.47,139890,893
'2017-03','567',' 성수역 2번출구 앞','일일(회원)','F','30대',3,410.76,3.93,16920,128
'2017-03','568',' 청계8가사거리 부근','일일(회원)','F','30대',6,190.01,1.8,7810,93
'2017-03','135',' 명물길 원형무대 앞','일일(회원)','F','30대',2,148.35,1.5,6460,44
'2017-03','578',' 성동세무서 부근','일일(회원)','F','30대',3,245.43,2.39,10280,72
'2017-03','579',' 마장역 4번출구','일일(회원)','F','30대',3,242.12,2.48,10650,86
'2017-03','580',' 신금호역 3번출구 뒤','일일(회원)','F','30대',3,181,1.87,8070,157
'2017-03','581',' 용답초등학교','일일(회원)','F','30대',2,232.22,2.28,9810,65
'2017-03','582',' 경일중학교 앞','일일(회원)','F','30대',1,20.9,0.21,910,14
'2017-03','583',' 청계천 생태교실 앞','일일(회원)','F','30대',16,1992.73,21.5,92650,609
'2017-03','553',' 중곡 성원APT 앞','일일(회원)','F','30대',3,388.41,3.5,15090,137
'2017-03','136',' 대흥동 주민센터','일일(회원)','F','30대',1,16.24,0.19,820,13
'2017-03','554',' 아차산역 사거리','일일(회원)','F','30대',1,127.76,0.97,4190,30
'2017-03','571',' 어린이대공원역6번출구','일일(회원)','F','30대',10,444.63,4.59,19890,230
'2017-03','572',' 국립정신 건강센터 앞','일일(회원)','F','30대',2,115.56,1.07,4610,49
'2017-03','573',' 구의문주차장 앞','일일(회원)','F','30대',5,195.58,2.07,8900,114
'2017-03','574',' 아차산역4번출구','일일(회원)','F','30대',11,834,7.81,33620,394
'2017-03','575',' 중앙농협 중곡지점','일일(회원)','F','30대',1,239.89,2.65,11430,73
'2017-03','576',' 광나루역 3번 출구','일일(회원)','F','30대',1,207.72,1.87,8070,52
'2017-03','577',' 광진청소년수련관','일일(회원)','F','30대',3,591.64,6.68,28790,168
'2017-03','621',' 동대문중학교 옆','일일(회원)','F','30대',2,177.61,1.61,6900,53
'2017-03','137',' NH농협 신촌지점 앞','일일(회원)','F','30대',5,235.24,2.28,9860,93
'2017-03','622',' 전농사거리 교통섬','일일(회원)','F','30대',3,159.89,1.59,6870,57
'2017-03','623',' 서울시립대 정문 앞','일일(회원)','F','30대',1,115.76,1.41,6090,73
'2017-03','626',' 군자교 서측 녹지대','일일(회원)','F','30대',3,226.88,2.21,9530,60
'2017-03','627',' 장안동삼거리 교통섬','일일(회원)','F','30대',2,507.93,3.5,15090,91
'2017-03','630',' 동대문구 보건소','일일(회원)','F','30대',1,39.33,0.44,1910,14
'2017-03','631',' 답십리역 1번출구','일일(회원)','F','30대',9,575.32,6.22,26870,235
'2017-03','102',' 망원역 1번출구 앞','일일(회원)','F','30대',7,608.46,6.18,26690,214
'2017-03','138',' 신촌동 제1공영주차장 앞','일일(회원)','F','30대',2,42.9,0.54,2330,16
'2017-03','633',' 청량리 기업은행 앞','일일(회원)','F','30대',5,203.68,2.31,9930,121
'2017-03','634',' 외국어대 정문 앞','일일(회원)','F','30대',4,359.71,3.55,15300,149
'2017-03','635',' 시조사 앞 (청량고정문 옆)','일일(회원)','F','30대',3,187.39,2.06,8850,101
'2017-03','636',' 세종대왕기념관 교차로','일일(회원)','F','30대',4,449.93,4.38,18920,149
'2017-03','637',' KAIST 경영대학 앞','일일(회원)','F','30대',1,38.73,0.38,1630,34
'2017-03','638',' 서울시립대 정보기술관','일일(회원)','F','30대',2,178.18,1.52,6520,50
'2017-03','640',' KEB하나은행 청량리역지점','일일(회원)','F','30대',2,51.51,0.63,2710,24
'2017-03','641',' 용두역 4번출구','일일(회원)','F','30대',6,622.45,6.18,26650,190
'2017-03','140',' 이화여대 후문','일일(회원)','F','30대',1,19.56,0.18,760,13
'2017-03','643',' 동대문구민체육센터 (육교아래)','일일(회원)','F','30대',5,610.2,6.15,26510,175
'2017-03','230',' 영등포구청역 1번출구','일일(회원)','F','30대',8,620.44,5.81,25060,234
'2017-03','260',' 여의도 마리나선착장 앞','일일(회원)','F','30대',12,1890.87,18.95,81730,522
'2017-03','262',' 영문초등학교 사거리','일일(회원)','F','30대',7,734.19,7.24,31220,283
'2017-03','263',' 근로자회관 사거리','일일(회원)','F','30대',4,358.39,3.86,16590,176
'2017-03','264',' 교보생명보험 앞','일일(회원)','F','30대',6,240.94,2.6,11200,200
'2017-03','265',' 영등포유통상가 사거리','일일(회원)','F','30대',1,88.8,0.8,3450,29
'2017-03','141',' 연대 대운동장 옆','일일(회원)','F','30대',1,66.53,0.46,2000,12
'2017-03','266',' 영등포청과시장 사거리','일일(회원)','F','30대',11,1013.28,9.83,42360,386
'2017-03','267',' 삼성화재 사옥 옆','일일(회원)','F','30대',1,245.32,2.87,12390,133
'2017-03','268',' 그랜드컨벤션센터 앞','일일(회원)','F','30대',5,385.23,4.05,17420,132
'2017-03','270',' 증권거래소후문교차로','일일(회원)','F','30대',2,243,2.22,9590,56
'2017-03','271',' 샛강생태공원방문자센터 앞','일일(회원)','F','30대',2,539.74,5.02,21670,118
'2017-03','272',' 당산육갑문','일일(회원)','F','30대',23,3954.71,39.89,172000,1305
'2017-03','139',' 연세대 정문 건너편','일일(회원)','F','30대',1,84.62,0.97,4190,41
'2017-03','816',' 신용산역 6번출구 앞','일일(회원)','F','30대',11,1281.08,12.55,54110,395
'2017-03','817',' 삼각지역 4번출구 앞','일일(회원)','F','30대',4,302.44,3.37,14540,188
'2017-03','818',' 숙명여대 입구 교차로','일일(회원)','F','30대',11,868.78,9.79,42160,329
'2017-03','819',' 선린인터넷 고등학교','일일(회원)','F','30대',2,41.56,0.47,2020,15
'2017-03','820',' 청파동입구 교차로','일일(회원)','F','30대',7,451.61,4.4,18990,166
'2017-03','822',' 이촌1동 마을공원','일일(회원)','F','30대',8,890.16,9.06,39050,322
'2017-03','823',' 효창동주민센터 앞','일일(회원)','F','30대',4,163.95,1.7,7320,109
'2017-03','825',' 서빙고동 주민센터 앞','일일(회원)','F','30대',8,1282.83,12.6,54320,352
'2017-03','199',' 서울 월드컵 경기장','일일(회원)','F','30대',11,1308.89,12.9,55580,510
'2017-03','388',' 동성중학교 앞','일일(회원)','F','30대',2,283.16,3.68,15890,101
'2017-03','584',' 광진광장 교통섬','일일(회원)','F','30대',2,82.33,0.8,3460,28
'2017-03','585',' 성수2가1동 공영주차장 인근','일일(회원)','F','30대',3,305.95,3.42,14760,115
'2017-03','586',' 마장동 주민센터','일일(회원)','F','30대',1,119.64,1.35,5810,40
'2017-03','901',' 응암1동사무소','일일(회원)','F','30대',6,474.42,4.9,21160,143
'2017-03','903',' 은평뉴타운 아이파크','일일(회원)','F','30대',1,113.1,0.83,3570,50
'2017-03','904',' 은평뉴타운 푸르지오','일일(회원)','F','30대',1,3.86,0.03,150,5
'2017-03','905',' 구파발역 2번출구','일일(회원)','F','30대',4,332.24,3.45,14840,125
'2017-03','906',' 연신내역 5번출구150M 아래','일일(회원)','F','30대',6,472.36,4.72,20350,156
'2017-03','907',' CJ 드림시티','일일(회원)','F','30대',22,2970.81,29.96,129130,1016
'2017-03','908',' 구산역 4번출구','일일(회원)','F','30대',2,206.95,1.87,8040,307
'2017-03','909',' 백련산 힐스테이트 3차','일일(회원)','F','30대',3,338.63,3.72,16030,116
'2017-03','911',' 은평평화공원(역촌역4번출구)','일일(회원)','F','30대',7,521.62,4.7,20260,172
'2017-03','201',' 진미파라곤 앞','일일(회원)','F','30대',8,706.57,7.1,30600,353
'2017-03','912',' 응암오거리','일일(회원)','F','30대',1,70.79,0.64,2750,37
'2017-03','913',' 이마트 은평점','일일(회원)','F','30대',9,758.7,7.25,31310,517
'2017-03','914',' 새절역 2번출구','일일(회원)','F','30대',11,1559.54,15.09,65050,515
'2017-03','915',' 증산역 4번출구','일일(회원)','F','30대',6,823.31,8.2,35380,216
'2017-03','916',' 평생학습관 앞','일일(회원)','F','30대',3,172.21,1.56,6690,61
'2017-03','917',' 녹번역 4번출구','일일(회원)','F','30대',2,123.91,1.03,4470,28
'2017-03','919',' 서울혁신파크','일일(회원)','F','30대',3,683.36,8.17,35220,186
'2017-03','921',' 신도고등학교','일일(회원)','F','30대',3,637.3,6.88,29640,190
'2017-03','202',' 국민일보 앞','일일(회원)','F','30대',25,3038.06,28.86,124330,1225
'2017-03','922',' 연신내역 4번출구','일일(회원)','F','30대',2,206.78,2.1,9050,54
'2017-03','923',' 국민은행 연서지점','일일(회원)','F','30대',2,115.78,1.21,5180,53
'2017-03','925',' 불광역 2번출구','일일(회원)','F','30대',3,282.73,3.38,14570,135
'2017-03','926',' 불광역 8번출구','일일(회원)','F','30대',6,354.52,3.24,13930,150
'2017-03','927',' 연신내역 3번출구 인근','일일(회원)','F','30대',1,106.13,0.78,3350,31
'2017-03','928',' 은평역사한옥박물관','일일(회원)','F','30대',7,654.19,6.39,27520,251
'2017-03','930',' 구 서부경찰서 건너편','일일(회원)','F','30대',1,150.53,1.7,7310,37
'2017-03','931',' 역촌파출소','일일(회원)','F','30대',15,2056.35,17.91,77260,522
'2017-03','932',' 예일여중','일일(회원)','F','30대',6,1574.07,13.56,58440,322
'2017-03','933',' LG서비스 역촌점','일일(회원)','F','30대',1,189.7,1.71,7370,112
'2017-03','587',' KEB하나은행 성수중앙지점','일일(회원)','F','30대',1,68.19,0.67,2870,18
'2017-03','588',' 뚝섬 유원지역','일일(회원)','F','30대',10,1752.09,18.36,79170,655
'2017-03','103',' 망원역 2번출구 앞','일일(회원)','F','30대',9,925.75,9.83,42390,313
'2017-03','204',' 국회의사당역 5번출구 옆','일일(회원)','F','30대',6,503.04,5.25,22620,164
'2017-03','203',' 국회의사당역 3번출구 옆','일일(회원)','F','30대',17,2061.83,20.48,88220,539
'2017-03','205',' 산업은행 앞','일일(회원)','F','30대',35,4027.65,42.23,182000,1529
'2017-03','206',' KBS 앞','일일(회원)','F','30대',18,2040.95,20.62,88760,758
'2017-03','209',' 유진투자증권빌딩 앞','일일(회원)','F','30대',3,559.01,5.9,25420,312
'2017-03','210',' IFC몰','일일(회원)','F','30대',5,514.18,5.24,22560,131
'2017-03','211',' 여의도역 4번출구 옆','일일(회원)','F','30대',9,1082.27,12.11,52170,468
'2017-03','212',' 여의도역 1번출구 옆','일일(회원)','F','30대',4,453.99,4.73,20360,154
'2017-03','213',' KT앞','일일(회원)','F','30대',11,1577.75,16.22,69870,469
'2017-03','104',' 합정역 1번출구 앞','일일(회원)','F','30대',17,1805.06,18.49,79640,650
'2017-03','214',' 금융감독원 앞','일일(회원)','F','30대',5,304.09,3.25,14050,170
'2017-03','218',' 증권거래소 앞','일일(회원)','F','30대',3,500.76,5.04,21700,127
'2017-03','219',' 롯데캐슬엠파이어 옆','일일(회원)','F','30대',3,232.19,2.38,10280,165
'2017-03','220',' 미성아파트 A동 앞','일일(회원)','F','30대',12,941.84,8.39,36130,243
'2017-03','215',' 여의도고교 앞','일일(회원)','F','30대',5,448.92,4.9,21110,208
'2017-03','216',' 삼부아파트1동 앞','일일(회원)','F','30대',3,417.47,4.73,20390,127
'2017-03','221',' 여의도초교 앞','일일(회원)','F','30대',9,1391.52,15.03,64790,446
'2017-03','222',' 시범아파트버스정류장 옆','일일(회원)','F','30대',7,472.3,4.9,21150,150
'2017-03','223',' 진주아파트상가 앞','일일(회원)','F','30대',3,251.87,2.65,11410,98
'2017-03','105',' 합정역 5번출구 앞','일일(회원)','F','30대',6,426.25,4.74,20400,182
'2017-03','224',' 롯데캐슬 앞','일일(회원)','F','30대',5,561.17,6.06,26110,171
'2017-03','225',' 앙카라공원 앞','일일(회원)','F','30대',11,2077.95,20.69,89150,604
'2017-03','226',' 샛강역 1번출구 앞','일일(회원)','F','30대',9,1891.69,17.87,77060,474
'2017-03','207',' 여의나루역 1번출구 앞','일일(회원)','F','30대',40,6533.83,62.29,268410,2449
'2017-03','401',' 상암월드컵파크 10단지 앞','일일(회원)','F','30대',5,244.87,2.47,10690,150
'2017-03','402',' 상암월드컵파크 9단지 앞','일일(회원)','F','30대',10,1042.2,10.6,45640,462
'2017-03','106',' 합정역 7번출구 앞','일일(회원)','F','30대',24,3158.88,32.11,138390,1453
'2017-03','405',' DMC빌 앞','일일(회원)','F','30대',3,420.33,4.95,21320,125
'2017-03','406',' 상암월드컵파크 7단지 앞','일일(회원)','F','30대',2,164.89,1.61,6940,65
'2017-03','421',' 마포구청 앞','일일(회원)','F','30대',9,1119.66,11.6,50020,418
'2017-03','407',' 마포구 육아종합지원센터','일일(회원)','F','30대',7,915.27,9.55,41160,184
'2017-03','408',' LG CNS앞','일일(회원)','F','30대',3,300.91,2.74,11800,87
'2017-03','420',' 서울시 공공자전거 상암센터','일일(회원)','F','30대',10,1236.24,11.3,48730,615
'2017-03','409',' 누리꿈스퀘어 옆','일일(회원)','F','30대',24,2611.19,24.76,106740,697
'2017-03','419',' 홈플러스 앞','일일(회원)','F','30대',21,2447.94,25.25,108770,845
'2017-03','410',' 상암중학교 옆','일일(회원)','F','30대',3,150.08,1.48,6400,75
'2017-03','418',' 월드컵경기장역 3번출구 옆','일일(회원)','F','30대',37,4388.08,41.91,180770,1759
'2017-03','107',' 신한은행 서교동금융센터점 앞','일일(회원)','F','30대',2,30.15,0.33,1410,44
'2017-03','411',' DMC홍보관','일일(회원)','F','30대',6,527.73,5.21,22490,212
'2017-03','412',' DMC산학협력연구센터 앞','일일(회원)','F','30대',8,595.33,5.67,24450,174
'2017-03','413',' 상암월드컵파크 3단지 후문','일일(회원)','F','30대',2,135.02,1.27,5470,29
'2017-03','417',' DMC역 2번출구 옆','일일(회원)','F','30대',5,691.7,7.66,32960,214
'2017-03','414',' 상암동주민센터 옆','일일(회원)','F','30대',1,110.77,1.2,5180,34
'2017-03','415',' DMC역 9번출구 앞','일일(회원)','F','30대',2,132.31,1.58,6790,39
'2017-03','416',' 상암월드컵파크 1단지 교차로','일일(회원)','F','30대',3,209.59,1.95,8410,57
'2017-03','500',' 어린이대공원역 3번출구 앞','일일(회원)','F','30대',11,684.86,6.28,27040,256
'2017-03','501',' 광진구의회 앞','일일(회원)','F','30대',12,1662.93,16.17,69620,454
'2017-03','502',' 뚝섬유원지역 1번출구 앞','일일(회원)','F','30대',36,4572.8,46.4,199920,1551
'2017-03','503',' 더샵스타시티 C동 앞','일일(회원)','F','40대',4,351.4,4.01,17280,131
'2017-03','504',' 신자초교입구교차로','일일(회원)','F','40대',1,86.68,0.92,3980,33
'2017-03','505',' 자양사거리 광진아크로텔 앞','일일(회원)','F','40대',1,57.14,0.52,2220,11
'2017-03','506',' 금호 어울림 아파트 앞','일일(회원)','F','40대',2,352.12,3.43,14820,106
'2017-03','508',' 성수아카데미타워 앞','일일(회원)','F','40대',4,459.52,4.48,19340,149
'2017-03','509',' 이마트 버스정류소 옆','일일(회원)','F','40대',2,96.86,1.02,4400,69
'2017-03','510',' 서울숲 남문 버스정류소 옆','일일(회원)','F','40대',1,66.29,0.63,2700,12
'2017-03','511',' 서울숲역 4번 출구 옆','일일(회원)','F','40대',26,3128.26,33.76,145430,1371
'2017-03','512',' 뚝섬역 1번 출구 옆','일일(회원)','F','40대',1,108.57,1.12,4810,50
'2017-03','513',' 뚝섬역 5번 출구 정류소 옆','일일(회원)','F','40대',1,7.45,0.08,330,2
'2017-03','516',' 광진메디칼 앞','일일(회원)','F','40대',1,35.24,0.41,1780,12
'2017-03','301',' 경복궁역 7번출구 앞','일일(회원)','F','40대',1,53.72,0.62,2660,41
'2017-03','302',' 경복궁역 4번출구 뒤','일일(회원)','F','40대',3,269.49,2.44,10470,59
'2017-03','303',' 광화문역 1번출구 앞','일일(회원)','F','40대',2,165.9,1.6,6880,140
'2017-03','304',' 광화문역 2번출구 앞','일일(회원)','F','40대',2,187.65,1.88,8120,85
'2017-03','305',' 종로구청 옆','일일(회원)','F','40대',1,46.07,0.42,1790,15
'2017-03','307',' 서울역사박물관 앞','일일(회원)','F','40대',1,31.67,0.22,930,8
'2017-03','312',' 시청역 1번출구 뒤','일일(회원)','F','40대',3,276.8,2.44,10540,97
'2017-03','313',' 서울역 광장 파출소 옆','일일(회원)','F','40대',1,65.64,0.59,2550,44
'2017-03','315',' 신한은행 안국역지점 옆','일일(회원)','F','40대',4,251.7,2.96,12770,110
'2017-03','316',' 종각역 1번출구 앞','일일(회원)','F','40대',6,404.14,3.83,16490,250
'2017-03','318',' 광교사거리 남측','일일(회원)','F','40대',1,145.41,1.42,6120,33
'2017-03','320',' 을지로입구역 4번출구 앞','일일(회원)','F','40대',1,78.84,0.73,3160,22
'2017-03','321',' KEB 하나은행 본점 앞','일일(회원)','F','40대',5,212.33,1.95,8430,101
'2017-03','322',' 명동성당 앞','일일(회원)','F','40대',4,253.07,2.81,12100,83
'2017-03','116',' 일진아이윌아파트 옆','일일(회원)','F','40대',1,34.21,0.38,1630,10
'2017-03','324',' 신세계백화점 본점 앞','일일(회원)','F','40대',4,137.56,1.44,6210,711
'2017-03','326',' 안국역 5번출구 앞','일일(회원)','F','40대',3,173.59,1.96,8430,112
'2017-03','327',' 낙원상가 옆','일일(회원)','F','40대',3,45.57,0.52,2240,15
'2017-03','328',' 탑골공원 앞','일일(회원)','F','40대',3,115.6,1.14,4920,66
'2017-03','329',' 청계2가 사거리 옆','일일(회원)','F','40대',1,26.25,0.24,1020,12
'2017-03','330',' 청계천 한빛광장','일일(회원)','F','40대',1,111.2,0.84,3600,33
'2017-03','336',' 티마크 호텔 앞','일일(회원)','F','40대',2,154.7,1.4,6010,56
'2017-03','340',' 혜화동 로터리','일일(회원)','F','40대',3,226.64,2.2,9470,72
'2017-03','342',' 대학로 마로니에공원','일일(회원)','F','40대',1,65.06,0.72,3100,42
'2017-03','343',' 예일빌딩(율곡로) 앞','일일(회원)','F','40대',1,80.05,0.72,3110,28
'2017-03','112',' 극동방송국 앞','일일(회원)','F','40대',1,36.65,0.41,1780,14
'2017-03','344',' 성균관대 E하우스 앞','일일(회원)','F','40대',2,114.21,1.18,5060,81
'2017-03','345',' 서울보증보험본사 앞','일일(회원)','F','40대',1,85.28,0.85,3650,27
'2017-03','346',' 맥스타일 앞','일일(회원)','F','40대',5,185.97,1.92,8270,78
'2017-03','347',' 동대문역사문화공원역 9번출구 앞','일일(회원)','F','40대',1,98.84,0.89,3840,32
'2017-03','349',' 사직동주민센터','일일(회원)','F','40대',2,205.53,2.22,9570,90
'2017-03','352',' 중앙고입구 삼거리','일일(회원)','F','40대',1,163.87,1.68,7260,24
'2017-03','353',' 재동초교 앞 삼거리','일일(회원)','F','40대',7,779.82,8.79,37870,333
'2017-03','117',' 홍은사거리','일일(회원)','F','40대',3,633.28,6.7,28860,199
'2017-03','354',' 포르투갈 대사관 앞','일일(회원)','F','40대',1,31.93,0.32,1390,11
'2017-03','355',' 서울사대부속초교 앞','일일(회원)','F','40대',3,176.82,1.61,6980,52
'2017-03','356',' KT혜화지사 앞','일일(회원)','F','40대',2,150.58,1.36,5850,53
'2017-03','359',' 원남동사거리','일일(회원)','F','40대',2,215.36,2.42,10450,81
'2017-03','361',' 동묘앞역 1번출구 뒤','일일(회원)','F','40대',3,308.28,2.5,10790,70
'2017-03','364',' 창신역 1번출구 앞','일일(회원)','F','40대',1,39.2,0.46,1980,27
'2017-03','113',' 홍대입구역 2번출구 앞','일일(회원)','F','40대',1,231.68,2.77,11940,62
'2017-03','367',' 독립문역 3-1번출구 ','일일(회원)','F','40대',4,390.89,4.01,17250,192
'2017-03','368',' SK 서린빌딩 앞','일일(회원)','F','40대',1,59.97,0.54,2330,30
'2017-03','371',' 동대입구역 6번출구 뒤','일일(회원)','F','40대',2,50.73,0.42,1830,57
'2017-03','374',' 청구역 2번출구 앞','일일(회원)','F','40대',3,78.78,0.8,3430,43
'2017-03','118',' 광흥창역 2번출구 앞','일일(회원)','F','40대',1,52.37,0.54,2320,23
'2017-03','375',' 다산 어린이공원','일일(회원)','F','40대',12,500.23,5.97,25680,363
'2017-03','377',' 서울역 4번출구 앞','일일(회원)','F','40대',1,65.44,0.75,3240,40
'2017-03','378',' 청계7가 사거리','일일(회원)','F','40대',1,169.04,1.71,7360,51
'2017-03','380',' CJ제일제당 앞','일일(회원)','F','40대',4,179.59,1.77,7600,64
'2017-03','382',' 약수역 10번출구 앞','일일(회원)','F','40대',1,197.09,2.57,11060,185
'2017-03','383',' 신당역 12번 출구 뒤','일일(회원)','F','40대',1,173.49,1.56,6740,35
'2017-03','384',' 종로학원본원 ','일일(회원)','F','40대',1,127.93,1.29,5570,48
'2017-03','142',' 아현역 4번출구 앞','일일(회원)','F','40대',1,57.4,0.52,2230,13
'2017-03','143',' 공덕역 2번출구','일일(회원)','F','40대',4,289.96,2.64,11360,116
'2017-03','144',' 공덕역 8번출구','일일(회원)','F','40대',6,963,9.19,39570,260
'2017-03','145',' 공덕역 5번출구','일일(회원)','F','40대',2,334.88,3.58,15430,102
'2017-03','146',' 마포역 1번출구 뒤','일일(회원)','F','40대',4,309.91,3.05,13180,107
'2017-03','147',' 마포역 4번출구 뒤','일일(회원)','F','40대',2,704.24,6.35,27360,103
'2017-03','148',' 용강동 주민센터 앞','일일(회원)','F','40대',7,1431.79,15.36,66190,372
'2017-03','150',' 서강대역 2번출구 앞','일일(회원)','F','40대',3,304.69,3.1,13380,120
'2017-03','151',' 망원1동주민센터','일일(회원)','F','40대',2,288.01,2.41,10390,77
'2017-03','152',' 마포구민체육센터 앞','일일(회원)','F','40대',15,1799.27,16.92,72830,586
'2017-03','119',' 서강나루 공원','일일(회원)','F','40대',2,478.78,4.44,19120,97
'2017-03','153',' 성산2교 사거리','일일(회원)','F','40대',1,53.22,0.45,1920,13
'2017-03','154',' 마포구청역 ','일일(회원)','F','40대',2,121.47,1.08,4660,82
'2017-03','155',' 가좌역1 번출구 뒤','일일(회원)','F','40대',1,59.19,0.65,2820,19
'2017-03','159',' 이대역 4번 출구','일일(회원)','F','40대',1,146.69,1.36,5880,31
'2017-03','160',' 북아현동 가구거리','일일(회원)','F','40대',1,55.83,0.62,2660,18
'2017-03','120',' 신수동 사거리','일일(회원)','F','40대',2,218.44,2.29,9870,118
'2017-03','163',' 명지전문대학교 정문 앞','일일(회원)','F','40대',4,317,3.1,13370,88
'2017-03','164',' 북가좌1동 주민센터 ','일일(회원)','F','40대',4,614.19,5.68,24480,239
'2017-03','165',' 중앙근린공원','일일(회원)','F','40대',3,308.01,2.83,12230,104
'2017-03','166',' 가재울 초등학교','일일(회원)','F','40대',2,245.79,2.06,8910,177
'2017-03','168',' 남가좌동 사거리','일일(회원)','F','40대',1,81.18,0.95,4100,61
'2017-03','170',' 가재울 뉴타운 주유소 옆','일일(회원)','F','40대',1,67.91,0.57,2450,16
'2017-03','172',' 서대문소방서','일일(회원)','F','40대',1,53.56,0.68,2940,28
'2017-03','121',' 마포소방서 앞','일일(회원)','F','40대',1,241.18,2.17,9370,53
'2017-03','175',' 홍연2교옆','일일(회원)','F','40대',5,665.73,7.96,34360,205
'2017-03','179',' 가좌역 4번출구 앞','일일(회원)','F','40대',2,282.57,2.59,11170,79
'2017-03','180',' 충정로역 7번출구 뒤','일일(회원)','F','40대',4,379.24,8.38,36110,215
'2017-03','518',' 청계천 박물관 앞','일일(회원)','F','40대',1,74.65,0.87,3770,23
'2017-03','519',' 양지사거리','일일(회원)','F','40대',3,386,3.9,16820,114
'2017-03','122',' 신성기사식당 앞','일일(회원)','F','40대',7,636.55,5.54,23960,300
'2017-03','526',' 용답토속공원 앞','일일(회원)','F','40대',1,52.77,0.48,2050,57
'2017-03','530',' 청계벽산아파트 앞','일일(회원)','F','40대',2,67.52,0.68,2940,20
'2017-03','533',' 우리은행 금호동 지점 앞','일일(회원)','F','40대',2,488.41,3.98,17130,83
'2017-03','534',' 금호사거리','일일(회원)','F','40대',1,269.72,2.39,10320,60
'2017-03','536',' 행당역 2번출구 앞','일일(회원)','F','40대',8,1524.73,15.1,65120,542
'2017-03','123',' 문화촌 공원','일일(회원)','F','40대',1,101.69,0.99,4280,53
'2017-03','550',' 서울시설공단 앞','일일(회원)','F','40대',2,35.76,0.33,1410,41
'2017-03','539',' 군자교교차로','일일(회원)','F','40대',3,542.86,4.9,21090,153
'2017-03','540',' 군자역 7번출구 베스트샵 앞','일일(회원)','F','40대',1,29.7,0.35,1500,9
'2017-03','542',' 강변역 4번출구 뒤','일일(회원)','F','40대',2,358.55,4.24,18270,93
'2017-03','544',' 광남중학교','일일(회원)','F','40대',11,2012.87,19.17,82630,574
'2017-03','546',' 잠실대교북단 교차로','일일(회원)','F','40대',4,217.25,2.44,10550,86
'2017-03','548',' 자양나들목','일일(회원)','F','40대',2,329.08,3.86,16620,107
'2017-03','124',' 서강대 정문 건너편','일일(회원)','F','40대',15,898.7,7.94,34200,546
'2017-03','600',' 휘경2동 주민센터','일일(회원)','F','40대',2,371.09,3.88,16740,117
'2017-03','602',' 장안동 사거리','일일(회원)','F','40대',1,41.18,0.48,2080,13
'2017-03','604',' 답십리초등학교 옆 공원','일일(회원)','F','40대',2,210.03,1.9,8160,68
'2017-03','605',' 신설동역8번출구','일일(회원)','F','40대',1,65.22,0.85,3660,42
'2017-03','607',' 신이문역 2번출구','일일(회원)','F','40대',1,129.21,1.16,5020,61
'2017-03','609',' 제기2교','일일(회원)','F','40대',1,65.7,0.49,2100,37
'2017-03','610',' 동대문중 교차로','일일(회원)','F','40대',2,282.08,3.09,13310,99
'2017-03','614',' 용두동 사거리','일일(회원)','F','40대',1,408.15,3.8,16360,60
'2017-03','615',' 용두동 레미안허브리츠아파트 앞','일일(회원)','F','40대',1,370.4,3.34,14390,111
'2017-03','617',' 청솔우성아파트 앞','일일(회원)','F','40대',2,431.62,4.08,17580,287
'2017-03','227',' 양평2나들목 보행통로 입구','일일(회원)','F','40대',2,348.94,2.71,11670,77
'2017-03','228',' 선유도역 3번출구 앞','일일(회원)','F','40대',5,525.63,5.44,23450,180
'2017-03','229',' 양평1 보행육교 앞','일일(회원)','F','40대',4,240.33,2.41,10380,81
'2017-03','232',' 양평우림 이비즈센타 앞','일일(회원)','F','40대',2,174.52,1.57,6780,55
'2017-03','238',' 제2구민체육센타 앞','일일(회원)','F','40대',2,206.32,2.5,10770,187
'2017-03','239',' 유스호스텔 앞','일일(회원)','F','40대',1,87.67,0.95,4100,46
'2017-03','240',' 문래역 4번출구 앞','일일(회원)','F','40대',3,180.83,1.81,7770,79
'2017-03','241',' 신길우성1차아파트 앞 공원','일일(회원)','F','40대',2,536.97,5.17,22290,111
'2017-03','242',' 신길선원가와인아파트 앞','일일(회원)','F','40대',5,385.94,3.59,15470,170
'2017-03','247',' 당산역 10번출구 앞','일일(회원)','F','40대',5,941.37,9.44,40690,280
'2017-03','248',' 초원아파트 앞','일일(회원)','F','40대',5,314.76,2.96,12730,79
'2017-03','249',' 여의도중학교 옆','일일(회원)','F','40대',3,231.83,2.05,8840,73
'2017-03','251',' 서울지방병무청 버스정류장','일일(회원)','F','40대',1,109.4,0.99,4250,47
'2017-03','252',' 보라매역4번출구','일일(회원)','F','40대',1,198.71,1.79,7720,105
'2017-03','253',' 신풍역 5번출구 인근','일일(회원)','F','40대',1,78.09,1.14,4930,52
'2017-03','255',' 도림4거리','일일(회원)','F','40대',1,204.81,2,8620,71
'2017-03','257',' 신길삼거리(우리은행)','일일(회원)','F','40대',1,0,0,0,9
'2017-03','258',' 신길역3번출구','일일(회원)','F','40대',3,163.24,2.13,9160,69
'2017-03','259',' 대방역6번출구','일일(회원)','F','40대',1,263.99,2.31,9950,109
'2017-03','700',' KB국민은행 염창역 지점 앞','일일(회원)','F','40대',1,44.29,0.54,2330,31
'2017-03','702',' 목4동주민센터 옆','일일(회원)','F','40대',1,176.83,1.59,6870,56
'2017-03','703',' 오목교역 7번출구 앞','일일(회원)','F','40대',4,618.05,6.19,26690,164
'2017-03','711',' 신일해피트리아파트 앞','일일(회원)','F','40대',1,31.48,0.37,1590,38
'2017-03','713',' 양서중학교 옆','일일(회원)','F','40대',2,155.73,1.66,7150,99
'2017-03','800',' 목월공원 앞','일일(회원)','F','40대',2,738.4,7.01,30230,208
'2017-03','802',' 한강진역 2번 출구 앞','일일(회원)','F','40대',1,72.59,0.65,2820,22
'2017-03','803',' 한남초교 앞 보도육교','일일(회원)','F','40대',1,94.21,0.85,3660,41
'2017-03','805',' 문배어린이공원 앞','일일(회원)','F','40대',7,970.47,9.18,39570,321
'2017-03','806',' 전자랜드 본관 앞','일일(회원)','F','40대',1,258.75,2.53,10890,49
'2017-03','807',' 서울역 12번 출구 앞','일일(회원)','F','40대',2,128.7,1.16,5000,37
'2017-03','808',' 서빙고동 금호맨션 앞','일일(회원)','F','40대',2,222.13,2.44,10540,126
'2017-03','131',' 증산2교','일일(회원)','F','40대',1,440.75,5.16,22260,147
'2017-03','810',' 이태원지하보도','일일(회원)','F','40대',1,363.46,3.8,16390,271
'2017-03','811',' 녹사평역1번출구','일일(회원)','F','40대',3,148.49,1.79,7710,69
'2017-03','812',' 용산전쟁기념관','일일(회원)','F','40대',3,231.3,2.65,11400,95
'2017-03','813',' 삼각지역 3번출구','일일(회원)','F','40대',1,42.21,0.48,2090,19
'2017-03','815',' LIG강촌아파트 103동앞','일일(회원)','F','40대',6,480.77,4.93,21240,240
'2017-03','385',' 종각역 5번출구','일일(회원)','F','40대',1,142.34,1.28,5530,47
'2017-03','181',' 망원초록길 입구','일일(회원)','F','40대',3,336.29,3.57,15380,214
'2017-03','182',' 망원2빗물펌프장 앞','일일(회원)','F','40대',1,139.39,1.48,6400,57
'2017-03','183',' 하늘채코오롱아파트 건너편','일일(회원)','F','40대',1,126.88,1.24,5340,55
'2017-03','184',' SK망원동주유소 건너편','일일(회원)','F','40대',3,211.7,1.89,8120,69
'2017-03','185',' 마포 신수공원 앞','일일(회원)','F','40대',2,194.08,1.86,8010,80
'2017-03','186',' 월드컵공원','일일(회원)','F','40대',41,4590.05,45.85,197770,2047
'2017-03','177',' 북가좌 초등학교','일일(회원)','F','40대',2,178.36,1.73,7480,80
'2017-03','188',' 홍은동 정원여중 입구','일일(회원)','F','40대',2,111.45,1.01,4330,39
'2017-03','191',' 정명학원','일일(회원)','F','40대',2,151.58,1.53,6620,71
'2017-03','192',' 연서어린이공원','일일(회원)','F','40대',5,876.17,7.4,31830,209
'2017-03','133',' 해담는다리','일일(회원)','F','40대',3,513.51,4.59,19750,130
'2017-03','194',' 증산교 앞','일일(회원)','F','40대',3,451.25,4.2,18090,122
'2017-03','195',' 모래내고가차도 ','일일(회원)','F','40대',1,44.02,0.4,1710,39
'2017-03','556',' 달맞이공원','일일(회원)','F','40대',1,179.45,1.98,8550,53
'2017-03','557',' 도선동 주민센터 앞','일일(회원)','F','40대',1,99.54,1.02,4410,22
'2017-03','558',' 성동광진 교육지원청 앞','일일(회원)','F','40대',1,166.4,1.77,7640,52
'2017-03','565',' 옥수역 3번출구','일일(회원)','F','40대',6,831.51,8.21,35430,242
'2017-03','567',' 성수역 2번출구 앞','일일(회원)','F','40대',6,637.31,6.64,28580,256
'2017-03','568',' 청계8가사거리 부근','일일(회원)','F','40대',1,45.02,0.45,1960,17
'2017-03','135',' 명물길 원형무대 앞','일일(회원)','F','40대',1,124.84,1.13,4850,44
'2017-03','569',' 응봉현대아파트 정류소','일일(회원)','F','40대',1,94.33,1.35,5810,54
'2017-03','579',' 마장역 4번출구','일일(회원)','F','40대',1,285.71,2.58,11100,65
'2017-03','581',' 용답초등학교','일일(회원)','F','40대',1,171.94,1.55,6680,55
'2017-03','583',' 청계천 생태교실 앞','일일(회원)','F','40대',9,1453.5,13.63,58800,405
'2017-03','553',' 중곡 성원APT 앞','일일(회원)','F','40대',2,423.13,4.51,19420,153
'2017-03','136',' 대흥동 주민센터','일일(회원)','F','40대',3,196.14,1.77,7620,119
'2017-03','554',' 아차산역 사거리','일일(회원)','F','40대',2,206.37,1.92,8270,65
'2017-03','555',' 구의3동주민센터','일일(회원)','F','40대',2,195.37,1.76,7590,90
'2017-03','572',' 국립정신 건강센터 앞','일일(회원)','F','40대',1,92.47,1.08,4670,57
'2017-03','574',' 아차산역4번출구','일일(회원)','F','40대',2,461.53,5.1,21990,303
'2017-03','576',' 광나루역 3번 출구','일일(회원)','F','40대',1,281.85,2.54,10950,49
'2017-03','577',' 광진청소년수련관','일일(회원)','F','40대',3,341.68,3.19,13740,232
'2017-03','622',' 전농사거리 교통섬','일일(회원)','F','40대',1,28.31,0.26,1100,7
'2017-03','623',' 서울시립대 정문 앞','일일(회원)','F','40대',1,80.31,0.78,3380,40
'2017-03','626',' 군자교 서측 녹지대','일일(회원)','F','40대',1,131.67,1.54,6650,58
'2017-03','627',' 장안동삼거리 교통섬','일일(회원)','F','40대',4,741.87,8.26,35580,285
'2017-03','631',' 답십리역 1번출구','일일(회원)','F','40대',2,261.74,2.47,10650,74
'2017-03','102',' 망원역 1번출구 앞','일일(회원)','F','40대',2,165.13,1.58,6790,66
'2017-03','634',' 외국어대 정문 앞','일일(회원)','F','40대',1,171.69,1.55,6670,32
'2017-03','638',' 서울시립대 정보기술관','일일(회원)','F','40대',1,136.75,1.29,5570,53
'2017-03','643',' 동대문구민체육센터 (육교아래)','일일(회원)','F','40대',3,278.4,2.7,11610,127
'2017-03','230',' 영등포구청역 1번출구','일일(회원)','F','40대',3,128.51,1.22,5300,55
'2017-03','260',' 여의도 마리나선착장 앞','일일(회원)','F','40대',1,66.43,0.71,3050,43
'2017-03','262',' 영문초등학교 사거리','일일(회원)','F','40대',4,436.21,3.49,15030,88
'2017-03','263',' 근로자회관 사거리','일일(회원)','F','40대',1,191.35,1.78,7670,45
'2017-03','141',' 연대 대운동장 옆','일일(회원)','F','40대',2,74.39,0.67,2890,78
'2017-03','267',' 삼성화재 사옥 옆','일일(회원)','F','40대',1,69.1,0.81,3490,32
'2017-03','270',' 증권거래소후문교차로','일일(회원)','F','40대',1,77.24,0.85,3680,31
'2017-03','716','신정6동 주민센터 인근','일일(회원)','F','40대',1,258.51,2.23,9600,99
'2017-03','719',' 홍익병원앞 교차로','일일(회원)','F','40대',1,224.2,2.02,8710,60
'2017-03','816',' 신용산역 6번출구 앞','일일(회원)','F','40대',3,156.17,1.69,7330,99
'2017-03','818',' 숙명여대 입구 교차로','일일(회원)','F','40대',1,28.65,0.25,1080,7
'2017-03','820',' 청파동입구 교차로','일일(회원)','F','40대',4,243.55,2.67,11500,160
'2017-03','823',' 효창동주민센터 앞','일일(회원)','F','40대',1,333.53,3.49,15040,78
'2017-03','825',' 서빙고동 주민센터 앞','일일(회원)','F','40대',7,888.09,8.93,38490,381
'2017-03','199',' 서울 월드컵 경기장','일일(회원)','F','40대',6,493.76,5.07,21880,283
'2017-03','388',' 동성중학교 앞','일일(회원)','F','40대',1,98.96,0.83,3570,47
'2017-03','585',' 성수2가1동 공영주차장 인근','일일(회원)','F','40대',1,99.32,1.06,4560,30
'2017-03','900',' 은평예술회관','일일(회원)','F','40대',2,232.14,2.27,9770,140
'2017-03','200',' 국회의원회관','일일(회원)','F','40대',3,184.57,1.71,7400,48
'2017-03','902',' 진관동 은빛초등학교','일일(회원)','F','40대',3,198.72,1.79,7720,146
'2017-03','905',' 구파발역 2번출구','일일(회원)','F','40대',1,116.22,1.17,5060,52
'2017-03','907',' CJ 드림시티','일일(회원)','F','40대',6,1175.59,11.25,48500,305
'2017-03','908',' 구산역 4번출구','일일(회원)','F','40대',2,69.4,0.82,3540,26
'2017-03','911',' 은평평화공원(역촌역4번출구)','일일(회원)','F','40대',1,23.76,0.28,1200,35
'2017-03','201',' 진미파라곤 앞','일일(회원)','F','40대',6,638.9,6.5,28030,218
'2017-03','912',' 응암오거리','일일(회원)','F','40대',2,222.81,2.28,9800,75
'2017-03','913',' 이마트 은평점','일일(회원)','F','40대',3,261.96,2.86,12340,113
'2017-03','914',' 새절역 2번출구','일일(회원)','F','40대',4,798.38,7.72,33270,394
'2017-03','915',' 증산역 4번출구','일일(회원)','F','40대',1,135.14,1.22,5250,47
'2017-03','919',' 서울혁신파크','일일(회원)','F','40대',1,63.2,0.62,2660,48
'2017-03','202',' 국민일보 앞','일일(회원)','F','40대',5,1166.02,11.27,48580,255
'2017-03','923',' 국민은행 연서지점','일일(회원)','F','40대',1,79.54,0.72,3090,27
'2017-03','927',' 연신내역 3번출구 인근','일일(회원)','F','40대',1,74.61,0.73,3140,42
'2017-03','928',' 은평역사한옥박물관','일일(회원)','F','40대',2,214.67,1.94,8340,105
'2017-03','931',' 역촌파출소','일일(회원)','F','40대',1,323.45,2.37,10210,50
'2017-03','933',' LG서비스 역촌점','일일(회원)','F','40대',2,407.47,3.67,15830,101
'2017-03','587',' KEB하나은행 성수중앙지점','일일(회원)','F','40대',5,125.35,1.3,5620,90
'2017-03','588',' 뚝섬 유원지역','일일(회원)','F','40대',1,106.72,1.25,5390,77
'2017-03','203',' 국회의사당역 3번출구 옆','일일(회원)','F','40대',2,408.87,4.47,19270,116
'2017-03','205',' 산업은행 앞','일일(회원)','F','40대',23,2617.43,28.48,122740,1152
'2017-03','206',' KBS 앞','일일(회원)','F','40대',6,878.64,8.61,37090,265
'2017-03','209',' 유진투자증권빌딩 앞','일일(회원)','F','40대',4,1204.06,9.8,42230,168
'2017-03','210',' IFC몰','일일(회원)','F','40대',8,1399.27,13.11,56520,333
'2017-03','211',' 여의도역 4번출구 옆','일일(회원)','F','40대',2,174.52,1.57,6780,87
'2017-03','212',' 여의도역 1번출구 옆','일일(회원)','F','40대',1,93.91,1.08,4650,148
'2017-03','104',' 합정역 1번출구 앞','일일(회원)','F','40대',1,3.76,0.04,190,7
'2017-03','214',' 금융감독원 앞','일일(회원)','F','40대',3,295.87,2.84,12250,161
'2017-03','218',' 증권거래소 앞','일일(회원)','F','40대',1,150.75,1.42,6140,48
'2017-03','215',' 여의도고교 앞','일일(회원)','F','40대',6,796.55,8.23,35440,501
'2017-03','217',' NH농협은행 앞','일일(회원)','F','40대',2,175.59,1.71,7390,74
'2017-03','221',' 여의도초교 앞','일일(회원)','F','40대',1,106.5,1.13,4890,26
'2017-03','222',' 시범아파트버스정류장 옆','일일(회원)','F','40대',6,927,12.07,52020,384
'2017-03','223',' 진주아파트상가 앞','일일(회원)','F','40대',2,257.35,2.48,10670,88
'2017-03','225',' 앙카라공원 앞','일일(회원)','F','40대',2,465.7,4.55,19600,142
'2017-03','226',' 샛강역 1번출구 앞','일일(회원)','F','40대',2,337.33,3.25,14000,95
'2017-03','207',' 여의나루역 1번출구 앞','일일(회원)','F','40대',13,1742.98,17.41,75060,692
'2017-03','402',' 상암월드컵파크 9단지 앞','일일(회원)','F','40대',1,162.14,1.98,8530,63
'2017-03','403',' 부엉이공원 앞','일일(회원)','F','40대',2,225.84,2.37,10240,84
'2017-03','106',' 합정역 7번출구 앞','일일(회원)','F','40대',4,833.52,8.87,38270,202
'2017-03','405',' DMC빌 앞','일일(회원)','F','40대',2,82.23,0.79,3430,57
'2017-03','421',' 마포구청 앞','일일(회원)','F','40대',7,813.02,7.92,34160,206
'2017-03','407',' 마포구 육아종합지원센터','일일(회원)','F','40대',1,109.33,1.1,4760,73
'2017-03','408',' LG CNS앞','일일(회원)','F','40대',1,173.61,1.27,5480,24
'2017-03','420',' 서울시 공공자전거 상암센터','일일(회원)','F','40대',9,792.69,8.49,36590,491
'2017-03','409',' 누리꿈스퀘어 옆','일일(회원)','F','40대',4,461.61,5.32,22920,192
'2017-03','419',' 홈플러스 앞','일일(회원)','F','40대',15,1409.55,13.83,59650,528
'2017-03','410',' 상암중학교 옆','일일(회원)','F','40대',4,480.87,5.01,21630,250
'2017-03','418',' 월드컵경기장역 3번출구 옆','일일(회원)','F','40대',13,1163.74,12.07,52060,405
'2017-03','411',' DMC홍보관','일일(회원)','F','40대',1,64.55,0.76,3260,49
'2017-03','412',' DMC산학협력연구센터 앞','일일(회원)','F','40대',1,98.84,0.89,3840,32
'2017-03','413',' 상암월드컵파크 3단지 후문','일일(회원)','F','40대',1,29.46,0.29,1240,6
'2017-03','417',' DMC역 2번출구 옆','일일(회원)','F','40대',1,35.01,0.32,1360,10
'2017-03','414',' 상암동주민센터 옆','일일(회원)','F','40대',1,58.45,0.57,2460,17
'2017-03','500',' 어린이대공원역 3번출구 앞','일일(회원)','F','40대',2,112.66,1.23,5280,65
'2017-03','502',' 뚝섬유원지역 1번출구 앞','일일(회원)','F','40대',10,1276.17,12.16,52450,593
'2017-03','508',' 성수아카데미타워 앞','일일(회원)','F','50대',5,264.52,2.2,9490,68
'2017-03','509',' 이마트 버스정류소 옆','일일(회원)','F','50대',2,231.25,2.65,11450,63
'2017-03','510',' 서울숲 남문 버스정류소 옆','일일(회원)','F','50대',3,355.72,3.64,15710,144
'2017-03','512',' 뚝섬역 1번 출구 옆','일일(회원)','F','50대',1,116.86,1.05,4540,42
'2017-03','109',' 제일빌딩 앞','일일(회원)','F','50대',2,91.95,1.19,5160,62
'2017-03','400',' 상암한화오벨리스크 1차 앞','일일(회원)','F','50대',2,170.14,1.53,6610,39
'2017-03','514',' 성수사거리 버스정류장 앞','일일(회원)','F','50대',1,41.58,0.32,1400,6
'2017-03','301',' 경복궁역 7번출구 앞','일일(회원)','F','50대',1,104.84,0.99,4270,38
'2017-03','302',' 경복궁역 4번출구 뒤','일일(회원)','F','50대',4,248.64,2.41,10380,103
'2017-03','304',' 광화문역 2번출구 앞','일일(회원)','F','50대',1,47.27,0.59,2540,19
'2017-03','307',' 서울역사박물관 앞','일일(회원)','F','50대',2,304.65,2.68,11560,67
'2017-03','311',' 서울광장 옆','일일(회원)','F','50대',1,100.64,0.91,3910,41
'2017-03','312',' 시청역 1번출구 뒤','일일(회원)','F','50대',1,12.28,0.14,620,5
'2017-03','313',' 서울역 광장 파출소 옆','일일(회원)','F','50대',1,376.83,3.4,14640,131
'2017-03','314',' 국립현대미술관','일일(회원)','F','50대',1,90.29,1.06,4560,37
'2017-03','318',' 광교사거리 남측','일일(회원)','F','50대',2,64.56,0.62,2700,35
'2017-03','321',' KEB 하나은행 본점 앞','일일(회원)','F','50대',1,26.53,0.31,1340,11
'2017-03','322',' 명동성당 앞','일일(회원)','F','50대',2,65.73,0.77,3320,27
'2017-03','116',' 일진아이윌아파트 옆','일일(회원)','F','50대',1,151.35,1.48,6370,86
'2017-03','324',' 신세계백화점 본점 앞','일일(회원)','F','50대',2,32.08,0.38,1620,16
'2017-03','331',' 을지로2가 사거리 북측','일일(회원)','F','50대',2,105.02,0.95,4080,59
'2017-03','335',' 종로3가역 15번출구 앞','일일(회원)','F','50대',1,31.92,0.29,1240,42
'2017-03','337',' 창경궁 입구','일일(회원)','F','50대',1,88.8,0.8,3450,34
'2017-03','339',' 종로4가 사거리','일일(회원)','F','50대',2,135.65,1.22,5270,59
'2017-03','340',' 혜화동 로터리','일일(회원)','F','50대',2,55.59,0.54,2340,26
'2017-03','341',' 혜화역 3번출구 뒤','일일(회원)','F','50대',1,158.82,1.43,6170,70
'2017-03','342',' 대학로 마로니에공원','일일(회원)','F','50대',1,22.81,0.22,960,7
'2017-03','344',' 성균관대 E하우스 앞','일일(회원)','F','50대',2,75.56,0.74,3180,19
'2017-03','347',' 동대문역사문화공원역 9번출구 앞','일일(회원)','F','50대',2,100.38,1.18,5070,34
'2017-03','351',' 청운초교 앞 삼거리','일일(회원)','F','50대',1,41.32,0.52,2220,16
'2017-03','353',' 재동초교 앞 삼거리','일일(회원)','F','50대',2,49.42,0.45,1920,17
'2017-03','117',' 홍은사거리','일일(회원)','F','50대',1,106.87,1.2,5190,48
'2017-03','354',' 포르투갈 대사관 앞','일일(회원)','F','50대',1,51.48,0.46,2000,38
'2017-03','358',' 성대입구 사거리','일일(회원)','F','50대',1,136.11,1.53,6610,57
'2017-03','361',' 동묘앞역 1번출구 뒤','일일(회원)','F','50대',1,63.3,0.69,2960,48
'2017-03','362',' 청계8가 사거리','일일(회원)','F','50대',1,38.87,0.35,1510,88
'2017-03','363',' 신설동역 11번출구 뒤','일일(회원)','F','50대',2,442.78,4.25,18330,207
'2017-03','113',' 홍대입구역 2번출구 앞','일일(회원)','F','50대',4,298.55,3.05,13180,118
'2017-03','369',' 광화문 시민열린마당','일일(회원)','F','50대',1,29.3,0.34,1480,30
'2017-03','377',' 서울역 4번출구 앞','일일(회원)','F','50대',1,19.01,0.22,960,6
'2017-03','380',' CJ제일제당 앞','일일(회원)','F','50대',1,66.41,0.6,2580,34
'2017-03','114',' 홍대입구역 8번출구 앞','일일(회원)','F','50대',1,25.47,0.31,1340,11
'2017-03','144',' 공덕역 8번출구','일일(회원)','F','50대',1,165.45,1.7,7330,69
'2017-03','146',' 마포역 1번출구 뒤','일일(회원)','F','50대',1,110.64,1.18,5080,60
'2017-03','147',' 마포역 4번출구 뒤','일일(회원)','F','50대',4,648.82,6.55,28230,176
'2017-03','150',' 서강대역 2번출구 앞','일일(회원)','F','50대',1,147.67,1.57,6780,52
'2017-03','152',' 마포구민체육센터 앞','일일(회원)','F','50대',8,1125.87,10.14,43740,349
'2017-03','119',' 서강나루 공원','일일(회원)','F','50대',1,55.86,0.5,2170,17
'2017-03','161',' 무악재역1번 출구','일일(회원)','F','50대',1,93.38,0.91,3930,18
'2017-03','164',' 북가좌1동 주민센터 ','일일(회원)','F','50대',4,495.68,5.1,22000,150
'2017-03','165',' 중앙근린공원','일일(회원)','F','50대',1,60.19,0.71,3040,44
'2017-03','166',' 가재울 초등학교','일일(회원)','F','50대',3,373.42,3.52,15190,130
'2017-03','167',' 연가초등학교 옆','일일(회원)','F','50대',1,52.1,0.66,2860,18
'2017-03','168',' 남가좌동 사거리','일일(회원)','F','50대',1,180.42,1.55,6700,69
'2017-03','172',' 서대문소방서','일일(회원)','F','50대',1,56.79,0.55,2390,18
'2017-03','175',' 홍연2교옆','일일(회원)','F','50대',3,538.99,5.2,22380,137
'2017-03','180',' 충정로역 7번출구 뒤','일일(회원)','F','50대',1,6.34,0.07,320,10
'2017-03','519',' 양지사거리','일일(회원)','F','50대',1,275.81,2.31,9950,57
'2017-03','520',' 상왕십리역 4번 출구 앞','일일(회원)','F','50대',2,60.33,0.64,2780,27
'2017-03','521',' 왕십리역 11번 출구 앞','일일(회원)','F','50대',2,195.31,1.82,7850,54
'2017-03','536',' 행당역 2번출구 앞','일일(회원)','F','50대',1,29.12,0.3,1290,14
'2017-03','123',' 문화촌 공원','일일(회원)','F','50대',1,288.18,3.67,15820,148
'2017-03','550',' 서울시설공단 앞','일일(회원)','F','50대',1,0.82,0.01,40,19
'2017-03','540',' 군자역 7번출구 베스트샵 앞','일일(회원)','F','50대',2,335.91,3.02,13050,86
'2017-03','544',' 광남중학교','일일(회원)','F','50대',1,196.97,1.92,8290,53
'2017-03','548',' 자양나들목','일일(회원)','F','50대',1,61.78,0.48,2080,51
'2017-03','549',' 아차산역 3번출구','일일(회원)','F','50대',3,467.79,3.82,16500,126
'2017-03','124',' 서강대 정문 건너편','일일(회원)','F','50대',1,90.19,0.68,2920,16
'2017-03','602',' 장안동 사거리','일일(회원)','F','50대',1,65.64,0.59,2550,65
'2017-03','607',' 신이문역 2번출구','일일(회원)','F','50대',1,258.69,2.33,10050,53
'2017-03','614',' 용두동 사거리','일일(회원)','F','50대',1,72.61,0.89,3820,41
'2017-03','229',' 양평1 보행육교 앞','일일(회원)','F','50대',1,388.16,3.5,15080,88
'2017-03','240',' 문래역 4번출구 앞','일일(회원)','F','50대',1,107.99,1.41,6060,45
'2017-03','241',' 신길우성1차아파트 앞 공원','일일(회원)','F','50대',6,1681.69,15.96,68760,392
'2017-03','242',' 신길선원가와인아파트 앞','일일(회원)','F','50대',1,121.5,1.23,5290,79
'2017-03','245',' 삼성생명 당산사옥 앞','일일(회원)','F','50대',1,86.89,0.96,4140,86
'2017-03','248',' 초원아파트 앞','일일(회원)','F','50대',1,908.72,6.83,29420,94
'2017-03','251',' 서울지방병무청 버스정류장','일일(회원)','F','50대',1,37.07,0.42,1800,60
'2017-03','252',' 보라매역4번출구','일일(회원)','F','50대',1,10.05,0.11,470,7
'2017-03','255',' 도림4거리','일일(회원)','F','50대',2,409.86,4,17250,104
'2017-03','259',' 대방역6번출구','일일(회원)','F','50대',4,637.41,5.7,24590,142
'2017-03','708',' 서울출입국관리사무소 앞','일일(회원)','F','50대',1,63.36,0.74,3200,53
'2017-03','712',' 강월초교입구 사거리','일일(회원)','F','50대',1,155.73,1.4,6050,53
'2017-03','800',' 목월공원 앞','일일(회원)','F','50대',1,57.74,0.56,2430,13
'2017-03','807',' 서울역 12번 출구 앞','일일(회원)','F','50대',4,305.3,3.07,13230,118
'2017-03','131',' 증산2교','일일(회원)','F','50대',1,43.91,0.54,2310,13
'2017-03','181',' 망원초록길 입구','일일(회원)','F','50대',3,589.28,5.69,24530,163
'2017-03','132',' 창천문화공원','일일(회원)','F','50대',1,113.41,0.83,3580,18
'2017-03','182',' 망원2빗물펌프장 앞','일일(회원)','F','50대',5,714.8,6.45,27770,160
'2017-03','186',' 월드컵공원','일일(회원)','F','50대',1,37.44,0.38,1630,28
'2017-03','133',' 해담는다리','일일(회원)','F','50대',2,215.44,1.94,8370,47
'2017-03','194',' 증산교 앞','일일(회원)','F','50대',6,846.9,7.39,31880,231
'2017-03','198',' 충정2교','일일(회원)','F','50대',1,50.05,0.37,1600,55
'2017-03','556',' 달맞이공원','일일(회원)','F','50대',1,96.33,1.06,4590,64
'2017-03','559',' 왕십리역 4번 출구 건너편','일일(회원)','F','50대',2,72.83,0.8,3470,40
'2017-03','560',' 비전교회 앞','일일(회원)','F','50대',1,51.74,0.47,2010,12
'2017-03','563',' 성동세무서 건너편','일일(회원)','F','50대',8,313.95,2.29,9910,104
'2017-03','565',' 옥수역 3번출구','일일(회원)','F','50대',1,59.72,0.54,2320,25
'2017-03','583',' 청계천 생태교실 앞','일일(회원)','F','50대',4,502.39,4.93,21220,189
'2017-03','553',' 중곡 성원APT 앞','일일(회원)','F','50대',2,473.72,5.2,22400,131
'2017-03','137',' NH농협 신촌지점 앞','일일(회원)','F','50대',1,24.95,0.42,1800,51
'2017-03','626',' 군자교 서측 녹지대','일일(회원)','F','50대',1,129.25,1.26,5440,81
'2017-03','102',' 망원역 1번출구 앞','일일(회원)','F','50대',2,210.87,2.09,9010,71
'2017-03','633',' 청량리 기업은행 앞','일일(회원)','F','50대',1,127.41,1.15,4950,50
'2017-03','634',' 외국어대 정문 앞','일일(회원)','F','50대',2,102.88,1.08,4680,82
'2017-03','641',' 용두역 4번출구','일일(회원)','F','50대',1,174.52,1.57,6780,43
'2017-03','643',' 동대문구민체육센터 (육교아래)','일일(회원)','F','50대',1,108.02,1,4330,21
'2017-03','271',' 샛강생태공원방문자센터 앞','일일(회원)','F','50대',4,538.19,5.42,23310,143
'2017-03','819',' 선린인터넷 고등학교','일일(회원)','F','50대',1,514.01,6.02,25960,186
'2017-03','820',' 청파동입구 교차로','일일(회원)','F','50대',1,53.26,0.62,2690,52
'2017-03','822',' 이촌1동 마을공원','일일(회원)','F','50대',1,141.93,1.48,6400,77
'2017-03','825',' 서빙고동 주민센터 앞','일일(회원)','F','50대',1,78.51,0.71,3050,23
'2017-03','199',' 서울 월드컵 경기장','일일(회원)','F','50대',4,360.56,4.08,17570,211
'2017-03','388',' 동성중학교 앞','일일(회원)','F','50대',1,91.74,1,4290,30
'2017-03','902',' 진관동 은빛초등학교','일일(회원)','F','50대',1,181.13,2,8630,119
'2017-03','906',' 연신내역 5번출구150M 아래','일일(회원)','F','50대',1,45.6,0.55,2350,16
'2017-03','907',' CJ 드림시티','일일(회원)','F','50대',7,746.52,7.07,30470,253
'2017-03','201',' 진미파라곤 앞','일일(회원)','F','50대',5,1898.45,19.4,83670,365
'2017-03','913',' 이마트 은평점','일일(회원)','F','50대',3,338.34,3.19,13780,127
'2017-03','914',' 새절역 2번출구','일일(회원)','F','50대',7,1113,11.05,47610,358
'2017-03','916',' 평생학습관 앞','일일(회원)','F','50대',1,152.56,1.33,5750,34
'2017-03','921',' 신도고등학교','일일(회원)','F','50대',2,472.49,5.44,23430,149
'2017-03','202',' 국민일보 앞','일일(회원)','F','50대',1,291.83,3.35,14450,117
'2017-03','923',' 국민은행 연서지점','일일(회원)','F','50대',1,60.79,0.71,3070,21
'2017-03','925',' 불광역 2번출구','일일(회원)','F','50대',2,229.08,2.07,8900,98
'2017-03','926',' 불광역 8번출구','일일(회원)','F','50대',8,959.46,8.92,38400,497
'2017-03','927',' 연신내역 3번출구 인근','일일(회원)','F','50대',1,100.39,0.9,3900,44
'2017-03','933',' LG서비스 역촌점','일일(회원)','F','50대',4,977.7,10.42,44890,200
'2017-03','588',' 뚝섬 유원지역','일일(회원)','F','50대',1,211.58,1.91,8220,45
'2017-03','103',' 망원역 2번출구 앞','일일(회원)','F','50대',2,503.21,4.54,19550,137
'2017-03','209',' 유진투자증권빌딩 앞','일일(회원)','F','50대',1,16.31,0.16,710,8
'2017-03','210',' IFC몰','일일(회원)','F','50대',1,101.18,1.16,5010,48
'2017-03','211',' 여의도역 4번출구 옆','일일(회원)','F','50대',1,204.15,2.49,10740,56
'2017-03','104',' 합정역 1번출구 앞','일일(회원)','F','50대',2,41.7,0.37,1620,52
'2017-03','219',' 롯데캐슬엠파이어 옆','일일(회원)','F','50대',1,147.51,1.73,7450,63
'2017-03','217',' NH농협은행 앞','일일(회원)','F','50대',1,22.05,0.22,960,8
'2017-03','221',' 여의도초교 앞','일일(회원)','F','50대',3,335.6,3.22,13890,79
'2017-03','222',' 시범아파트버스정류장 옆','일일(회원)','F','50대',1,107.34,0.97,4170,25
'2017-03','224',' 롯데캐슬 앞','일일(회원)','F','50대',4,492.2,4.97,21430,187
'2017-03','225',' 앙카라공원 앞','일일(회원)','F','50대',2,168.12,1.7,7320,129
'2017-03','226',' 샛강역 1번출구 앞','일일(회원)','F','50대',1,247.82,2.07,8940,108
'2017-03','207',' 여의나루역 1번출구 앞','일일(회원)','F','50대',5,588.53,5.69,24550,234
'2017-03','106',' 합정역 7번출구 앞','일일(회원)','F','50대',1,67,0.87,3760,32
'2017-03','421',' 마포구청 앞','일일(회원)','F','50대',1,213.64,2.5,10790,60
'2017-03','407',' 마포구 육아종합지원센터','일일(회원)','F','50대',2,202.95,2.02,8730,73
'2017-03','420',' 서울시 공공자전거 상암센터','일일(회원)','F','50대',2,308.03,2.69,11560,69
'2017-03','419',' 홈플러스 앞','일일(회원)','F','50대',8,1137.9,11.12,47940,364
'2017-03','418',' 월드컵경기장역 3번출구 옆','일일(회원)','F','50대',8,1298.68,12.04,51900,416
'2017-03','107',' 신한은행 서교동금융센터점 앞','일일(회원)','F','50대',1,20.67,0.21,900,16
'2017-03','411',' DMC홍보관','일일(회원)','F','50대',1,47.62,0.43,1850,10
'2017-03','416',' 상암월드컵파크 1단지 교차로','일일(회원)','F','50대',1,436.99,4.49,19360,78
'2017-03','500',' 어린이대공원역 3번출구 앞','일일(회원)','F','50대',2,94.47,0.85,3670,29
'2017-03','502',' 뚝섬유원지역 1번출구 앞','일일(회원)','F','50대',4,322.19,2.96,12800,211
'2017-03','326',' 안국역 5번출구 앞','일일(회원)','F','60대',1,75.84,0.62,2660,17
'2017-03','336',' 티마크 호텔 앞','일일(회원)','F','60대',1,41.5,0.3,1310,16
'2017-03','342',' 대학로 마로니에공원','일일(회원)','F','60대',1,15.25,0.18,770,16
'2017-03','347',' 동대문역사문화공원역 9번출구 앞','일일(회원)','F','60대',1,59.97,0.54,2330,19
'2017-03','362',' 청계8가 사거리','일일(회원)','F','60대',1,247.36,2.23,9610,63
'2017-03','369',' 광화문 시민열린마당','일일(회원)','F','60대',2,273.1,2.8,12050,71
'2017-03','374',' 청구역 2번출구 앞','일일(회원)','F','60대',1,234.84,2.46,10590,143
'2017-03','384',' 종로학원본원 ','일일(회원)','F','60대',1,120.26,0.97,4160,18
'2017-03','147',' 마포역 4번출구 뒤','일일(회원)','F','60대',1,40.79,0.48,2060,48
'2017-03','152',' 마포구민체육센터 앞','일일(회원)','F','60대',4,408.13,2.9,12490,98
'2017-03','153',' 성산2교 사거리','일일(회원)','F','60대',1,271.3,2.45,10540,56
'2017-03','180',' 충정로역 7번출구 뒤','일일(회원)','F','60대',1,103.22,0.93,4010,20
'2017-03','125',' 서강대 남문 옆','일일(회원)','F','60대',1,80.16,0.81,3490,23
'2017-03','232',' 양평우림 이비즈센타 앞','일일(회원)','F','60대',4,741.71,8.2,35340,279
'2017-03','237',' 보라매 두산위브 건너편','일일(회원)','F','60대',1,167.98,1.41,6060,61
'2017-03','247',' 당산역 10번출구 앞','일일(회원)','F','60대',1,216.69,1.67,7200,78
'2017-03','248',' 초원아파트 앞','일일(회원)','F','60대',1,86.84,1.18,5100,46
'2017-03','259',' 대방역6번출구','일일(회원)','F','60대',1,123.24,1.15,4940,31
'2017-03','129',' 신촌역(2호선) 6번출구 옆','일일(회원)','F','60대',1,25.49,0.26,1110,7
'2017-03','811',' 녹사평역1번출구','일일(회원)','F','60대',1,121.99,0.98,4220,19
'2017-03','186',' 월드컵공원','일일(회원)','F','60대',1,72.86,0.85,3680,34
'2017-03','133',' 해담는다리','일일(회원)','F','60대',1,87.77,0.79,3410,68
'2017-03','583',' 청계천 생태교실 앞','일일(회원)','F','60대',1,203.86,1.84,7920,45
'2017-03','271',' 샛강생태공원방문자센터 앞','일일(회원)','F','60대',1,49.21,0.67,2890,32
'2017-03','720',' 서울강월초등학교 앞','일일(회원)','F','60대',1,107.16,1.05,4510,41
'2017-03','823',' 효창동주민센터 앞','일일(회원)','F','60대',1,28.31,0.33,1430,49
'2017-03','584',' 광진광장 교통섬','일일(회원)','F','60대',1,181.98,1.64,7070,49
'2017-03','211',' 여의도역 4번출구 옆','일일(회원)','F','60대',1,228.69,1.91,8250,57
'2017-03','221',' 여의도초교 앞','일일(회원)','F','60대',1,42.06,0.57,2470,20
'2017-03','207',' 여의나루역 1번출구 앞','일일(회원)','F','60대',2,282.95,2.89,12440,146
'2017-03','418',' 월드컵경기장역 3번출구 옆','일일(회원)','F','60대',1,76.96,0.69,2990,27
'2017-03','502',' 뚝섬유원지역 1번출구 앞','일일(회원)','F','60대',1,201.25,1.68,7260,45
'2017-03','108',' 서교동 사거리','일일(회원)','F','70대~',1,123.74,1.15,4960,35
'2017-03','503',' 더샵스타시티 C동 앞','일일(회원)','F','70대~',1,23.51,0.25,1060,11
'2017-03','505',' 자양사거리 광진아크로텔 앞','일일(회원)','F','70대~',2,66.7,0.73,3170,25
'2017-03','506',' 금호 어울림 아파트 앞','일일(회원)','F','70대~',1,170.83,1.67,7190,54
'2017-03','507',' 성수아이에스비즈타워 앞','일일(회원)','F','70대~',1,85.54,0.84,3600,26
'2017-03','508',' 성수아카데미타워 앞','일일(회원)','F','70대~',1,62.09,0.45,1960,20
'2017-03','509',' 이마트 버스정류소 옆','일일(회원)','F','70대~',1,119.95,1.08,4660,55
'2017-03','511',' 서울숲역 4번 출구 옆','일일(회원)','F','70대~',3,439.61,5.14,22190,234
'2017-03','109',' 제일빌딩 앞','일일(회원)','F','70대~',1,86.23,0.78,3350,16
'2017-03','514',' 성수사거리 버스정류장 앞','일일(회원)','F','70대~',1,171.64,1.17,5040,37
'2017-03','516',' 광진메디칼 앞','일일(회원)','F','70대~',1,22.18,0.26,1120,6
'2017-03','302',' 경복궁역 4번출구 뒤','일일(회원)','F','70대~',2,162.36,1.74,7490,52
'2017-03','303',' 광화문역 1번출구 앞','일일(회원)','F','70대~',1,27.56,0.34,1450,14
'2017-03','115',' 사루비아 빌딩 앞','일일(회원)','F','70대~',1,41.38,0.44,1900,16
'2017-03','307',' 서울역사박물관 앞','일일(회원)','F','70대~',2,78.39,0.76,3270,29
'2017-03','309',' 광화문역 6번출구 옆','일일(회원)','F','70대~',1,56.63,0.51,2200,28
'2017-03','311',' 서울광장 옆','일일(회원)','F','70대~',2,48.96,0.44,1900,24
'2017-03','312',' 시청역 1번출구 뒤','일일(회원)','F','70대~',1,68.72,0.6,2590,29
'2017-03','110',' 사천교','일일(회원)','F','70대~',1,0,0,0,36
'2017-03','314',' 국립현대미술관','일일(회원)','F','70대~',6,592.16,5.51,23740,186
'2017-03','315',' 신한은행 안국역지점 옆','일일(회원)','F','70대~',1,94.98,0.86,3690,46
'2017-03','316',' 종각역 1번출구 앞','일일(회원)','F','70대~',2,134.5,1.33,5730,91
'2017-03','322',' 명동성당 앞','일일(회원)','F','70대~',3,222.83,2.07,8940,65
'2017-03','116',' 일진아이윌아파트 옆','일일(회원)','F','70대~',3,184.75,1.68,7210,104
'2017-03','324',' 신세계백화점 본점 앞','일일(회원)','F','70대~',1,30.61,0.3,1310,15
'2017-03','328',' 탑골공원 앞','일일(회원)','F','70대~',1,0,0,0,60
'2017-03','329',' 청계2가 사거리 옆','일일(회원)','F','70대~',1,54.36,0.61,2640,116
'2017-03','330',' 청계천 한빛광장','일일(회원)','F','70대~',1,52.71,0.56,2420,24
'2017-03','111',' 상수역 2번출구 앞','일일(회원)','F','70대~',2,402.93,3.75,16130,105
'2017-03','336',' 티마크 호텔 앞','일일(회원)','F','70대~',1,54.4,0.56,2410,19
'2017-03','338',' 세운스퀘어 앞','일일(회원)','F','70대~',1,52.25,0.47,2030,21
'2017-03','339',' 종로4가 사거리','일일(회원)','F','70대~',2,150.68,1.68,7210,70
'2017-03','341',' 혜화역 3번출구 뒤','일일(회원)','F','70대~',1,73.16,0.69,2980,54
'2017-03','342',' 대학로 마로니에공원','일일(회원)','F','70대~',2,131.74,1.29,5580,36
'2017-03','112',' 극동방송국 앞','일일(회원)','F','70대~',1,66.92,0.6,2600,19
'2017-03','346',' 맥스타일 앞','일일(회원)','F','70대~',2,420.65,3.67,15810,97
'2017-03','347',' 동대문역사문화공원역 9번출구 앞','일일(회원)','F','70대~',1,324.07,2.92,12590,76
'2017-03','349',' 사직동주민센터','일일(회원)','F','70대~',2,227.16,2.37,10220,84
'2017-03','351',' 청운초교 앞 삼거리','일일(회원)','F','70대~',1,25.7,0.27,1180,5
'2017-03','117',' 홍은사거리','일일(회원)','F','70대~',3,318.41,2.87,12370,120
'2017-03','354',' 포르투갈 대사관 앞','일일(회원)','F','70대~',4,376.61,3.76,16200,212
'2017-03','356',' KT혜화지사 앞','일일(회원)','F','70대~',1,206.69,2.2,9490,44
'2017-03','358',' 성대입구 사거리','일일(회원)','F','70대~',3,279.82,3.08,13280,111
'2017-03','361',' 동묘앞역 1번출구 뒤','일일(회원)','F','70대~',1,89.52,0.95,4110,38
'2017-03','362',' 청계8가 사거리','일일(회원)','F','70대~',2,36.34,0.31,1330,21
'2017-03','371',' 동대입구역 6번출구 뒤','일일(회원)','F','70대~',2,313.41,3.2,13810,102
'2017-03','372',' 약수역 3번출구 뒤','일일(회원)','F','70대~',1,78.41,0.77,3300,21
'2017-03','118',' 광흥창역 2번출구 앞','일일(회원)','F','70대~',1,136.16,1.23,5290,37
'2017-03','375',' 다산 어린이공원','일일(회원)','F','70대~',1,37.52,0.48,2060,38
'2017-03','378',' 청계7가 사거리','일일(회원)','F','70대~',2,272.78,2.58,11110,72
'2017-03','380',' CJ제일제당 앞','일일(회원)','F','70대~',1,0.65,0.01,30,2
'2017-03','382',' 약수역 10번출구 앞','일일(회원)','F','70대~',1,90.97,0.93,4030,31
'2017-03','114',' 홍대입구역 8번출구 앞','일일(회원)','F','70대~',2,476.19,4.18,17990,125
'2017-03','143',' 공덕역 2번출구','일일(회원)','F','70대~',1,31.36,0.33,1440,8
'2017-03','144',' 공덕역 8번출구','일일(회원)','F','70대~',1,133.1,1.28,5510,44
'2017-03','146',' 마포역 1번출구 뒤','일일(회원)','F','70대~',2,387.13,3.49,15040,63
'2017-03','147',' 마포역 4번출구 뒤','일일(회원)','F','70대~',3,117.92,1.12,4810,32
'2017-03','150',' 서강대역 2번출구 앞','일일(회원)','F','70대~',3,330.3,3.14,13520,140
'2017-03','151',' 망원1동주민센터','일일(회원)','F','70대~',1,97.61,0.99,4250,49
'2017-03','152',' 마포구민체육센터 앞','일일(회원)','F','70대~',7,1669.09,14.99,64660,342
'2017-03','153',' 성산2교 사거리','일일(회원)','F','70대~',1,120.46,1.09,4680,46
'2017-03','155',' 가좌역1 번출구 뒤','일일(회원)','F','70대~',1,135.69,1.45,6230,47
'2017-03','157',' 애오개역 4번출구 앞','일일(회원)','F','70대~',1,84.52,1.08,4640,36
'2017-03','159',' 이대역 4번 출구','일일(회원)','F','70대~',2,38.62,0.49,2120,66
'2017-03','162',' 봉원고가차도 밑','일일(회원)','F','70대~',1,62.01,0.81,3480,42
'2017-03','120',' 신수동 사거리','일일(회원)','F','70대~',2,108.65,1.24,5380,35
'2017-03','164',' 북가좌1동 주민센터 ','일일(회원)','F','70대~',1,45.18,0.43,1840,27
'2017-03','169',' 북가좌 삼거리','일일(회원)','F','70대~',1,132.66,1.55,6700,83
'2017-03','170',' 가재울 뉴타운 주유소 옆','일일(회원)','F','70대~',1,74.13,0.84,3600,19
'2017-03','171',' 임광빌딩 앞','일일(회원)','F','70대~',1,63.08,0.63,2700,32
'2017-03','180',' 충정로역 7번출구 뒤','일일(회원)','F','70대~',2,65.53,0.61,2620,17
'2017-03','520',' 상왕십리역 4번 출구 앞','일일(회원)','F','70대~',1,166.54,1.5,6470,49
'2017-03','521',' 왕십리역 11번 출구 앞','일일(회원)','F','70대~',1,239.14,2.55,10980,119
'2017-03','122',' 신성기사식당 앞','일일(회원)','F','70대~',1,39.9,0.36,1550,15
'2017-03','525',' 한양대병원사거리','일일(회원)','F','70대~',3,723.78,7.44,32040,220
'2017-03','533',' 우리은행 금호동 지점 앞','일일(회원)','F','70대~',1,64.58,0.7,3020,21
'2017-03','537',' 한양대후문역 부근','일일(회원)','F','70대~',1,265.05,2.68,11540,57
'2017-03','540',' 군자역 7번출구 베스트샵 앞','일일(회원)','F','70대~',3,399.4,4.7,20270,192
'2017-03','124',' 서강대 정문 건너편','일일(회원)','F','70대~',2,383.4,4.14,17850,112
'2017-03','600',' 휘경2동 주민센터','일일(회원)','F','70대~',1,224.16,2.12,9130,34
'2017-03','602',' 장안동 사거리','일일(회원)','F','70대~',2,373.49,3.37,14510,187
'2017-03','607',' 신이문역 2번출구','일일(회원)','F','70대~',3,490.6,5.31,22890,173
'2017-03','125',' 서강대 남문 옆','일일(회원)','F','70대~',2,213.16,2.37,10210,110
'2017-03','613',' 신설동역 10번출구 앞','일일(회원)','F','70대~',1,96.74,1.11,4790,67
'2017-03','228',' 선유도역 3번출구 앞','일일(회원)','F','70대~',6,690.91,6.98,30050,252
'2017-03','229',' 양평1 보행육교 앞','일일(회원)','F','70대~',4,395.84,4.04,17450,213
'2017-03','126',' 서강대 후문 옆','일일(회원)','F','70대~',1,57.92,0.52,2250,14
'2017-03','232',' 양평우림 이비즈센타 앞','일일(회원)','F','70대~',3,132.09,1.2,5190,105
'2017-03','241',' 신길우성1차아파트 앞 공원','일일(회원)','F','70대~',1,149.45,1.46,6290,43
'2017-03','242',' 신길선원가와인아파트 앞','일일(회원)','F','70대~',1,65.7,0.55,2370,9
'2017-03','245',' 삼성생명 당산사옥 앞','일일(회원)','F','70대~',1,15.7,0.14,610,4
'2017-03','247',' 당산역 10번출구 앞','일일(회원)','F','70대~',2,395,3.36,14490,85
'2017-03','249',' 여의도중학교 옆','일일(회원)','F','70대~',1,40.87,0.4,1720,14
'2017-03','101',' (구)합정동 주민센터','일일(회원)','F','70대~',1,91.59,0.91,3920,18
'2017-03','128',' 신촌역(2호선) 1번출구 옆','일일(회원)','F','70대~',2,236.78,2.43,10440,73
'2017-03','252',' 보라매역4번출구','일일(회원)','F','70대~',1,214.41,1.93,8330,55
'2017-03','253',' 신풍역 5번출구 인근','일일(회원)','F','70대~',1,67.26,0.69,2980,18
'2017-03','255',' 도림4거리','일일(회원)','F','70대~',2,635.37,6.26,26970,120
'2017-03','256',' 동아에코빌입구','일일(회원)','F','70대~',2,1041.68,10.01,43130,282
'2017-03','259',' 대방역6번출구','일일(회원)','F','70대~',1,110.94,1,4310,24
'2017-03','704',' 남부법원검찰청 교차로','일일(회원)','F','70대~',1,166.02,1.5,6450,57
'2017-03','707',' 신정3동주민센터','일일(회원)','F','70대~',2,114.44,1.17,5030,45
'2017-03','708',' 서울출입국관리사무소 앞','일일(회원)','F','70대~',1,134.48,1.31,5660,63
'2017-03','800',' 목월공원 앞','일일(회원)','F','70대~',2,391.13,3.56,15340,84
'2017-03','803',' 한남초교 앞 보도육교','일일(회원)','F','70대~',2,364.08,3.55,15320,116
'2017-03','805',' 문배어린이공원 앞','일일(회원)','F','70대~',1,22.77,0.27,1150,5
'2017-03','807',' 서울역 12번 출구 앞','일일(회원)','F','70대~',1,21.19,0.25,1070,6
'2017-03','809',' 한남 유수지 복개주차장','일일(회원)','F','70대~',4,451.05,5.21,22450,245
'2017-03','810',' 이태원지하보도','일일(회원)','F','70대~',2,179.57,1.92,8270,51
'2017-03','811',' 녹사평역1번출구','일일(회원)','F','70대~',1,67.95,0.61,2640,15
'2017-03','385',' 종각역 5번출구','일일(회원)','F','70대~',1,26.03,0.25,1060,8
'2017-03','386',' 올림픽기념 국민생활관 앞','일일(회원)','F','70대~',1,21.38,0.25,1080,9
'2017-03','132',' 창천문화공원','일일(회원)','F','70대~',2,167.78,2.1,9030,75
'2017-03','182',' 망원2빗물펌프장 앞','일일(회원)','F','70대~',1,81.68,0.87,3750,27
'2017-03','183',' 하늘채코오롱아파트 건너편','일일(회원)','F','70대~',1,29.49,0.35,1520,9
'2017-03','185',' 마포 신수공원 앞','일일(회원)','F','70대~',3,199.72,2.11,9110,74
'2017-03','186',' 월드컵공원','일일(회원)','F','70대~',3,263.33,2.49,10740,86
'2017-03','191',' 정명학원','일일(회원)','F','70대~',1,19.96,0.17,720,9
'2017-03','133',' 해담는다리','일일(회원)','F','70대~',2,324.61,3.12,13450,64
'2017-03','195',' 모래내고가차도 ','일일(회원)','F','70대~',1,61.09,0.62,2660,16
'2017-03','198',' 충정2교','일일(회원)','F','70대~',4,771.8,7.54,32540,286
'2017-03','556',' 달맞이공원','일일(회원)','F','70대~',1,366.38,3.58,15420,59
'2017-03','557',' 도선동 주민센터 앞','일일(회원)','F','70대~',1,97.02,1.14,4900,52
'2017-03','559',' 왕십리역 4번 출구 건너편','일일(회원)','F','70대~',1,318.44,3.01,12970,43
'2017-03','560',' 비전교회 앞','일일(회원)','F','70대~',1,58.28,0.66,2830,17
'2017-03','562',' 군자지하보도 앞','일일(회원)','F','70대~',2,119.17,1.25,5410,31
'2017-03','563',' 성동세무서 건너편','일일(회원)','F','70대~',3,153.82,1.65,7110,87
'2017-03','565',' 옥수역 3번출구','일일(회원)','F','70대~',2,427.48,4.41,19010,104
'2017-03','567',' 성수역 2번출구 앞','일일(회원)','F','70대~',1,48.13,0.43,1870,14
'2017-03','568',' 청계8가사거리 부근','일일(회원)','F','70대~',2,141.06,1.27,5480,35
'2017-03','579',' 마장역 4번출구','일일(회원)','F','70대~',2,81.4,0.75,3250,25
'2017-03','583',' 청계천 생태교실 앞','일일(회원)','F','70대~',1,239.78,2.01,8650,81
'2017-03','571',' 어린이대공원역6번출구','일일(회원)','F','70대~',2,323.24,3.37,14510,98
'2017-03','572',' 국립정신 건강센터 앞','일일(회원)','F','70대~',1,117.89,1.06,4580,33
'2017-03','574',' 아차산역4번출구','일일(회원)','F','70대~',2,367.79,3.39,14610,81
'2017-03','576',' 광나루역 3번 출구','일일(회원)','F','70대~',3,466.35,4.51,19420,146
'2017-03','577',' 광진청소년수련관','일일(회원)','F','70대~',1,149.29,1.35,5800,57
'2017-03','624',' 전농동 동아아파트 앞','일일(회원)','F','70대~',1,92.66,0.84,3600,39
'2017-03','102',' 망원역 1번출구 앞','일일(회원)','F','70대~',1,193.31,1.74,7510,62
'2017-03','634',' 외국어대 정문 앞','일일(회원)','F','70대~',2,322.24,3.09,13340,136
'2017-03','641',' 용두역 4번출구','일일(회원)','F','70대~',1,113.65,0.95,4100,32
'2017-03','643',' 동대문구민체육센터 (육교아래)','일일(회원)','F','70대~',2,287.13,2.52,10860,79
'2017-03','230',' 영등포구청역 1번출구','일일(회원)','F','70대~',2,219.47,2.34,10080,76
'2017-03','260',' 여의도 마리나선착장 앞','일일(회원)','F','70대~',2,262.84,2.67,11480,70
'2017-03','272',' 당산육갑문','일일(회원)','F','70대~',3,279.62,2.62,11270,86
'2017-03','816',' 신용산역 6번출구 앞','일일(회원)','F','70대~',2,224.15,1.79,7700,40
'2017-03','817',' 삼각지역 4번출구 앞','일일(회원)','F','70대~',1,162.7,1.73,7470,61
'2017-03','818',' 숙명여대 입구 교차로','일일(회원)','F','70대~',2,200.11,2.26,9760,65
'2017-03','820',' 청파동입구 교차로','일일(회원)','F','70대~',1,123.04,1.11,4780,44
'2017-03','823',' 효창동주민센터 앞','일일(회원)','F','70대~',1,31.82,0.38,1640,14
'2017-03','825',' 서빙고동 주민센터 앞','일일(회원)','F','70대~',1,242,2.25,9700,46
'2017-03','388',' 동성중학교 앞','일일(회원)','F','70대~',2,326.11,3.24,13960,113
'2017-03','584',' 광진광장 교통섬','일일(회원)','F','70대~',1,102.28,1.36,5870,42
'2017-03','900',' 은평예술회관','일일(회원)','F','70대~',1,178.74,1.87,8060,41
'2017-03','901',' 응암1동사무소','일일(회원)','F','70대~',2,77.29,0.77,3340,31
'2017-03','906',' 연신내역 5번출구150M 아래','일일(회원)','F','70대~',3,203.89,1.67,7250,49
'2017-03','907',' CJ 드림시티','일일(회원)','F','70대~',3,391.61,3.7,15940,81
'2017-03','908',' 구산역 4번출구','일일(회원)','F','70대~',4,346.86,3.36,14450,99
'2017-03','911',' 은평평화공원(역촌역4번출구)','일일(회원)','F','70대~',1,205.39,2.19,9430,56
'2017-03','912',' 응암오거리','일일(회원)','F','70대~',1,55.2,0.61,2630,18
'2017-03','913',' 이마트 은평점','일일(회원)','F','70대~',1,112.86,1.32,5700,34
'2017-03','914',' 새절역 2번출구','일일(회원)','F','70대~',2,217.87,2.06,8840,48
'2017-03','915',' 증산역 4번출구','일일(회원)','F','70대~',1,68.98,0.62,2680,15
'2017-03','916',' 평생학습관 앞','일일(회원)','F','70대~',1,34.75,0.31,1350,12
'2017-03','202',' 국민일보 앞','일일(회원)','F','70대~',2,227.96,2.32,10010,86
'2017-03','923',' 국민은행 연서지점','일일(회원)','F','70대~',1,41.96,0.38,1630,12
'2017-03','924',' 메뚜기다리','일일(회원)','F','70대~',1,16.43,0.19,830,8
'2017-03','925',' 불광역 2번출구','일일(회원)','F','70대~',1,55.08,0.5,2140,18
'2017-03','926',' 불광역 8번출구','일일(회원)','F','70대~',3,185.49,1.81,7820,44
'2017-03','931',' 역촌파출소','일일(회원)','F','70대~',4,224.02,1.74,7480,66
'2017-03','932',' 예일여중','일일(회원)','F','70대~',2,144.73,1.77,7640,46
'2017-03','933',' LG서비스 역촌점','일일(회원)','F','70대~',1,297.08,3.16,13640,74
'2017-03','588',' 뚝섬 유원지역','일일(회원)','F','70대~',1,295.5,2.66,11480,70
'2017-03','103',' 망원역 2번출구 앞','일일(회원)','F','70대~',4,346.4,3.45,14870,109
'2017-03','204',' 국회의사당역 5번출구 옆','일일(회원)','F','70대~',3,211.48,2.11,9150,108
'2017-03','203',' 국회의사당역 3번출구 옆','일일(회원)','F','70대~',2,135.97,1.49,6440,42
'2017-03','205',' 산업은행 앞','일일(회원)','F','70대~',1,68.39,0.73,3140,41
'2017-03','206',' KBS 앞','일일(회원)','F','70대~',1,115.12,1.18,5100,52
'2017-03','211',' 여의도역 4번출구 옆','일일(회원)','F','70대~',4,290.1,3.34,14380,96
'2017-03','212',' 여의도역 1번출구 옆','일일(회원)','F','70대~',2,397.56,4.74,20430,143
'2017-03','213',' KT앞','일일(회원)','F','70대~',1,105.19,1.08,4660,30
'2017-03','104',' 합정역 1번출구 앞','일일(회원)','F','70대~',3,406.58,3.87,16700,163
'2017-03','218',' 증권거래소 앞','일일(회원)','F','70대~',1,496.27,4.47,19280,84
'2017-03','220',' 미성아파트 A동 앞','일일(회원)','F','70대~',1,70.98,0.55,2390,15
'2017-03','215',' 여의도고교 앞','일일(회원)','F','70대~',1,141.06,1.59,6850,35
'2017-03','217',' NH농협은행 앞','일일(회원)','F','70대~',1,90.06,0.93,3990,27
'2017-03','221',' 여의도초교 앞','일일(회원)','F','70대~',2,141.35,1.5,6490,101
'2017-03','226',' 샛강역 1번출구 앞','일일(회원)','F','70대~',1,139.59,1.64,7050,45
'2017-03','207',' 여의나루역 1번출구 앞','일일(회원)','F','70대~',23,2792.4,28.73,123790,1126
'2017-03','402',' 상암월드컵파크 9단지 앞','일일(회원)','F','70대~',1,26.93,0.32,1360,12
'2017-03','403',' 부엉이공원 앞','일일(회원)','F','70대~',1,139,1.25,5400,47
'2017-03','106',' 합정역 7번출구 앞','일일(회원)','F','70대~',3,511.31,4.04,17380,115
'2017-03','421',' 마포구청 앞','일일(회원)','F','70대~',1,167.33,2.18,9390,44
'2017-03','408',' LG CNS앞','일일(회원)','F','70대~',1,72.29,0.76,3260,15
'2017-03','409',' 누리꿈스퀘어 옆','일일(회원)','F','70대~',4,240.81,2.28,9840,102
'2017-03','419',' 홈플러스 앞','일일(회원)','F','70대~',2,431.8,4.16,17930,88
'2017-03','418',' 월드컵경기장역 3번출구 옆','일일(회원)','F','70대~',3,535.92,5.58,24050,187
'2017-03','412',' DMC산학협력연구센터 앞','일일(회원)','F','70대~',2,265.88,2.67,11500,131
'2017-03','413',' 상암월드컵파크 3단지 후문','일일(회원)','F','70대~',1,237.06,2.48,10690,70
'2017-03','417',' DMC역 2번출구 옆','일일(회원)','F','70대~',1,31.92,0.29,1240,6
'2017-03','416',' 상암월드컵파크 1단지 교차로','일일(회원)','F','70대~',1,100.13,0.9,3890,22
'2017-03','501',' 광진구의회 앞','일일(회원)','F','70대~',2,152.13,1.37,5910,58
'2017-03','502',' 뚝섬유원지역 1번출구 앞','일일(회원)','F','70대~',9,895.29,8.78,37840,282
'2017-03','503',' 더샵스타시티 C동 앞','일일(회원)','M','~10대',2,174.6,1.4,6040,38
'2017-03','504',' 신자초교입구교차로','일일(회원)','M','~10대',1,150.25,1.44,6220,61
'2017-03','505',' 자양사거리 광진아크로텔 앞','일일(회원)','M','~10대',1,201.25,1.97,8470,51
'2017-03','508',' 성수아카데미타워 앞','일일(회원)','M','~10대',1,153.49,1.32,5700,44
'2017-03','509',' 이마트 버스정류소 옆','일일(회원)','M','~10대',5,340.7,2.82,12150,155
'2017-03','511',' 서울숲역 4번 출구 옆','일일(회원)','M','~10대',5,296.32,2.36,10150,205
'2017-03','512',' 뚝섬역 1번 출구 옆','일일(회원)','M','~10대',3,149.18,1.28,5500,40
'2017-03','400',' 상암한화오벨리스크 1차 앞','일일(회원)','M','~10대',1,55.54,0.59,2550,10
'2017-03','513',' 뚝섬역 5번 출구 정류소 옆','일일(회원)','M','~10대',1,247.9,1.45,6260,41
'2017-03','302',' 경복궁역 4번출구 뒤','일일(회원)','M','~10대',1,36.81,0.33,1430,7
'2017-03','115',' 사루비아 빌딩 앞','일일(회원)','M','~10대',1,333.85,3.01,12970,116
'2017-03','304',' 광화문역 2번출구 앞','일일(회원)','M','~10대',3,123.35,1.1,4730,30
'2017-03','305',' 종로구청 옆','일일(회원)','M','~10대',1,27.03,0.24,1050,12
'2017-03','306',' 광화문역 7번출구 앞','일일(회원)','M','~10대',1,58.94,0.53,2290,15
'2017-03','307',' 서울역사박물관 앞','일일(회원)','M','~10대',2,158.56,1.35,5850,48
'2017-03','308',' 광화문 S타워 앞','일일(회원)','M','~10대',1,632.61,0.49,2130,15
'2017-03','311',' 서울광장 옆','일일(회원)','M','~10대',1,130.17,0.8,3460,48
'2017-03','313',' 서울역 광장 파출소 옆','일일(회원)','M','~10대',2,123.91,1.04,4470,42
'2017-03','110',' 사천교','일일(회원)','M','~10대',2,226.52,2.05,8830,47
'2017-03','315',' 신한은행 안국역지점 옆','일일(회원)','M','~10대',2,373.94,3.15,13580,154
'2017-03','316',' 종각역 1번출구 앞','일일(회원)','M','~10대',2,114.03,1.03,4430,95
'2017-03','318',' 광교사거리 남측','일일(회원)','M','~10대',2,24.46,0.22,950,13
'2017-03','322',' 명동성당 앞','일일(회원)','M','~10대',2,334.76,2.74,11810,109
'2017-03','328',' 탑골공원 앞','일일(회원)','M','~10대',1,13.32,0.13,570,9
'2017-03','329',' 청계2가 사거리 옆','일일(회원)','M','~10대',1,39.09,0.33,1410,15
'2017-03','111',' 상수역 2번출구 앞','일일(회원)','M','~10대',1,188.16,1.7,7310,54
'2017-03','334',' 종로3가역 2번출구 뒤','일일(회원)','M','~10대',2,107.41,0.9,3860,32
'2017-03','338',' 세운스퀘어 앞','일일(회원)','M','~10대',1,55.34,0.5,2150,14
'2017-03','339',' 종로4가 사거리','일일(회원)','M','~10대',2,134.28,0.97,4160,100
'2017-03','342',' 대학로 마로니에공원','일일(회원)','M','~10대',2,141.57,1.28,5500,33
'2017-03','112',' 극동방송국 앞','일일(회원)','M','~10대',4,619.12,4.24,18270,112
'2017-03','344',' 성균관대 E하우스 앞','일일(회원)','M','~10대',2,70.85,0.65,2840,24
'2017-03','346',' 맥스타일 앞','일일(회원)','M','~10대',6,605.05,5.46,23490,199
'2017-03','347',' 동대문역사문화공원역 9번출구 앞','일일(회원)','M','~10대',4,320.55,2.89,12490,150
'2017-03','349',' 사직동주민센터','일일(회원)','M','~10대',2,50.19,0.45,1950,13
'2017-03','351',' 청운초교 앞 삼거리','일일(회원)','M','~10대',1,74.57,0.62,2690,19
'2017-03','354',' 포르투갈 대사관 앞','일일(회원)','M','~10대',1,100.9,0.91,3920,26
'2017-03','355',' 서울사대부속초교 앞','일일(회원)','M','~10대',2,137.22,1.28,5500,54
'2017-03','358',' 성대입구 사거리','일일(회원)','M','~10대',2,109.2,1.05,4550,30
'2017-03','359',' 원남동사거리','일일(회원)','M','~10대',6,720.25,6.7,28870,206
'2017-03','361',' 동묘앞역 1번출구 뒤','일일(회원)','M','~10대',2,811.45,0.79,3410,25
'2017-03','363',' 신설동역 11번출구 뒤','일일(회원)','M','~10대',2,307.36,2.15,9280,64
'2017-03','364',' 창신역 1번출구 앞','일일(회원)','M','~10대',6,219.96,2.01,8680,59
'2017-03','113',' 홍대입구역 2번출구 앞','일일(회원)','M','~10대',5,508.13,4.44,19190,140
'2017-03','369',' 광화문 시민열린마당','일일(회원)','M','~10대',1,153.41,1.38,5960,48
'2017-03','370',' 시청역(2호선) 9번출구 뒤','일일(회원)','M','~10대',1,2426.49,1.9,8170,67
'2017-03','371',' 동대입구역 6번출구 뒤','일일(회원)','M','~10대',1,128.92,0.89,3830,20
'2017-03','377',' 서울역 4번출구 앞','일일(회원)','M','~10대',1,73.62,0.66,2860,33
'2017-03','378',' 청계7가 사거리','일일(회원)','M','~10대',1,46.11,0.32,1370,8
'2017-03','379',' 서울역9번출구','일일(회원)','M','~10대',2,361.62,3.16,13630,109
'2017-03','114',' 홍대입구역 8번출구 앞','일일(회원)','M','~10대',1,49.06,0.41,1770,8
'2017-03','146',' 마포역 1번출구 뒤','일일(회원)','M','~10대',1,523.04,3.83,16510,100
'2017-03','148',' 용강동 주민센터 앞','일일(회원)','M','~10대',1,423.15,3.49,15050,234
'2017-03','152',' 마포구민체육센터 앞','일일(회원)','M','~10대',3,825.56,7.64,32950,206
'2017-03','119',' 서강나루 공원','일일(회원)','M','~10대',2,302.46,2.68,11550,58
'2017-03','154',' 마포구청역 ','일일(회원)','M','~10대',1,119.99,0.94,4040,55
'2017-03','159',' 이대역 4번 출구','일일(회원)','M','~10대',2,294.19,2.7,11640,77
'2017-03','163',' 명지전문대학교 정문 앞','일일(회원)','M','~10대',3,552.35,4.63,19950,133
'2017-03','164',' 북가좌1동 주민센터 ','일일(회원)','M','~10대',1,397.43,3.58,15440,119
'2017-03','165',' 중앙근린공원','일일(회원)','M','~10대',1,119.02,1.34,5780,39
'2017-03','166',' 가재울 초등학교','일일(회원)','M','~10대',1,293.18,2.64,11390,50
'2017-03','169',' 북가좌 삼거리','일일(회원)','M','~10대',1,19.68,0.16,710,7
'2017-03','175',' 홍연2교옆','일일(회원)','M','~10대',2,198.71,1.39,5990,42
'2017-03','179',' 가좌역 4번출구 앞','일일(회원)','M','~10대',1,150.29,1.38,5930,36
'2017-03','525',' 한양대병원사거리','일일(회원)','M','~10대',4,534.05,4.83,20820,202
'2017-03','536',' 행당역 2번출구 앞','일일(회원)','M','~10대',1,110.28,1.1,4720,30
'2017-03','537',' 한양대후문역 부근','일일(회원)','M','~10대',1,205.66,1.85,7990,51
'2017-03','123',' 문화촌 공원','일일(회원)','M','~10대',1,148.9,0.87,3760,17
'2017-03','550',' 서울시설공단 앞','일일(회원)','M','~10대',1,125.45,0.92,3960,37
'2017-03','542',' 강변역 4번출구 뒤','일일(회원)','M','~10대',5,111.72,0.93,4030,21
'2017-03','543',' 구의공원(테크노마트 앞)','일일(회원)','M','~10대',4,263.65,2.29,9860,107
'2017-03','544',' 광남중학교','일일(회원)','M','~10대',2,267.12,1.99,8570,76
'2017-03','546',' 잠실대교북단 교차로','일일(회원)','M','~10대',1,37.84,0.34,1470,11
'2017-03','549',' 아차산역 3번출구','일일(회원)','M','~10대',1,336.78,2.7,11650,57
'2017-03','600',' 휘경2동 주민센터','일일(회원)','M','~10대',1,0,0,0,6
'2017-03','602',' 장안동 사거리','일일(회원)','M','~10대',1,82.27,0.49,2120,12
'2017-03','604',' 답십리초등학교 옆 공원','일일(회원)','M','~10대',2,283.41,1.98,8520,75
'2017-03','125',' 서강대 남문 옆','일일(회원)','M','~10대',4,215.77,2.1,9080,70
'2017-03','613',' 신설동역 10번출구 앞','일일(회원)','M','~10대',2,25.35,0.15,660,21
'2017-03','614',' 용두동 사거리','일일(회원)','M','~10대',2,498.96,3.58,15460,76
'2017-03','617',' 청솔우성아파트 앞','일일(회원)','M','~10대',2,106.63,0.87,3740,29
'2017-03','227',' 양평2나들목 보행통로 입구','일일(회원)','M','~10대',1,162.28,1.58,6830,43
'2017-03','126',' 서강대 후문 옆','일일(회원)','M','~10대',1,238.31,2.05,8850,55
'2017-03','239',' 유스호스텔 앞','일일(회원)','M','~10대',1,118.36,1.14,4900,26
'2017-03','244',' 영등포삼환아파트 앞','일일(회원)','M','~10대',3,205.23,1.61,6910,33
'2017-03','245',' 삼성생명 당산사옥 앞','일일(회원)','M','~10대',1,42.99,0.39,1670,8
'2017-03','247',' 당산역 10번출구 앞','일일(회원)','M','~10대',2,311.68,3.06,13190,100
'2017-03','248',' 초원아파트 앞','일일(회원)','M','~10대',1,75.12,0.63,2710,25
'2017-03','249',' 여의도중학교 옆','일일(회원)','M','~10대',6,1220.65,8.52,36700,285
'2017-03','250',' 대림아파트 사거리','일일(회원)','M','~10대',1,357.67,2.62,11290,87
'2017-03','128',' 신촌역(2호선) 1번출구 옆','일일(회원)','M','~10대',3,239.66,2.17,9370,98
'2017-03','252',' 보라매역4번출구','일일(회원)','M','~10대',1,222.96,1.81,7820,60
'2017-03','259',' 대방역6번출구','일일(회원)','M','~10대',2,81.72,0.62,2680,19
'2017-03','700',' KB국민은행 염창역 지점 앞','일일(회원)','M','~10대',1,556.5,5.02,21620,106
'2017-03','129',' 신촌역(2호선) 6번출구 옆','일일(회원)','M','~10대',6,179.15,1.3,5640,57
'2017-03','702',' 목4동주민센터 옆','일일(회원)','M','~10대',1,21.38,0.14,600,7
'2017-03','703',' 오목교역 7번출구 앞','일일(회원)','M','~10대',1,36.81,0.39,1690,7
'2017-03','704',' 남부법원검찰청 교차로','일일(회원)','M','~10대',2,546.88,3.21,13810,134
'2017-03','713',' 양서중학교 옆','일일(회원)','M','~10대',1,100.65,0.82,3530,33
'2017-03','800',' 목월공원 앞','일일(회원)','M','~10대',2,241.72,2.02,8720,68
'2017-03','802',' 한강진역 2번 출구 앞','일일(회원)','M','~10대',1,75.44,0.88,3810,32
'2017-03','803',' 한남초교 앞 보도육교','일일(회원)','M','~10대',1,338.51,2.72,11710,46
'2017-03','806',' 전자랜드 본관 앞','일일(회원)','M','~10대',4,531.86,3.62,15600,146
'2017-03','807',' 서울역 12번 출구 앞','일일(회원)','M','~10대',1,67.48,0.66,2840,56
'2017-03','809',' 한남 유수지 복개주차장','일일(회원)','M','~10대',4,540.06,3.6,15540,72
'2017-03','811',' 녹사평역1번출구','일일(회원)','M','~10대',3,658.39,5.36,23110,139
'2017-03','813',' 삼각지역 3번출구','일일(회원)','M','~10대',1,71.35,0.54,2340,15
'2017-03','815',' LIG강촌아파트 103동앞','일일(회원)','M','~10대',4,659.29,6.47,27860,250
'2017-03','385',' 종각역 5번출구','일일(회원)','M','~10대',1,55.44,0.46,2000,8
'2017-03','181',' 망원초록길 입구','일일(회원)','M','~10대',1,228.39,1.78,7690,58
'2017-03','132',' 창천문화공원','일일(회원)','M','~10대',1,92.41,0.83,3590,34
'2017-03','183',' 하늘채코오롱아파트 건너편','일일(회원)','M','~10대',2,137.73,1.3,5610,51
'2017-03','186',' 월드컵공원','일일(회원)','M','~10대',1,170.14,1.53,6610,57
'2017-03','188',' 홍은동 정원여중 입구','일일(회원)','M','~10대',1,147.99,1.17,5050,23
'2017-03','194',' 증산교 앞','일일(회원)','M','~10대',4,965.01,7.21,31050,183
'2017-03','198',' 충정2교','일일(회원)','M','~10대',1,54.05,0.45,1950,13
'2017-03','556',' 달맞이공원','일일(회원)','M','~10대',1,76.45,0.69,2970,41
'2017-03','558',' 성동광진 교육지원청 앞','일일(회원)','M','~10대',4,324.14,2.98,12880,53
'2017-03','559',' 왕십리역 4번 출구 건너편','일일(회원)','M','~10대',2,253.21,1.92,8250,39
'2017-03','560',' 비전교회 앞','일일(회원)','M','~10대',1,179.69,1.4,6050,85
'2017-03','561',' 서울숲역 2번출구 앞','일일(회원)','M','~10대',2,79.71,0.79,3390,14
'2017-03','562',' 군자지하보도 앞','일일(회원)','M','~10대',2,283.73,2.29,9870,63
'2017-03','564',' 금호역 3번출구','일일(회원)','M','~10대',1,114.56,1.22,5260,60
'2017-03','565',' 옥수역 3번출구','일일(회원)','M','~10대',4,456.18,4,17260,109
'2017-03','582',' 경일중학교 앞','일일(회원)','M','~10대',1,0,0,0,10
'2017-03','583',' 청계천 생태교실 앞','일일(회원)','M','~10대',3,498.85,5.24,22590,143
'2017-03','551',' 구의삼성쉐르빌 앞','일일(회원)','M','~10대',2,57.93,0.62,2660,18
'2017-03','552',' 대림아크로리버 앞','일일(회원)','M','~10대',3,28.83,0.24,1040,9
'2017-03','555',' 구의3동주민센터','일일(회원)','M','~10대',5,58.78,0.49,2120,11
'2017-03','571',' 어린이대공원역6번출구','일일(회원)','M','~10대',2,141.83,1.28,5510,28
'2017-03','577',' 광진청소년수련관','일일(회원)','M','~10대',1,177.61,1.51,6500,40
'2017-03','137',' NH농협 신촌지점 앞','일일(회원)','M','~10대',1,51.22,0.46,1990,8
'2017-03','623',' 서울시립대 정문 앞','일일(회원)','M','~10대',4,700.86,6.62,28530,241
'2017-03','625',' 답십리초등학교 앞(현대시장 옆)','일일(회원)','M','~10대',1,162.22,0.97,4180,24
'2017-03','626',' 군자교 서측 녹지대','일일(회원)','M','~10대',1,33.82,0.28,1220,10
'2017-03','627',' 장안동삼거리 교통섬','일일(회원)','M','~10대',2,577.34,5.2,22430,142
'2017-03','631',' 답십리역 1번출구','일일(회원)','M','~10대',1,49.4,0.38,1620,12
'2017-03','102',' 망원역 1번출구 앞','일일(회원)','M','~10대',2,579.81,4.83,20810,227
'2017-03','634',' 외국어대 정문 앞','일일(회원)','M','~10대',1,184.28,1.29,5540,51
'2017-03','635',' 시조사 앞 (청량고정문 옆)','일일(회원)','M','~10대',1,112.15,1.11,4800,33
'2017-03','639',' 서울시립대 후문','일일(회원)','M','~10대',1,199.49,1.8,7750,54
'2017-03','260',' 여의도 마리나선착장 앞','일일(회원)','M','~10대',4,287.45,2.63,11340,192
'2017-03','263',' 근로자회관 사거리','일일(회원)','M','~10대',1,52.05,0.55,2390,51
'2017-03','265',' 영등포유통상가 사거리','일일(회원)','M','~10대',1,215.55,2,8640,53
'2017-03','267',' 삼성화재 사옥 옆','일일(회원)','M','~10대',1,580.12,5.31,22890,162
'2017-03','270',' 증권거래소후문교차로','일일(회원)','M','~10대',1,152.3,1.49,6410,37
'2017-03','716','신정6동 주민센터 인근','일일(회원)','M','~10대',2,243.06,1.43,6200,45
'2017-03','816',' 신용산역 6번출구 앞','일일(회원)','M','~10대',3,360.69,3.07,13220,75
'2017-03','817',' 삼각지역 4번출구 앞','일일(회원)','M','~10대',3,99.7,1.1,4750,73
'2017-03','818',' 숙명여대 입구 교차로','일일(회원)','M','~10대',3,380.62,3.16,13580,101
'2017-03','822',' 이촌1동 마을공원','일일(회원)','M','~10대',1,208.57,1.59,6840,58
'2017-03','823',' 효창동주민센터 앞','일일(회원)','M','~10대',2,160.78,1.35,5800,66
'2017-03','825',' 서빙고동 주민센터 앞','일일(회원)','M','~10대',5,1273.79,9.44,40680,233
'2017-03','199',' 서울 월드컵 경기장','일일(회원)','M','~10대',1,8.28,0.09,380,2
'2017-03','388',' 동성중학교 앞','일일(회원)','M','~10대',3,2754.55,3.74,16130,144
'2017-03','584',' 광진광장 교통섬','일일(회원)','M','~10대',3,533.32,4.71,20310,149
'2017-03','906',' 연신내역 5번출구150M 아래','일일(회원)','M','~10대',1,9.42,0.08,340,3
'2017-03','907',' CJ 드림시티','일일(회원)','M','~10대',2,534.67,4.69,20240,139
'2017-03','908',' 구산역 4번출구','일일(회원)','M','~10대',1,83.14,0.75,3230,18
'2017-03','928',' 은평역사한옥박물관','일일(회원)','M','~10대',1,63.06,0.57,2450,42
'2017-03','933',' LG서비스 역촌점','일일(회원)','M','~10대',2,184.28,1.68,7260,49
'2017-03','587',' KEB하나은행 성수중앙지점','일일(회원)','M','~10대',1,85.97,0.77,3340,40
'2017-03','204',' 국회의사당역 5번출구 옆','일일(회원)','M','~10대',2,537.18,7.62,32880,147
'2017-03','203',' 국회의사당역 3번출구 옆','일일(회원)','M','~10대',3,393.19,2.57,11100,78
'2017-03','205',' 산업은행 앞','일일(회원)','M','~10대',1,18.02,0.16,700,6
'2017-03','206',' KBS 앞','일일(회원)','M','~10대',9,935.32,8.67,37300,306
'2017-03','209',' 유진투자증권빌딩 앞','일일(회원)','M','~10대',2,757.37,7.22,31130,207
'2017-03','211',' 여의도역 4번출구 옆','일일(회원)','M','~10대',3,286.17,2.11,9080,95
'2017-03','212',' 여의도역 1번출구 옆','일일(회원)','M','~10대',3,367.76,3.16,13590,169
'2017-03','214',' 금융감독원 앞','일일(회원)','M','~10대',2,302.18,2.72,11740,76
'2017-03','219',' 롯데캐슬엠파이어 옆','일일(회원)','M','~10대',2,369.57,2.84,12230,79
'2017-03','215',' 여의도고교 앞','일일(회원)','M','~10대',1,1.54,0.01,60,26
'2017-03','217',' NH농협은행 앞','일일(회원)','M','~10대',1,182.67,1.15,4960,22
'2017-03','221',' 여의도초교 앞','일일(회원)','M','~10대',1,168.6,1.52,6550,57
'2017-03','222',' 시범아파트버스정류장 옆','일일(회원)','M','~10대',1,19.6,0.23,990,8
'2017-03','225',' 앙카라공원 앞','일일(회원)','M','~10대',1,171.07,1.67,7200,45
'2017-03','226',' 샛강역 1번출구 앞','일일(회원)','M','~10대',1,100.08,0.81,3510,26
'2017-03','207',' 여의나루역 1번출구 앞','일일(회원)','M','~10대',29,4160.92,35.4,152650,1393
'2017-03','106',' 합정역 7번출구 앞','일일(회원)','M','~10대',3,564.63,4.85,20870,141
'2017-03','421',' 마포구청 앞','일일(회원)','M','~10대',1,132.66,1.55,6700,77
'2017-03','420',' 서울시 공공자전거 상암센터','일일(회원)','M','~10대',1,60.19,0.46,2000,35
'2017-03','419',' 홈플러스 앞','일일(회원)','M','~10대',1,100.84,1.07,4630,29
'2017-03','418',' 월드컵경기장역 3번출구 옆','일일(회원)','M','~10대',2,90.4,0.84,3600,33
'2017-03','107',' 신한은행 서교동금융센터점 앞','일일(회원)','M','~10대',2,81.26,0.76,3310,23
'2017-03','412',' DMC산학협력연구센터 앞','일일(회원)','M','~10대',1,80.49,0.63,2710,15
'2017-03','500',' 어린이대공원역 3번출구 앞','일일(회원)','M','~10대',2,57.88,0.61,2610,22
'2017-03','501',' 광진구의회 앞','일일(회원)','M','~10대',1,177.19,1.85,7990,56
'2017-03','502',' 뚝섬유원지역 1번출구 앞','일일(회원)','M','~10대',17,2677.68,22.19,95720,751
'2017-03','108',' 서교동 사거리','일일(회원)','M','20대',41,5447.04,40.23,173430,1431
'2017-03','503',' 더샵스타시티 C동 앞','일일(회원)','M','20대',30,4443.17,38.13,164490,1013
'2017-03','504',' 신자초교입구교차로','일일(회원)','M','20대',17,1706.93,14.77,63630,393
'2017-03','505',' 자양사거리 광진아크로텔 앞','일일(회원)','M','20대',47,5963.92,49.92,215230,1558
'2017-03','506',' 금호 어울림 아파트 앞','일일(회원)','M','20대',5,704.18,4.45,19190,126
'2017-03','507',' 성수아이에스비즈타워 앞','일일(회원)','M','20대',3,410.54,3.42,14760,90
'2017-03','508',' 성수아카데미타워 앞','일일(회원)','M','20대',12,1419.21,11.9,51320,441
'2017-03','509',' 이마트 버스정류소 옆','일일(회원)','M','20대',31,3950.09,32.72,140980,1072
'2017-03','510',' 서울숲 남문 버스정류소 옆','일일(회원)','M','20대',49,6335.61,54.68,235670,2491
'2017-03','511',' 서울숲역 4번 출구 옆','일일(회원)','M','20대',111,14250.97,120.16,517790,5623
'2017-03','512',' 뚝섬역 1번 출구 옆','일일(회원)','M','20대',56,7407.1,61.62,265500,1946
'2017-03','109',' 제일빌딩 앞','일일(회원)','M','20대',56,8224.63,68.31,294500,1921
'2017-03','400',' 상암한화오벨리스크 1차 앞','일일(회원)','M','20대',14,1204.92,10.81,46580,325
'2017-03','513',' 뚝섬역 5번 출구 정류소 옆','일일(회원)','M','20대',20,2480.19,21.23,91530,538
'2017-03','514',' 성수사거리 버스정류장 앞','일일(회원)','M','20대',30,3624.52,29.59,127550,829
'2017-03','515',' 광양중학교 앞','일일(회원)','M','20대',14,2304.36,19.84,85520,645
'2017-03','516',' 광진메디칼 앞','일일(회원)','M','20대',32,3685.35,28.11,121150,791
'2017-03','300',' 정동사거리','일일(회원)','M','20대',13,895.11,7.43,31990,187
'2017-03','301',' 경복궁역 7번출구 앞','일일(회원)','M','20대',5,523.5,4.21,18160,163
'2017-03','302',' 경복궁역 4번출구 뒤','일일(회원)','M','20대',27,2020.51,17.8,76700,828
'2017-03','303',' 광화문역 1번출구 앞','일일(회원)','M','20대',19,1326.42,10.35,44660,424
'2017-03','115',' 사루비아 빌딩 앞','일일(회원)','M','20대',43,6045.58,49.28,212310,1345
'2017-03','304',' 광화문역 2번출구 앞','일일(회원)','M','20대',14,1660.13,13.73,59120,434
'2017-03','305',' 종로구청 옆','일일(회원)','M','20대',31,3301.67,27.62,119030,888
'2017-03','306',' 광화문역 7번출구 앞','일일(회원)','M','20대',19,2615.85,20.89,90070,626
'2017-03','307',' 서울역사박물관 앞','일일(회원)','M','20대',15,1823.5,13.68,58990,467
'2017-03','308',' 광화문 S타워 앞','일일(회원)','M','20대',6,430.25,4.14,17860,149
'2017-03','309',' 광화문역 6번출구 옆','일일(회원)','M','20대',13,1272.53,11.01,47490,318
'2017-03','310',' 청계광장 옆','일일(회원)','M','20대',10,973.62,7.36,31760,271
'2017-03','311',' 서울광장 옆','일일(회원)','M','20대',31,2424.38,20.64,89060,818
'2017-03','312',' 시청역 1번출구 뒤','일일(회원)','M','20대',15,1722.05,13.34,57520,501
'2017-03','313',' 서울역 광장 파출소 옆','일일(회원)','M','20대',16,2644.71,20.93,90230,663
'2017-03','110',' 사천교','일일(회원)','M','20대',2,257.24,1.79,7720,77
'2017-03','314',' 국립현대미술관','일일(회원)','M','20대',35,2905.3,24.08,103860,1016
'2017-03','315',' 신한은행 안국역지점 옆','일일(회원)','M','20대',14,1248.81,9.38,40510,491
'2017-03','316',' 종각역 1번출구 앞','일일(회원)','M','20대',39,3916.91,33.3,143630,1223
'2017-03','318',' 광교사거리 남측','일일(회원)','M','20대',17,1322.22,11.21,48250,426
'2017-03','320',' 을지로입구역 4번출구 앞','일일(회원)','M','20대',10,947.86,8.1,34910,283
'2017-03','321',' KEB 하나은행 본점 앞','일일(회원)','M','20대',19,2139.57,15.7,67730,487
'2017-03','322',' 명동성당 앞','일일(회원)','M','20대',17,1608.62,13.27,57270,551
'2017-03','116',' 일진아이윌아파트 옆','일일(회원)','M','20대',19,1540.98,12.28,52960,340
'2017-03','324',' 신세계백화점 본점 앞','일일(회원)','M','20대',19,1659.08,13.34,57530,459
'2017-03','326',' 안국역 5번출구 앞','일일(회원)','M','20대',11,878.32,7.36,31740,248
'2017-03','327',' 낙원상가 옆','일일(회원)','M','20대',20,2118.37,17.28,74490,606
'2017-03','328',' 탑골공원 앞','일일(회원)','M','20대',33,3268.71,25.46,109670,791
'2017-03','329',' 청계2가 사거리 옆','일일(회원)','M','20대',18,1901.15,15.07,64890,402
'2017-03','330',' 청계천 한빛광장','일일(회원)','M','20대',18,1984.89,17.2,74130,644
'2017-03','331',' 을지로2가 사거리 북측','일일(회원)','M','20대',14,1506.28,12.53,53970,382
'2017-03','332',' 을지로2가 사거리 남측','일일(회원)','M','20대',10,1464.03,11.18,48180,349
'2017-03','111',' 상수역 2번출구 앞','일일(회원)','M','20대',74,11355.54,93.04,400920,3312
'2017-03','334',' 종로3가역 2번출구 뒤','일일(회원)','M','20대',41,3808.81,32.08,138430,1367
'2017-03','335',' 종로3가역 15번출구 앞','일일(회원)','M','20대',22,1941.19,15.89,68570,692
'2017-03','336',' 티마크 호텔 앞','일일(회원)','M','20대',23,2293.13,18.74,80820,566
'2017-03','337',' 창경궁 입구','일일(회원)','M','20대',21,2659.89,21.53,92780,805
'2017-03','338',' 세운스퀘어 앞','일일(회원)','M','20대',42,2694.17,22.65,97710,808
'2017-03','339',' 종로4가 사거리','일일(회원)','M','20대',49,3734.94,31.41,135330,1179
'2017-03','340',' 혜화동 로터리','일일(회원)','M','20대',33,4122.99,30.52,131590,1018
'2017-03','341',' 혜화역 3번출구 뒤','일일(회원)','M','20대',50,5391.25,45.66,196750,2399
'2017-03','342',' 대학로 마로니에공원','일일(회원)','M','20대',27,2425.74,20.81,89680,710
'2017-03','343',' 예일빌딩(율곡로) 앞','일일(회원)','M','20대',5,225.72,1.8,7760,100
'2017-03','112',' 극동방송국 앞','일일(회원)','M','20대',91,10536.66,86.66,373520,2952
'2017-03','344',' 성균관대 E하우스 앞','일일(회원)','M','20대',17,1298.45,9.77,42090,315
'2017-03','345',' 서울보증보험본사 앞','일일(회원)','M','20대',4,298.95,2.31,9940,108
'2017-03','346',' 맥스타일 앞','일일(회원)','M','20대',44,4340.65,30.3,130650,1104
'2017-03','347',' 동대문역사문화공원역 9번출구 앞','일일(회원)','M','20대',35,3562.99,28.47,122600,1088
'2017-03','349',' 사직동주민센터','일일(회원)','M','20대',33,2182.97,17.97,77410,743
'2017-03','350','KEB 하나은행(내자동 지점) 앞','일일(회원)','M','20대',7,351.32,2.84,12250,91
'2017-03','351',' 청운초교 앞 삼거리','일일(회원)','M','20대',19,1961.48,16.17,69790,456
'2017-03','352',' 중앙고입구 삼거리','일일(회원)','M','20대',10,844.21,7.38,31830,320
'2017-03','353',' 재동초교 앞 삼거리','일일(회원)','M','20대',13,601.23,4.79,20600,281
'2017-03','117',' 홍은사거리','일일(회원)','M','20대',30,4815.04,42.09,181490,1112
'2017-03','354',' 포르투갈 대사관 앞','일일(회원)','M','20대',29,2147.18,17.29,74470,789
'2017-03','355',' 서울사대부속초교 앞','일일(회원)','M','20대',17,1401.52,11.42,49260,343
'2017-03','356',' KT혜화지사 앞','일일(회원)','M','20대',18,1783.63,14.98,64510,510
'2017-03','358',' 성대입구 사거리','일일(회원)','M','20대',48,5117.08,41.29,177920,1166
'2017-03','359',' 원남동사거리','일일(회원)','M','20대',17,1477.95,12.59,54200,502
'2017-03','361',' 동묘앞역 1번출구 뒤','일일(회원)','M','20대',45,6231.23,53.13,228980,1722
'2017-03','362',' 청계8가 사거리','일일(회원)','M','20대',13,1637.32,13.22,56940,352
'2017-03','363',' 신설동역 11번출구 뒤','일일(회원)','M','20대',18,2665.43,22.36,96470,693
'2017-03','364',' 창신역 1번출구 앞','일일(회원)','M','20대',16,1893.49,14.33,61680,440
'2017-03','113',' 홍대입구역 2번출구 앞','일일(회원)','M','20대',98,10598.84,88.25,380570,2790
'2017-03','367',' 독립문역 3-1번출구 ','일일(회원)','M','20대',13,1401.92,11.44,49320,402
'2017-03','368',' SK 서린빌딩 앞','일일(회원)','M','20대',18,1894.34,16.43,70900,469
'2017-03','369',' 광화문 시민열린마당','일일(회원)','M','20대',26,1678.37,13.86,59840,732
'2017-03','348',' 독립문역 사거리','일일(회원)','M','20대',9,837.62,6.82,29350,202
'2017-03','370',' 시청역(2호선) 9번출구 뒤','일일(회원)','M','20대',16,1760.09,14.54,62690,434
'2017-03','371',' 동대입구역 6번출구 뒤','일일(회원)','M','20대',39,3926.12,32.5,140140,1171
'2017-03','372',' 약수역 3번출구 뒤','일일(회원)','M','20대',7,530.07,4.56,19680,101
'2017-03','373',' 청구 어린이공원','일일(회원)','M','20대',5,761.98,5.71,24650,149
'2017-03','374',' 청구역 2번출구 앞','일일(회원)','M','20대',4,364.75,3.2,13800,86
'2017-03','118',' 광흥창역 2번출구 앞','일일(회원)','M','20대',32,2405.32,20.54,88580,561
'2017-03','375',' 다산 어린이공원','일일(회원)','M','20대',6,1344.85,10.97,47300,271
'2017-03','377',' 서울역 4번출구 앞','일일(회원)','M','20대',8,979.67,7.64,32960,240
'2017-03','378',' 청계7가 사거리','일일(회원)','M','20대',16,1537.87,13.65,58820,398
'2017-03','379',' 서울역9번출구','일일(회원)','M','20대',19,2306.39,18.98,81850,673
'2017-03','380',' CJ제일제당 앞','일일(회원)','M','20대',23,3110.16,21.36,92120,744
'2017-03','381',' 장충체육관','일일(회원)','M','20대',2,225.29,1.61,6940,40
'2017-03','382',' 약수역 10번출구 앞','일일(회원)','M','20대',11,954.77,7.87,33960,311
'2017-03','383',' 신당역 12번 출구 뒤','일일(회원)','M','20대',39,3530.21,30.81,132770,1186
'2017-03','384',' 종로학원본원 ','일일(회원)','M','20대',8,1114.4,9.22,39750,311
'2017-03','114',' 홍대입구역 8번출구 앞','일일(회원)','M','20대',84,8895.56,73.43,316690,2483
'2017-03','142',' 아현역 4번출구 앞','일일(회원)','M','20대',12,1224.42,10.52,45370,360
'2017-03','143',' 공덕역 2번출구','일일(회원)','M','20대',18,2787.99,21.59,93110,626
'2017-03','144',' 공덕역 8번출구','일일(회원)','M','20대',46,5149.43,42.61,183650,1384
'2017-03','145',' 공덕역 5번출구','일일(회원)','M','20대',23,2652.41,20.99,90480,692
'2017-03','146',' 마포역 1번출구 뒤','일일(회원)','M','20대',54,8862.37,71.63,308780,2077
'2017-03','147',' 마포역 4번출구 뒤','일일(회원)','M','20대',30,3630.43,30.21,130200,1045
'2017-03','148',' 용강동 주민센터 앞','일일(회원)','M','20대',11,1361.4,11.29,48720,538
'2017-03','150',' 서강대역 2번출구 앞','일일(회원)','M','20대',25,2371.41,20.24,87220,810
'2017-03','151',' 망원1동주민센터','일일(회원)','M','20대',18,2081.63,16.9,72810,783
'2017-03','152',' 마포구민체육센터 앞','일일(회원)','M','20대',104,17150.37,140.64,606100,4335
'2017-03','119',' 서강나루 공원','일일(회원)','M','20대',17,2547.71,22.03,94930,649
'2017-03','153',' 성산2교 사거리','일일(회원)','M','20대',27,3629.91,28.12,121210,948
'2017-03','154',' 마포구청역 ','일일(회원)','M','20대',22,1566.96,13.49,58130,505
'2017-03','155',' 가좌역1 번출구 뒤','일일(회원)','M','20대',31,4890.04,37.13,160100,1006
'2017-03','156',' 서울서부지방법원 앞','일일(회원)','M','20대',17,2252.48,19.37,83510,586
'2017-03','157',' 애오개역 4번출구 앞','일일(회원)','M','20대',12,834.53,7.35,31740,272
'2017-03','158',' 독립문 어린이 공원','일일(회원)','M','20대',10,996.3,7.8,33590,301
'2017-03','159',' 이대역 4번 출구','일일(회원)','M','20대',31,2742.24,24.4,105150,918
'2017-03','160',' 북아현동 가구거리','일일(회원)','M','20대',15,1431.39,11.67,50360,509
'2017-03','161',' 무악재역1번 출구','일일(회원)','M','20대',7,1150.04,9.1,39210,187
'2017-03','162',' 봉원고가차도 밑','일일(회원)','M','20대',33,1568.25,12.57,54240,231
'2017-03','120',' 신수동 사거리','일일(회원)','M','20대',8,670.67,4.91,21090,190
'2017-03','163',' 명지전문대학교 정문 앞','일일(회원)','M','20대',39,4875.57,39.92,172220,1102
'2017-03','164',' 북가좌1동 주민센터 ','일일(회원)','M','20대',1,141.31,1.27,5490,44
'2017-03','165',' 중앙근린공원','일일(회원)','M','20대',11,1463.25,11.15,48040,294
'2017-03','166',' 가재울 초등학교','일일(회원)','M','20대',19,1490.23,12.71,54800,588
'2017-03','167',' 연가초등학교 옆','일일(회원)','M','20대',8,770.98,6.89,29780,206
'2017-03','168',' 남가좌동 사거리','일일(회원)','M','20대',6,493.08,4.03,17380,192
'2017-03','169',' 북가좌 삼거리','일일(회원)','M','20대',6,911.77,7.47,32250,317
'2017-03','170',' 가재울 뉴타운 주유소 옆','일일(회원)','M','20대',22,3974.09,31.01,133620,911
'2017-03','171',' 임광빌딩 앞','일일(회원)','M','20대',9,1036.81,8.53,36730,291
'2017-03','172',' 서대문소방서','일일(회원)','M','20대',7,907.29,7.55,32530,295
'2017-03','121',' 마포소방서 앞','일일(회원)','M','20대',9,1308.57,10.53,45410,299
'2017-03','173',' 서대문역 8번출구 앞','일일(회원)','M','20대',20,2360.61,19.82,85540,578
'2017-03','175',' 홍연2교옆','일일(회원)','M','20대',28,3691.29,31.08,133970,938
'2017-03','179',' 가좌역 4번출구 앞','일일(회원)','M','20대',9,887.29,8.01,34520,208
'2017-03','180',' 충정로역 7번출구 뒤','일일(회원)','M','20대',7,578.23,4.79,20720,170
'2017-03','518',' 청계천 박물관 앞','일일(회원)','M','20대',13,1681.36,16.18,69790,520
'2017-03','519',' 양지사거리','일일(회원)','M','20대',19,1369.53,11.43,49250,389
'2017-03','520',' 상왕십리역 4번 출구 앞','일일(회원)','M','20대',29,2504.15,20.87,89870,745
'2017-03','521',' 왕십리역 11번 출구 앞','일일(회원)','M','20대',41,3146.26,22.84,98510,809
'2017-03','522',' 금호역 1번출구 앞','일일(회원)','M','20대',7,898.38,7.94,34230,201
'2017-03','523',' 옥수동성당 옆','일일(회원)','M','20대',1,272.9,2.08,8950,32
'2017-03','122',' 신성기사식당 앞','일일(회원)','M','20대',24,2356.41,20.18,87050,556
'2017-03','525',' 한양대병원사거리','일일(회원)','M','20대',132,20115.89,162.99,702760,5251
'2017-03','526',' 용답토속공원 앞','일일(회원)','M','20대',9,1424.5,12.72,54830,377
'2017-03','529',' 장한평역 8번 출구 앞','일일(회원)','M','20대',20,1594.48,12.13,52230,412
'2017-03','530',' 청계벽산아파트 앞','일일(회원)','M','20대',11,998.8,7.48,32240,246
'2017-03','533',' 우리은행 금호동 지점 앞','일일(회원)','M','20대',11,1963.37,14.19,61270,447
'2017-03','534',' 금호사거리','일일(회원)','M','20대',9,1489.38,11.26,48600,480
'2017-03','535',' 응봉삼거리','일일(회원)','M','20대',22,2936.38,23.84,102780,800
'2017-03','536',' 행당역 2번출구 앞','일일(회원)','M','20대',38,4501.4,32.07,138230,889
'2017-03','537',' 한양대후문역 부근','일일(회원)','M','20대',49,7003.13,61.04,263050,1789
'2017-03','123',' 문화촌 공원','일일(회원)','M','20대',8,1509.93,13.21,56950,345
'2017-03','538',' 답십리역 8번출구 앞','일일(회원)','M','20대',15,2096.79,15.44,66500,356
'2017-03','550',' 서울시설공단 앞','일일(회원)','M','20대',16,1210.09,8.61,37170,324
'2017-03','539',' 군자교교차로','일일(회원)','M','20대',13,1649.38,13.88,59840,417
'2017-03','540',' 군자역 7번출구 베스트샵 앞','일일(회원)','M','20대',55,5988.68,48.93,210690,1507
'2017-03','542',' 강변역 4번출구 뒤','일일(회원)','M','20대',19,3849.31,31.86,137340,929
'2017-03','543',' 구의공원(테크노마트 앞)','일일(회원)','M','20대',26,3642.28,29.15,125770,1232
'2017-03','544',' 광남중학교','일일(회원)','M','20대',8,2253.59,15.89,68480,353
'2017-03','546',' 잠실대교북단 교차로','일일(회원)','M','20대',8,669.44,5.8,24960,192
'2017-03','548',' 자양나들목','일일(회원)','M','20대',22,2673.5,20.89,90010,837
'2017-03','549',' 아차산역 3번출구','일일(회원)','M','20대',12,1748.49,14.51,62460,446
'2017-03','124',' 서강대 정문 건너편','일일(회원)','M','20대',42,3815.4,31.74,136810,1062
'2017-03','600',' 휘경2동 주민센터','일일(회원)','M','20대',11,3035.94,25.54,110050,763
'2017-03','601',' 용신동주민센터','일일(회원)','M','20대',8,891.22,6.53,28160,162
'2017-03','602',' 장안동 사거리','일일(회원)','M','20대',39,3974.1,34.05,146820,1053
'2017-03','604',' 답십리초등학교 옆 공원','일일(회원)','M','20대',22,1515.28,11.16,48100,252
'2017-03','605',' 신설동역8번출구','일일(회원)','M','20대',10,494.57,4.32,18590,132
'2017-03','606',' 휘경공고앞','일일(회원)','M','20대',3,433.54,3.02,13000,90
'2017-03','607',' 신이문역 2번출구','일일(회원)','M','20대',30,6698.4,54.67,235520,1358
'2017-03','608',' 전농삼성아파트','일일(회원)','M','20대',4,292.74,2.68,11560,1070
'2017-03','609',' 제기2교','일일(회원)','M','20대',49,8349.27,66.44,286380,1871
'2017-03','125',' 서강대 남문 옆','일일(회원)','M','20대',49,6474.09,52.52,226390,1517
'2017-03','610',' 동대문중 교차로','일일(회원)','M','20대',12,1138.11,10.05,43400,334
'2017-03','612',' 시립동부병원 앞 사거리','일일(회원)','M','20대',8,731.62,5.87,25340,313
'2017-03','613',' 신설동역 10번출구 앞','일일(회원)','M','20대',16,1381.12,11.13,47910,435
'2017-03','614',' 용두동 사거리','일일(회원)','M','20대',20,2687.54,20.55,88600,623
'2017-03','615',' 용두동 레미안허브리츠아파트 앞','일일(회원)','M','20대',2,258.77,1.85,7980,48
'2017-03','616',' 서울시립대 앞','일일(회원)','M','20대',15,1095.83,10.35,44610,333
'2017-03','617',' 청솔우성아파트 앞','일일(회원)','M','20대',17,1986.28,14.76,63590,643
'2017-03','227',' 양평2나들목 보행통로 입구','일일(회원)','M','20대',15,2111.04,17.48,75330,505
'2017-03','228',' 선유도역 3번출구 앞','일일(회원)','M','20대',29,3996.61,33.96,146270,1383
'2017-03','229',' 양평1 보행육교 앞','일일(회원)','M','20대',13,1478.49,11.53,49730,393
'2017-03','126',' 서강대 후문 옆','일일(회원)','M','20대',21,2693.81,23.8,102650,848
'2017-03','231',' 남부고용노동지청 남측','일일(회원)','M','20대',4,305.87,2.21,9510,133
'2017-03','232',' 양평우림 이비즈센타 앞','일일(회원)','M','20대',26,3002.27,25.21,108730,637
'2017-03','233',' YP 센터 앞','일일(회원)','M','20대',1,14.41,0.13,560,4
'2017-03','234',' 영등포구민체육센터 앞','일일(회원)','M','20대',10,1514.29,12.11,52130,473
'2017-03','235',' 신길동 우리은행 옆','일일(회원)','M','20대',4,246.46,2.12,9140,71
'2017-03','236',' 문래동자이아파트 앞','일일(회원)','M','20대',7,723.79,5.79,24980,246
'2017-03','237',' 보라매 두산위브 건너편','일일(회원)','M','20대',20,2909.55,24.52,105690,678
'2017-03','238',' 제2구민체육센타 앞','일일(회원)','M','20대',19,2132.63,16.73,72080,473
'2017-03','239',' 유스호스텔 앞','일일(회원)','M','20대',11,2291.51,16.67,71780,449
'2017-03','240',' 문래역 4번출구 앞','일일(회원)','M','20대',17,794.66,6.62,28550,236
'2017-03','127',' 현대벤처빌 앞','일일(회원)','M','20대',23,2214.75,18.91,81460,488
'2017-03','241',' 신길우성1차아파트 앞 공원','일일(회원)','M','20대',13,1394.79,11.45,49300,400
'2017-03','242',' 신길선원가와인아파트 앞','일일(회원)','M','20대',12,1419.27,11.41,49230,364
'2017-03','243',' 이앤씨드림타워 앞','일일(회원)','M','20대',3,666.97,5.31,22890,124
'2017-03','244',' 영등포삼환아파트 앞','일일(회원)','M','20대',24,5294.31,42.16,181780,1116
'2017-03','245',' 삼성생명 당산사옥 앞','일일(회원)','M','20대',8,842.76,6.81,29310,211
'2017-03','247',' 당산역 10번출구 앞','일일(회원)','M','20대',49,7647.09,63.58,274100,1884
'2017-03','248',' 초원아파트 앞','일일(회원)','M','20대',52,8457.73,70.13,302190,2311
'2017-03','249',' 여의도중학교 옆','일일(회원)','M','20대',52,7229.88,61.83,266670,2350
'2017-03','250',' 대림아파트 사거리','일일(회원)','M','20대',5,865.39,7.64,32900,342
'2017-03','251',' 서울지방병무청 버스정류장','일일(회원)','M','20대',10,2418.12,21.26,91570,639
'2017-03','101',' (구)합정동 주민센터','일일(회원)','M','20대',15,1733.28,14.07,60660,524
'2017-03','128',' 신촌역(2호선) 1번출구 옆','일일(회원)','M','20대',64,7150.12,59.46,256280,1836
'2017-03','252',' 보라매역4번출구','일일(회원)','M','20대',26,3483.83,29.85,128640,1080
'2017-03','253',' 신풍역 5번출구 인근','일일(회원)','M','20대',8,982.61,8.42,36290,229
'2017-03','254',' 도림신협 앞','일일(회원)','M','20대',1,21.34,0.11,490,3
'2017-03','255',' 도림4거리','일일(회원)','M','20대',6,802.95,6.89,29710,184
'2017-03','256',' 동아에코빌입구','일일(회원)','M','20대',8,670.93,6.55,28260,156
'2017-03','257',' 신길삼거리(우리은행)','일일(회원)','M','20대',33,4557.21,37.06,159660,1019
'2017-03','258',' 신길역3번출구','일일(회원)','M','20대',23,2284.7,19.25,83000,990
'2017-03','259',' 대방역6번출구','일일(회원)','M','20대',56,8982.05,75.15,323920,2015
'2017-03','700',' KB국민은행 염창역 지점 앞','일일(회원)','M','20대',16,4573.76,27.17,117090,722
'2017-03','701',' 목동사거리 부근','일일(회원)','M','20대',4,770.83,6.16,26620,204
'2017-03','129',' 신촌역(2호선) 6번출구 옆','일일(회원)','M','20대',26,2551.43,21.03,90710,654
'2017-03','702',' 목4동주민센터 옆','일일(회원)','M','20대',9,1262.39,10.63,45820,237
'2017-03','703',' 오목교역 7번출구 앞','일일(회원)','M','20대',40,5839.77,47.06,202960,1997
'2017-03','704',' 남부법원검찰청 교차로','일일(회원)','M','20대',18,1518.95,12.91,55620,439
'2017-03','706',' 신정네거리역','일일(회원)','M','20대',8,940.59,7.18,30980,261
'2017-03','707',' 신정3동주민센터','일일(회원)','M','20대',7,690.37,5.02,21610,110
'2017-03','708',' 서울출입국관리사무소 앞','일일(회원)','M','20대',15,908.07,7.52,32370,241
'2017-03','709',' 신정3동 현장민원실 앞','일일(회원)','M','20대',1,177.84,1.16,4990,28
'2017-03','710',' 서부화물트럭터미널 사거리','일일(회원)','M','20대',7,463.23,3.81,16420,108
'2017-03','711',' 신일해피트리아파트 앞','일일(회원)','M','20대',5,723.89,6.44,27760,185
'2017-03','712',' 강월초교입구 사거리','일일(회원)','M','20대',5,1037.76,9.18,39540,212
'2017-03','130',' 신촌역(2호선) 7번출구 앞','일일(회원)','M','20대',25,3066.09,26.65,114760,624
'2017-03','713',' 양서중학교 옆','일일(회원)','M','20대',1,291.45,1.74,7510,37
'2017-03','714',' 한국SGI 양천문화회관 앞','일일(회원)','M','20대',3,586.95,4.35,18780,113
'2017-03','800',' 목월공원 앞','일일(회원)','M','20대',11,1392.39,11.55,49840,466
'2017-03','802',' 한강진역 2번 출구 앞','일일(회원)','M','20대',13,2231.85,18.76,80920,512
'2017-03','803',' 한남초교 앞 보도육교','일일(회원)','M','20대',6,1105.6,9.03,38930,211
'2017-03','805',' 문배어린이공원 앞','일일(회원)','M','20대',17,2766,21.99,94830,760
'2017-03','806',' 전자랜드 본관 앞','일일(회원)','M','20대',38,5760.29,38.55,166250,1337
'2017-03','807',' 서울역 12번 출구 앞','일일(회원)','M','20대',11,1372.44,11.36,49020,412
'2017-03','808',' 서빙고동 금호맨션 앞','일일(회원)','M','20대',13,2760.52,22.81,98330,631
'2017-03','131',' 증산2교','일일(회원)','M','20대',13,1536.65,12.78,55110,279
'2017-03','809',' 한남 유수지 복개주차장','일일(회원)','M','20대',46,10791.4,92.11,396940,2363
'2017-03','810',' 이태원지하보도','일일(회원)','M','20대',16,3262.44,28.32,122090,949
'2017-03','811',' 녹사평역1번출구','일일(회원)','M','20대',59,8574.83,65.73,283230,1986
'2017-03','812',' 용산전쟁기념관','일일(회원)','M','20대',14,1022.62,9.02,38900,363
'2017-03','813',' 삼각지역 3번출구','일일(회원)','M','20대',15,2167.83,18.98,81830,585
'2017-03','815',' LIG강촌아파트 103동앞','일일(회원)','M','20대',35,7501.84,60.88,262390,1841
'2017-03','385',' 종각역 5번출구','일일(회원)','M','20대',43,5543.5,38.33,165260,1432
'2017-03','386',' 올림픽기념 국민생활관 앞','일일(회원)','M','20대',27,2747.41,24.95,107470,672
'2017-03','387',' 훈련원공원주차장 앞','일일(회원)','M','20대',3,300.37,2.44,10510,79
'2017-03','181',' 망원초록길 입구','일일(회원)','M','20대',23,3743.7,30.87,133060,948
'2017-03','132',' 창천문화공원','일일(회원)','M','20대',57,6163.49,49.97,215410,1569
'2017-03','182',' 망원2빗물펌프장 앞','일일(회원)','M','20대',38,5981.01,49.42,212930,1810
'2017-03','183',' 하늘채코오롱아파트 건너편','일일(회원)','M','20대',22,2210.64,18.36,79220,744
'2017-03','184',' SK망원동주유소 건너편','일일(회원)','M','20대',15,1235.23,10.06,43320,309
'2017-03','185',' 마포 신수공원 앞','일일(회원)','M','20대',24,3745.87,30.62,132090,778
'2017-03','186',' 월드컵공원','일일(회원)','M','20대',58,9409.24,77.75,335190,2981
'2017-03','177',' 북가좌 초등학교','일일(회원)','M','20대',7,1079.08,8.08,34880,232
'2017-03','188',' 홍은동 정원여중 입구','일일(회원)','M','20대',6,1681.55,14.41,62190,337
'2017-03','191',' 정명학원','일일(회원)','M','20대',14,1044.31,9.14,39410,234
'2017-03','192',' 연서어린이공원','일일(회원)','M','20대',3,369.51,3.35,14440,91
'2017-03','178',' 증산3교 앞','일일(회원)','M','20대',8,764.66,5.89,25400,141
'2017-03','133',' 해담는다리','일일(회원)','M','20대',9,1611.34,13.73,59160,462
'2017-03','194',' 증산교 앞','일일(회원)','M','20대',28,4664.59,38.2,164670,1137
'2017-03','195',' 모래내고가차도 ','일일(회원)','M','20대',15,794.83,7.21,31100,179
'2017-03','196',' 연희교차로 인근','일일(회원)','M','20대',6,420.47,3.34,14370,225
'2017-03','198',' 충정2교','일일(회원)','M','20대',11,1451.57,10.91,47070,321
'2017-03','556',' 달맞이공원','일일(회원)','M','20대',14,2694.24,20.98,90430,527
'2017-03','557',' 도선동 주민센터 앞','일일(회원)','M','20대',9,572.39,4.68,20180,103
'2017-03','558',' 성동광진 교육지원청 앞','일일(회원)','M','20대',25,1986.03,15.82,68210,598
'2017-03','134',' 연세로 명물길','일일(회원)','M','20대',29,3550.37,29.2,125790,1049
'2017-03','559',' 왕십리역 4번 출구 건너편','일일(회원)','M','20대',36,3766.6,31.01,133630,1054
'2017-03','560',' 비전교회 앞','일일(회원)','M','20대',7,864.66,6.67,28740,205
'2017-03','561',' 서울숲역 2번출구 앞','일일(회원)','M','20대',46,6346.42,52.51,226340,2598
'2017-03','562',' 군자지하보도 앞','일일(회원)','M','20대',8,1679.09,14.03,60550,368
'2017-03','563',' 성동세무서 건너편','일일(회원)','M','20대',12,1109.21,8.13,35100,269
'2017-03','564',' 금호역 3번출구','일일(회원)','M','20대',2,676.99,3.94,16990,99
'2017-03','565',' 옥수역 3번출구','일일(회원)','M','20대',50,10487.84,84.85,365850,2195
'2017-03','567',' 성수역 2번출구 앞','일일(회원)','M','20대',38,4386.9,35.03,151010,1123
'2017-03','568',' 청계8가사거리 부근','일일(회원)','M','20대',24,2500.67,21.17,91310,709
'2017-03','135',' 명물길 원형무대 앞','일일(회원)','M','20대',25,2108.49,17.28,74520,689
'2017-03','569',' 응봉현대아파트 정류소','일일(회원)','M','20대',11,913.41,6.93,29900,200
'2017-03','578',' 성동세무서 부근','일일(회원)','M','20대',4,652.02,5.4,23270,152
'2017-03','579',' 마장역 4번출구','일일(회원)','M','20대',20,1990.24,16.36,70490,564
'2017-03','580',' 신금호역 3번출구 뒤','일일(회원)','M','20대',8,1522.92,12.73,54900,336
'2017-03','581',' 용답초등학교','일일(회원)','M','20대',20,1615.13,12.88,55540,346
'2017-03','582',' 경일중학교 앞','일일(회원)','M','20대',3,396.45,2.89,12470,72
'2017-03','583',' 청계천 생태교실 앞','일일(회원)','M','20대',57,12591.31,100.83,434770,2411
'2017-03','551',' 구의삼성쉐르빌 앞','일일(회원)','M','20대',16,1936.77,17.05,73550,565
'2017-03','552',' 대림아크로리버 앞','일일(회원)','M','20대',5,1170.52,9.97,42950,278
'2017-03','553',' 중곡 성원APT 앞','일일(회원)','M','20대',2,466.66,2.24,9660,57
'2017-03','136',' 대흥동 주민센터','일일(회원)','M','20대',2,56.02,0.41,1740,13
'2017-03','554',' 아차산역 사거리','일일(회원)','M','20대',10,813.61,6.88,29660,373
'2017-03','555',' 구의3동주민센터','일일(회원)','M','20대',7,760.02,5.57,23970,173
'2017-03','571',' 어린이대공원역6번출구','일일(회원)','M','20대',69,7996.74,64.19,276640,2254
'2017-03','572',' 국립정신 건강센터 앞','일일(회원)','M','20대',15,1626.25,12.8,55150,340
'2017-03','573',' 구의문주차장 앞','일일(회원)','M','20대',28,2621.96,21.74,93800,741
'2017-03','574',' 아차산역4번출구','일일(회원)','M','20대',39,3905.4,34.15,147130,1106
'2017-03','575',' 중앙농협 중곡지점','일일(회원)','M','20대',6,591.81,4.4,18930,217
'2017-03','576',' 광나루역 3번 출구','일일(회원)','M','20대',13,2681.26,22.9,98700,627
'2017-03','577',' 광진청소년수련관','일일(회원)','M','20대',27,4990.12,38.51,166030,1268
'2017-03','621',' 동대문중학교 옆','일일(회원)','M','20대',1,28.8,0.23,1010,5
'2017-03','137',' NH농협 신촌지점 앞','일일(회원)','M','20대',20,1401.88,11.66,50280,376
'2017-03','622',' 전농사거리 교통섬','일일(회원)','M','20대',11,787.76,7.67,33040,211
'2017-03','623',' 서울시립대 정문 앞','일일(회원)','M','20대',62,7020.71,60.91,262570,2061
'2017-03','624',' 전농동 동아아파트 앞','일일(회원)','M','20대',8,882.68,7.5,32340,193
'2017-03','625',' 답십리초등학교 앞(현대시장 옆)','일일(회원)','M','20대',11,1122.49,9.34,40280,194
'2017-03','626',' 군자교 서측 녹지대','일일(회원)','M','20대',6,609.46,4.64,20030,178
'2017-03','627',' 장안동삼거리 교통섬','일일(회원)','M','20대',12,2255.73,18.34,79130,547
'2017-03','628',' 휘봉고등학교 앞','일일(회원)','M','20대',3,290.01,2.6,11190,80
'2017-03','630',' 동대문구 보건소','일일(회원)','M','20대',16,1564.14,13.04,56250,379
'2017-03','631',' 답십리역 1번출구','일일(회원)','M','20대',15,1383.18,11.57,49930,487
'2017-03','102',' 망원역 1번출구 앞','일일(회원)','M','20대',43,6377.79,49.9,215030,1720
'2017-03','138',' 신촌동 제1공영주차장 앞','일일(회원)','M','20대',30,2588.56,22.66,97590,793
'2017-03','633',' 청량리 기업은행 앞','일일(회원)','M','20대',27,2550.57,21.45,92390,735
'2017-03','634',' 외국어대 정문 앞','일일(회원)','M','20대',60,10796.76,89.43,385470,2344
'2017-03','635',' 시조사 앞 (청량고정문 옆)','일일(회원)','M','20대',28,4700.07,41.94,180740,1349
'2017-03','636',' 세종대왕기념관 교차로','일일(회원)','M','20대',6,1050.87,9.08,39100,356
'2017-03','637',' KAIST 경영대학 앞','일일(회원)','M','20대',20,2110.42,16.93,73020,510
'2017-03','638',' 서울시립대 정보기술관','일일(회원)','M','20대',11,834.2,7.11,30600,234
'2017-03','639',' 서울시립대 후문','일일(회원)','M','20대',78,7463.64,62.62,269880,1890
'2017-03','640',' KEB하나은행 청량리역지점','일일(회원)','M','20대',4,164.8,1.48,6440,60
'2017-03','641',' 용두역 4번출구','일일(회원)','M','20대',10,1193.8,9.83,42350,281
'2017-03','642',' 신답역 사거리','일일(회원)','M','20대',6,366.06,3.09,13330,90
'2017-03','140',' 이화여대 후문','일일(회원)','M','20대',22,2364,18.42,79410,644
'2017-03','643',' 동대문구민체육센터 (육교아래)','일일(회원)','M','20대',10,1404.8,12,51790,303
'2017-03','230',' 영등포구청역 1번출구','일일(회원)','M','20대',23,2390.72,19.56,84250,715
'2017-03','260',' 여의도 마리나선착장 앞','일일(회원)','M','20대',17,2308.85,17.96,77410,597
'2017-03','262',' 영문초등학교 사거리','일일(회원)','M','20대',13,1726.53,13.91,59910,485
'2017-03','263',' 근로자회관 사거리','일일(회원)','M','20대',11,823.89,7.92,34120,235
'2017-03','264',' 교보생명보험 앞','일일(회원)','M','20대',7,665.74,5.41,23320,147
'2017-03','265',' 영등포유통상가 사거리','일일(회원)','M','20대',5,495.67,3.46,14900,95
'2017-03','141',' 연대 대운동장 옆','일일(회원)','M','20대',40,3747.63,30.66,132060,980
'2017-03','266',' 영등포청과시장 사거리','일일(회원)','M','20대',23,2690.8,21.45,92370,638
'2017-03','267',' 삼성화재 사옥 옆','일일(회원)','M','20대',28,6769.02,52.81,227430,1702
'2017-03','268',' 그랜드컨벤션센터 앞','일일(회원)','M','20대',11,1870.88,15.31,66000,857
'2017-03','270',' 증권거래소후문교차로','일일(회원)','M','20대',7,771.06,7.09,30510,288
'2017-03','271',' 샛강생태공원방문자센터 앞','일일(회원)','M','20대',10,2857.13,21.76,93780,642
'2017-03','272',' 당산육갑문','일일(회원)','M','20대',51,14958.7,105.96,456850,3030
'2017-03','716','신정6동 주민센터 인근','일일(회원)','M','20대',24,1200.51,9.96,42870,342
'2017-03','139',' 연세대 정문 건너편','일일(회원)','M','20대',31,3524.51,29.74,128130,890
'2017-03','719',' 홍익병원앞 교차로','일일(회원)','M','20대',5,1309.03,9.51,41020,208
'2017-03','720',' 서울강월초등학교 앞','일일(회원)','M','20대',2,133.59,1.21,5190,27
'2017-03','816',' 신용산역 6번출구 앞','일일(회원)','M','20대',35,4901.34,40.02,172470,1340
'2017-03','817',' 삼각지역 4번출구 앞','일일(회원)','M','20대',12,2214.02,17.29,74540,767
'2017-03','818',' 숙명여대 입구 교차로','일일(회원)','M','20대',28,3280.72,24.98,107560,804
'2017-03','819',' 선린인터넷 고등학교','일일(회원)','M','20대',32,4190.95,35.17,151470,1224
'2017-03','820',' 청파동입구 교차로','일일(회원)','M','20대',26,2977.01,24.04,103610,719
'2017-03','822',' 이촌1동 마을공원','일일(회원)','M','20대',29,6973.49,50.36,217130,1252
'2017-03','823',' 효창동주민센터 앞','일일(회원)','M','20대',13,1626.02,8.54,36800,306
'2017-03','825',' 서빙고동 주민센터 앞','일일(회원)','M','20대',57,13751.63,114.3,492700,2798
'2017-03','199',' 서울 월드컵 경기장','일일(회원)','M','20대',35,5451.3,43.82,188820,1805
'2017-03','388',' 동성중학교 앞','일일(회원)','M','20대',26,3534.53,31.07,134000,1096
'2017-03','584',' 광진광장 교통섬','일일(회원)','M','20대',32,4350.68,33.96,146380,1270
'2017-03','585',' 성수2가1동 공영주차장 인근','일일(회원)','M','20대',13,1197.82,9.42,40610,325
'2017-03','586',' 마장동 주민센터','일일(회원)','M','20대',10,1021.69,8.92,38500,328
'2017-03','900',' 은평예술회관','일일(회원)','M','20대',6,794.02,6.77,29140,221
'2017-03','901',' 응암1동사무소','일일(회원)','M','20대',9,828.02,6.63,28570,176
'2017-03','200',' 국회의원회관','일일(회원)','M','20대',5,378,3.14,13620,103
'2017-03','902',' 진관동 은빛초등학교','일일(회원)','M','20대',1,40.75,0.34,1470,9
'2017-03','903',' 은평뉴타운 아이파크','일일(회원)','M','20대',1,151.87,1.37,5900,24
'2017-03','904',' 은평뉴타운 푸르지오','일일(회원)','M','20대',4,222.93,1.94,8410,50
'2017-03','905',' 구파발역 2번출구','일일(회원)','M','20대',15,1759.59,14.46,62220,393
'2017-03','906',' 연신내역 5번출구150M 아래','일일(회원)','M','20대',26,3271.36,26.73,115230,808
'2017-03','907',' CJ 드림시티','일일(회원)','M','20대',61,13233.15,108.96,469570,2665
'2017-03','908',' 구산역 4번출구','일일(회원)','M','20대',5,770.47,7.4,31920,247
'2017-03','909',' 백련산 힐스테이트 3차','일일(회원)','M','20대',5,911.25,7.04,30380,225
'2017-03','911',' 은평평화공원(역촌역4번출구)','일일(회원)','M','20대',10,1004.99,7.93,34250,241
'2017-03','201',' 진미파라곤 앞','일일(회원)','M','20대',20,3268.93,27.29,117570,876
'2017-03','912',' 응암오거리','일일(회원)','M','20대',13,1687.59,15.13,65190,459
'2017-03','913',' 이마트 은평점','일일(회원)','M','20대',16,2234.87,18.04,77730,647
'2017-03','914',' 새절역 2번출구','일일(회원)','M','20대',42,5926.59,49.48,213310,1663
'2017-03','915',' 증산역 4번출구','일일(회원)','M','20대',15,2572.95,19.85,85510,493
'2017-03','916',' 평생학습관 앞','일일(회원)','M','20대',4,180.45,1.18,5110,37
'2017-03','917',' 녹번역 4번출구','일일(회원)','M','20대',12,972.88,8.17,35220,466
'2017-03','919',' 서울혁신파크','일일(회원)','M','20대',3,92.95,0.88,3760,28
'2017-03','921',' 신도고등학교','일일(회원)','M','20대',5,981.91,7.45,32090,165
'2017-03','202',' 국민일보 앞','일일(회원)','M','20대',59,9412.63,78.06,336490,2483
'2017-03','922',' 연신내역 4번출구','일일(회원)','M','20대',16,2033.91,17.45,75140,599
'2017-03','923',' 국민은행 연서지점','일일(회원)','M','20대',7,407.18,3.55,15290,85
'2017-03','924',' 메뚜기다리','일일(회원)','M','20대',1,45.05,0.41,1750,36
'2017-03','925',' 불광역 2번출구','일일(회원)','M','20대',3,444.07,4.16,17910,138
'2017-03','926',' 불광역 8번출구','일일(회원)','M','20대',12,1985.95,18.05,77760,657
'2017-03','927',' 연신내역 3번출구 인근','일일(회원)','M','20대',7,559.15,4.6,19830,221
'2017-03','928',' 은평역사한옥박물관','일일(회원)','M','20대',2,892.41,8.05,34670,139
'2017-03','931',' 역촌파출소','일일(회원)','M','20대',29,4673.16,37.67,162410,1095
'2017-03','932',' 예일여중','일일(회원)','M','20대',10,973.09,8.36,36070,309
'2017-03','933',' LG서비스 역촌점','일일(회원)','M','20대',17,3398.97,25.81,111310,662
'2017-03','587',' KEB하나은행 성수중앙지점','일일(회원)','M','20대',6,1409.68,11.14,48040,309
'2017-03','588',' 뚝섬 유원지역','일일(회원)','M','20대',30,4192.23,35.29,152210,1257
'2017-03','103',' 망원역 2번출구 앞','일일(회원)','M','20대',29,4108.13,32.7,141030,962
'2017-03','204',' 국회의사당역 5번출구 옆','일일(회원)','M','20대',21,3419.15,27.76,119580,976
'2017-03','203',' 국회의사당역 3번출구 옆','일일(회원)','M','20대',26,2989.98,26.52,114320,918
'2017-03','205',' 산업은행 앞','일일(회원)','M','20대',38,5902,49.71,214130,1744
'2017-03','206',' KBS 앞','일일(회원)','M','20대',23,2661.25,20.4,87940,788
'2017-03','209',' 유진투자증권빌딩 앞','일일(회원)','M','20대',39,7083.85,59.66,257120,2104
'2017-03','210',' IFC몰','일일(회원)','M','20대',34,6337.82,51.83,223600,1619
'2017-03','211',' 여의도역 4번출구 옆','일일(회원)','M','20대',71,9106.13,76.67,330470,2732
'2017-03','212',' 여의도역 1번출구 옆','일일(회원)','M','20대',40,7122.07,60.44,260600,2378
'2017-03','213',' KT앞','일일(회원)','M','20대',19,2247.91,17.87,77050,599
'2017-03','104',' 합정역 1번출구 앞','일일(회원)','M','20대',41,5583.43,44.94,193640,1487
'2017-03','214',' 금융감독원 앞','일일(회원)','M','20대',17,3358.33,28.58,123270,992
'2017-03','218',' 증권거래소 앞','일일(회원)','M','20대',7,1646.52,13.55,58440,424
'2017-03','219',' 롯데캐슬엠파이어 옆','일일(회원)','M','20대',14,1260.44,11.05,47650,445
'2017-03','220',' 미성아파트 A동 앞','일일(회원)','M','20대',22,1871.94,14.26,61490,541
'2017-03','215',' 여의도고교 앞','일일(회원)','M','20대',39,7097.61,61.88,266740,2014
'2017-03','216',' 삼부아파트1동 앞','일일(회원)','M','20대',15,2324.32,19.58,84360,487
'2017-03','217',' NH농협은행 앞','일일(회원)','M','20대',10,1467.95,11.97,51540,467
'2017-03','221',' 여의도초교 앞','일일(회원)','M','20대',49,4704.87,36.69,158150,1449
'2017-03','222',' 시범아파트버스정류장 옆','일일(회원)','M','20대',27,3734.09,31.5,135810,1065
'2017-03','223',' 진주아파트상가 앞','일일(회원)','M','20대',7,1297.56,9.79,42170,226
'2017-03','105',' 합정역 5번출구 앞','일일(회원)','M','20대',30,3947.43,25.23,108760,953
'2017-03','224',' 롯데캐슬 앞','일일(회원)','M','20대',14,1461.86,11.9,51270,395
'2017-03','225',' 앙카라공원 앞','일일(회원)','M','20대',22,3169.21,28.1,121050,1040
'2017-03','226',' 샛강역 1번출구 앞','일일(회원)','M','20대',18,3390.77,29.44,126830,857
'2017-03','207',' 여의나루역 1번출구 앞','일일(회원)','M','20대',335,57745.86,483.39,2083820,18238
'2017-03','401',' 상암월드컵파크 10단지 앞','일일(회원)','M','20대',2,303.46,2.87,12360,60
'2017-03','402',' 상암월드컵파크 9단지 앞','일일(회원)','M','20대',6,1013.58,7.13,30730,215
'2017-03','403',' 부엉이공원 앞','일일(회원)','M','20대',5,1168.21,7.8,33660,237
'2017-03','106',' 합정역 7번출구 앞','일일(회원)','M','20대',90,11924.66,92.53,398790,3070
'2017-03','405',' DMC빌 앞','일일(회원)','M','20대',2,437.97,3.81,16390,156
'2017-03','406',' 상암월드컵파크 7단지 앞','일일(회원)','M','20대',2,245.2,2.24,9660,65
'2017-03','421',' 마포구청 앞','일일(회원)','M','20대',25,2966.28,26.99,116380,931
'2017-03','407',' 마포구 육아종합지원센터','일일(회원)','M','20대',8,179.14,1.63,6960,35
'2017-03','408',' LG CNS앞','일일(회원)','M','20대',9,1095.25,9.12,39340,315
'2017-03','420',' 서울시 공공자전거 상암센터','일일(회원)','M','20대',18,3895.94,32.89,141880,1039
'2017-03','409',' 누리꿈스퀘어 옆','일일(회원)','M','20대',14,1396.82,11.07,47650,328
'2017-03','419',' 홈플러스 앞','일일(회원)','M','20대',68,11130.1,90.92,391840,2661
'2017-03','418',' 월드컵경기장역 3번출구 옆','일일(회원)','M','20대',49,6126.62,51.55,222070,1822
'2017-03','107',' 신한은행 서교동금융센터점 앞','일일(회원)','M','20대',16,1396.57,11.56,49820,302
'2017-03','411',' DMC홍보관','일일(회원)','M','20대',15,1741.49,15.01,64680,456
'2017-03','412',' DMC산학협력연구센터 앞','일일(회원)','M','20대',25,3315.14,25.89,111530,730
'2017-03','413',' 상암월드컵파크 3단지 후문','일일(회원)','M','20대',5,968.31,6.98,30080,203
'2017-03','417',' DMC역 2번출구 옆','일일(회원)','M','20대',16,3472.76,28.07,121020,871
'2017-03','414',' 상암동주민센터 옆','일일(회원)','M','20대',10,1228.67,8.47,36550,255
'2017-03','415',' DMC역 9번출구 앞','일일(회원)','M','20대',20,2140.62,17.17,74040,412
'2017-03','416',' 상암월드컵파크 1단지 교차로','일일(회원)','M','20대',3,228.26,1.89,8130,44
'2017-03','500',' 어린이대공원역 3번출구 앞','일일(회원)','M','20대',95,11649.88,98.18,423260,3173
'2017-03','501',' 광진구의회 앞','일일(회원)','M','20대',81,12027.23,98.54,424670,3271
'2017-03','502',' 뚝섬유원지역 1번출구 앞','일일(회원)','M','20대',254,45631.07,378.07,1629910,12813
'2017-03','108',' 서교동 사거리','일일(회원)','M','30대',7,864.63,5.91,25490,240
'2017-03','503',' 더샵스타시티 C동 앞','일일(회원)','M','30대',13,1006.63,7.59,32740,210
'2017-03','504',' 신자초교입구교차로','일일(회원)','M','30대',6,392.05,2.64,11320,95
'2017-03','505',' 자양사거리 광진아크로텔 앞','일일(회원)','M','30대',19,2509.98,19.46,83930,659
'2017-03','506',' 금호 어울림 아파트 앞','일일(회원)','M','30대',4,877.12,7.2,31040,139
'2017-03','508',' 성수아카데미타워 앞','일일(회원)','M','30대',4,578.66,4.92,21160,155
'2017-03','509',' 이마트 버스정류소 옆','일일(회원)','M','30대',13,1807.06,13.47,58000,371
'2017-03','510',' 서울숲 남문 버스정류소 옆','일일(회원)','M','30대',16,2558.29,20.59,88710,820
'2017-03','511',' 서울숲역 4번 출구 옆','일일(회원)','M','30대',23,3760.1,31.14,134230,1195
'2017-03','512',' 뚝섬역 1번 출구 옆','일일(회원)','M','30대',17,2159.38,16.43,70840,536
'2017-03','109',' 제일빌딩 앞','일일(회원)','M','30대',21,2605.83,20.58,88750,621
'2017-03','400',' 상암한화오벨리스크 1차 앞','일일(회원)','M','30대',1,126.8,1.05,4510,32
'2017-03','513',' 뚝섬역 5번 출구 정류소 옆','일일(회원)','M','30대',10,1752.85,12.84,55360,544
'2017-03','514',' 성수사거리 버스정류장 앞','일일(회원)','M','30대',7,1119.75,8.18,35240,236
'2017-03','515',' 광양중학교 앞','일일(회원)','M','30대',8,1727.04,14.07,60600,376
'2017-03','516',' 광진메디칼 앞','일일(회원)','M','30대',8,384.89,3.2,13810,118
'2017-03','300',' 정동사거리','일일(회원)','M','30대',7,466.45,3.98,17140,105
'2017-03','301',' 경복궁역 7번출구 앞','일일(회원)','M','30대',8,1110.06,7.6,32830,233
'2017-03','302',' 경복궁역 4번출구 뒤','일일(회원)','M','30대',6,589.59,4.46,19240,159
'2017-03','303',' 광화문역 1번출구 앞','일일(회원)','M','30대',13,1040.29,8.57,36950,460
'2017-03','115',' 사루비아 빌딩 앞','일일(회원)','M','30대',19,1662.58,13.21,56980,458
'2017-03','304',' 광화문역 2번출구 앞','일일(회원)','M','30대',11,1016.61,8.24,35560,403
'2017-03','305',' 종로구청 옆','일일(회원)','M','30대',13,1402.23,10.64,45860,402
'2017-03','306',' 광화문역 7번출구 앞','일일(회원)','M','30대',11,740.2,6.06,26150,289
'2017-03','307',' 서울역사박물관 앞','일일(회원)','M','30대',16,1627.01,12.79,55160,352
'2017-03','308',' 광화문 S타워 앞','일일(회원)','M','30대',19,1776.2,13.47,58060,428
'2017-03','309',' 광화문역 6번출구 옆','일일(회원)','M','30대',6,345.54,2.95,12730,128
'2017-03','310',' 청계광장 옆','일일(회원)','M','30대',6,768.72,6.45,27810,147
'2017-03','311',' 서울광장 옆','일일(회원)','M','30대',10,1125.04,8.75,37650,283
'2017-03','312',' 시청역 1번출구 뒤','일일(회원)','M','30대',6,769.01,5.36,23080,136
'2017-03','313',' 서울역 광장 파출소 옆','일일(회원)','M','30대',5,744.01,5.83,25140,132
'2017-03','110',' 사천교','일일(회원)','M','30대',5,315.15,2.52,10870,61
'2017-03','314',' 국립현대미술관','일일(회원)','M','30대',10,620.39,5.33,22950,163
'2017-03','315',' 신한은행 안국역지점 옆','일일(회원)','M','30대',8,711.11,5.67,24460,278
'2017-03','316',' 종각역 1번출구 앞','일일(회원)','M','30대',18,1504.82,12.03,51930,435
'2017-03','318',' 광교사거리 남측','일일(회원)','M','30대',14,2587.99,18.8,81030,378
'2017-03','320',' 을지로입구역 4번출구 앞','일일(회원)','M','30대',7,997.91,8.03,34600,266
'2017-03','321',' KEB 하나은행 본점 앞','일일(회원)','M','30대',11,1066.61,9.3,40120,293
'2017-03','322',' 명동성당 앞','일일(회원)','M','30대',12,1720.63,13.11,56520,369
'2017-03','116',' 일진아이윌아파트 옆','일일(회원)','M','30대',10,1054.35,7.81,33580,243
'2017-03','324',' 신세계백화점 본점 앞','일일(회원)','M','30대',16,1392.21,11.59,49950,544
'2017-03','326',' 안국역 5번출구 앞','일일(회원)','M','30대',11,857.67,6.94,29900,232
'2017-03','327',' 낙원상가 옆','일일(회원)','M','30대',4,323.13,2.58,11080,67
'2017-03','328',' 탑골공원 앞','일일(회원)','M','30대',12,925,7.39,31890,277
'2017-03','329',' 청계2가 사거리 옆','일일(회원)','M','30대',22,2380.26,18.74,80860,514
'2017-03','330',' 청계천 한빛광장','일일(회원)','M','30대',14,1148.1,9.4,40490,295
'2017-03','331',' 을지로2가 사거리 북측','일일(회원)','M','30대',11,1429.92,11.3,48730,274
'2017-03','332',' 을지로2가 사거리 남측','일일(회원)','M','30대',2,395.81,2.91,12540,65
'2017-03','111',' 상수역 2번출구 앞','일일(회원)','M','30대',8,1342.46,9.97,42930,312
'2017-03','334',' 종로3가역 2번출구 뒤','일일(회원)','M','30대',19,1655.57,13.57,58550,525
'2017-03','335',' 종로3가역 15번출구 앞','일일(회원)','M','30대',9,1027.13,6.43,27750,231
'2017-03','336',' 티마크 호텔 앞','일일(회원)','M','30대',7,595.77,4.17,17960,137
'2017-03','337',' 창경궁 입구','일일(회원)','M','30대',1,83.99,0.7,3030,41
'2017-03','338',' 세운스퀘어 앞','일일(회원)','M','30대',9,3436.46,32.51,140140,299
'2017-03','339',' 종로4가 사거리','일일(회원)','M','30대',7,713.92,6.17,26590,235
'2017-03','340',' 혜화동 로터리','일일(회원)','M','30대',24,3126.4,24.71,106590,712
'2017-03','341',' 혜화역 3번출구 뒤','일일(회원)','M','30대',15,1625.33,13.73,59200,408
'2017-03','342',' 대학로 마로니에공원','일일(회원)','M','30대',8,554.95,4.41,19020,174
'2017-03','343',' 예일빌딩(율곡로) 앞','일일(회원)','M','30대',3,136.31,1.26,5400,39
'2017-03','112',' 극동방송국 앞','일일(회원)','M','30대',10,995.57,8.2,35270,347
'2017-03','344',' 성균관대 E하우스 앞','일일(회원)','M','30대',7,589.01,4.88,21010,111
'2017-03','345',' 서울보증보험본사 앞','일일(회원)','M','30대',5,199.22,1.65,7150,46
'2017-03','346',' 맥스타일 앞','일일(회원)','M','30대',16,1441.34,12.08,52030,334
'2017-03','347',' 동대문역사문화공원역 9번출구 앞','일일(회원)','M','30대',15,1073.13,9.51,40940,431
'2017-03','349',' 사직동주민센터','일일(회원)','M','30대',7,808.18,6.47,27930,228
'2017-03','350','KEB 하나은행(내자동 지점) 앞','일일(회원)','M','30대',25,1823.83,14.92,64340,610
'2017-03','351',' 청운초교 앞 삼거리','일일(회원)','M','30대',9,1695.93,12.57,54100,340
'2017-03','352',' 중앙고입구 삼거리','일일(회원)','M','30대',1,61.12,0.57,2450,12
'2017-03','353',' 재동초교 앞 삼거리','일일(회원)','M','30대',3,243.83,1.75,7550,111
'2017-03','117',' 홍은사거리','일일(회원)','M','30대',6,1230.9,9.33,40230,244
'2017-03','354',' 포르투갈 대사관 앞','일일(회원)','M','30대',13,1007.85,8.29,35740,388
'2017-03','355',' 서울사대부속초교 앞','일일(회원)','M','30대',3,151.11,1.25,5360,49
'2017-03','356',' KT혜화지사 앞','일일(회원)','M','30대',13,976.64,8.32,35850,405
'2017-03','358',' 성대입구 사거리','일일(회원)','M','30대',10,1004.58,7.94,34200,282
'2017-03','359',' 원남동사거리','일일(회원)','M','30대',10,645.7,4.82,20840,261
'2017-03','361',' 동묘앞역 1번출구 뒤','일일(회원)','M','30대',6,721.09,5.54,23910,184
'2017-03','362',' 청계8가 사거리','일일(회원)','M','30대',10,1170.38,8.78,37840,202
'2017-03','363',' 신설동역 11번출구 뒤','일일(회원)','M','30대',2,210.74,1.81,7770,49
'2017-03','364',' 창신역 1번출구 앞','일일(회원)','M','30대',1,47.88,0.43,1860,9
'2017-03','113',' 홍대입구역 2번출구 앞','일일(회원)','M','30대',28,2217.44,17.8,76730,818
'2017-03','367',' 독립문역 3-1번출구 ','일일(회원)','M','30대',4,606.04,4.56,19700,174
'2017-03','368',' SK 서린빌딩 앞','일일(회원)','M','30대',9,788,6.43,27660,275
'2017-03','369',' 광화문 시민열린마당','일일(회원)','M','30대',7,613.55,5,21600,212
'2017-03','348',' 독립문역 사거리','일일(회원)','M','30대',2,175.92,1.43,6170,30
'2017-03','370',' 시청역(2호선) 9번출구 뒤','일일(회원)','M','30대',14,1763.33,14.5,62500,405
'2017-03','371',' 동대입구역 6번출구 뒤','일일(회원)','M','30대',7,381.83,3,12930,124
'2017-03','372',' 약수역 3번출구 뒤','일일(회원)','M','30대',7,404.47,3.57,15340,233
'2017-03','373',' 청구 어린이공원','일일(회원)','M','30대',1,142.08,1.28,5520,40
'2017-03','374',' 청구역 2번출구 앞','일일(회원)','M','30대',5,373.13,2.65,11470,67
'2017-03','118',' 광흥창역 2번출구 앞','일일(회원)','M','30대',7,866.82,6.56,28290,420
'2017-03','375',' 다산 어린이공원','일일(회원)','M','30대',7,409.75,3.62,15580,106
'2017-03','377',' 서울역 4번출구 앞','일일(회원)','M','30대',9,1155.38,9.21,39690,261
'2017-03','378',' 청계7가 사거리','일일(회원)','M','30대',6,419.96,3.1,13380,78
'2017-03','379',' 서울역9번출구','일일(회원)','M','30대',7,613.25,4.67,20150,139
'2017-03','380',' CJ제일제당 앞','일일(회원)','M','30대',9,903.82,7.03,30300,246
'2017-03','381',' 장충체육관','일일(회원)','M','30대',2,261.28,2.26,9750,66
'2017-03','382',' 약수역 10번출구 앞','일일(회원)','M','30대',2,117.03,0.82,3530,44
'2017-03','383',' 신당역 12번 출구 뒤','일일(회원)','M','30대',10,484.09,3.92,16950,374
'2017-03','384',' 종로학원본원 ','일일(회원)','M','30대',2,167.2,1.35,5840,42
'2017-03','114',' 홍대입구역 8번출구 앞','일일(회원)','M','30대',24,2608.39,21.92,94500,782
'2017-03','142',' 아현역 4번출구 앞','일일(회원)','M','30대',5,515.48,4.03,17360,136
'2017-03','143',' 공덕역 2번출구','일일(회원)','M','30대',13,1384.21,10.49,45210,350
'2017-03','144',' 공덕역 8번출구','일일(회원)','M','30대',15,2283.5,17.46,75300,555
'2017-03','145',' 공덕역 5번출구','일일(회원)','M','30대',8,1498.81,11.48,49440,289
'2017-03','146',' 마포역 1번출구 뒤','일일(회원)','M','30대',15,1546.48,13.07,56290,339
'2017-03','147',' 마포역 4번출구 뒤','일일(회원)','M','30대',7,1028.34,8.1,34930,303
'2017-03','148',' 용강동 주민센터 앞','일일(회원)','M','30대',7,1284.78,10.09,43490,398
'2017-03','150',' 서강대역 2번출구 앞','일일(회원)','M','30대',12,2159.04,17.62,75920,468
'2017-03','151',' 망원1동주민센터','일일(회원)','M','30대',14,2009.09,17.06,73540,508
'2017-03','152',' 마포구민체육센터 앞','일일(회원)','M','30대',27,4156.51,34.88,150300,1112
'2017-03','119',' 서강나루 공원','일일(회원)','M','30대',6,1065.35,8.82,38050,241
'2017-03','153',' 성산2교 사거리','일일(회원)','M','30대',25,3843.55,28.06,120910,856
'2017-03','154',' 마포구청역 ','일일(회원)','M','30대',20,2397.59,19.66,84780,547
'2017-03','155',' 가좌역1 번출구 뒤','일일(회원)','M','30대',3,567.94,4.5,19390,132
'2017-03','156',' 서울서부지방법원 앞','일일(회원)','M','30대',8,1325.84,11.25,48440,324
'2017-03','157',' 애오개역 4번출구 앞','일일(회원)','M','30대',9,866.19,6.32,27250,238
'2017-03','158',' 독립문 어린이 공원','일일(회원)','M','30대',1,85.83,0.67,2890,11
'2017-03','159',' 이대역 4번 출구','일일(회원)','M','30대',6,855.4,6.75,29050,210
'2017-03','160',' 북아현동 가구거리','일일(회원)','M','30대',13,1426.39,11.58,49880,420
'2017-03','161',' 무악재역1번 출구','일일(회원)','M','30대',2,284.35,2.5,10790,77
'2017-03','162',' 봉원고가차도 밑','일일(회원)','M','30대',2,465.12,3.57,15390,103
'2017-03','120',' 신수동 사거리','일일(회원)','M','30대',3,215.02,1.77,7590,74
'2017-03','164',' 북가좌1동 주민센터 ','일일(회원)','M','30대',2,143.83,1.11,4760,47
'2017-03','165',' 중앙근린공원','일일(회원)','M','30대',8,992.29,8.36,36010,308
'2017-03','166',' 가재울 초등학교','일일(회원)','M','30대',10,1969.41,14.57,62820,466
'2017-03','167',' 연가초등학교 옆','일일(회원)','M','30대',2,795.72,6.51,28100,249
'2017-03','168',' 남가좌동 사거리','일일(회원)','M','30대',1,125.1,1.13,4860,22
'2017-03','169',' 북가좌 삼거리','일일(회원)','M','30대',3,159.91,1.23,5310,29
'2017-03','170',' 가재울 뉴타운 주유소 옆','일일(회원)','M','30대',4,989.72,6.66,28700,136
'2017-03','171',' 임광빌딩 앞','일일(회원)','M','30대',5,518.08,3.85,16620,91
'2017-03','172',' 서대문소방서','일일(회원)','M','30대',13,2160.34,14.93,64360,392
'2017-03','121',' 마포소방서 앞','일일(회원)','M','30대',1,28.19,0.26,1130,7
'2017-03','173',' 서대문역 8번출구 앞','일일(회원)','M','30대',6,752.98,6.02,25940,160
'2017-03','175',' 홍연2교옆','일일(회원)','M','30대',16,2322.2,18.66,80530,479
'2017-03','179',' 가좌역 4번출구 앞','일일(회원)','M','30대',5,533.39,3.94,16980,94
'2017-03','180',' 충정로역 7번출구 뒤','일일(회원)','M','30대',9,679.43,5.73,24650,126
'2017-03','518',' 청계천 박물관 앞','일일(회원)','M','30대',7,1400.95,9.97,42960,222
'2017-03','519',' 양지사거리','일일(회원)','M','30대',6,1500.37,11.71,50400,237
'2017-03','520',' 상왕십리역 4번 출구 앞','일일(회원)','M','30대',9,1140.93,8.6,37120,354
'2017-03','521',' 왕십리역 11번 출구 앞','일일(회원)','M','30대',8,1018.63,8.42,36260,268
'2017-03','522',' 금호역 1번출구 앞','일일(회원)','M','30대',6,479.87,4.28,18440,118
'2017-03','122',' 신성기사식당 앞','일일(회원)','M','30대',9,714.49,6.74,29070,260
'2017-03','524',' 래미안금호하이리버 아파트 102동 옆','일일(회원)','M','30대',5,1000.85,8.25,35500,311
'2017-03','525',' 한양대병원사거리','일일(회원)','M','30대',13,1968.55,14.78,63750,509
'2017-03','526',' 용답토속공원 앞','일일(회원)','M','30대',6,1285.39,8.75,37750,203
'2017-03','529',' 장한평역 8번 출구 앞','일일(회원)','M','30대',8,1110.3,8,34530,205
'2017-03','530',' 청계벽산아파트 앞','일일(회원)','M','30대',4,306.92,2.5,10760,69
'2017-03','533',' 우리은행 금호동 지점 앞','일일(회원)','M','30대',1,113.73,0.83,3590,20
'2017-03','534',' 금호사거리','일일(회원)','M','30대',1,383.72,2.25,9690,47
'2017-03','535',' 응봉삼거리','일일(회원)','M','30대',17,1403.98,10.8,46480,328
'2017-03','536',' 행당역 2번출구 앞','일일(회원)','M','30대',1,153.25,1.2,5160,36
'2017-03','537',' 한양대후문역 부근','일일(회원)','M','30대',17,1920.68,16.82,72440,578
'2017-03','123',' 문화촌 공원','일일(회원)','M','30대',2,242.32,1.81,7820,77
'2017-03','538',' 답십리역 8번출구 앞','일일(회원)','M','30대',4,583.82,4.9,21120,136
'2017-03','550',' 서울시설공단 앞','일일(회원)','M','30대',7,776.2,5.83,25180,156
'2017-03','539',' 군자교교차로','일일(회원)','M','30대',9,1377.83,9.87,42550,261
'2017-03','540',' 군자역 7번출구 베스트샵 앞','일일(회원)','M','30대',13,1290.5,9.69,41790,404
'2017-03','542',' 강변역 4번출구 뒤','일일(회원)','M','30대',4,1008.45,7.99,34420,265
'2017-03','543',' 구의공원(테크노마트 앞)','일일(회원)','M','30대',2,129.49,1.01,4360,49
'2017-03','544',' 광남중학교','일일(회원)','M','30대',1,17.5,0.16,680,7
'2017-03','546',' 잠실대교북단 교차로','일일(회원)','M','30대',5,255.45,1.93,8320,97
'2017-03','548',' 자양나들목','일일(회원)','M','30대',5,1767.39,13.17,56810,652
'2017-03','549',' 아차산역 3번출구','일일(회원)','M','30대',2,146.7,1.08,4650,38
'2017-03','124',' 서강대 정문 건너편','일일(회원)','M','30대',5,322.02,2.61,11270,150
'2017-03','600',' 휘경2동 주민센터','일일(회원)','M','30대',9,2295.77,15.51,66840,404
'2017-03','601',' 용신동주민센터','일일(회원)','M','30대',1,56.89,0.51,2210,14
'2017-03','602',' 장안동 사거리','일일(회원)','M','30대',10,1328.6,11.15,48030,373
'2017-03','605',' 신설동역8번출구','일일(회원)','M','30대',4,345.95,2.67,11520,170
'2017-03','606',' 휘경공고앞','일일(회원)','M','30대',3,1071.16,8.46,36420,181
'2017-03','607',' 신이문역 2번출구','일일(회원)','M','30대',4,596.7,5.53,23830,160
'2017-03','609',' 제기2교','일일(회원)','M','30대',9,2000.66,16.97,73240,457
'2017-03','125',' 서강대 남문 옆','일일(회원)','M','30대',5,564.32,5.04,21690,165
'2017-03','610',' 동대문중 교차로','일일(회원)','M','30대',6,522.64,3.91,16820,118
'2017-03','612',' 시립동부병원 앞 사거리','일일(회원)','M','30대',4,112.12,1,4290,39
'2017-03','613',' 신설동역 10번출구 앞','일일(회원)','M','30대',12,1617.35,12.33,53150,437
'2017-03','614',' 용두동 사거리','일일(회원)','M','30대',14,2044.91,15.42,66430,413
'2017-03','615',' 용두동 레미안허브리츠아파트 앞','일일(회원)','M','30대',5,571.54,4.95,21400,171
'2017-03','616',' 서울시립대 앞','일일(회원)','M','30대',1,120.07,0.88,3790,21
'2017-03','617',' 청솔우성아파트 앞','일일(회원)','M','30대',4,480.3,3.57,15330,79
'2017-03','227',' 양평2나들목 보행통로 입구','일일(회원)','M','30대',12,2162.52,18.8,80910,405
'2017-03','228',' 선유도역 3번출구 앞','일일(회원)','M','30대',23,5852.22,42.46,183080,1295
'2017-03','229',' 양평1 보행육교 앞','일일(회원)','M','30대',3,233.77,2.08,8960,220
'2017-03','126',' 서강대 후문 옆','일일(회원)','M','30대',14,1745.61,16.3,70290,490
'2017-03','231',' 남부고용노동지청 남측','일일(회원)','M','30대',6,1408.71,9.91,42710,256
'2017-03','232',' 양평우림 이비즈센타 앞','일일(회원)','M','30대',11,1627.22,12.95,55740,493
'2017-03','233',' YP 센터 앞','일일(회원)','M','30대',3,855.8,7.4,31900,205
'2017-03','234',' 영등포구민체육센터 앞','일일(회원)','M','30대',1,225.23,2.03,8750,42
'2017-03','235',' 신길동 우리은행 옆','일일(회원)','M','30대',1,98.84,0.97,4160,35
'2017-03','236',' 문래동자이아파트 앞','일일(회원)','M','30대',7,959.16,7.99,34440,376
'2017-03','237',' 보라매 두산위브 건너편','일일(회원)','M','30대',3,582.17,4.59,19750,129
'2017-03','238',' 제2구민체육센타 앞','일일(회원)','M','30대',5,542.22,3.31,14320,82
'2017-03','239',' 유스호스텔 앞','일일(회원)','M','30대',7,752.25,6.37,27490,170
'2017-03','240',' 문래역 4번출구 앞','일일(회원)','M','30대',10,848.05,6.89,29660,225
'2017-03','127',' 현대벤처빌 앞','일일(회원)','M','30대',5,348.16,2.74,11800,64
'2017-03','241',' 신길우성1차아파트 앞 공원','일일(회원)','M','30대',9,1620.77,11.93,51430,444
'2017-03','242',' 신길선원가와인아파트 앞','일일(회원)','M','30대',1,88.5,0.7,3020,19
'2017-03','243',' 이앤씨드림타워 앞','일일(회원)','M','30대',7,472.37,3.56,15310,131
'2017-03','244',' 영등포삼환아파트 앞','일일(회원)','M','30대',4,1052.94,6.41,27610,154
'2017-03','245',' 삼성생명 당산사옥 앞','일일(회원)','M','30대',18,3205.82,26.23,113010,883
'2017-03','247',' 당산역 10번출구 앞','일일(회원)','M','30대',22,2822.76,21.78,93890,609
'2017-03','248',' 초원아파트 앞','일일(회원)','M','30대',12,1985.28,16.55,71340,545
'2017-03','249',' 여의도중학교 옆','일일(회원)','M','30대',9,1319.57,9.6,41390,458
'2017-03','250',' 대림아파트 사거리','일일(회원)','M','30대',8,2203.2,14.2,61210,355
'2017-03','251',' 서울지방병무청 버스정류장','일일(회원)','M','30대',6,1080.3,8.91,38410,310
'2017-03','101',' (구)합정동 주민센터','일일(회원)','M','30대',2,314.35,2.63,11340,58
'2017-03','128',' 신촌역(2호선) 1번출구 옆','일일(회원)','M','30대',6,486.72,4.08,17590,124
'2017-03','252',' 보라매역4번출구','일일(회원)','M','30대',7,1157.57,9.77,42160,312
'2017-03','253',' 신풍역 5번출구 인근','일일(회원)','M','30대',3,239.87,1.84,7940,82
'2017-03','256',' 동아에코빌입구','일일(회원)','M','30대',3,497.47,4.17,18010,168
'2017-03','257',' 신길삼거리(우리은행)','일일(회원)','M','30대',2,129.85,1.03,4430,34
'2017-03','258',' 신길역3번출구','일일(회원)','M','30대',5,816,7.88,33910,286
'2017-03','259',' 대방역6번출구','일일(회원)','M','30대',19,2547.12,19.5,84010,601
'2017-03','700',' KB국민은행 염창역 지점 앞','일일(회원)','M','30대',13,6208.39,34.16,147260,963
'2017-03','701',' 목동사거리 부근','일일(회원)','M','30대',2,515.04,4.31,18580,135
'2017-03','129',' 신촌역(2호선) 6번출구 옆','일일(회원)','M','30대',6,549.58,4.5,19390,133
'2017-03','703',' 오목교역 7번출구 앞','일일(회원)','M','30대',14,2308.05,18.39,79240,446
'2017-03','704',' 남부법원검찰청 교차로','일일(회원)','M','30대',4,1012.31,7.99,34390,227
'2017-03','706',' 신정네거리역','일일(회원)','M','30대',7,1009.38,7.87,33920,327
'2017-03','707',' 신정3동주민센터','일일(회원)','M','30대',5,547.34,4.77,20550,141
'2017-03','708',' 서울출입국관리사무소 앞','일일(회원)','M','30대',6,955.7,7.62,32790,202
'2017-03','710',' 서부화물트럭터미널 사거리','일일(회원)','M','30대',2,847.73,6.43,27730,158
'2017-03','711',' 신일해피트리아파트 앞','일일(회원)','M','30대',1,208.85,1.36,5860,37
'2017-03','712',' 강월초교입구 사거리','일일(회원)','M','30대',2,487.6,3.07,13240,82
'2017-03','130',' 신촌역(2호선) 7번출구 앞','일일(회원)','M','30대',6,556.32,5.08,21860,208
'2017-03','713',' 양서중학교 옆','일일(회원)','M','30대',2,463.34,3.42,14740,73
'2017-03','800',' 목월공원 앞','일일(회원)','M','30대',9,1144.9,9.14,39380,343
'2017-03','802',' 한강진역 2번 출구 앞','일일(회원)','M','30대',6,663.26,5.3,22800,129
'2017-03','803',' 한남초교 앞 보도육교','일일(회원)','M','30대',2,678.15,4.51,19460,78
'2017-03','805',' 문배어린이공원 앞','일일(회원)','M','30대',7,1075.89,8.1,34910,268
'2017-03','806',' 전자랜드 본관 앞','일일(회원)','M','30대',6,988.84,8.47,36500,233
'2017-03','807',' 서울역 12번 출구 앞','일일(회원)','M','30대',9,1625.96,11.28,48580,358
'2017-03','808',' 서빙고동 금호맨션 앞','일일(회원)','M','30대',2,624.97,5.63,24280,181
'2017-03','131',' 증산2교','일일(회원)','M','30대',6,1963.22,13.09,56430,355
'2017-03','809',' 한남 유수지 복개주차장','일일(회원)','M','30대',5,1489.6,11.28,48650,238
'2017-03','810',' 이태원지하보도','일일(회원)','M','30대',9,1431.12,10.72,46220,214
'2017-03','811',' 녹사평역1번출구','일일(회원)','M','30대',27,2546.7,19.52,84210,668
'2017-03','812',' 용산전쟁기념관','일일(회원)','M','30대',9,1075.62,8.32,35930,332
'2017-03','813',' 삼각지역 3번출구','일일(회원)','M','30대',4,201.07,1.53,6600,72
'2017-03','815',' LIG강촌아파트 103동앞','일일(회원)','M','30대',11,2401.81,19.17,82650,680
'2017-03','385',' 종각역 5번출구','일일(회원)','M','30대',11,1408.52,10.76,46420,344
'2017-03','386',' 올림픽기념 국민생활관 앞','일일(회원)','M','30대',5,795.45,6.08,26190,178
'2017-03','387',' 훈련원공원주차장 앞','일일(회원)','M','30대',8,620.71,5.48,23620,181
'2017-03','181',' 망원초록길 입구','일일(회원)','M','30대',6,1483.85,11.87,51210,300
'2017-03','132',' 창천문화공원','일일(회원)','M','30대',6,744.36,5.96,25700,188
'2017-03','182',' 망원2빗물펌프장 앞','일일(회원)','M','30대',16,2815.04,23.31,100470,781
'2017-03','183',' 하늘채코오롱아파트 건너편','일일(회원)','M','30대',10,1089.45,8.54,36780,276
'2017-03','184',' SK망원동주유소 건너편','일일(회원)','M','30대',13,1216.49,10.61,45770,306
'2017-03','185',' 마포 신수공원 앞','일일(회원)','M','30대',22,2611.05,19.85,85590,608
'2017-03','186',' 월드컵공원','일일(회원)','M','30대',47,7680.44,63.2,272410,2308
'2017-03','177',' 북가좌 초등학교','일일(회원)','M','30대',1,53.54,0.48,2080,11
'2017-03','188',' 홍은동 정원여중 입구','일일(회원)','M','30대',3,649.3,5.12,22030,112
'2017-03','191',' 정명학원','일일(회원)','M','30대',3,434.29,3.53,15210,272
'2017-03','192',' 연서어린이공원','일일(회원)','M','30대',3,235.15,1.98,8550,79
'2017-03','178',' 증산3교 앞','일일(회원)','M','30대',2,625.32,4.68,20140,139
'2017-03','133',' 해담는다리','일일(회원)','M','30대',3,1177.94,8.42,36270,244
'2017-03','194',' 증산교 앞','일일(회원)','M','30대',16,2383.3,20.48,88330,557
'2017-03','195',' 모래내고가차도 ','일일(회원)','M','30대',6,382.89,3.2,13810,176
'2017-03','196',' 연희교차로 인근','일일(회원)','M','30대',4,260.83,1.77,7670,75
'2017-03','198',' 충정2교','일일(회원)','M','30대',4,168.06,1.52,6550,62
'2017-03','556',' 달맞이공원','일일(회원)','M','30대',5,795.27,7.02,30310,268
'2017-03','557',' 도선동 주민센터 앞','일일(회원)','M','30대',4,330.43,2.43,10430,100
'2017-03','558',' 성동광진 교육지원청 앞','일일(회원)','M','30대',9,916.33,6.92,29800,292
'2017-03','134',' 연세로 명물길','일일(회원)','M','30대',6,1458.34,11.48,49460,308
'2017-03','559',' 왕십리역 4번 출구 건너편','일일(회원)','M','30대',16,2418.36,19.34,83410,787
'2017-03','560',' 비전교회 앞','일일(회원)','M','30대',1,116.19,0.76,3260,25
'2017-03','561',' 서울숲역 2번출구 앞','일일(회원)','M','30대',17,2255.04,17.48,75330,638
'2017-03','562',' 군자지하보도 앞','일일(회원)','M','30대',3,232.44,2.18,9390,63
'2017-03','563',' 성동세무서 건너편','일일(회원)','M','30대',2,101.08,0.74,3200,15
'2017-03','564',' 금호역 3번출구','일일(회원)','M','30대',7,1050.28,8.75,37720,226
'2017-03','565',' 옥수역 3번출구','일일(회원)','M','30대',25,5969.39,46.67,201230,1158
'2017-03','567',' 성수역 2번출구 앞','일일(회원)','M','30대',16,1656.74,12.68,54610,695
'2017-03','568',' 청계8가사거리 부근','일일(회원)','M','30대',11,1078.04,8.19,35290,219
'2017-03','135',' 명물길 원형무대 앞','일일(회원)','M','30대',2,162.26,1.29,5560,34
'2017-03','569',' 응봉현대아파트 정류소','일일(회원)','M','30대',1,57.97,0.42,1830,10
'2017-03','579',' 마장역 4번출구','일일(회원)','M','30대',3,736.78,5.72,24630,205
'2017-03','580',' 신금호역 3번출구 뒤','일일(회원)','M','30대',1,123.49,0.94,4050,57
'2017-03','581',' 용답초등학교','일일(회원)','M','30대',10,1201.27,9.69,41800,260
'2017-03','582',' 경일중학교 앞','일일(회원)','M','30대',2,140.64,1.19,5150,44
'2017-03','583',' 청계천 생태교실 앞','일일(회원)','M','30대',23,3869.26,31.05,133850,846
'2017-03','551',' 구의삼성쉐르빌 앞','일일(회원)','M','30대',4,427.81,3.51,15170,85
'2017-03','552',' 대림아크로리버 앞','일일(회원)','M','30대',1,128.9,1.01,4340,33
'2017-03','553',' 중곡 성원APT 앞','일일(회원)','M','30대',3,590.44,4.7,20290,151
'2017-03','554',' 아차산역 사거리','일일(회원)','M','30대',1,136.38,0.97,4200,30
'2017-03','555',' 구의3동주민센터','일일(회원)','M','30대',1,90.72,0.67,2900,19
'2017-03','571',' 어린이대공원역6번출구','일일(회원)','M','30대',14,1601.92,12.29,53020,498
'2017-03','572',' 국립정신 건강센터 앞','일일(회원)','M','30대',4,932.53,7.73,33310,178
'2017-03','573',' 구의문주차장 앞','일일(회원)','M','30대',9,507.39,3.41,14680,114
'2017-03','574',' 아차산역4번출구','일일(회원)','M','30대',12,1272.43,10.14,43730,334
'2017-03','575',' 중앙농협 중곡지점','일일(회원)','M','30대',5,675.74,4.92,21200,126
'2017-03','576',' 광나루역 3번 출구','일일(회원)','M','30대',4,306.84,2.41,10370,262
'2017-03','577',' 광진청소년수련관','일일(회원)','M','30대',9,1422.77,10.9,47050,335
'2017-03','621',' 동대문중학교 옆','일일(회원)','M','30대',1,94.53,0.76,3270,19
'2017-03','137',' NH농협 신촌지점 앞','일일(회원)','M','30대',3,105.34,0.99,4260,24
'2017-03','622',' 전농사거리 교통섬','일일(회원)','M','30대',2,86.25,0.75,3240,17
'2017-03','623',' 서울시립대 정문 앞','일일(회원)','M','30대',9,817.61,6.62,28590,195
'2017-03','624',' 전농동 동아아파트 앞','일일(회원)','M','30대',5,306.82,2.76,11920,68
'2017-03','625',' 답십리초등학교 앞(현대시장 옆)','일일(회원)','M','30대',5,644.3,5.09,21960,177
'2017-03','626',' 군자교 서측 녹지대','일일(회원)','M','30대',4,749.92,6.34,27340,187
'2017-03','627',' 장안동삼거리 교통섬','일일(회원)','M','30대',1,94.72,0.85,3680,20
'2017-03','628',' 휘봉고등학교 앞','일일(회원)','M','30대',4,311.21,2.76,11930,76
'2017-03','630',' 동대문구 보건소','일일(회원)','M','30대',2,307.01,2.14,9220,54
'2017-03','631',' 답십리역 1번출구','일일(회원)','M','30대',6,380.43,3.33,14350,174
'2017-03','102',' 망원역 1번출구 앞','일일(회원)','M','30대',11,1289.48,9.97,43020,491
'2017-03','138',' 신촌동 제1공영주차장 앞','일일(회원)','M','30대',3,83.02,0.67,2890,26
'2017-03','633',' 청량리 기업은행 앞','일일(회원)','M','30대',10,1021.57,8.48,36560,254
'2017-03','634',' 외국어대 정문 앞','일일(회원)','M','30대',20,2093.92,17.18,74020,793
'2017-03','635',' 시조사 앞 (청량고정문 옆)','일일(회원)','M','30대',1,77.87,0.86,3710,32
'2017-03','636',' 세종대왕기념관 교차로','일일(회원)','M','30대',1,34.45,0.23,1000,8
'2017-03','637',' KAIST 경영대학 앞','일일(회원)','M','30대',3,430.35,3.35,14430,96
'2017-03','638',' 서울시립대 정보기술관','일일(회원)','M','30대',1,151.43,1.11,4780,57
'2017-03','639',' 서울시립대 후문','일일(회원)','M','30대',7,754.03,6.52,28070,178
'2017-03','640',' KEB하나은행 청량리역지점','일일(회원)','M','30대',4,271.08,2.13,9170,58
'2017-03','641',' 용두역 4번출구','일일(회원)','M','30대',7,421.09,3.75,16190,135
'2017-03','642',' 신답역 사거리','일일(회원)','M','30대',4,121.75,0.99,4270,39
'2017-03','140',' 이화여대 후문','일일(회원)','M','30대',3,325.82,2.7,11650,74
'2017-03','643',' 동대문구민체육센터 (육교아래)','일일(회원)','M','30대',11,1788.27,13.4,57750,362
'2017-03','230',' 영등포구청역 1번출구','일일(회원)','M','30대',19,1840.18,15.03,64830,466
'2017-03','260',' 여의도 마리나선착장 앞','일일(회원)','M','30대',9,1324.33,10.88,46960,370
'2017-03','262',' 영문초등학교 사거리','일일(회원)','M','30대',4,624.29,5.24,22610,180
'2017-03','263',' 근로자회관 사거리','일일(회원)','M','30대',5,1044.18,8.62,37180,248
'2017-03','264',' 교보생명보험 앞','일일(회원)','M','30대',4,947.34,7.54,32530,171
'2017-03','141',' 연대 대운동장 옆','일일(회원)','M','30대',6,366.81,2.85,12220,128
'2017-03','266',' 영등포청과시장 사거리','일일(회원)','M','30대',5,226.35,1.88,8060,59
'2017-03','267',' 삼성화재 사옥 옆','일일(회원)','M','30대',8,1158.8,9.89,42600,313
'2017-03','268',' 그랜드컨벤션센터 앞','일일(회원)','M','30대',9,931.46,7.92,34140,202
'2017-03','270',' 증권거래소후문교차로','일일(회원)','M','30대',2,114.03,1,4300,34
'2017-03','271',' 샛강생태공원방문자센터 앞','일일(회원)','M','30대',3,492.98,3.32,14310,134
'2017-03','272',' 당산육갑문','일일(회원)','M','30대',27,6625.37,51.9,223700,1614
'2017-03','716','신정6동 주민센터 인근','일일(회원)','M','30대',9,1080.12,9.42,40660,408
'2017-03','139',' 연세대 정문 건너편','일일(회원)','M','30대',5,715.35,5.8,25030,161
'2017-03','719',' 홍익병원앞 교차로','일일(회원)','M','30대',2,232.54,1.8,7740,96
'2017-03','816',' 신용산역 6번출구 앞','일일(회원)','M','30대',16,2688,21.22,91490,654
'2017-03','817',' 삼각지역 4번출구 앞','일일(회원)','M','30대',6,1654.21,14.57,62850,317
'2017-03','818',' 숙명여대 입구 교차로','일일(회원)','M','30대',6,361.64,3.05,13150,136
'2017-03','819',' 선린인터넷 고등학교','일일(회원)','M','30대',3,220.07,1.87,8080,71
'2017-03','820',' 청파동입구 교차로','일일(회원)','M','30대',7,626.4,4.91,21200,160
'2017-03','822',' 이촌1동 마을공원','일일(회원)','M','30대',4,981.07,8.29,35770,200
'2017-03','823',' 효창동주민센터 앞','일일(회원)','M','30대',2,1147.98,9.54,41110,195
'2017-03','825',' 서빙고동 주민센터 앞','일일(회원)','M','30대',21,5582.68,44.71,192680,1202
'2017-03','199',' 서울 월드컵 경기장','일일(회원)','M','30대',17,3608.84,30.57,131760,1155
'2017-03','388',' 동성중학교 앞','일일(회원)','M','30대',11,1483.41,12.37,53320,279
'2017-03','584',' 광진광장 교통섬','일일(회원)','M','30대',8,1048.78,7.98,34460,252
'2017-03','585',' 성수2가1동 공영주차장 인근','일일(회원)','M','30대',4,561.47,4.55,19580,134
'2017-03','586',' 마장동 주민센터','일일(회원)','M','30대',2,401.07,3.46,14880,106
'2017-03','900',' 은평예술회관','일일(회원)','M','30대',11,572.83,4.72,20370,128
'2017-03','901',' 응암1동사무소','일일(회원)','M','30대',8,641.08,4.42,19090,121
'2017-03','200',' 국회의원회관','일일(회원)','M','30대',2,356.52,2.83,12180,81
'2017-03','904',' 은평뉴타운 푸르지오','일일(회원)','M','30대',6,555.16,4.75,20520,252
'2017-03','905',' 구파발역 2번출구','일일(회원)','M','30대',4,389.27,3.83,16550,96
'2017-03','906',' 연신내역 5번출구150M 아래','일일(회원)','M','30대',10,1087.11,8.1,34880,249
'2017-03','907',' CJ 드림시티','일일(회원)','M','30대',33,5073.31,41.62,179480,1174
'2017-03','908',' 구산역 4번출구','일일(회원)','M','30대',4,390.5,2.81,12120,67
'2017-03','909',' 백련산 힐스테이트 3차','일일(회원)','M','30대',2,500.69,3.71,15990,76
'2017-03','911',' 은평평화공원(역촌역4번출구)','일일(회원)','M','30대',3,810.22,5.59,24100,137
'2017-03','201',' 진미파라곤 앞','일일(회원)','M','30대',15,2145.3,15.69,67640,399
'2017-03','912',' 응암오거리','일일(회원)','M','30대',3,288.91,2.41,10420,84
'2017-03','913',' 이마트 은평점','일일(회원)','M','30대',6,597.05,4.75,20460,129
'2017-03','914',' 새절역 2번출구','일일(회원)','M','30대',19,3148.91,25.09,108200,741
'2017-03','915',' 증산역 4번출구','일일(회원)','M','30대',7,1477.54,11.38,49060,293
'2017-03','916',' 평생학습관 앞','일일(회원)','M','30대',1,31.64,0.22,940,6
'2017-03','917',' 녹번역 4번출구','일일(회원)','M','30대',2,146.6,1.3,5610,53
'2017-03','919',' 서울혁신파크','일일(회원)','M','30대',1,75.16,0.85,3650,22
'2017-03','921',' 신도고등학교','일일(회원)','M','30대',3,565.39,4.51,19400,147
'2017-03','202',' 국민일보 앞','일일(회원)','M','30대',25,3443.05,26.32,113400,794
'2017-03','922',' 연신내역 4번출구','일일(회원)','M','30대',8,728.73,5.53,23850,129
'2017-03','923',' 국민은행 연서지점','일일(회원)','M','30대',4,371.09,2.7,11650,59
'2017-03','924',' 메뚜기다리','일일(회원)','M','30대',1,45.62,0.33,1440,11
'2017-03','925',' 불광역 2번출구','일일(회원)','M','30대',4,444.34,3.93,16930,155
'2017-03','926',' 불광역 8번출구','일일(회원)','M','30대',6,1194.24,9.26,39920,341
'2017-03','927',' 연신내역 3번출구 인근','일일(회원)','M','30대',1,32.97,0.26,1110,6
'2017-03','931',' 역촌파출소','일일(회원)','M','30대',14,2898.09,20.92,90230,541
'2017-03','932',' 예일여중','일일(회원)','M','30대',4,677.31,5.11,21980,166
'2017-03','587',' KEB하나은행 성수중앙지점','일일(회원)','M','30대',2,275.58,2.2,9470,57
'2017-03','588',' 뚝섬 유원지역','일일(회원)','M','30대',13,2837.46,22.09,95190,676
'2017-03','103',' 망원역 2번출구 앞','일일(회원)','M','30대',14,2795.86,21.26,91580,610
'2017-03','204',' 국회의사당역 5번출구 옆','일일(회원)','M','30대',10,1334.99,10.62,45810,420
'2017-03','203',' 국회의사당역 3번출구 옆','일일(회원)','M','30대',17,3139.26,24.72,106490,722
'2017-03','205',' 산업은행 앞','일일(회원)','M','30대',34,4791.36,37.98,163740,1516
'2017-03','206',' KBS 앞','일일(회원)','M','30대',16,2194.36,18.16,78290,645
'2017-03','209',' 유진투자증권빌딩 앞','일일(회원)','M','30대',11,1713.94,13.21,56890,443
'2017-03','210',' IFC몰','일일(회원)','M','30대',13,2650.62,21.3,91790,533
'2017-03','211',' 여의도역 4번출구 옆','일일(회원)','M','30대',24,3980.74,31.61,136230,884
'2017-03','212',' 여의도역 1번출구 옆','일일(회원)','M','30대',14,1694.61,10.29,44400,262
'2017-03','213',' KT앞','일일(회원)','M','30대',29,3474.66,27.75,119520,770
'2017-03','104',' 합정역 1번출구 앞','일일(회원)','M','30대',12,1289.01,10.61,45800,356
'2017-03','214',' 금융감독원 앞','일일(회원)','M','30대',10,1940.15,14.09,60790,278
'2017-03','218',' 증권거래소 앞','일일(회원)','M','30대',8,1163.01,8.72,37560,229
'2017-03','219',' 롯데캐슬엠파이어 옆','일일(회원)','M','30대',6,699.72,5.4,23340,167
'2017-03','220',' 미성아파트 A동 앞','일일(회원)','M','30대',6,924.11,7.67,33060,174
'2017-03','215',' 여의도고교 앞','일일(회원)','M','30대',10,1947.79,14.9,64350,450
'2017-03','216',' 삼부아파트1동 앞','일일(회원)','M','30대',9,1211.01,9.82,42340,342
'2017-03','217',' NH농협은행 앞','일일(회원)','M','30대',6,749.76,4.74,20430,143
'2017-03','221',' 여의도초교 앞','일일(회원)','M','30대',17,2611,19.04,82050,768
'2017-03','222',' 시범아파트버스정류장 옆','일일(회원)','M','30대',29,3229.69,22.37,96430,652
'2017-03','223',' 진주아파트상가 앞','일일(회원)','M','30대',9,1526.68,12.1,52160,363
'2017-03','105',' 합정역 5번출구 앞','일일(회원)','M','30대',21,1710.11,14.94,64430,695
'2017-03','224',' 롯데캐슬 앞','일일(회원)','M','30대',11,1349.08,10.56,45500,251
'2017-03','225',' 앙카라공원 앞','일일(회원)','M','30대',6,1461.54,11.1,47830,368
'2017-03','226',' 샛강역 1번출구 앞','일일(회원)','M','30대',7,475.51,4.12,17770,166
'2017-03','207',' 여의나루역 1번출구 앞','일일(회원)','M','30대',59,11159.58,81.96,353270,3543
'2017-03','상암센터 정비실','상암센터 정비실','일일(회원)','M','30대',3,70.97,0.64,2800,36
'2017-03','401',' 상암월드컵파크 10단지 앞','일일(회원)','M','30대',3,716.18,5.7,24570,129
'2017-03','402',' 상암월드컵파크 9단지 앞','일일(회원)','M','30대',3,607.11,5.1,21980,198
'2017-03','403',' 부엉이공원 앞','일일(회원)','M','30대',3,278.52,2.43,10470,124
'2017-03','106',' 합정역 7번출구 앞','일일(회원)','M','30대',16,1688.04,13.02,56090,354
'2017-03','405',' DMC빌 앞','일일(회원)','M','30대',6,565.34,4.2,18130,191
'2017-03','406',' 상암월드컵파크 7단지 앞','일일(회원)','M','30대',6,294.7,2.54,10910,65
'2017-03','421',' 마포구청 앞','일일(회원)','M','30대',22,2559.27,20.01,86230,496
'2017-03','407',' 마포구 육아종합지원센터','일일(회원)','M','30대',5,469.83,3.34,14370,71
'2017-03','408',' LG CNS앞','일일(회원)','M','30대',8,995.35,7.55,32620,286
'2017-03','420',' 서울시 공공자전거 상암센터','일일(회원)','M','30대',14,1754.74,14.07,60750,525
'2017-03','409',' 누리꿈스퀘어 옆','일일(회원)','M','30대',19,2353.78,19.32,83250,653
'2017-03','419',' 홈플러스 앞','일일(회원)','M','30대',54,6486.62,52.55,226430,1563
'2017-03','410',' 상암중학교 옆','일일(회원)','M','30대',3,385.89,3.01,12990,165
'2017-03','418',' 월드컵경기장역 3번출구 옆','일일(회원)','M','30대',32,3594.76,29.64,127770,859
'2017-03','107',' 신한은행 서교동금융센터점 앞','일일(회원)','M','30대',7,550.14,4,17310,142
'2017-03','411',' DMC홍보관','일일(회원)','M','30대',7,1424.87,10.07,43370,267
'2017-03','412',' DMC산학협력연구센터 앞','일일(회원)','M','30대',27,4218.01,29.93,128970,895
'2017-03','413',' 상암월드컵파크 3단지 후문','일일(회원)','M','30대',8,871.16,6.86,29530,277
'2017-03','417',' DMC역 2번출구 옆','일일(회원)','M','30대',10,2692.85,22.24,95880,537
'2017-03','414',' 상암동주민센터 옆','일일(회원)','M','30대',4,401.25,2.8,12080,92
'2017-03','415',' DMC역 9번출구 앞','일일(회원)','M','30대',17,2000.91,15.43,66570,317
'2017-03','416',' 상암월드컵파크 1단지 교차로','일일(회원)','M','30대',6,579.74,3.7,15950,117
'2017-03','500',' 어린이대공원역 3번출구 앞','일일(회원)','M','30대',14,836.43,6.63,28580,274
'2017-03','501',' 광진구의회 앞','일일(회원)','M','30대',19,3563.21,27.79,119830,754
'2017-03','502',' 뚝섬유원지역 1번출구 앞','일일(회원)','M','30대',55,10746.95,87.24,376060,2851
'2017-03','108',' 서교동 사거리','일일(회원)','M','40대',2,215.97,1.55,6650,63
'2017-03','503',' 더샵스타시티 C동 앞','일일(회원)','M','40대',5,534.88,4.49,19320,164
'2017-03','504',' 신자초교입구교차로','일일(회원)','M','40대',3,374.41,2.93,12620,84
'2017-03','506',' 금호 어울림 아파트 앞','일일(회원)','M','40대',1,46.18,0.39,1690,25
'2017-03','507',' 성수아이에스비즈타워 앞','일일(회원)','M','40대',1,76.51,0.64,2760,12
'2017-03','508',' 성수아카데미타워 앞','일일(회원)','M','40대',9,1240.57,9.4,40550,309
'2017-03','509',' 이마트 버스정류소 옆','일일(회원)','M','40대',7,565.5,4.05,17410,177
'2017-03','510',' 서울숲 남문 버스정류소 옆','일일(회원)','M','40대',4,801,6.58,28380,378
'2017-03','511',' 서울숲역 4번 출구 옆','일일(회원)','M','40대',10,1961.37,15.53,66920,587
'2017-03','512',' 뚝섬역 1번 출구 옆','일일(회원)','M','40대',10,1123.12,8.54,36850,413
'2017-03','109',' 제일빌딩 앞','일일(회원)','M','40대',6,719.62,5.74,24740,140
'2017-03','400',' 상암한화오벨리스크 1차 앞','일일(회원)','M','40대',12,705.88,5.46,23610,130
'2017-03','513',' 뚝섬역 5번 출구 정류소 옆','일일(회원)','M','40대',3,628.31,4.73,20430,118
'2017-03','514',' 성수사거리 버스정류장 앞','일일(회원)','M','40대',2,204.64,1.6,6890,59
'2017-03','515',' 광양중학교 앞','일일(회원)','M','40대',7,4393.4,27.09,116720,1238
'2017-03','516',' 광진메디칼 앞','일일(회원)','M','40대',2,371.33,3.15,13590,88
'2017-03','300',' 정동사거리','일일(회원)','M','40대',2,165.88,1.31,5650,57
'2017-03','301',' 경복궁역 7번출구 앞','일일(회원)','M','40대',6,421.01,3.33,14360,128
'2017-03','302',' 경복궁역 4번출구 뒤','일일(회원)','M','40대',8,678.22,4.76,20550,166
'2017-03','303',' 광화문역 1번출구 앞','일일(회원)','M','40대',5,403.45,3,12930,193
'2017-03','115',' 사루비아 빌딩 앞','일일(회원)','M','40대',2,158.46,1.2,5180,118
'2017-03','304',' 광화문역 2번출구 앞','일일(회원)','M','40대',8,1122.38,9.44,40670,238
'2017-03','305',' 종로구청 옆','일일(회원)','M','40대',6,468.52,3.79,16370,193
'2017-03','306',' 광화문역 7번출구 앞','일일(회원)','M','40대',2,85.58,0.66,2860,24
'2017-03','307',' 서울역사박물관 앞','일일(회원)','M','40대',8,599.46,4.79,20620,162
'2017-03','308',' 광화문 S타워 앞','일일(회원)','M','40대',3,209.39,1.69,7270,47
'2017-03','310',' 청계광장 옆','일일(회원)','M','40대',6,220.48,1.85,7970,51
'2017-03','311',' 서울광장 옆','일일(회원)','M','40대',12,1373.05,10.16,43710,368
'2017-03','312',' 시청역 1번출구 뒤','일일(회원)','M','40대',6,519.14,3.93,16940,100
'2017-03','313',' 서울역 광장 파출소 옆','일일(회원)','M','40대',2,46.55,0.42,1830,12
'2017-03','314',' 국립현대미술관','일일(회원)','M','40대',2,263.58,1.93,8320,71
'2017-03','315',' 신한은행 안국역지점 옆','일일(회원)','M','40대',6,371.94,3.04,13110,127
'2017-03','316',' 종각역 1번출구 앞','일일(회원)','M','40대',6,649.01,4.82,20770,131
'2017-03','318',' 광교사거리 남측','일일(회원)','M','40대',11,922.15,7.47,32230,242
'2017-03','320',' 을지로입구역 4번출구 앞','일일(회원)','M','40대',4,411.61,2.82,12200,134
'2017-03','321',' KEB 하나은행 본점 앞','일일(회원)','M','40대',4,68.55,0.53,2240,27
'2017-03','322',' 명동성당 앞','일일(회원)','M','40대',4,133.12,1.22,5240,53
'2017-03','116',' 일진아이윌아파트 옆','일일(회원)','M','40대',1,80.86,0.57,2460,14
'2017-03','324',' 신세계백화점 본점 앞','일일(회원)','M','40대',13,874.23,6.53,28160,185
'2017-03','326',' 안국역 5번출구 앞','일일(회원)','M','40대',4,301.64,2.39,10300,96
'2017-03','327',' 낙원상가 옆','일일(회원)','M','40대',4,490.56,3.89,16770,138
'2017-03','328',' 탑골공원 앞','일일(회원)','M','40대',5,592.85,4.59,19790,178
'2017-03','329',' 청계2가 사거리 옆','일일(회원)','M','40대',1,33.6,0.23,1010,12
'2017-03','330',' 청계천 한빛광장','일일(회원)','M','40대',3,237.84,1.88,8080,72
'2017-03','331',' 을지로2가 사거리 북측','일일(회원)','M','40대',4,343.8,2.44,10530,60
'2017-03','332',' 을지로2가 사거리 남측','일일(회원)','M','40대',1,14.59,0.13,550,3
'2017-03','111',' 상수역 2번출구 앞','일일(회원)','M','40대',6,566.89,4.71,20350,186
'2017-03','334',' 종로3가역 2번출구 뒤','일일(회원)','M','40대',7,446.67,3.35,14410,208
'2017-03','335',' 종로3가역 15번출구 앞','일일(회원)','M','40대',2,146.86,1.08,4650,28
'2017-03','336',' 티마크 호텔 앞','일일(회원)','M','40대',9,783.27,5.07,21900,350
'2017-03','337',' 창경궁 입구','일일(회원)','M','40대',1,47.36,0.43,1840,14
'2017-03','338',' 세운스퀘어 앞','일일(회원)','M','40대',5,432.87,3.65,15750,361
'2017-03','339',' 종로4가 사거리','일일(회원)','M','40대',3,377.54,2.94,12670,110
'2017-03','340',' 혜화동 로터리','일일(회원)','M','40대',5,342.66,2.89,12440,221
'2017-03','342',' 대학로 마로니에공원','일일(회원)','M','40대',2,246.93,1.76,7610,74
'2017-03','343',' 예일빌딩(율곡로) 앞','일일(회원)','M','40대',1,47.31,0.42,1810,11
'2017-03','112',' 극동방송국 앞','일일(회원)','M','40대',1,76.91,0.58,2490,10
'2017-03','344',' 성균관대 E하우스 앞','일일(회원)','M','40대',3,208.31,1.72,7370,47
'2017-03','345',' 서울보증보험본사 앞','일일(회원)','M','40대',2,193.12,1.45,6290,46
'2017-03','346',' 맥스타일 앞','일일(회원)','M','40대',1,158.08,1.16,4990,36
'2017-03','347',' 동대문역사문화공원역 9번출구 앞','일일(회원)','M','40대',12,969.82,7.52,32430,323
'2017-03','349',' 사직동주민센터','일일(회원)','M','40대',1,178.79,1.5,6450,54
'2017-03','350','KEB 하나은행(내자동 지점) 앞','일일(회원)','M','40대',5,309.17,2.62,11330,161
'2017-03','351',' 청운초교 앞 삼거리','일일(회원)','M','40대',3,497.45,3.99,17200,117
'2017-03','353',' 재동초교 앞 삼거리','일일(회원)','M','40대',4,538.67,4.3,18530,121
'2017-03','117',' 홍은사거리','일일(회원)','M','40대',3,540.77,3.96,17070,99
'2017-03','354',' 포르투갈 대사관 앞','일일(회원)','M','40대',4,254.33,2.2,9540,81
'2017-03','355',' 서울사대부속초교 앞','일일(회원)','M','40대',4,494.45,3.45,14860,171
'2017-03','358',' 성대입구 사거리','일일(회원)','M','40대',7,704.96,5.12,22080,117
'2017-03','359',' 원남동사거리','일일(회원)','M','40대',2,312.01,2.4,10340,81
'2017-03','361',' 동묘앞역 1번출구 뒤','일일(회원)','M','40대',2,227.22,1.43,6170,38
'2017-03','364',' 창신역 1번출구 앞','일일(회원)','M','40대',4,268.98,1.99,8650,78
'2017-03','113',' 홍대입구역 2번출구 앞','일일(회원)','M','40대',14,1564.98,10.78,46430,397
'2017-03','367',' 독립문역 3-1번출구 ','일일(회원)','M','40대',1,118.98,0.84,3620,50
'2017-03','368',' SK 서린빌딩 앞','일일(회원)','M','40대',6,506.34,4.23,18270,130
'2017-03','369',' 광화문 시민열린마당','일일(회원)','M','40대',6,765.3,6.55,28180,128
'2017-03','348',' 독립문역 사거리','일일(회원)','M','40대',1,69.7,0.51,2200,13
'2017-03','370',' 시청역(2호선) 9번출구 뒤','일일(회원)','M','40대',5,495.87,4.3,18500,130
'2017-03','371',' 동대입구역 6번출구 뒤','일일(회원)','M','40대',2,141.77,1.25,5400,61
'2017-03','373',' 청구 어린이공원','일일(회원)','M','40대',2,196.14,1.99,8580,100
'2017-03','374',' 청구역 2번출구 앞','일일(회원)','M','40대',3,287.15,2.54,11000,66
'2017-03','118',' 광흥창역 2번출구 앞','일일(회원)','M','40대',5,384.36,3.32,14320,127
'2017-03','375',' 다산 어린이공원','일일(회원)','M','40대',5,128.73,1.11,4820,81
'2017-03','377',' 서울역 4번출구 앞','일일(회원)','M','40대',2,280.98,2.06,8860,76
'2017-03','378',' 청계7가 사거리','일일(회원)','M','40대',3,217.15,2.05,8830,89
'2017-03','379',' 서울역9번출구','일일(회원)','M','40대',4,633.05,5.05,21760,163
'2017-03','380',' CJ제일제당 앞','일일(회원)','M','40대',1,106.6,0.73,3130,29
'2017-03','383',' 신당역 12번 출구 뒤','일일(회원)','M','40대',3,431.89,3.08,13260,80
'2017-03','384',' 종로학원본원 ','일일(회원)','M','40대',4,206.69,1.86,8030,44
'2017-03','114',' 홍대입구역 8번출구 앞','일일(회원)','M','40대',3,268.3,2.25,9690,80
'2017-03','142',' 아현역 4번출구 앞','일일(회원)','M','40대',1,88.62,0.87,3730,23
'2017-03','143',' 공덕역 2번출구','일일(회원)','M','40대',4,452.39,3.92,16870,159
'2017-03','144',' 공덕역 8번출구','일일(회원)','M','40대',6,857.68,6.58,28360,293
'2017-03','145',' 공덕역 5번출구','일일(회원)','M','40대',3,196.43,1.72,7440,80
'2017-03','146',' 마포역 1번출구 뒤','일일(회원)','M','40대',6,1012.7,7.86,33870,249
'2017-03','147',' 마포역 4번출구 뒤','일일(회원)','M','40대',6,842.64,6.67,28750,155
'2017-03','148',' 용강동 주민센터 앞','일일(회원)','M','40대',6,553.39,4,17190,142
'2017-03','150',' 서강대역 2번출구 앞','일일(회원)','M','40대',5,502.96,3.86,16620,182
'2017-03','151',' 망원1동주민센터','일일(회원)','M','40대',3,477.18,3.84,16580,80
'2017-03','152',' 마포구민체육센터 앞','일일(회원)','M','40대',19,3703.54,28.12,121260,700
'2017-03','119',' 서강나루 공원','일일(회원)','M','40대',21,5017.27,38.28,164890,898
'2017-03','153',' 성산2교 사거리','일일(회원)','M','40대',2,185.55,1.64,7070,70
'2017-03','154',' 마포구청역 ','일일(회원)','M','40대',2,133.06,1.11,4800,71
'2017-03','155',' 가좌역1 번출구 뒤','일일(회원)','M','40대',2,149.19,1.38,5980,98
'2017-03','156',' 서울서부지방법원 앞','일일(회원)','M','40대',3,198.45,1.67,7180,41
'2017-03','157',' 애오개역 4번출구 앞','일일(회원)','M','40대',3,315.17,2.84,12210,117
'2017-03','158',' 독립문 어린이 공원','일일(회원)','M','40대',6,770.85,5.95,25650,273
'2017-03','159',' 이대역 4번 출구','일일(회원)','M','40대',3,674.88,5.73,24670,191
'2017-03','160',' 북아현동 가구거리','일일(회원)','M','40대',2,229.88,1.98,8530,65
'2017-03','161',' 무악재역1번 출구','일일(회원)','M','40대',3,674.75,5.65,24360,104
'2017-03','162',' 봉원고가차도 밑','일일(회원)','M','40대',1,168.8,1.8,7750,95
'2017-03','120',' 신수동 사거리','일일(회원)','M','40대',1,294.64,1.5,6470,34
'2017-03','163',' 명지전문대학교 정문 앞','일일(회원)','M','40대',3,309.37,2.75,11800,51
'2017-03','164',' 북가좌1동 주민센터 ','일일(회원)','M','40대',2,236.01,1.75,7520,38
'2017-03','165',' 중앙근린공원','일일(회원)','M','40대',11,1800.14,14.81,63790,449
'2017-03','166',' 가재울 초등학교','일일(회원)','M','40대',3,267.04,2.73,11760,153
'2017-03','167',' 연가초등학교 옆','일일(회원)','M','40대',3,665.49,4.7,20260,106
'2017-03','168',' 남가좌동 사거리','일일(회원)','M','40대',3,265.95,2.37,10230,109
'2017-03','169',' 북가좌 삼거리','일일(회원)','M','40대',2,244.49,2.07,8940,47
'2017-03','170',' 가재울 뉴타운 주유소 옆','일일(회원)','M','40대',7,865.57,7.02,30290,220
'2017-03','171',' 임광빌딩 앞','일일(회원)','M','40대',8,336.84,2.72,11720,124
'2017-03','172',' 서대문소방서','일일(회원)','M','40대',5,340.83,2.63,11380,58
'2017-03','121',' 마포소방서 앞','일일(회원)','M','40대',3,518.07,4,17250,131
'2017-03','173',' 서대문역 8번출구 앞','일일(회원)','M','40대',3,223.89,1.84,7960,63
'2017-03','175',' 홍연2교옆','일일(회원)','M','40대',10,3038.16,24.08,103820,472
'2017-03','179',' 가좌역 4번출구 앞','일일(회원)','M','40대',6,332.27,2.84,12210,60
'2017-03','180',' 충정로역 7번출구 뒤','일일(회원)','M','40대',2,269.99,2.26,9740,66
'2017-03','518',' 청계천 박물관 앞','일일(회원)','M','40대',3,638.36,4.58,19750,163
'2017-03','520',' 상왕십리역 4번 출구 앞','일일(회원)','M','40대',3,148.2,1.16,4990,41
'2017-03','521',' 왕십리역 11번 출구 앞','일일(회원)','M','40대',7,615.63,5.12,22080,168
'2017-03','522',' 금호역 1번출구 앞','일일(회원)','M','40대',2,133,1.12,4820,41
'2017-03','122',' 신성기사식당 앞','일일(회원)','M','40대',1,60.16,0.49,2110,17
'2017-03','525',' 한양대병원사거리','일일(회원)','M','40대',4,402.34,3.37,14540,314
'2017-03','526',' 용답토속공원 앞','일일(회원)','M','40대',3,53.28,0.48,2070,35
'2017-03','533',' 우리은행 금호동 지점 앞','일일(회원)','M','40대',2,233.15,1.83,7850,66
'2017-03','534',' 금호사거리','일일(회원)','M','40대',1,178.79,1.4,6020,29
'2017-03','123',' 문화촌 공원','일일(회원)','M','40대',3,1128.99,8.18,35230,373
'2017-03','538',' 답십리역 8번출구 앞','일일(회원)','M','40대',1,135.91,1.22,5280,30
'2017-03','550',' 서울시설공단 앞','일일(회원)','M','40대',1,29.11,0.23,980,4
'2017-03','539',' 군자교교차로','일일(회원)','M','40대',3,806.2,6.58,28340,153
'2017-03','540',' 군자역 7번출구 베스트샵 앞','일일(회원)','M','40대',1,76.78,0.64,2770,13
'2017-03','542',' 강변역 4번출구 뒤','일일(회원)','M','40대',1,113.51,1.02,4410,17
'2017-03','543',' 구의공원(테크노마트 앞)','일일(회원)','M','40대',1,102.41,0.9,3860,27
'2017-03','544',' 광남중학교','일일(회원)','M','40대',15,2867.71,23.73,102290,807
'2017-03','546',' 잠실대교북단 교차로','일일(회원)','M','40대',1,150.64,1.47,6340,36
'2017-03','548',' 자양나들목','일일(회원)','M','40대',3,442.57,3.67,15810,136
'2017-03','549',' 아차산역 3번출구','일일(회원)','M','40대',1,61.78,0.56,2400,24
'2017-03','124',' 서강대 정문 건너편','일일(회원)','M','40대',3,425.2,3.34,14410,163
'2017-03','601',' 용신동주민센터','일일(회원)','M','40대',1,60.03,0.38,1630,9
'2017-03','602',' 장안동 사거리','일일(회원)','M','40대',3,267.38,1.96,8440,90
'2017-03','605',' 신설동역8번출구','일일(회원)','M','40대',3,704.45,6.13,26390,130
'2017-03','606',' 휘경공고앞','일일(회원)','M','40대',2,308.56,2.47,10650,86
'2017-03','608',' 전농삼성아파트','일일(회원)','M','40대',1,317.2,2.09,9000,113
'2017-03','609',' 제기2교','일일(회원)','M','40대',11,2480.85,15.93,68660,453
'2017-03','125',' 서강대 남문 옆','일일(회원)','M','40대',1,118.5,0.93,3990,40
'2017-03','610',' 동대문중 교차로','일일(회원)','M','40대',3,735.38,7.22,31100,253
'2017-03','613',' 신설동역 10번출구 앞','일일(회원)','M','40대',2,102.96,0.93,4000,21
'2017-03','615',' 용두동 레미안허브리츠아파트 앞','일일(회원)','M','40대',2,144.26,1.18,5100,60
'2017-03','616',' 서울시립대 앞','일일(회원)','M','40대',2,132.94,1.35,5780,85
'2017-03','227',' 양평2나들목 보행통로 입구','일일(회원)','M','40대',1,254.47,1.75,7560,52
'2017-03','228',' 선유도역 3번출구 앞','일일(회원)','M','40대',2,176.68,1.33,5720,57
'2017-03','229',' 양평1 보행육교 앞','일일(회원)','M','40대',3,610.53,5.09,21890,258
'2017-03','126',' 서강대 후문 옆','일일(회원)','M','40대',3,471.05,3.88,16720,174
'2017-03','232',' 양평우림 이비즈센타 앞','일일(회원)','M','40대',3,499.28,3.8,16400,113
'2017-03','234',' 영등포구민체육센터 앞','일일(회원)','M','40대',1,223.3,1.77,7620,45
'2017-03','235',' 신길동 우리은행 옆','일일(회원)','M','40대',1,88.29,0.8,3430,15
'2017-03','236',' 문래동자이아파트 앞','일일(회원)','M','40대',3,827.48,5.96,25710,115
'2017-03','237',' 보라매 두산위브 건너편','일일(회원)','M','40대',3,752.1,6.29,27150,188
'2017-03','238',' 제2구민체육센타 앞','일일(회원)','M','40대',4,273.26,2.97,12770,84
'2017-03','239',' 유스호스텔 앞','일일(회원)','M','40대',1,398.53,2.75,11840,490
'2017-03','240',' 문래역 4번출구 앞','일일(회원)','M','40대',3,311.25,2.14,9220,57
'2017-03','241',' 신길우성1차아파트 앞 공원','일일(회원)','M','40대',1,306.11,1.79,7730,43
'2017-03','242',' 신길선원가와인아파트 앞','일일(회원)','M','40대',1,181.84,1.52,6560,35
'2017-03','243',' 이앤씨드림타워 앞','일일(회원)','M','40대',1,38.31,0.3,1290,7
'2017-03','244',' 영등포삼환아파트 앞','일일(회원)','M','40대',9,1176.53,9.79,42130,267
'2017-03','245',' 삼성생명 당산사옥 앞','일일(회원)','M','40대',3,618.23,4.32,18600,131
'2017-03','247',' 당산역 10번출구 앞','일일(회원)','M','40대',5,1094.02,9.31,40170,293
'2017-03','248',' 초원아파트 앞','일일(회원)','M','40대',2,390.39,3.12,13480,70
'2017-03','249',' 여의도중학교 옆','일일(회원)','M','40대',4,1073.1,8.76,37750,374
'2017-03','250',' 대림아파트 사거리','일일(회원)','M','40대',3,508.29,3.69,15910,200
'2017-03','128',' 신촌역(2호선) 1번출구 옆','일일(회원)','M','40대',2,170.3,1.37,5910,40
'2017-03','252',' 보라매역4번출구','일일(회원)','M','40대',4,950.04,7.19,31020,142
'2017-03','253',' 신풍역 5번출구 인근','일일(회원)','M','40대',1,144.98,1.21,5230,50
'2017-03','256',' 동아에코빌입구','일일(회원)','M','40대',1,203.46,1.7,7340,76
'2017-03','258',' 신길역3번출구','일일(회원)','M','40대',1,45.18,0.38,1630,9
'2017-03','259',' 대방역6번출구','일일(회원)','M','40대',9,1205.62,9.31,40140,272
'2017-03','700',' KB국민은행 염창역 지점 앞','일일(회원)','M','40대',2,429.1,3.84,16570,86
'2017-03','701',' 목동사거리 부근','일일(회원)','M','40대',1,21.62,0.18,780,16
'2017-03','703',' 오목교역 7번출구 앞','일일(회원)','M','40대',4,633.18,5.53,23810,139
'2017-03','704',' 남부법원검찰청 교차로','일일(회원)','M','40대',5,222.33,1.93,8320,71
'2017-03','706',' 신정네거리역','일일(회원)','M','40대',2,138.35,0.95,4110,28
'2017-03','707',' 신정3동주민센터','일일(회원)','M','40대',3,141.14,1.38,5940,28
'2017-03','708',' 서울출입국관리사무소 앞','일일(회원)','M','40대',5,828.12,6.77,29210,271
'2017-03','710',' 서부화물트럭터미널 사거리','일일(회원)','M','40대',1,162.46,1.27,5470,85
'2017-03','711',' 신일해피트리아파트 앞','일일(회원)','M','40대',2,287.89,2.25,9700,60
'2017-03','130',' 신촌역(2호선) 7번출구 앞','일일(회원)','M','40대',2,256.01,2.18,9430,55
'2017-03','713',' 양서중학교 옆','일일(회원)','M','40대',1,88.07,0.64,2780,13
'2017-03','714',' 한국SGI 양천문화회관 앞','일일(회원)','M','40대',1,97.57,0.82,3520,42
'2017-03','800',' 목월공원 앞','일일(회원)','M','40대',2,127.15,1.15,4940,33
'2017-03','802',' 한강진역 2번 출구 앞','일일(회원)','M','40대',4,457.62,4.02,17360,125
'2017-03','803',' 한남초교 앞 보도육교','일일(회원)','M','40대',2,328.72,2.46,10610,428
'2017-03','805',' 문배어린이공원 앞','일일(회원)','M','40대',7,486.94,3.93,16970,1437
'2017-03','806',' 전자랜드 본관 앞','일일(회원)','M','40대',2,449.06,3.32,14330,106
'2017-03','807',' 서울역 12번 출구 앞','일일(회원)','M','40대',2,317.02,2.55,10990,60
'2017-03','131',' 증산2교','일일(회원)','M','40대',2,286.72,2.16,9310,43
'2017-03','809',' 한남 유수지 복개주차장','일일(회원)','M','40대',2,359.86,3.04,13120,74
'2017-03','810',' 이태원지하보도','일일(회원)','M','40대',5,302.56,2.69,11590,128
'2017-03','811',' 녹사평역1번출구','일일(회원)','M','40대',1,40.67,0.37,1580,7
'2017-03','813',' 삼각지역 3번출구','일일(회원)','M','40대',1,0,0,0,14
'2017-03','815',' LIG강촌아파트 103동앞','일일(회원)','M','40대',7,940.32,7.2,31000,236
'2017-03','385',' 종각역 5번출구','일일(회원)','M','40대',1,59.49,0.42,1810,12
'2017-03','387',' 훈련원공원주차장 앞','일일(회원)','M','40대',4,469.9,3.72,16040,246
'2017-03','181',' 망원초록길 입구','일일(회원)','M','40대',3,402.7,3.41,14700,133
'2017-03','132',' 창천문화공원','일일(회원)','M','40대',5,642.16,4.6,19860,206
'2017-03','182',' 망원2빗물펌프장 앞','일일(회원)','M','40대',13,2065.64,17.21,74170,654
'2017-03','183',' 하늘채코오롱아파트 건너편','일일(회원)','M','40대',10,2237.61,17.57,75780,346
'2017-03','184',' SK망원동주유소 건너편','일일(회원)','M','40대',3,645.41,4.6,19800,172
'2017-03','185',' 마포 신수공원 앞','일일(회원)','M','40대',4,852.31,6.32,27220,201
'2017-03','186',' 월드컵공원','일일(회원)','M','40대',103,13001.44,108.92,469530,5575
'2017-03','177',' 북가좌 초등학교','일일(회원)','M','40대',2,161.64,1.44,6220,72
'2017-03','188',' 홍은동 정원여중 입구','일일(회원)','M','40대',3,346.82,3.26,14060,108
'2017-03','191',' 정명학원','일일(회원)','M','40대',3,302.77,2.01,8670,47
'2017-03','192',' 연서어린이공원','일일(회원)','M','40대',4,461.19,4.5,19410,178
'2017-03','178',' 증산3교 앞','일일(회원)','M','40대',1,125.89,0.87,3740,16
'2017-03','133',' 해담는다리','일일(회원)','M','40대',5,576.05,5.31,22870,212
'2017-03','194',' 증산교 앞','일일(회원)','M','40대',5,864.11,7.14,30750,183
'2017-03','195',' 모래내고가차도 ','일일(회원)','M','40대',2,105.95,0.85,3670,45
'2017-03','198',' 충정2교','일일(회원)','M','40대',3,647.42,4.75,20480,76
'2017-03','556',' 달맞이공원','일일(회원)','M','40대',2,406.17,3.19,13750,102
'2017-03','557',' 도선동 주민센터 앞','일일(회원)','M','40대',7,705.55,5.26,22670,160
'2017-03','558',' 성동광진 교육지원청 앞','일일(회원)','M','40대',2,302.48,2.12,9120,64
'2017-03','134',' 연세로 명물길','일일(회원)','M','40대',1,79.77,0.55,2370,10
'2017-03','559',' 왕십리역 4번 출구 건너편','일일(회원)','M','40대',2,332.3,3,12910,96
'2017-03','561',' 서울숲역 2번출구 앞','일일(회원)','M','40대',3,334.97,2.74,11760,135
'2017-03','563',' 성동세무서 건너편','일일(회원)','M','40대',1,69.7,0.37,1600,7
'2017-03','564',' 금호역 3번출구','일일(회원)','M','40대',1,288.92,2.12,9120,39
'2017-03','565',' 옥수역 3번출구','일일(회원)','M','40대',11,1734.55,16.49,71050,611
'2017-03','567',' 성수역 2번출구 앞','일일(회원)','M','40대',8,1278.01,8.87,38190,254
'2017-03','568',' 청계8가사거리 부근','일일(회원)','M','40대',1,70.01,0.51,2210,36
'2017-03','135',' 명물길 원형무대 앞','일일(회원)','M','40대',3,407.44,3.28,14130,157
'2017-03','569',' 응봉현대아파트 정류소','일일(회원)','M','40대',1,0,0,0,100
'2017-03','580',' 신금호역 3번출구 뒤','일일(회원)','M','40대',3,602.61,4.71,20290,154
'2017-03','581',' 용답초등학교','일일(회원)','M','40대',1,35.01,0.32,1360,15
'2017-03','582',' 경일중학교 앞','일일(회원)','M','40대',6,507.58,3.97,17090,112
'2017-03','583',' 청계천 생태교실 앞','일일(회원)','M','40대',15,2627.69,20.06,86480,597
'2017-03','551',' 구의삼성쉐르빌 앞','일일(회원)','M','40대',2,283.07,2.43,10500,68
'2017-03','552',' 대림아크로리버 앞','일일(회원)','M','40대',1,116.34,1.05,4520,18
'2017-03','553',' 중곡 성원APT 앞','일일(회원)','M','40대',3,640.3,5.45,23510,137
'2017-03','554',' 아차산역 사거리','일일(회원)','M','40대',1,147.55,0.96,4140,21
'2017-03','571',' 어린이대공원역6번출구','일일(회원)','M','40대',4,239.04,1.94,8340,53
'2017-03','574',' 아차산역4번출구','일일(회원)','M','40대',1,158.13,1.27,5470,50
'2017-03','575',' 중앙농협 중곡지점','일일(회원)','M','40대',3,367.05,3.31,14260,51
'2017-03','577',' 광진청소년수련관','일일(회원)','M','40대',3,406.28,3.53,15240,104
'2017-03','621',' 동대문중학교 옆','일일(회원)','M','40대',1,215.19,1.94,8360,56
'2017-03','622',' 전농사거리 교통섬','일일(회원)','M','40대',1,70.83,0.63,2710,13
'2017-03','623',' 서울시립대 정문 앞','일일(회원)','M','40대',2,177.03,2.45,10550,160
'2017-03','630',' 동대문구 보건소','일일(회원)','M','40대',2,586,4.91,21140,98
'2017-03','102',' 망원역 1번출구 앞','일일(회원)','M','40대',5,557.91,4.06,17510,176
'2017-03','633',' 청량리 기업은행 앞','일일(회원)','M','40대',2,152.14,1.31,5650,37
'2017-03','634',' 외국어대 정문 앞','일일(회원)','M','40대',3,401.65,3.29,14160,141
'2017-03','637',' KAIST 경영대학 앞','일일(회원)','M','40대',1,103.28,0.76,3260,16
'2017-03','638',' 서울시립대 정보기술관','일일(회원)','M','40대',1,84.29,0.9,3870,60
'2017-03','640',' KEB하나은행 청량리역지점','일일(회원)','M','40대',2,165.07,1.42,6130,44
'2017-03','641',' 용두역 4번출구','일일(회원)','M','40대',1,286.62,2.4,10340,47
'2017-03','642',' 신답역 사거리','일일(회원)','M','40대',1,281.41,2.29,9870,99
'2017-03','140',' 이화여대 후문','일일(회원)','M','40대',3,331.16,2.54,10960,72
'2017-03','643',' 동대문구민체육센터 (육교아래)','일일(회원)','M','40대',4,453.2,3.36,14500,168
'2017-03','230',' 영등포구청역 1번출구','일일(회원)','M','40대',2,766.88,5.69,24540,153
'2017-03','260',' 여의도 마리나선착장 앞','일일(회원)','M','40대',6,498.69,4.33,18680,222
'2017-03','263',' 근로자회관 사거리','일일(회원)','M','40대',6,1408.99,11.87,51210,272
'2017-03','264',' 교보생명보험 앞','일일(회원)','M','40대',2,180.73,1.52,6520,63
'2017-03','141',' 연대 대운동장 옆','일일(회원)','M','40대',3,322.42,2.6,11200,121
'2017-03','266',' 영등포청과시장 사거리','일일(회원)','M','40대',1,115.59,0.97,4170,60
'2017-03','267',' 삼성화재 사옥 옆','일일(회원)','M','40대',2,146.97,1,4320,22
'2017-03','268',' 그랜드컨벤션센터 앞','일일(회원)','M','40대',4,569.78,3.85,16590,97
'2017-03','270',' 증권거래소후문교차로','일일(회원)','M','40대',3,231.08,1.97,8520,59
'2017-03','272',' 당산육갑문','일일(회원)','M','40대',8,1236.32,11.17,48150,339
'2017-03','716','신정6동 주민센터 인근','일일(회원)','M','40대',5,702.24,5.6,24200,174
'2017-03','719',' 홍익병원앞 교차로','일일(회원)','M','40대',1,16.87,0.14,600,4
'2017-03','720',' 서울강월초등학교 앞','일일(회원)','M','40대',3,502.1,4.61,19900,245
'2017-03','816',' 신용산역 6번출구 앞','일일(회원)','M','40대',10,1167.88,8.91,38460,330
'2017-03','817',' 삼각지역 4번출구 앞','일일(회원)','M','40대',3,613.24,4.57,19720,110
'2017-03','818',' 숙명여대 입구 교차로','일일(회원)','M','40대',2,108.4,0.87,3780,23
'2017-03','819',' 선린인터넷 고등학교','일일(회원)','M','40대',4,162.94,1.47,6330,57
'2017-03','820',' 청파동입구 교차로','일일(회원)','M','40대',5,603.04,4.5,19340,127
'2017-03','822',' 이촌1동 마을공원','일일(회원)','M','40대',1,205.43,1.45,6250,56
'2017-03','823',' 효창동주민센터 앞','일일(회원)','M','40대',2,158.16,1.43,6130,60
'2017-03','825',' 서빙고동 주민센터 앞','일일(회원)','M','40대',8,1764.12,14.05,60530,418
'2017-03','199',' 서울 월드컵 경기장','일일(회원)','M','40대',8,881.19,6.95,29950,354
'2017-03','585',' 성수2가1동 공영주차장 인근','일일(회원)','M','40대',3,512.06,4.16,17950,90
'2017-03','900',' 은평예술회관','일일(회원)','M','40대',1,48.65,0.44,1890,15
'2017-03','901',' 응암1동사무소','일일(회원)','M','40대',1,105.51,0.85,3650,39
'2017-03','200',' 국회의원회관','일일(회원)','M','40대',1,152.54,0.99,4280,60
'2017-03','902',' 진관동 은빛초등학교','일일(회원)','M','40대',5,815.66,6.12,26360,246
'2017-03','903',' 은평뉴타운 아이파크','일일(회원)','M','40대',1,179.34,1.46,6290,25
'2017-03','904',' 은평뉴타운 푸르지오','일일(회원)','M','40대',1,87.32,1.02,4410,50
'2017-03','905',' 구파발역 2번출구','일일(회원)','M','40대',5,508.33,3.67,15830,88
'2017-03','906',' 연신내역 5번출구150M 아래','일일(회원)','M','40대',5,934.99,8.37,36100,169
'2017-03','907',' CJ 드림시티','일일(회원)','M','40대',10,1616.16,13.12,56490,425
'2017-03','911',' 은평평화공원(역촌역4번출구)','일일(회원)','M','40대',4,360.69,2.63,11360,84
'2017-03','201',' 진미파라곤 앞','일일(회원)','M','40대',4,524.85,4.55,19600,84
'2017-03','912',' 응암오거리','일일(회원)','M','40대',1,416.59,3.05,13150,58
'2017-03','913',' 이마트 은평점','일일(회원)','M','40대',4,230.76,1.7,7310,59
'2017-03','914',' 새절역 2번출구','일일(회원)','M','40대',11,2397.18,18.49,79660,585
'2017-03','915',' 증산역 4번출구','일일(회원)','M','40대',2,260.45,1.86,8010,83
'2017-03','919',' 서울혁신파크','일일(회원)','M','40대',2,417.99,2.75,11820,135
'2017-03','921',' 신도고등학교','일일(회원)','M','40대',3,256.85,1.88,8130,43
'2017-03','202',' 국민일보 앞','일일(회원)','M','40대',6,768.29,6.97,30020,220
'2017-03','922',' 연신내역 4번출구','일일(회원)','M','40대',1,62.47,0.54,2320,26
'2017-03','923',' 국민은행 연서지점','일일(회원)','M','40대',1,161.38,1.31,5660,27
'2017-03','924',' 메뚜기다리','일일(회원)','M','40대',6,984.58,7.35,31650,159
'2017-03','925',' 불광역 2번출구','일일(회원)','M','40대',1,119.39,0.93,4020,35
'2017-03','927',' 연신내역 3번출구 인근','일일(회원)','M','40대',1,125.14,0.92,3950,35
'2017-03','928',' 은평역사한옥박물관','일일(회원)','M','40대',2,211.23,1.74,7500,50
'2017-03','931',' 역촌파출소','일일(회원)','M','40대',4,627.7,4.41,18980,94
'2017-03','중랑센터','중랑센터','일일(회원)','M','40대',13,124.64,1.11,4790,178
'2017-03','932',' 예일여중','일일(회원)','M','40대',4,964.77,7.21,31100,206
'2017-03','933',' LG서비스 역촌점','일일(회원)','M','40대',1,242.54,1.63,7040,59
'2017-03','587',' KEB하나은행 성수중앙지점','일일(회원)','M','40대',3,454.7,3.56,15310,88
'2017-03','588',' 뚝섬 유원지역','일일(회원)','M','40대',5,442.21,3.95,17030,75
'2017-03','204',' 국회의사당역 5번출구 옆','일일(회원)','M','40대',3,784.59,6.06,26120,119
'2017-03','203',' 국회의사당역 3번출구 옆','일일(회원)','M','40대',7,798.54,7.79,33620,211
'2017-03','205',' 산업은행 앞','일일(회원)','M','40대',34,6285.93,49.78,214620,1751
'2017-03','206',' KBS 앞','일일(회원)','M','40대',22,4446.98,34.31,147900,1070
'2017-03','209',' 유진투자증권빌딩 앞','일일(회원)','M','40대',4,408.74,3.14,13550,77
'2017-03','210',' IFC몰','일일(회원)','M','40대',4,557.3,4.91,21180,183
'2017-03','211',' 여의도역 4번출구 옆','일일(회원)','M','40대',10,797.73,5.43,23360,160
'2017-03','212',' 여의도역 1번출구 옆','일일(회원)','M','40대',7,693.3,6.09,26260,157
'2017-03','213',' KT앞','일일(회원)','M','40대',15,1242.44,10.2,43930,324
'2017-03','104',' 합정역 1번출구 앞','일일(회원)','M','40대',2,270.96,1.97,8460,65
'2017-03','214',' 금융감독원 앞','일일(회원)','M','40대',6,1023.04,9.08,39130,234
'2017-03','218',' 증권거래소 앞','일일(회원)','M','40대',3,202.21,1.73,7450,133
'2017-03','220',' 미성아파트 A동 앞','일일(회원)','M','40대',6,1184.28,9.67,41670,255
'2017-03','215',' 여의도고교 앞','일일(회원)','M','40대',3,839.29,6.76,29140,166
'2017-03','216',' 삼부아파트1동 앞','일일(회원)','M','40대',2,704.24,5.16,22230,107
'2017-03','217',' NH농협은행 앞','일일(회원)','M','40대',2,246.83,2.01,8680,52
'2017-03','221',' 여의도초교 앞','일일(회원)','M','40대',8,2020.38,14.72,63430,572
'2017-03','222',' 시범아파트버스정류장 옆','일일(회원)','M','40대',6,680.23,5.01,21590,143
'2017-03','223',' 진주아파트상가 앞','일일(회원)','M','40대',4,747.34,6.1,26360,127
'2017-03','105',' 합정역 5번출구 앞','일일(회원)','M','40대',9,1105.4,9.06,39070,318
'2017-03','224',' 롯데캐슬 앞','일일(회원)','M','40대',5,713.53,5.81,25000,151
'2017-03','225',' 앙카라공원 앞','일일(회원)','M','40대',6,1033.82,8.28,35720,182
'2017-03','226',' 샛강역 1번출구 앞','일일(회원)','M','40대',13,2079.84,17.99,77530,597
'2017-03','207',' 여의나루역 1번출구 앞','일일(회원)','M','40대',25,5314.57,40.79,175860,1106
'2017-03','상암센터 정비실','상암센터 정비실','일일(회원)','M','40대',1,48.66,0.3,1280,13
'2017-03','401',' 상암월드컵파크 10단지 앞','일일(회원)','M','40대',2,107.21,0.87,3760,18
'2017-03','402',' 상암월드컵파크 9단지 앞','일일(회원)','M','40대',3,698.12,4.92,21240,159
'2017-03','403',' 부엉이공원 앞','일일(회원)','M','40대',12,742.85,5.78,24890,182
'2017-03','106',' 합정역 7번출구 앞','일일(회원)','M','40대',6,772.25,6.16,26540,192
'2017-03','405',' DMC빌 앞','일일(회원)','M','40대',3,191.81,1.69,7270,95
'2017-03','406',' 상암월드컵파크 7단지 앞','일일(회원)','M','40대',5,467.58,3.98,17150,114
'2017-03','421',' 마포구청 앞','일일(회원)','M','40대',16,2403.58,19.03,82100,547
'2017-03','407',' 마포구 육아종합지원센터','일일(회원)','M','40대',8,1260.05,10.14,43730,375
'2017-03','408',' LG CNS앞','일일(회원)','M','40대',3,236.71,1.77,7640,32
'2017-03','420',' 서울시 공공자전거 상암센터','일일(회원)','M','40대',14,1513.92,12.18,52530,586
'2017-03','409',' 누리꿈스퀘어 옆','일일(회원)','M','40대',13,1103.77,9.16,39560,248
'2017-03','419',' 홈플러스 앞','일일(회원)','M','40대',21,2474.15,18.92,81540,723
'2017-03','410',' 상암중학교 옆','일일(회원)','M','40대',2,785.62,5.41,23340,216
'2017-03','418',' 월드컵경기장역 3번출구 옆','일일(회원)','M','40대',31,4426.83,33.16,142950,1373
'2017-03','107',' 신한은행 서교동금융센터점 앞','일일(회원)','M','40대',1,370.02,2.71,11680,174
'2017-03','411',' DMC홍보관','일일(회원)','M','40대',5,806.21,6.9,29800,315
'2017-03','412',' DMC산학협력연구센터 앞','일일(회원)','M','40대',11,1103.54,9.7,41870,186
'2017-03','413',' 상암월드컵파크 3단지 후문','일일(회원)','M','40대',3,291.54,2.35,10140,107
'2017-03','417',' DMC역 2번출구 옆','일일(회원)','M','40대',8,905.36,7.02,30250,268
'2017-03','414',' 상암동주민센터 옆','일일(회원)','M','40대',10,636.57,4.98,21520,193
'2017-03','415',' DMC역 9번출구 앞','일일(회원)','M','40대',2,175.2,1.53,6590,36
'2017-03','416',' 상암월드컵파크 1단지 교차로','일일(회원)','M','40대',2,51.74,0.46,2010,10
'2017-03','500',' 어린이대공원역 3번출구 앞','일일(회원)','M','40대',3,248.31,2.02,8710,45
'2017-03','501',' 광진구의회 앞','일일(회원)','M','40대',1,36.89,0.31,1350,9
'2017-03','502',' 뚝섬유원지역 1번출구 앞','일일(회원)','M','40대',15,3977.49,28.25,121660,893
'2017-03','108',' 서교동 사거리','일일(회원)','M','50대',1,185.95,1.4,6020,28
'2017-03','503',' 더샵스타시티 C동 앞','일일(회원)','M','50대',1,593.67,5.61,24180,181
'2017-03','505',' 자양사거리 광진아크로텔 앞','일일(회원)','M','50대',1,15.86,0.21,890,6
'2017-03','509',' 이마트 버스정류소 옆','일일(회원)','M','50대',1,103.67,0.79,3400,25
'2017-03','510',' 서울숲 남문 버스정류소 옆','일일(회원)','M','50대',1,82.55,0.88,3790,79
'2017-03','511',' 서울숲역 4번 출구 옆','일일(회원)','M','50대',7,840.99,6.98,30060,297
'2017-03','512',' 뚝섬역 1번 출구 옆','일일(회원)','M','50대',2,340.27,3.29,14150,115
'2017-03','109',' 제일빌딩 앞','일일(회원)','M','50대',1,13.79,0.19,810,13
'2017-03','513',' 뚝섬역 5번 출구 정류소 옆','일일(회원)','M','50대',4,781.81,5.95,25640,142
'2017-03','515',' 광양중학교 앞','일일(회원)','M','50대',6,351.87,3.34,14370,87
'2017-03','516',' 광진메디칼 앞','일일(회원)','M','50대',3,788.36,5.5,23700,132
'2017-03','300',' 정동사거리','일일(회원)','M','50대',1,53.54,0.48,2080,12
'2017-03','301',' 경복궁역 7번출구 앞','일일(회원)','M','50대',3,259.82,2.23,9630,66
'2017-03','303',' 광화문역 1번출구 앞','일일(회원)','M','50대',3,318,2.28,9820,73
'2017-03','115',' 사루비아 빌딩 앞','일일(회원)','M','50대',1,70.14,0.86,3690,40
'2017-03','305',' 종로구청 옆','일일(회원)','M','50대',2,121.36,1.12,4810,40
'2017-03','307',' 서울역사박물관 앞','일일(회원)','M','50대',2,57.65,0.5,2170,13
'2017-03','308',' 광화문 S타워 앞','일일(회원)','M','50대',1,33.58,0.25,1060,10
'2017-03','310',' 청계광장 옆','일일(회원)','M','50대',7,519.41,3.69,15860,95
'2017-03','311',' 서울광장 옆','일일(회원)','M','50대',5,531.35,4.39,18930,146
'2017-03','314',' 국립현대미술관','일일(회원)','M','50대',1,74.29,0.62,2680,41
'2017-03','316',' 종각역 1번출구 앞','일일(회원)','M','50대',7,557.1,4.7,20290,191
'2017-03','318',' 광교사거리 남측','일일(회원)','M','50대',2,81.08,0.77,3310,27
'2017-03','321',' KEB 하나은행 본점 앞','일일(회원)','M','50대',2,481.25,3.3,14230,85
'2017-03','322',' 명동성당 앞','일일(회원)','M','50대',4,206.54,1.82,7850,52
'2017-03','327',' 낙원상가 옆','일일(회원)','M','50대',6,513.59,4.69,20200,139
'2017-03','332',' 을지로2가 사거리 남측','일일(회원)','M','50대',2,288.73,2.01,8680,103
'2017-03','335',' 종로3가역 15번출구 앞','일일(회원)','M','50대',2,244.01,2.01,8680,51
'2017-03','336',' 티마크 호텔 앞','일일(회원)','M','50대',1,75.68,0.68,2940,18
'2017-03','337',' 창경궁 입구','일일(회원)','M','50대',2,96.81,0.77,3330,26
'2017-03','338',' 세운스퀘어 앞','일일(회원)','M','50대',1,176.96,1.23,5320,37
'2017-03','339',' 종로4가 사거리','일일(회원)','M','50대',1,211.62,1.55,6680,58
'2017-03','341',' 혜화역 3번출구 뒤','일일(회원)','M','50대',1,41.34,0.4,1740,12
'2017-03','112',' 극동방송국 앞','일일(회원)','M','50대',5,542.76,3.27,14130,153
'2017-03','345',' 서울보증보험본사 앞','일일(회원)','M','50대',1,37.13,0.29,1250,28
'2017-03','346',' 맥스타일 앞','일일(회원)','M','50대',4,527.13,5.11,21990,169
'2017-03','350','KEB 하나은행(내자동 지점) 앞','일일(회원)','M','50대',1,86.74,0.78,3370,20
'2017-03','117',' 홍은사거리','일일(회원)','M','50대',1,211.56,1.72,7420,54
'2017-03','359',' 원남동사거리','일일(회원)','M','50대',1,89.99,0.7,3030,45
'2017-03','361',' 동묘앞역 1번출구 뒤','일일(회원)','M','50대',5,726.34,9.45,40760,468
'2017-03','362',' 청계8가 사거리','일일(회원)','M','50대',3,487.64,3.61,15560,112
'2017-03','113',' 홍대입구역 2번출구 앞','일일(회원)','M','50대',3,305.84,3.42,14730,108
'2017-03','369',' 광화문 시민열린마당','일일(회원)','M','50대',2,91.96,0.8,3450,29
'2017-03','348',' 독립문역 사거리','일일(회원)','M','50대',2,152.09,1.2,5190,18
'2017-03','370',' 시청역(2호선) 9번출구 뒤','일일(회원)','M','50대',5,177.39,1.47,6310,38
'2017-03','374',' 청구역 2번출구 앞','일일(회원)','M','50대',1,93.44,0.84,3630,18
'2017-03','377',' 서울역 4번출구 앞','일일(회원)','M','50대',1,46.9,0.33,1410,11
'2017-03','378',' 청계7가 사거리','일일(회원)','M','50대',1,201.58,1.41,6060,40
'2017-03','384',' 종로학원본원 ','일일(회원)','M','50대',1,66.81,0.56,2410,23
'2017-03','114',' 홍대입구역 8번출구 앞','일일(회원)','M','50대',1,154.73,1.89,8140,44
'2017-03','143',' 공덕역 2번출구','일일(회원)','M','50대',2,27.72,0.23,1000,18
'2017-03','146',' 마포역 1번출구 뒤','일일(회원)','M','50대',5,1136.91,8,34540,160
'2017-03','147',' 마포역 4번출구 뒤','일일(회원)','M','50대',7,998.35,7.9,34030,201
'2017-03','148',' 용강동 주민센터 앞','일일(회원)','M','50대',2,139.79,1.27,5500,37
'2017-03','150',' 서강대역 2번출구 앞','일일(회원)','M','50대',1,363.45,3.28,14120,106
'2017-03','151',' 망원1동주민센터','일일(회원)','M','50대',1,82.48,0.59,2540,58
'2017-03','152',' 마포구민체육센터 앞','일일(회원)','M','50대',4,442.59,3.16,13630,233
'2017-03','153',' 성산2교 사거리','일일(회원)','M','50대',1,65.3,0.39,1700,10
'2017-03','154',' 마포구청역 ','일일(회원)','M','50대',1,48.94,0.39,1670,9
'2017-03','155',' 가좌역1 번출구 뒤','일일(회원)','M','50대',1,0,0,0,61
'2017-03','156',' 서울서부지방법원 앞','일일(회원)','M','50대',1,145.7,1.02,4380,20
'2017-03','159',' 이대역 4번 출구','일일(회원)','M','50대',1,44.02,0.4,1710,9
'2017-03','160',' 북아현동 가구거리','일일(회원)','M','50대',1,180.29,1.26,5420,36
'2017-03','162',' 봉원고가차도 밑','일일(회원)','M','50대',1,50.17,0.42,1810,26
'2017-03','163',' 명지전문대학교 정문 앞','일일(회원)','M','50대',3,210.23,2.06,8900,69
'2017-03','165',' 중앙근린공원','일일(회원)','M','50대',1,153.68,1.36,5880,39
'2017-03','166',' 가재울 초등학교','일일(회원)','M','50대',3,265.67,2.22,9560,77
'2017-03','167',' 연가초등학교 옆','일일(회원)','M','50대',2,29.46,0.22,930,7
'2017-03','171',' 임광빌딩 앞','일일(회원)','M','50대',1,35.76,0.3,1290,11
'2017-03','172',' 서대문소방서','일일(회원)','M','50대',3,209.14,2.09,9060,76
'2017-03','173',' 서대문역 8번출구 앞','일일(회원)','M','50대',1,33.26,0.24,1050,5
'2017-03','175',' 홍연2교옆','일일(회원)','M','50대',7,1242.76,9.26,39910,245
'2017-03','179',' 가좌역 4번출구 앞','일일(회원)','M','50대',1,132.82,1.2,5160,30
'2017-03','180',' 충정로역 7번출구 뒤','일일(회원)','M','50대',1,190.6,1.33,5730,33
'2017-03','520',' 상왕십리역 4번 출구 앞','일일(회원)','M','50대',3,329.47,2.58,11130,70
'2017-03','521',' 왕십리역 11번 출구 앞','일일(회원)','M','50대',1,65.93,0.52,2250,11
'2017-03','522',' 금호역 1번출구 앞','일일(회원)','M','50대',3,680.16,5.11,22020,80
'2017-03','524',' 래미안금호하이리버 아파트 102동 옆','일일(회원)','M','50대',2,438.99,4,17260,163
'2017-03','525',' 한양대병원사거리','일일(회원)','M','50대',1,55.08,0.5,2140,36
'2017-03','526',' 용답토속공원 앞','일일(회원)','M','50대',2,223.8,1.78,7670,47
'2017-03','530',' 청계벽산아파트 앞','일일(회원)','M','50대',1,20.49,0.16,690,4
'2017-03','533',' 우리은행 금호동 지점 앞','일일(회원)','M','50대',1,213.13,1.6,6900,22
'2017-03','535',' 응봉삼거리','일일(회원)','M','50대',2,473.89,4.54,19590,103
'2017-03','550',' 서울시설공단 앞','일일(회원)','M','50대',1,219.88,1.53,6610,40
'2017-03','539',' 군자교교차로','일일(회원)','M','50대',3,243.09,2.04,8770,56
'2017-03','542',' 강변역 4번출구 뒤','일일(회원)','M','50대',1,2.57,0.02,100,1
'2017-03','546',' 잠실대교북단 교차로','일일(회원)','M','50대',1,19.31,0.17,750,8
'2017-03','548',' 자양나들목','일일(회원)','M','50대',2,281.11,2.11,9120,44
'2017-03','549',' 아차산역 3번출구','일일(회원)','M','50대',1,143.73,0.99,4270,35
'2017-03','124',' 서강대 정문 건너편','일일(회원)','M','50대',1,49.06,0.41,1770,16
'2017-03','600',' 휘경2동 주민센터','일일(회원)','M','50대',1,149.45,1.72,7400,60
'2017-03','605',' 신설동역8번출구','일일(회원)','M','50대',1,151.68,1.06,4560,44
'2017-03','609',' 제기2교','일일(회원)','M','50대',1,179.67,1.62,6980,42
'2017-03','125',' 서강대 남문 옆','일일(회원)','M','50대',1,17.76,0.16,690,3
'2017-03','610',' 동대문중 교차로','일일(회원)','M','50대',1,207.21,2.38,10260,44
'2017-03','612',' 시립동부병원 앞 사거리','일일(회원)','M','50대',3,348.63,2.71,11690,135
'2017-03','613',' 신설동역 10번출구 앞','일일(회원)','M','50대',1,181.62,1.27,5460,29
'2017-03','614',' 용두동 사거리','일일(회원)','M','50대',1,125.41,0.87,3770,21
'2017-03','227',' 양평2나들목 보행통로 입구','일일(회원)','M','50대',1,41.38,0.44,1900,16
'2017-03','228',' 선유도역 3번출구 앞','일일(회원)','M','50대',3,441,3.45,14900,90
'2017-03','126',' 서강대 후문 옆','일일(회원)','M','50대',1,12.61,0.11,490,2
'2017-03','234',' 영등포구민체육센터 앞','일일(회원)','M','50대',1,108.66,0.91,3920,30
'2017-03','237',' 보라매 두산위브 건너편','일일(회원)','M','50대',1,4.75,0.03,150,2
'2017-03','239',' 유스호스텔 앞','일일(회원)','M','50대',1,17.76,0.16,690,3
'2017-03','241',' 신길우성1차아파트 앞 공원','일일(회원)','M','50대',2,350.83,3.67,15820,108
'2017-03','242',' 신길선원가와인아파트 앞','일일(회원)','M','50대',1,71.6,0.52,2260,19
'2017-03','243',' 이앤씨드림타워 앞','일일(회원)','M','50대',1,38.59,0.4,1740,14
'2017-03','244',' 영등포삼환아파트 앞','일일(회원)','M','50대',1,0,0,0,37
'2017-03','247',' 당산역 10번출구 앞','일일(회원)','M','50대',1,183.27,1.65,7120,84
'2017-03','249',' 여의도중학교 옆','일일(회원)','M','50대',5,2046.66,13.77,59380,250
'2017-03','257',' 신길삼거리(우리은행)','일일(회원)','M','50대',1,213.64,1.93,8300,50
'2017-03','258',' 신길역3번출구','일일(회원)','M','50대',1,128.7,1.51,6500,69
'2017-03','259',' 대방역6번출구','일일(회원)','M','50대',1,23.08,0.2,870,10
'2017-03','702',' 목4동주민센터 옆','일일(회원)','M','50대',1,103.36,1.21,5220,50
'2017-03','709',' 신정3동 현장민원실 앞','일일(회원)','M','50대',1,169.11,1.52,6570,29
'2017-03','711',' 신일해피트리아파트 앞','일일(회원)','M','50대',2,445.35,3.62,15620,82
'2017-03','712',' 강월초교입구 사거리','일일(회원)','M','50대',1,72.71,0.5,2160,12
'2017-03','714',' 한국SGI 양천문화회관 앞','일일(회원)','M','50대',1,147.12,1.2,5160,42
'2017-03','800',' 목월공원 앞','일일(회원)','M','50대',2,356.93,2.84,12240,63
'2017-03','806',' 전자랜드 본관 앞','일일(회원)','M','50대',2,300.52,3.28,14130,94
'2017-03','807',' 서울역 12번 출구 앞','일일(회원)','M','50대',1,290.72,1.81,7810,342
'2017-03','808',' 서빙고동 금호맨션 앞','일일(회원)','M','50대',4,1091.73,7.62,32820,163
'2017-03','131',' 증산2교','일일(회원)','M','50대',2,131.42,1.26,5440,36
'2017-03','809',' 한남 유수지 복개주차장','일일(회원)','M','50대',5,1263.84,11.34,48870,242
'2017-03','811',' 녹사평역1번출구','일일(회원)','M','50대',1,171.4,1.5,6460,40
'2017-03','815',' LIG강촌아파트 103동앞','일일(회원)','M','50대',2,238.14,1.87,8070,84
'2017-03','385',' 종각역 5번출구','일일(회원)','M','50대',2,185.7,1.6,6890,63
'2017-03','181',' 망원초록길 입구','일일(회원)','M','50대',2,573.42,3.99,17220,118
'2017-03','182',' 망원2빗물펌프장 앞','일일(회원)','M','50대',1,143.63,1.29,5580,22
'2017-03','184',' SK망원동주유소 건너편','일일(회원)','M','50대',2,83.44,0.7,3010,17
'2017-03','185',' 마포 신수공원 앞','일일(회원)','M','50대',2,374.06,3.28,14140,103
'2017-03','186',' 월드컵공원','일일(회원)','M','50대',7,1063.26,10.11,43600,392
'2017-03','192',' 연서어린이공원','일일(회원)','M','50대',4,283.02,2.37,10210,61
'2017-03','194',' 증산교 앞','일일(회원)','M','50대',2,174.4,1.7,7340,53
'2017-03','198',' 충정2교','일일(회원)','M','50대',1,106.44,0.74,3200,13
'2017-03','556',' 달맞이공원','일일(회원)','M','50대',8,1782.95,12.43,53600,346
'2017-03','558',' 성동광진 교육지원청 앞','일일(회원)','M','50대',2,179.82,1.55,6700,41
'2017-03','560',' 비전교회 앞','일일(회원)','M','50대',1,188.61,1.32,5670,29
'2017-03','561',' 서울숲역 2번출구 앞','일일(회원)','M','50대',2,97.28,0.79,3410,21
'2017-03','564',' 금호역 3번출구','일일(회원)','M','50대',1,310.94,2.8,12080,49
'2017-03','565',' 옥수역 3번출구','일일(회원)','M','50대',3,775.51,6.37,27470,203
'2017-03','567',' 성수역 2번출구 앞','일일(회원)','M','50대',2,467.73,3.76,16210,97
'2017-03','568',' 청계8가사거리 부근','일일(회원)','M','50대',1,85.54,1,4320,41
'2017-03','135',' 명물길 원형무대 앞','일일(회원)','M','50대',1,240.77,1.76,7600,50
'2017-03','569',' 응봉현대아파트 정류소','일일(회원)','M','50대',1,154.95,1.35,5840,55
'2017-03','578',' 성동세무서 부근','일일(회원)','M','50대',1,53.28,0.48,2070,8
'2017-03','579',' 마장역 4번출구','일일(회원)','M','50대',2,76.81,0.87,3730,54
'2017-03','580',' 신금호역 3번출구 뒤','일일(회원)','M','50대',1,46.01,0.36,1570,4
'2017-03','583',' 청계천 생태교실 앞','일일(회원)','M','50대',14,2435.35,19.62,84600,481
'2017-03','552',' 대림아크로리버 앞','일일(회원)','M','50대',1,307.85,2.77,11960,73
'2017-03','553',' 중곡 성원APT 앞','일일(회원)','M','50대',5,861.77,7.76,33480,320
'2017-03','137',' NH농협 신촌지점 앞','일일(회원)','M','50대',2,397.6,3.81,16430,121
'2017-03','623',' 서울시립대 정문 앞','일일(회원)','M','50대',1,91.69,0.98,4210,64
'2017-03','631',' 답십리역 1번출구','일일(회원)','M','50대',6,901.4,6.49,28060,173
'2017-03','102',' 망원역 1번출구 앞','일일(회원)','M','50대',1,26.61,0.22,960,4
'2017-03','634',' 외국어대 정문 앞','일일(회원)','M','50대',5,617.13,5.32,22960,202
'2017-03','635',' 시조사 앞 (청량고정문 옆)','일일(회원)','M','50대',1,158.24,1.55,6660,52
'2017-03','636',' 세종대왕기념관 교차로','일일(회원)','M','50대',6,1073.09,7.48,32260,214
'2017-03','637',' KAIST 경영대학 앞','일일(회원)','M','50대',5,1641.91,11.46,49360,261
'2017-03','640',' KEB하나은행 청량리역지점','일일(회원)','M','50대',3,308.44,2.25,9700,52
'2017-03','641',' 용두역 4번출구','일일(회원)','M','50대',1,63.3,0.5,2160,6
'2017-03','643',' 동대문구민체육센터 (육교아래)','일일(회원)','M','50대',1,65.08,0.4,1730,11
'2017-03','230',' 영등포구청역 1번출구','일일(회원)','M','50대',1,24.71,0.22,960,7
'2017-03','260',' 여의도 마리나선착장 앞','일일(회원)','M','50대',1,140.54,1.27,5460,39
'2017-03','263',' 근로자회관 사거리','일일(회원)','M','50대',1,29.6,0.27,1150,11
'2017-03','266',' 영등포청과시장 사거리','일일(회원)','M','50대',2,113.26,1.02,4400,34
'2017-03','267',' 삼성화재 사옥 옆','일일(회원)','M','50대',2,298.04,2.4,10310,56
'2017-03','271',' 샛강생태공원방문자센터 앞','일일(회원)','M','50대',1,21.11,0.19,820,13
'2017-03','272',' 당산육갑문','일일(회원)','M','50대',1,247.61,2.27,9770,93
'2017-03','719',' 홍익병원앞 교차로','일일(회원)','M','50대',1,132.96,0.92,3950,23
'2017-03','816',' 신용산역 6번출구 앞','일일(회원)','M','50대',1,164.84,1.29,5550,34
'2017-03','817',' 삼각지역 4번출구 앞','일일(회원)','M','50대',1,103.12,0.72,3100,22
'2017-03','819',' 선린인터넷 고등학교','일일(회원)','M','50대',2,1098.51,7.08,30540,222
'2017-03','825',' 서빙고동 주민센터 앞','일일(회원)','M','50대',1,342.86,3.09,13320,88
'2017-03','199',' 서울 월드컵 경기장','일일(회원)','M','50대',1,38.61,0.35,1500,7
'2017-03','901',' 응암1동사무소','일일(회원)','M','50대',1,59.6,0.5,2150,15
'2017-03','904',' 은평뉴타운 푸르지오','일일(회원)','M','50대',1,52.25,0.47,2030,12
'2017-03','905',' 구파발역 2번출구','일일(회원)','M','50대',2,242.59,2.03,8760,99
'2017-03','907',' CJ 드림시티','일일(회원)','M','50대',4,799.05,6.73,29030,178
'2017-03','912',' 응암오거리','일일(회원)','M','50대',1,60.19,0.44,1900,12
'2017-03','914',' 새절역 2번출구','일일(회원)','M','50대',1,92.31,0.73,3150,18
'2017-03','915',' 증산역 4번출구','일일(회원)','M','50대',2,28.51,0.21,900,64
'2017-03','921',' 신도고등학교','일일(회원)','M','50대',1,236.12,1.84,7950,54
'2017-03','202',' 국민일보 앞','일일(회원)','M','50대',1,116.34,1.05,4520,38
'2017-03','924',' 메뚜기다리','일일(회원)','M','50대',1,23.76,0.23,1000,8
'2017-03','925',' 불광역 2번출구','일일(회원)','M','50대',1,196.32,1.53,6610,30
'2017-03','926',' 불광역 8번출구','일일(회원)','M','50대',1,273.09,1.95,8410,49
'2017-03','930',' 구 서부경찰서 건너편','일일(회원)','M','50대',1,325.83,3.47,14960,90
'2017-03','931',' 역촌파출소','일일(회원)','M','50대',1,181.23,1.56,6730,31
'2017-03','203',' 국회의사당역 3번출구 옆','일일(회원)','M','50대',4,866.29,8.46,36460,132
'2017-03','205',' 산업은행 앞','일일(회원)','M','50대',2,334.42,3.92,16890,96
'2017-03','206',' KBS 앞','일일(회원)','M','50대',1,136.43,1.21,5220,32
'2017-03','209',' 유진투자증권빌딩 앞','일일(회원)','M','50대',1,440.86,3.64,15680,89
'2017-03','210',' IFC몰','일일(회원)','M','50대',1,172.06,1.83,7900,50
'2017-03','211',' 여의도역 4번출구 옆','일일(회원)','M','50대',3,531.76,4.63,19920,130
'2017-03','212',' 여의도역 1번출구 옆','일일(회원)','M','50대',3,459.46,4.14,17850,98
'2017-03','213',' KT앞','일일(회원)','M','50대',3,432.52,3.66,15790,139
'2017-03','104',' 합정역 1번출구 앞','일일(회원)','M','50대',4,749.04,6.61,28460,174
'2017-03','220',' 미성아파트 A동 앞','일일(회원)','M','50대',1,292.12,2.55,11010,61
'2017-03','215',' 여의도고교 앞','일일(회원)','M','50대',1,84.02,1.03,4420,175
'2017-03','216',' 삼부아파트1동 앞','일일(회원)','M','50대',1,148.52,1.34,5770,56
'2017-03','221',' 여의도초교 앞','일일(회원)','M','50대',2,872.93,7.47,32170,205
'2017-03','222',' 시범아파트버스정류장 옆','일일(회원)','M','50대',2,213.23,1.75,7560,63
'2017-03','105',' 합정역 5번출구 앞','일일(회원)','M','50대',3,267.03,2.29,9870,70
'2017-03','224',' 롯데캐슬 앞','일일(회원)','M','50대',2,353.16,3.18,13720,79
'2017-03','225',' 앙카라공원 앞','일일(회원)','M','50대',1,111.71,1.01,4340,17
'2017-03','226',' 샛강역 1번출구 앞','일일(회원)','M','50대',1,32,0.23,1010,6
'2017-03','207',' 여의나루역 1번출구 앞','일일(회원)','M','50대',6,1625.12,15.76,67870,493
'2017-03','상암센터 정비실','상암센터 정비실','일일(회원)','M','50대',3,16.34,0.13,590,62
'2017-03','403',' 부엉이공원 앞','일일(회원)','M','50대',2,509.52,3.88,16710,69
'2017-03','106',' 합정역 7번출구 앞','일일(회원)','M','50대',2,370.53,3.55,15330,145
'2017-03','405',' DMC빌 앞','일일(회원)','M','50대',3,305.79,2.99,12870,58
'2017-03','406',' 상암월드컵파크 7단지 앞','일일(회원)','M','50대',1,228.81,2.23,9630,43
'2017-03','421',' 마포구청 앞','일일(회원)','M','50대',5,271.64,2.25,9690,56
'2017-03','408',' LG CNS앞','일일(회원)','M','50대',1,49.9,0.39,1680,15
'2017-03','420',' 서울시 공공자전거 상암센터','일일(회원)','M','50대',14,765.74,6.24,26880,225
'2017-03','409',' 누리꿈스퀘어 옆','일일(회원)','M','50대',2,372.46,2.36,10170,58
'2017-03','419',' 홈플러스 앞','일일(회원)','M','50대',14,2162.89,14.48,62440,354
'2017-03','418',' 월드컵경기장역 3번출구 옆','일일(회원)','M','50대',9,1531.67,13.09,56430,389
'2017-03','107',' 신한은행 서교동금융센터점 앞','일일(회원)','M','50대',1,316.07,2.18,9390,96
'2017-03','412',' DMC산학협력연구센터 앞','일일(회원)','M','50대',2,128.7,1.16,5000,30
'2017-03','415',' DMC역 9번출구 앞','일일(회원)','M','50대',3,229.99,2.25,9680,38
'2017-03','500',' 어린이대공원역 3번출구 앞','일일(회원)','M','50대',1,143.11,1.29,5560,55
'2017-03','502',' 뚝섬유원지역 1번출구 앞','일일(회원)','M','50대',10,1800.63,19.85,85580,532
'2017-03','303',' 광화문역 1번출구 앞','일일(회원)','M','60대',1,55.47,0.48,2060,15
'2017-03','312',' 시청역 1번출구 뒤','일일(회원)','M','60대',1,19.57,0.14,610,6
'2017-03','314',' 국립현대미술관','일일(회원)','M','60대',1,145.63,1.05,4540,37
'2017-03','318',' 광교사거리 남측','일일(회원)','M','60대',2,37.63,0.29,1260,13
'2017-03','321',' KEB 하나은행 본점 앞','일일(회원)','M','60대',2,86.54,0.68,2950,26
'2017-03','322',' 명동성당 앞','일일(회원)','M','60대',2,107.46,0.77,3350,28
'2017-03','324',' 신세계백화점 본점 앞','일일(회원)','M','60대',2,51.32,0.37,1600,17
'2017-03','327',' 낙원상가 옆','일일(회원)','M','60대',1,150.58,1.36,5850,50
'2017-03','347',' 동대문역사문화공원역 9번출구 앞','일일(회원)','M','60대',4,313.51,2.37,10260,99
'2017-03','117',' 홍은사거리','일일(회원)','M','60대',6,774.99,6.67,28780,280
'2017-03','369',' 광화문 시민열린마당','일일(회원)','M','60대',1,46.19,0.33,1440,32
'2017-03','375',' 다산 어린이공원','일일(회원)','M','60대',1,72.07,0.65,2800,38
'2017-03','377',' 서울역 4번출구 앞','일일(회원)','M','60대',1,30.79,0.22,960,7
'2017-03','379',' 서울역9번출구','일일(회원)','M','60대',1,99.16,0.73,3130,23
'2017-03','146',' 마포역 1번출구 뒤','일일(회원)','M','60대',1,50.97,0.46,1980,26
'2017-03','147',' 마포역 4번출구 뒤','일일(회원)','M','60대',1,244.53,2.2,9500,46
'2017-03','150',' 서강대역 2번출구 앞','일일(회원)','M','60대',1,94.47,0.85,3670,21
'2017-03','162',' 봉원고가차도 밑','일일(회원)','M','60대',1,0,0,0,73
'2017-03','165',' 중앙근린공원','일일(회원)','M','60대',1,125.04,0.98,4210,34
'2017-03','175',' 홍연2교옆','일일(회원)','M','60대',2,182.86,1.65,7120,82
'2017-03','548',' 자양나들목','일일(회원)','M','60대',1,0,0,0,53
'2017-03','125',' 서강대 남문 옆','일일(회원)','M','60대',1,0,0,0,40
'2017-03','250',' 대림아파트 사거리','일일(회원)','M','60대',1,40.93,0.37,1590,12
'2017-03','704',' 남부법원검찰청 교차로','일일(회원)','M','60대',1,108.03,1.02,4400,26
'2017-03','807',' 서울역 12번 출구 앞','일일(회원)','M','60대',1,265.52,2.07,8940,48
'2017-03','132',' 창천문화공원','일일(회원)','M','60대',1,81.38,0.64,2740,20
'2017-03','186',' 월드컵공원','일일(회원)','M','60대',4,2156.34,18.05,77790,341
'2017-03','188',' 홍은동 정원여중 입구','일일(회원)','M','60대',1,25.04,0.22,930,7
'2017-03','559',' 왕십리역 4번 출구 건너편','일일(회원)','M','60대',1,130.39,0.8,3430,24
'2017-03','568',' 청계8가사거리 부근','일일(회원)','M','60대',1,64.45,0.5,2170,19
'2017-03','583',' 청계천 생태교실 앞','일일(회원)','M','60대',1,285.97,2.58,11110,53
'2017-03','633',' 청량리 기업은행 앞','일일(회원)','M','60대',3,530.05,4.24,18280,105
'2017-03','637',' KAIST 경영대학 앞','일일(회원)','M','60대',1,36.08,0.32,1360,15
'2017-03','266',' 영등포청과시장 사거리','일일(회원)','M','60대',3,455.85,4.11,17710,108
'2017-03','816',' 신용산역 6번출구 앞','일일(회원)','M','60대',1,0,0,0,29
'2017-03','820',' 청파동입구 교차로','일일(회원)','M','60대',2,365.61,2.81,12090,98
'2017-03','901',' 응암1동사무소','일일(회원)','M','60대',1,57.63,0.5,2140,17
'2017-03','902',' 진관동 은빛초등학교','일일(회원)','M','60대',1,136.62,1.33,5750,55
'2017-03','907',' CJ 드림시티','일일(회원)','M','60대',29,7489.6,73.13,315220,1667
'2017-03','908',' 구산역 4번출구','일일(회원)','M','60대',1,127.91,1.1,4750,48
'2017-03','909',' 백련산 힐스테이트 3차','일일(회원)','M','60대',1,92.63,0.8,3440,52
'2017-03','913',' 이마트 은평점','일일(회원)','M','60대',3,201.15,1.73,7470,98
'2017-03','202',' 국민일보 앞','일일(회원)','M','60대',1,92.96,0.73,3130,30
'2017-03','925',' 불광역 2번출구','일일(회원)','M','60대',1,48.74,0.42,1810,24
'2017-03','중랑센터','중랑센터','일일(회원)','M','60대',3,0,0,0,64
'2017-03','588',' 뚝섬 유원지역','일일(회원)','M','60대',1,149.55,1.35,5810,43
'2017-03','205',' 산업은행 앞','일일(회원)','M','60대',4,218.7,1.91,8270,75
'2017-03','206',' KBS 앞','일일(회원)','M','60대',1,90.6,0.82,3520,23
'2017-03','104',' 합정역 1번출구 앞','일일(회원)','M','60대',1,222.96,1.92,8280,52
'2017-03','220',' 미성아파트 A동 앞','일일(회원)','M','60대',2,81.59,0.73,3170,22
'2017-03','222',' 시범아파트버스정류장 옆','일일(회원)','M','60대',1,129.25,1.11,4800,44
'2017-03','207',' 여의나루역 1번출구 앞','일일(회원)','M','60대',4,353.91,3.79,16330,291
'2017-03','405',' DMC빌 앞','일일(회원)','M','60대',5,301.28,2.94,12680,101
'2017-03','408',' LG CNS앞','일일(회원)','M','60대',1,210.81,1.9,8190,51
'2017-03','419',' 홈플러스 앞','일일(회원)','M','60대',2,300.16,2.76,11920,73
'2017-03','411',' DMC홍보관','일일(회원)','M','60대',1,134.62,1.21,5230,32
'2017-03','415',' DMC역 9번출구 앞','일일(회원)','M','60대',1,39.44,0.39,1660,31
'2017-03','502',' 뚝섬유원지역 1번출구 앞','일일(회원)','M','60대',9,2298.35,19.4,83620,479
'2017-03','503',' 더샵스타시티 C동 앞','일일(회원)','M','70대~',2,519.62,3.91,16850,78
'2017-03','505',' 자양사거리 광진아크로텔 앞','일일(회원)','M','70대~',3,302.77,2.65,11430,76
'2017-03','507',' 성수아이에스비즈타워 앞','일일(회원)','M','70대~',1,87.52,0.75,3250,15
'2017-03','511',' 서울숲역 4번 출구 옆','일일(회원)','M','70대~',1,51.88,0.3,1310,15
'2017-03','512',' 뚝섬역 1번 출구 옆','일일(회원)','M','70대~',1,37.84,0.34,1470,8
'2017-03','513',' 뚝섬역 5번 출구 정류소 옆','일일(회원)','M','70대~',1,227.8,1.78,7670,47
'2017-03','514',' 성수사거리 버스정류장 앞','일일(회원)','M','70대~',1,38.31,0.3,1290,6
'2017-03','515',' 광양중학교 앞','일일(회원)','M','70대~',1,0,0,0,297
'2017-03','516',' 광진메디칼 앞','일일(회원)','M','70대~',1,24.06,0.23,980,10
'2017-03','302',' 경복궁역 4번출구 뒤','일일(회원)','M','70대~',3,216.55,1.94,8320,71
'2017-03','303',' 광화문역 1번출구 앞','일일(회원)','M','70대~',1,34.49,0.31,1340,10
'2017-03','115',' 사루비아 빌딩 앞','일일(회원)','M','70대~',2,109.6,0.95,4070,62
'2017-03','304',' 광화문역 2번출구 앞','일일(회원)','M','70대~',3,349.08,2.83,12220,58
'2017-03','306',' 광화문역 7번출구 앞','일일(회원)','M','70대~',2,210.29,1.66,7160,56
'2017-03','307',' 서울역사박물관 앞','일일(회원)','M','70대~',1,101.42,0.91,3940,20
'2017-03','310',' 청계광장 옆','일일(회원)','M','70대~',1,25.66,0.19,810,3
'2017-03','311',' 서울광장 옆','일일(회원)','M','70대~',2,117.88,0.96,4170,30
'2017-03','312',' 시청역 1번출구 뒤','일일(회원)','M','70대~',2,219.32,2.14,9210,84
'2017-03','110',' 사천교','일일(회원)','M','70대~',1,30.31,0.2,860,4
'2017-03','314',' 국립현대미술관','일일(회원)','M','70대~',3,174.64,1.45,6250,54
'2017-03','315',' 신한은행 안국역지점 옆','일일(회원)','M','70대~',3,173.04,1.37,5930,58
'2017-03','316',' 종각역 1번출구 앞','일일(회원)','M','70대~',2,89.03,0.8,3470,31
'2017-03','318',' 광교사거리 남측','일일(회원)','M','70대~',2,38.31,0.35,1520,12
'2017-03','321',' KEB 하나은행 본점 앞','일일(회원)','M','70대~',1,103.78,0.83,3590,19
'2017-03','116',' 일진아이윌아파트 옆','일일(회원)','M','70대~',2,109.18,0.8,3470,32
'2017-03','324',' 신세계백화점 본점 앞','일일(회원)','M','70대~',1,128.94,0.94,4070,22
'2017-03','326',' 안국역 5번출구 앞','일일(회원)','M','70대~',1,56.11,0.37,1610,7
'2017-03','327',' 낙원상가 옆','일일(회원)','M','70대~',1,88.39,0.72,3100,15
'2017-03','329',' 청계2가 사거리 옆','일일(회원)','M','70대~',1,78.41,0.61,2640,21
'2017-03','330',' 청계천 한빛광장','일일(회원)','M','70대~',1,392.54,3.54,15250,59
'2017-03','332',' 을지로2가 사거리 남측','일일(회원)','M','70대~',1,18.71,0.17,750,7
'2017-03','334',' 종로3가역 2번출구 뒤','일일(회원)','M','70대~',2,301.96,2.37,10200,83
'2017-03','336',' 티마크 호텔 앞','일일(회원)','M','70대~',1,37.84,0.34,1470,30
'2017-03','338',' 세운스퀘어 앞','일일(회원)','M','70대~',1,168.54,1.41,6080,36
'2017-03','339',' 종로4가 사거리','일일(회원)','M','70대~',5,518.66,4.05,17450,164
'2017-03','340',' 혜화동 로터리','일일(회원)','M','70대~',3,557.21,4.61,19860,143
'2017-03','341',' 혜화역 3번출구 뒤','일일(회원)','M','70대~',2,139.83,1.21,5220,27
'2017-03','342',' 대학로 마로니에공원','일일(회원)','M','70대~',3,121.03,0.91,3920,18
'2017-03','346',' 맥스타일 앞','일일(회원)','M','70대~',2,223.06,1.73,7460,55
'2017-03','347',' 동대문역사문화공원역 9번출구 앞','일일(회원)','M','70대~',3,433.63,3.58,15430,116
'2017-03','349',' 사직동주민센터','일일(회원)','M','70대~',5,291.52,2.35,10150,160
'2017-03','350','KEB 하나은행(내자동 지점) 앞','일일(회원)','M','70대~',3,204.75,1.51,6490,70
'2017-03','351',' 청운초교 앞 삼거리','일일(회원)','M','70대~',1,195.43,1.64,7050,50
'2017-03','356',' KT혜화지사 앞','일일(회원)','M','70대~',1,119.5,1.11,4790,58
'2017-03','358',' 성대입구 사거리','일일(회원)','M','70대~',2,466.45,3.59,15480,121
'2017-03','361',' 동묘앞역 1번출구 뒤','일일(회원)','M','70대~',1,147.52,1.29,5560,37
'2017-03','364',' 창신역 1번출구 앞','일일(회원)','M','70대~',1,18.46,0.17,740,4
'2017-03','113',' 홍대입구역 2번출구 앞','일일(회원)','M','70대~',1,0,0,0,8
'2017-03','369',' 광화문 시민열린마당','일일(회원)','M','70대~',2,246.8,2.08,8980,76
'2017-03','370',' 시청역(2호선) 9번출구 뒤','일일(회원)','M','70대~',1,32.95,0.24,1040,5
'2017-03','118',' 광흥창역 2번출구 앞','일일(회원)','M','70대~',1,19.56,0.18,760,5
'2017-03','379',' 서울역9번출구','일일(회원)','M','70대~',1,164.32,1.27,5460,35
'2017-03','380',' CJ제일제당 앞','일일(회원)','M','70대~',2,95.2,0.82,3520,33
'2017-03','382',' 약수역 10번출구 앞','일일(회원)','M','70대~',1,113.77,1.03,4420,21
'2017-03','383',' 신당역 12번 출구 뒤','일일(회원)','M','70대~',5,276.18,2.55,11020,85
'2017-03','114',' 홍대입구역 8번출구 앞','일일(회원)','M','70대~',8,2083.86,16.37,70600,378
'2017-03','143',' 공덕역 2번출구','일일(회원)','M','70대~',1,118.8,0.93,4000,30
'2017-03','144',' 공덕역 8번출구','일일(회원)','M','70대~',2,95.36,0.72,3110,28
'2017-03','146',' 마포역 1번출구 뒤','일일(회원)','M','70대~',1,75.98,0.57,2460,13
'2017-03','148',' 용강동 주민센터 앞','일일(회원)','M','70대~',2,70.27,0.72,3110,20
'2017-03','150',' 서강대역 2번출구 앞','일일(회원)','M','70대~',3,322.28,2.53,10950,55
'2017-03','152',' 마포구민체육센터 앞','일일(회원)','M','70대~',4,1090.06,8.77,37840,207
'2017-03','119',' 서강나루 공원','일일(회원)','M','70대~',1,325.04,2.41,10390,46
'2017-03','153',' 성산2교 사거리','일일(회원)','M','70대~',1,65.08,0.46,1980,15
'2017-03','158',' 독립문 어린이 공원','일일(회원)','M','70대~',1,0,0,0,2
'2017-03','159',' 이대역 4번 출구','일일(회원)','M','70대~',2,468.23,3.43,14780,80
'2017-03','160',' 북아현동 가구거리','일일(회원)','M','70대~',1,13.45,0.1,430,25
'2017-03','162',' 봉원고가차도 밑','일일(회원)','M','70대~',1,46.85,0.42,1820,6
'2017-03','120',' 신수동 사거리','일일(회원)','M','70대~',1,143.89,1.3,5590,25
'2017-03','163',' 명지전문대학교 정문 앞','일일(회원)','M','70대~',3,222.98,1.81,7820,39
'2017-03','166',' 가재울 초등학교','일일(회원)','M','70대~',2,272.09,2.04,8770,52
'2017-03','171',' 임광빌딩 앞','일일(회원)','M','70대~',2,117.7,0.83,3560,23
'2017-03','172',' 서대문소방서','일일(회원)','M','70대~',1,92.19,0.68,2910,24
'2017-03','175',' 홍연2교옆','일일(회원)','M','70대~',3,580.45,4.57,19710,74
'2017-03','180',' 충정로역 7번출구 뒤','일일(회원)','M','70대~',1,79.2,0.58,2500,12
'2017-03','520',' 상왕십리역 4번 출구 앞','일일(회원)','M','70대~',1,117.63,1.06,4570,26
'2017-03','521',' 왕십리역 11번 출구 앞','일일(회원)','M','70대~',2,125.1,1.12,4860,33
'2017-03','122',' 신성기사식당 앞','일일(회원)','M','70대~',1,15.96,0.14,620,25
'2017-03','525',' 한양대병원사거리','일일(회원)','M','70대~',6,1070.85,9.31,40140,324
'2017-03','526',' 용답토속공원 앞','일일(회원)','M','70대~',1,74.82,0.65,2820,30
'2017-03','535',' 응봉삼거리','일일(회원)','M','70대~',1,216.47,1.95,8410,47
'2017-03','536',' 행당역 2번출구 앞','일일(회원)','M','70대~',1,46.99,0.24,1050,17
'2017-03','539',' 군자교교차로','일일(회원)','M','70대~',1,83.99,0.7,3030,22
'2017-03','540',' 군자역 7번출구 베스트샵 앞','일일(회원)','M','70대~',2,215.96,1.95,8390,60
'2017-03','548',' 자양나들목','일일(회원)','M','70대~',5,1734.94,15.17,65390,279
'2017-03','549',' 아차산역 3번출구','일일(회원)','M','70대~',1,26.33,0.22,950,7
'2017-03','602',' 장안동 사거리','일일(회원)','M','70대~',2,239.96,1.99,8590,57
'2017-03','604',' 답십리초등학교 옆 공원','일일(회원)','M','70대~',1,64.31,0.47,2030,7
'2017-03','605',' 신설동역8번출구','일일(회원)','M','70대~',1,205.24,1.43,6170,33
'2017-03','607',' 신이문역 2번출구','일일(회원)','M','70대~',2,280.44,2.44,10540,80
'2017-03','609',' 제기2교','일일(회원)','M','70대~',1,213.13,1.6,6900,32
'2017-03','125',' 서강대 남문 옆','일일(회원)','M','70대~',1,217.46,1.43,6170,121
'2017-03','612',' 시립동부병원 앞 사거리','일일(회원)','M','70대~',1,18.36,0.14,610,3
'2017-03','614',' 용두동 사거리','일일(회원)','M','70대~',2,944.75,5.87,25280,101
'2017-03','617',' 청솔우성아파트 앞','일일(회원)','M','70대~',1,134.86,0.9,3870,28
'2017-03','228',' 선유도역 3번출구 앞','일일(회원)','M','70대~',2,482.08,4.15,17870,130
'2017-03','229',' 양평1 보행육교 앞','일일(회원)','M','70대~',3,465.69,4.27,18440,103
'2017-03','126',' 서강대 후문 옆','일일(회원)','M','70대~',3,149.31,1.38,5910,46
'2017-03','236',' 문래동자이아파트 앞','일일(회원)','M','70대~',1,342.78,2.51,10820,57
'2017-03','237',' 보라매 두산위브 건너편','일일(회원)','M','70대~',2,533.85,4.6,19790,106
'2017-03','127',' 현대벤처빌 앞','일일(회원)','M','70대~',1,32.08,0.25,1080,6
'2017-03','247',' 당산역 10번출구 앞','일일(회원)','M','70대~',1,45.69,0.32,1390,7
'2017-03','248',' 초원아파트 앞','일일(회원)','M','70대~',1,98.64,0.84,3610,22
'2017-03','249',' 여의도중학교 옆','일일(회원)','M','70대~',2,300.27,2,8630,50
'2017-03','250',' 대림아파트 사거리','일일(회원)','M','70대~',1,55.88,0.39,1700,7
'2017-03','101',' (구)합정동 주민센터','일일(회원)','M','70대~',1,105.95,0.8,3430,42
'2017-03','128',' 신촌역(2호선) 1번출구 옆','일일(회원)','M','70대~',2,206.78,1.85,7970,62
'2017-03','253',' 신풍역 5번출구 인근','일일(회원)','M','70대~',1,135.91,1.22,5280,45
'2017-03','257',' 신길삼거리(우리은행)','일일(회원)','M','70대~',1,63.84,0.36,1550,5
'2017-03','259',' 대방역6번출구','일일(회원)','M','70대~',3,132.15,0.93,3990,19
'2017-03','700',' KB국민은행 염창역 지점 앞','일일(회원)','M','70대~',1,436.55,3.93,16960,54
'2017-03','702',' 목4동주민센터 옆','일일(회원)','M','70대~',1,101.42,0.91,3940,29
'2017-03','703',' 오목교역 7번출구 앞','일일(회원)','M','70대~',1,119.44,1.06,4570,28
'2017-03','708',' 서울출입국관리사무소 앞','일일(회원)','M','70대~',1,18.53,0.15,650,3
'2017-03','711',' 신일해피트리아파트 앞','일일(회원)','M','70대~',1,116.6,1.05,4530,33
'2017-03','800',' 목월공원 앞','일일(회원)','M','70대~',1,238.39,2,8600,106
'2017-03','805',' 문배어린이공원 앞','일일(회원)','M','70대~',1,28.83,0.26,1120,6
'2017-03','806',' 전자랜드 본관 앞','일일(회원)','M','70대~',1,291.77,2.14,9210,72
'2017-03','807',' 서울역 12번 출구 앞','일일(회원)','M','70대~',4,670.8,4.32,18590,178
'2017-03','809',' 한남 유수지 복개주차장','일일(회원)','M','70대~',1,248.07,2.17,9350,49
'2017-03','810',' 이태원지하보도','일일(회원)','M','70대~',2,129.21,1.16,5020,43
'2017-03','811',' 녹사평역1번출구','일일(회원)','M','70대~',2,301.27,2.39,10300,100
'2017-03','385',' 종각역 5번출구','일일(회원)','M','70대~',1,136.94,1.23,5320,49
'2017-03','386',' 올림픽기념 국민생활관 앞','일일(회원)','M','70대~',2,134.17,1.07,4610,26
'2017-03','132',' 창천문화공원','일일(회원)','M','70대~',7,944.28,8.19,35270,349
'2017-03','182',' 망원2빗물펌프장 앞','일일(회원)','M','70대~',4,230.37,1.94,8400,56
'2017-03','183',' 하늘채코오롱아파트 건너편','일일(회원)','M','70대~',1,463.68,3.72,16040,57
'2017-03','184',' SK망원동주유소 건너편','일일(회원)','M','70대~',1,81.6,0.74,3170,20
'2017-03','186',' 월드컵공원','일일(회원)','M','70대~',3,429.31,3.22,13900,95
'2017-03','192',' 연서어린이공원','일일(회원)','M','70대~',1,57.52,0.41,1750,10
'2017-03','194',' 증산교 앞','일일(회원)','M','70대~',2,327.57,2.85,12280,164
'2017-03','195',' 모래내고가차도 ','일일(회원)','M','70대~',2,122.59,0.86,3730,16
'2017-03','198',' 충정2교','일일(회원)','M','70대~',3,60.49,0.53,2280,75
'2017-03','556',' 달맞이공원','일일(회원)','M','70대~',1,217.44,1.5,6460,28
'2017-03','559',' 왕십리역 4번 출구 건너편','일일(회원)','M','70대~',2,197.94,1.78,7690,34
'2017-03','562',' 군자지하보도 앞','일일(회원)','M','70대~',1,115.52,0.87,3740,22
'2017-03','564',' 금호역 3번출구','일일(회원)','M','70대~',1,211.33,1.9,8210,36
'2017-03','565',' 옥수역 3번출구','일일(회원)','M','70대~',1,311.02,2.6,11220,46
'2017-03','567',' 성수역 2번출구 앞','일일(회원)','M','70대~',1,92.96,0.73,3130,45
'2017-03','568',' 청계8가사거리 부근','일일(회원)','M','70대~',2,154.02,1.35,5790,47
'2017-03','569',' 응봉현대아파트 정류소','일일(회원)','M','70대~',1,247.74,1.71,7360,27
'2017-03','579',' 마장역 4번출구','일일(회원)','M','70대~',1,59.32,0.49,2110,10
'2017-03','583',' 청계천 생태교실 앞','일일(회원)','M','70대~',2,631.88,5.31,22890,130
'2017-03','551',' 구의삼성쉐르빌 앞','일일(회원)','M','70대~',1,129.25,1.11,4800,33
'2017-03','571',' 어린이대공원역6번출구','일일(회원)','M','70대~',3,222.86,1.96,8470,126
'2017-03','573',' 구의문주차장 앞','일일(회원)','M','70대~',1,139.53,0.56,2430,15
'2017-03','574',' 아차산역4번출구','일일(회원)','M','70대~',2,205.92,1.79,7680,41
'2017-03','575',' 중앙농협 중곡지점','일일(회원)','M','70대~',1,116.6,1.05,4530,15
'2017-03','576',' 광나루역 3번 출구','일일(회원)','M','70대~',1,298.52,2.27,9790,65
'2017-03','577',' 광진청소년수련관','일일(회원)','M','70대~',3,715.28,6.09,26220,350
'2017-03','137',' NH농협 신촌지점 앞','일일(회원)','M','70대~',2,444.27,3.79,16350,93
'2017-03','622',' 전농사거리 교통섬','일일(회원)','M','70대~',2,241.78,2.17,9380,54
'2017-03','623',' 서울시립대 정문 앞','일일(회원)','M','70대~',1,78.84,0.73,3160,15
'2017-03','625',' 답십리초등학교 앞(현대시장 옆)','일일(회원)','M','70대~',1,24.05,0.16,690,4
'2017-03','634',' 외국어대 정문 앞','일일(회원)','M','70대~',1,64.39,0.63,2710,16
'2017-03','635',' 시조사 앞 (청량고정문 옆)','일일(회원)','M','70대~',2,164.1,1.21,5190,29
'2017-03','636',' 세종대왕기념관 교차로','일일(회원)','M','70대~',1,198.25,1.38,5960,33
'2017-03','640',' KEB하나은행 청량리역지점','일일(회원)','M','70대~',5,1438.83,12.58,54230,276
'2017-03','140',' 이화여대 후문','일일(회원)','M','70대~',1,0,0,0,180
'2017-03','230',' 영등포구청역 1번출구','일일(회원)','M','70대~',1,24.95,0.19,840,5
'2017-03','263',' 근로자회관 사거리','일일(회원)','M','70대~',3,367.26,3.41,14680,86
'2017-03','267',' 삼성화재 사옥 옆','일일(회원)','M','70대~',2,449.96,3.49,15040,93
'2017-03','268',' 그랜드컨벤션센터 앞','일일(회원)','M','70대~',2,198.45,1.6,6900,34
'2017-03','272',' 당산육갑문','일일(회원)','M','70대~',2,433.04,3.48,14980,76
'2017-03','716','신정6동 주민센터 인근','일일(회원)','M','70대~',1,18.82,0.15,660,4
'2017-03','139',' 연세대 정문 건너편','일일(회원)','M','70대~',2,102.43,1.09,4720,40
'2017-03','817',' 삼각지역 4번출구 앞','일일(회원)','M','70대~',1,300.96,1.76,7600,59
'2017-03','818',' 숙명여대 입구 교차로','일일(회원)','M','70대~',1,260.75,2.09,9020,57
'2017-03','819',' 선린인터넷 고등학교','일일(회원)','M','70대~',1,0,0,0,15
'2017-03','822',' 이촌1동 마을공원','일일(회원)','M','70대~',1,134.81,1.34,5770,58
'2017-03','823',' 효창동주민센터 앞','일일(회원)','M','70대~',1,340.46,2.27,9770,49
'2017-03','825',' 서빙고동 주민센터 앞','일일(회원)','M','70대~',7,1542.62,13.15,56670,322
'2017-03','388',' 동성중학교 앞','일일(회원)','M','70대~',1,66.29,0.65,2790,18
'2017-03','584',' 광진광장 교통섬','일일(회원)','M','70대~',3,271.25,2.31,9960,68
'2017-03','586',' 마장동 주민센터','일일(회원)','M','70대~',1,23.94,0.22,930,4
'2017-03','900',' 은평예술회관','일일(회원)','M','70대~',2,46.33,0.41,1780,10
'2017-03','200',' 국회의원회관','일일(회원)','M','70대~',3,637.18,4.62,19920,150
'2017-03','905',' 구파발역 2번출구','일일(회원)','M','70대~',1,65.17,0.49,2110,15
'2017-03','907',' CJ 드림시티','일일(회원)','M','70대~',2,307.91,2.83,12230,80
'2017-03','911',' 은평평화공원(역촌역4번출구)','일일(회원)','M','70대~',1,82.97,0.68,2910,27
'2017-03','201',' 진미파라곤 앞','일일(회원)','M','70대~',2,168.46,1.27,5480,56
'2017-03','912',' 응암오거리','일일(회원)','M','70대~',1,102.33,0.71,3040,17
'2017-03','914',' 새절역 2번출구','일일(회원)','M','70대~',3,520.32,4.23,18270,89
'2017-03','915',' 증산역 4번출구','일일(회원)','M','70대~',2,242.73,2.19,9430,39
'2017-03','931',' 역촌파출소','일일(회원)','M','70대~',4,546.43,4.42,19050,89
'2017-03','932',' 예일여중','일일(회원)','M','70대~',2,311.91,2.61,11230,69
'2017-03','933',' LG서비스 역촌점','일일(회원)','M','70대~',3,680.4,5.36,23160,121
'2017-03','587',' KEB하나은행 성수중앙지점','일일(회원)','M','70대~',1,9.5,0.07,320,5
'2017-03','588',' 뚝섬 유원지역','일일(회원)','M','70대~',1,307.79,2.65,11430,80
'2017-03','103',' 망원역 2번출구 앞','일일(회원)','M','70대~',1,34.21,0.25,1080,8
'2017-03','204',' 국회의사당역 5번출구 옆','일일(회원)','M','70대~',2,416.18,3.32,14300,90
'2017-03','203',' 국회의사당역 3번출구 옆','일일(회원)','M','70대~',2,363.41,2.62,11280,66
'2017-03','205',' 산업은행 앞','일일(회원)','M','70대~',3,186.99,1.51,6540,58
'2017-03','211',' 여의도역 4번출구 옆','일일(회원)','M','70대~',3,185.24,1.63,7020,65
'2017-03','212',' 여의도역 1번출구 옆','일일(회원)','M','70대~',1,300.13,2.71,11660,78
'2017-03','213',' KT앞','일일(회원)','M','70대~',1,69.76,0.63,2710,12
'2017-03','104',' 합정역 1번출구 앞','일일(회원)','M','70대~',1,121.4,1.11,4790,23
'2017-03','218',' 증권거래소 앞','일일(회원)','M','70대~',1,36.23,0.28,1220,8
'2017-03','220',' 미성아파트 A동 앞','일일(회원)','M','70대~',1,41.34,0.34,1450,7
'2017-03','221',' 여의도초교 앞','일일(회원)','M','70대~',4,626.79,4.8,20650,187
'2017-03','222',' 시범아파트버스정류장 옆','일일(회원)','M','70대~',6,365,3.38,14580,116
'2017-03','105',' 합정역 5번출구 앞','일일(회원)','M','70대~',1,37.07,0.33,1440,43
'2017-03','224',' 롯데캐슬 앞','일일(회원)','M','70대~',1,135,1.08,4670,22
'2017-03','207',' 여의나루역 1번출구 앞','일일(회원)','M','70대~',7,1208.24,9.91,42710,345
'2017-03','403',' 부엉이공원 앞','일일(회원)','M','70대~',2,108.01,0.82,3520,23
'2017-03','106',' 합정역 7번출구 앞','일일(회원)','M','70대~',6,1076.38,8.87,38280,218
'2017-03','420',' 서울시 공공자전거 상암센터','일일(회원)','M','70대~',1,95.28,0.93,4010,112
'2017-03','409',' 누리꿈스퀘어 옆','일일(회원)','M','70대~',3,307.37,2.48,10660,65
'2017-03','419',' 홈플러스 앞','일일(회원)','M','70대~',7,905.91,7.58,32690,188
'2017-03','418',' 월드컵경기장역 3번출구 옆','일일(회원)','M','70대~',3,221.37,1.58,6790,44
'2017-03','107',' 신한은행 서교동금융센터점 앞','일일(회원)','M','70대~',1,48.71,0.35,1500,5
'2017-03','412',' DMC산학협력연구센터 앞','일일(회원)','M','70대~',2,163.95,1.45,6280,30
'2017-03','417',' DMC역 2번출구 옆','일일(회원)','M','70대~',1,217.24,1.55,6690,26
'2017-03','415',' DMC역 9번출구 앞','일일(회원)','M','70대~',1,37.07,0.3,1300,9
'2017-03','500',' 어린이대공원역 3번출구 앞','일일(회원)','M','70대~',1,54.31,0.49,2110,18
'2017-03','501',' 광진구의회 앞','일일(회원)','M','70대~',1,54.98,0.41,1780,11
'2017-03','502',' 뚝섬유원지역 1번출구 앞','일일(회원)','M','70대~',3,474.95,3.89,16810,191
'2017-03','506',' 금호 어울림 아파트 앞','일일(비회원)','F','~10대',1,105.79,0.95,4110,37
'2017-03','510',' 서울숲 남문 버스정류소 옆','일일(비회원)','F','~10대',1,95.5,0.86,3710,40
'2017-03','511',' 서울숲역 4번 출구 옆','일일(비회원)','F','~10대',1,44.53,0.4,1730,34
'2017-03','339',' 종로4가 사거리','일일(비회원)','F','~10대',1,127.16,1.15,4940,56
'2017-03','353',' 재동초교 앞 삼거리','일일(비회원)','F','~10대',1,68.98,0.62,2680,30
'2017-03','159',' 이대역 4번 출구','일일(비회원)','F','~10대',1,94.72,0.85,3680,32
'2017-03','525',' 한양대병원사거리','일일(비회원)','F','~10대',2,307.08,2.77,11930,110
'2017-03','537',' 한양대후문역 부근','일일(비회원)','F','~10대',1,114.54,1.03,4450,24
'2017-03','609',' 제기2교','일일(비회원)','F','~10대',1,44.27,0.4,1720,29
'2017-03','125',' 서강대 남문 옆','일일(비회원)','F','~10대',1,66.15,0.6,2570,29
'2017-03','249',' 여의도중학교 옆','일일(비회원)','F','~10대',1,160.62,1.45,6240,54
'2017-03','185',' 마포 신수공원 앞','일일(비회원)','F','~10대',1,14.83,0.18,780,31
'2017-03','186',' 월드컵공원','일일(비회원)','F','~10대',1,129.21,1.16,5020,44
'2017-03','623',' 서울시립대 정문 앞','일일(비회원)','F','~10대',1,59.72,0.54,2320,29
'2017-03','230',' 영등포구청역 1번출구','일일(비회원)','F','~10대',1,383.27,3.45,14890,80
'2017-03','211',' 여의도역 4번출구 옆','일일(비회원)','F','~10대',1,69.5,0.63,2700,56
'2017-03','105',' 합정역 5번출구 앞','일일(비회원)','F','~10대',1,0,0,0,42
'2017-03','207',' 여의나루역 1번출구 앞','일일(비회원)','F','~10대',6,1008.49,9.09,39180,424
'2017-03','418',' 월드컵경기장역 3번출구 옆','일일(비회원)','F','~10대',1,69.76,0.63,2710,49
'2017-03','502',' 뚝섬유원지역 1번출구 앞','일일(비회원)','F','~10대',4,1023.93,9.23,39780,292
'2017-03','108',' 서교동 사거리','일일(비회원)','F','20대',15,1743.77,15.23,65690,660
'2017-03','503',' 더샵스타시티 C동 앞','일일(비회원)','F','20대',7,843.11,8.01,34510,525
'2017-03','504',' 신자초교입구교차로','일일(비회원)','F','20대',3,407.21,3.67,15820,106
'2017-03','505',' 자양사거리 광진아크로텔 앞','일일(비회원)','F','20대',4,327.67,2.95,12730,180
'2017-03','506',' 금호 어울림 아파트 앞','일일(비회원)','F','20대',2,104.5,0.94,4060,65
'2017-03','507',' 성수아이에스비즈타워 앞','일일(비회원)','F','20대',2,282.89,2.55,10990,115
'2017-03','508',' 성수아카데미타워 앞','일일(비회원)','F','20대',4,424.71,3.82,16500,158
'2017-03','509',' 이마트 버스정류소 옆','일일(비회원)','F','20대',9,868.99,7.82,33760,545
'2017-03','510',' 서울숲 남문 버스정류소 옆','일일(비회원)','F','20대',36,4065.14,36.62,157930,1934
'2017-03','511',' 서울숲역 4번 출구 옆','일일(비회원)','F','20대',71,8825.72,79.58,342880,4502
'2017-03','512',' 뚝섬역 1번 출구 옆','일일(비회원)','F','20대',10,826.27,7.45,32100,298
'2017-03','109',' 제일빌딩 앞','일일(비회원)','F','20대',3,797.69,7.19,30990,203
'2017-03','400',' 상암한화오벨리스크 1차 앞','일일(비회원)','F','20대',2,209.78,1.89,8150,87
'2017-03','513',' 뚝섬역 5번 출구 정류소 옆','일일(비회원)','F','20대',2,233.47,2.11,9070,114
'2017-03','514',' 성수사거리 버스정류장 앞','일일(비회원)','F','20대',4,464.82,4.42,19060,170
'2017-03','515',' 광양중학교 앞','일일(비회원)','F','20대',11,2148.9,19.86,85570,753
'2017-03','516',' 광진메디칼 앞','일일(비회원)','F','20대',2,105.79,0.95,4110,52
'2017-03','300',' 정동사거리','일일(비회원)','F','20대',2,124.84,1.13,4850,42
'2017-03','301',' 경복궁역 7번출구 앞','일일(비회원)','F','20대',1,417.5,3.76,16220,121
'2017-03','302',' 경복궁역 4번출구 뒤','일일(비회원)','F','20대',8,589.15,5.48,23590,263
'2017-03','303',' 광화문역 1번출구 앞','일일(비회원)','F','20대',1,16.47,0.15,640,5
'2017-03','115',' 사루비아 빌딩 앞','일일(비회원)','F','20대',9,306.67,2.8,12030,235
'2017-03','305',' 종로구청 옆','일일(비회원)','F','20대',2,331.27,2.99,12870,134
'2017-03','306',' 광화문역 7번출구 앞','일일(비회원)','F','20대',1,49.94,0.45,1940,24
'2017-03','307',' 서울역사박물관 앞','일일(비회원)','F','20대',7,725.66,6.69,28830,244
'2017-03','308',' 광화문 S타워 앞','일일(비회원)','F','20대',3,256.12,2.31,9950,111
'2017-03','309',' 광화문역 6번출구 옆','일일(비회원)','F','20대',3,162.93,1.47,6330,96
'2017-03','310',' 청계광장 옆','일일(비회원)','F','20대',9,739.62,7.3,31470,269
'2017-03','311',' 서울광장 옆','일일(비회원)','F','20대',2,54.31,0.49,2110,253
'2017-03','312',' 시청역 1번출구 뒤','일일(비회원)','F','20대',1,45.56,0.41,1770,28
'2017-03','313',' 서울역 광장 파출소 옆','일일(비회원)','F','20대',1,166.54,1.5,6470,56
'2017-03','110',' 사천교','일일(비회원)','F','20대',2,287.78,2.59,11180,131
'2017-03','314',' 국립현대미술관','일일(비회원)','F','20대',8,737.7,6.65,28660,366
'2017-03','315',' 신한은행 안국역지점 옆','일일(비회원)','F','20대',11,835.02,7.53,32440,504
'2017-03','316',' 종각역 1번출구 앞','일일(비회원)','F','20대',13,1047.26,9.15,39430,418
'2017-03','318',' 광교사거리 남측','일일(비회원)','F','20대',9,640.5,5.85,25210,312
'2017-03','320',' 을지로입구역 4번출구 앞','일일(비회원)','F','20대',1,88.8,0.8,3450,27
'2017-03','321',' KEB 하나은행 본점 앞','일일(비회원)','F','20대',1,63.32,0.57,2460,29
'2017-03','322',' 명동성당 앞','일일(비회원)','F','20대',4,354.7,3.2,13780,154
'2017-03','116',' 일진아이윌아파트 옆','일일(비회원)','F','20대',3,270.78,2.45,10520,97
'2017-03','324',' 신세계백화점 본점 앞','일일(비회원)','F','20대',1,65.64,0.59,2550,25
'2017-03','326',' 안국역 5번출구 앞','일일(비회원)','F','20대',5,361.39,3.25,14040,126
'2017-03','327',' 낙원상가 옆','일일(비회원)','F','20대',3,155.22,1.4,6030,75
'2017-03','328',' 탑골공원 앞','일일(비회원)','F','20대',10,462.04,4.17,17950,185
'2017-03','329',' 청계2가 사거리 옆','일일(비회원)','F','20대',4,322.26,2.9,12520,121
'2017-03','330',' 청계천 한빛광장','일일(비회원)','F','20대',4,525.87,4.74,20430,172
'2017-03','332',' 을지로2가 사거리 남측','일일(비회원)','F','20대',1,92.41,0.83,3590,36
'2017-03','111',' 상수역 2번출구 앞','일일(비회원)','F','20대',10,1557.19,14.32,61710,678
'2017-03','334',' 종로3가역 2번출구 뒤','일일(비회원)','F','20대',2,177.86,1.6,6910,81
'2017-03','335',' 종로3가역 15번출구 앞','일일(비회원)','F','20대',2,392.27,3.53,15240,169
'2017-03','337',' 창경궁 입구','일일(비회원)','F','20대',4,419.79,3.83,16540,137
'2017-03','338',' 세운스퀘어 앞','일일(비회원)','F','20대',7,410.6,3.79,16280,182
'2017-03','339',' 종로4가 사거리','일일(비회원)','F','20대',6,516.6,4.65,20070,258
'2017-03','340',' 혜화동 로터리','일일(비회원)','F','20대',2,223.17,2.01,8670,104
'2017-03','341',' 혜화역 3번출구 뒤','일일(비회원)','F','20대',8,687,6.19,26690,322
'2017-03','342',' 대학로 마로니에공원','일일(비회원)','F','20대',8,1008.49,9.09,39180,392
'2017-03','112',' 극동방송국 앞','일일(비회원)','F','20대',8,1801.3,16.23,69980,470
'2017-03','344',' 성균관대 E하우스 앞','일일(비회원)','F','20대',4,259.72,2.34,10090,81
'2017-03','345',' 서울보증보험본사 앞','일일(비회원)','F','20대',1,93.18,0.84,3620,32
'2017-03','346',' 맥스타일 앞','일일(비회원)','F','20대',7,855.7,7.89,33990,317
'2017-03','347',' 동대문역사문화공원역 9번출구 앞','일일(비회원)','F','20대',6,786.1,7.22,31120,521
'2017-03','349',' 사직동주민센터','일일(비회원)','F','20대',4,204.37,1.85,7940,67
'2017-03','350','KEB 하나은행(내자동 지점) 앞','일일(비회원)','F','20대',1,158.82,1.43,6170,121
'2017-03','351',' 청운초교 앞 삼거리','일일(비회원)','F','20대',3,462.55,4.17,17970,112
'2017-03','352',' 중앙고입구 삼거리','일일(비회원)','F','20대',3,274.54,2.51,10830,174
'2017-03','353',' 재동초교 앞 삼거리','일일(비회원)','F','20대',2,162.16,1.46,6300,67
'2017-03','117',' 홍은사거리','일일(비회원)','F','20대',8,1974,17.8,76690,556
'2017-03','354',' 포르투갈 대사관 앞','일일(비회원)','F','20대',3,199.49,1.81,7750,70
'2017-03','355',' 서울사대부속초교 앞','일일(비회원)','F','20대',4,70.79,0.64,2750,108
'2017-03','356',' KT혜화지사 앞','일일(비회원)','F','20대',2,107.6,0.97,4180,36
'2017-03','358',' 성대입구 사거리','일일(비회원)','F','20대',6,493.97,4.45,19190,219
'2017-03','359',' 원남동사거리','일일(비회원)','F','20대',6,227.81,2.06,8850,166
'2017-03','361',' 동묘앞역 1번출구 뒤','일일(비회원)','F','20대',6,605.92,5.47,23540,237
'2017-03','362',' 청계8가 사거리','일일(비회원)','F','20대',1,41.96,0.38,1630,12
'2017-03','363',' 신설동역 11번출구 뒤','일일(비회원)','F','20대',2,289.84,2.62,11260,117
'2017-03','364',' 창신역 1번출구 앞','일일(비회원)','F','20대',1,58.94,0.53,2290,32
'2017-03','113',' 홍대입구역 2번출구 앞','일일(비회원)','F','20대',14,1523.54,13.99,60230,610
'2017-03','367',' 독립문역 3-1번출구 ','일일(비회원)','F','20대',1,134.36,1.21,5220,35
'2017-03','368',' SK 서린빌딩 앞','일일(비회원)','F','20대',6,612.88,5.52,23810,450
'2017-03','369',' 광화문 시민열린마당','일일(비회원)','F','20대',3,700.39,6.32,27210,237
'2017-03','348',' 독립문역 사거리','일일(비회원)','F','20대',1,138.05,1.35,5810,83
'2017-03','370',' 시청역(2호선) 9번출구 뒤','일일(비회원)','F','20대',3,472.33,4.25,18350,224
'2017-03','371',' 동대입구역 6번출구 뒤','일일(비회원)','F','20대',9,818.78,7.37,31810,407
'2017-03','118',' 광흥창역 2번출구 앞','일일(비회원)','F','20대',3,383.78,3.6,15470,113
'2017-03','377',' 서울역 4번출구 앞','일일(비회원)','F','20대',5,600.56,5.67,24410,248
'2017-03','378',' 청계7가 사거리','일일(비회원)','F','20대',2,89.28,0.87,3780,26
'2017-03','379',' 서울역9번출구','일일(비회원)','F','20대',5,475.67,4.28,18480,224
'2017-03','380',' CJ제일제당 앞','일일(비회원)','F','20대',4,364.73,3.28,14170,129
'2017-03','381',' 장충체육관','일일(비회원)','F','20대',1,190.99,1.72,7420,51
'2017-03','382',' 약수역 10번출구 앞','일일(비회원)','F','20대',3,337.45,3.04,13110,165
'2017-03','383',' 신당역 12번 출구 뒤','일일(비회원)','F','20대',3,104.5,0.95,4060,55
'2017-03','384',' 종로학원본원 ','일일(비회원)','F','20대',1,61,0.55,2370,32
'2017-03','114',' 홍대입구역 8번출구 앞','일일(비회원)','F','20대',10,1162.7,10.49,45170,387
'2017-03','142',' 아현역 4번출구 앞','일일(비회원)','F','20대',1,139,1.25,5400,57
'2017-03','143',' 공덕역 2번출구','일일(비회원)','F','20대',3,327.36,3.24,13940,161
'2017-03','144',' 공덕역 8번출구','일일(비회원)','F','20대',10,1259.71,11.36,48940,357
'2017-03','145',' 공덕역 5번출구','일일(비회원)','F','20대',3,445.82,4.02,17320,151
'2017-03','146',' 마포역 1번출구 뒤','일일(비회원)','F','20대',9,1351.86,12.53,54010,417
'2017-03','147',' 마포역 4번출구 뒤','일일(비회원)','F','20대',6,1165.5,10.51,45280,295
'2017-03','148',' 용강동 주민센터 앞','일일(비회원)','F','20대',4,687.26,6.2,26700,270
'2017-03','150',' 서강대역 2번출구 앞','일일(비회원)','F','20대',2,327.26,3.21,13870,110
'2017-03','151',' 망원1동주민센터','일일(비회원)','F','20대',7,866.15,7.81,33650,330
'2017-03','152',' 마포구민체육센터 앞','일일(비회원)','F','20대',30,4830.79,43.71,188420,1388
'2017-03','119',' 서강나루 공원','일일(비회원)','F','20대',4,595.37,5.36,23130,167
'2017-03','153',' 성산2교 사거리','일일(비회원)','F','20대',3,241.43,2.18,9380,105
'2017-03','154',' 마포구청역 ','일일(비회원)','F','20대',4,585.54,6.28,27090,225
'2017-03','155',' 가좌역1 번출구 뒤','일일(비회원)','F','20대',6,639.37,5.76,24840,141
'2017-03','156',' 서울서부지방법원 앞','일일(비회원)','F','20대',2,262.04,2.37,10180,76
'2017-03','157',' 애오개역 4번출구 앞','일일(비회원)','F','20대',6,844.53,7.61,32810,298
'2017-03','159',' 이대역 4번 출구','일일(비회원)','F','20대',5,656.87,5.93,25520,217
'2017-03','160',' 북아현동 가구거리','일일(비회원)','F','20대',5,469.5,4.23,18240,135
'2017-03','161',' 무악재역1번 출구','일일(비회원)','F','20대',1,63.06,0.57,2450,42
'2017-03','162',' 봉원고가차도 밑','일일(비회원)','F','20대',4,479.8,4.32,18640,126
'2017-03','120',' 신수동 사거리','일일(비회원)','F','20대',2,221.88,2,8620,65
'2017-03','163',' 명지전문대학교 정문 앞','일일(비회원)','F','20대',4,594.08,5.36,23080,208
'2017-03','165',' 중앙근린공원','일일(비회원)','F','20대',1,68.98,0.62,2680,19
'2017-03','166',' 가재울 초등학교','일일(비회원)','F','20대',3,481.86,4.34,18720,212
'2017-03','168',' 남가좌동 사거리','일일(비회원)','F','20대',3,687.77,6.21,26720,257
'2017-03','169',' 북가좌 삼거리','일일(비회원)','F','20대',2,205.66,1.85,7990,103
'2017-03','170',' 가재울 뉴타운 주유소 옆','일일(비회원)','F','20대',2,138.49,1.25,5380,51
'2017-03','171',' 임광빌딩 앞','일일(비회원)','F','20대',3,204.13,1.84,7930,79
'2017-03','172',' 서대문소방서','일일(비회원)','F','20대',5,604.12,5.45,23470,218
'2017-03','173',' 서대문역 8번출구 앞','일일(비회원)','F','20대',4,411.15,3.91,16850,135
'2017-03','175',' 홍연2교옆','일일(비회원)','F','20대',8,1595.88,14.37,62000,486
'2017-03','179',' 가좌역 4번출구 앞','일일(비회원)','F','20대',2,291.12,2.63,11310,105
'2017-03','180',' 충정로역 7번출구 뒤','일일(비회원)','F','20대',3,166.79,1.51,6480,65
'2017-03','518',' 청계천 박물관 앞','일일(비회원)','F','20대',1,153.15,1.38,5950,56
'2017-03','519',' 양지사거리','일일(비회원)','F','20대',2,76.71,0.69,2980,405
'2017-03','520',' 상왕십리역 4번 출구 앞','일일(비회원)','F','20대',2,349.04,3.15,13560,85
'2017-03','521',' 왕십리역 11번 출구 앞','일일(비회원)','F','20대',5,469.76,4.23,18250,197
'2017-03','122',' 신성기사식당 앞','일일(비회원)','F','20대',1,0,0,0,45
'2017-03','525',' 한양대병원사거리','일일(비회원)','F','20대',22,4674.65,42.13,181610,1363
'2017-03','526',' 용답토속공원 앞','일일(비회원)','F','20대',3,497.4,4.54,19590,161
'2017-03','530',' 청계벽산아파트 앞','일일(비회원)','F','20대',2,209.53,1.89,8140,60
'2017-03','534',' 금호사거리','일일(비회원)','F','20대',1,0.26,0,10,14
'2017-03','535',' 응봉삼거리','일일(비회원)','F','20대',7,749.01,7.06,30460,295
'2017-03','536',' 행당역 2번출구 앞','일일(비회원)','F','20대',1,27.03,0.24,1050,16
'2017-03','537',' 한양대후문역 부근','일일(비회원)','F','20대',6,1474.39,13.29,57280,394
'2017-03','123',' 문화촌 공원','일일(비회원)','F','20대',2,422.65,3.81,16420,96
'2017-03','538',' 답십리역 8번출구 앞','일일(비회원)','F','20대',7,1318.14,11.87,51210,388
'2017-03','550',' 서울시설공단 앞','일일(비회원)','F','20대',3,3.11,0.03,130,57
'2017-03','539',' 군자교교차로','일일(비회원)','F','20대',3,645.56,5.82,25080,251
'2017-03','540',' 군자역 7번출구 베스트샵 앞','일일(비회원)','F','20대',8,1100.39,9.91,42750,358
'2017-03','542',' 강변역 4번출구 뒤','일일(비회원)','F','20대',6,1738.22,15.67,67530,396
'2017-03','543',' 구의공원(테크노마트 앞)','일일(비회원)','F','20대',2,507.33,4.57,19710,135
'2017-03','544',' 광남중학교','일일(비회원)','F','20대',3,529.21,4.78,20560,109
'2017-03','546',' 잠실대교북단 교차로','일일(비회원)','F','20대',5,484.68,4.36,18830,197
'2017-03','548',' 자양나들목','일일(비회원)','F','20대',11,1269.76,11.73,50610,482
'2017-03','549',' 아차산역 3번출구','일일(비회원)','F','20대',1,320.98,2.89,12470,83
'2017-03','124',' 서강대 정문 건너편','일일(비회원)','F','20대',1,185.59,1.67,7210,49
'2017-03','600',' 휘경2동 주민센터','일일(비회원)','F','20대',1,487.77,4.4,18950,106
'2017-03','601',' 용신동주민센터','일일(비회원)','F','20대',1,280.57,2.53,10900,106
'2017-03','602',' 장안동 사거리','일일(비회원)','F','20대',3,328.22,3.06,13190,160
'2017-03','604',' 답십리초등학교 옆 공원','일일(비회원)','F','20대',2,196.67,2.07,8910,91
'2017-03','605',' 신설동역8번출구','일일(비회원)','F','20대',2,493.69,4.45,19180,129
'2017-03','607',' 신이문역 2번출구','일일(비회원)','F','20대',3,641.18,5.78,24910,136
'2017-03','609',' 제기2교','일일(비회원)','F','20대',6,619.3,5.58,24060,287
'2017-03','125',' 서강대 남문 옆','일일(비회원)','F','20대',4,602.83,5.42,23420,234
'2017-03','613',' 신설동역 10번출구 앞','일일(비회원)','F','20대',1,123.55,1.11,4800,44
'2017-03','614',' 용두동 사거리','일일(비회원)','F','20대',6,535.28,5.02,21610,259
'2017-03','615',' 용두동 레미안허브리츠아파트 앞','일일(비회원)','F','20대',1,151.87,1.37,5900,59
'2017-03','616',' 서울시립대 앞','일일(비회원)','F','20대',2,155.21,1.4,6030,55
'2017-03','227',' 양평2나들목 보행통로 입구','일일(비회원)','F','20대',12,2405.92,21.68,93470,721
'2017-03','228',' 선유도역 3번출구 앞','일일(비회원)','F','20대',13,1645.56,14.85,63930,607
'2017-03','229',' 양평1 보행육교 앞','일일(비회원)','F','20대',3,671.82,6.05,26100,203
'2017-03','126',' 서강대 후문 옆','일일(비회원)','F','20대',8,963.35,8.98,38720,434
'2017-03','232',' 양평우림 이비즈센타 앞','일일(비회원)','F','20대',3,579.66,5.23,22520,169
'2017-03','233',' YP 센터 앞','일일(비회원)','F','20대',1,18.28,0.16,710,5
'2017-03','234',' 영등포구민체육센터 앞','일일(비회원)','F','20대',1,245.56,2.21,9540,101
'2017-03','235',' 신길동 우리은행 옆','일일(비회원)','F','20대',2,256.37,2.31,9960,69
'2017-03','236',' 문래동자이아파트 앞','일일(비회원)','F','20대',2,160.36,1.45,6230,67
'2017-03','237',' 보라매 두산위브 건너편','일일(비회원)','F','20대',4,626.26,5.65,24330,253
'2017-03','238',' 제2구민체육센타 앞','일일(비회원)','F','20대',4,753.67,6.79,29280,246
'2017-03','239',' 유스호스텔 앞','일일(비회원)','F','20대',3,220.69,2.07,8900,78
'2017-03','240',' 문래역 4번출구 앞','일일(비회원)','F','20대',3,183.02,1.78,7670,111
'2017-03','127',' 현대벤처빌 앞','일일(비회원)','F','20대',6,403.86,3.63,15690,147
'2017-03','242',' 신길선원가와인아파트 앞','일일(비회원)','F','20대',2,189.7,1.71,7370,38
'2017-03','243',' 이앤씨드림타워 앞','일일(비회원)','F','20대',1,40.15,0.36,1560,11
'2017-03','244',' 영등포삼환아파트 앞','일일(비회원)','F','20대',4,437.57,3.95,17000,156
'2017-03','245',' 삼성생명 당산사옥 앞','일일(비회원)','F','20대',1,95.24,0.86,3700,33
'2017-03','247',' 당산역 10번출구 앞','일일(비회원)','F','20대',12,2188.15,19.72,85010,735
'2017-03','248',' 초원아파트 앞','일일(비회원)','F','20대',27,3952.13,35.63,153540,1447
'2017-03','249',' 여의도중학교 옆','일일(비회원)','F','20대',39,5367.84,48.54,209250,2452
'2017-03','250',' 대림아파트 사거리','일일(비회원)','F','20대',1,116.6,1.05,4530,38
'2017-03','251',' 서울지방병무청 버스정류장','일일(비회원)','F','20대',1,21.88,0.2,850,17
'2017-03','101',' (구)합정동 주민센터','일일(비회원)','F','20대',2,506.56,4.56,19680,157
'2017-03','128',' 신촌역(2호선) 1번출구 옆','일일(비회원)','F','20대',14,1962.69,17.69,76250,679
'2017-03','252',' 보라매역4번출구','일일(비회원)','F','20대',6,520.98,4.71,20240,261
'2017-03','253',' 신풍역 5번출구 인근','일일(비회원)','F','20대',2,220.08,1.99,8550,76
'2017-03','254',' 도림신협 앞','일일(비회원)','F','20대',1,125.1,1.13,4860,59
'2017-03','255',' 도림4거리','일일(비회원)','F','20대',1,143.89,1.3,5590,50
'2017-03','257',' 신길삼거리(우리은행)','일일(비회원)','F','20대',9,847.72,7.77,33510,461
'2017-03','258',' 신길역3번출구','일일(비회원)','F','20대',3,420.85,3.79,16350,248
'2017-03','259',' 대방역6번출구','일일(비회원)','F','20대',5,969.88,8.75,37680,329
'2017-03','700',' KB국민은행 염창역 지점 앞','일일(비회원)','F','20대',7,1874.83,17.57,75720,633
'2017-03','701',' 목동사거리 부근','일일(비회원)','F','20대',1,79.54,0.72,3090,22
'2017-03','129',' 신촌역(2호선) 6번출구 옆','일일(비회원)','F','20대',6,350.07,3.15,13600,235
'2017-03','702',' 목4동주민센터 옆','일일(비회원)','F','20대',1,238.61,2.15,9270,78
'2017-03','703',' 오목교역 7번출구 앞','일일(비회원)','F','20대',10,1448.38,13.05,56270,612
'2017-03','704',' 남부법원검찰청 교차로','일일(비회원)','F','20대',1,110.42,1,4290,35
'2017-03','706',' 신정네거리역','일일(비회원)','F','20대',1,105.02,0.95,4080,41
'2017-03','708',' 서울출입국관리사무소 앞','일일(비회원)','F','20대',1,219.3,1.98,8520,86
'2017-03','130',' 신촌역(2호선) 7번출구 앞','일일(비회원)','F','20대',3,493.69,4.45,19180,126
'2017-03','713',' 양서중학교 옆','일일(비회원)','F','20대',4,378.38,3.4,14700,186
'2017-03','800',' 목월공원 앞','일일(비회원)','F','20대',6,1036.3,9.34,40260,336
'2017-03','802',' 한강진역 2번 출구 앞','일일(비회원)','F','20대',8,1376.06,12.41,53460,397
'2017-03','805',' 문배어린이공원 앞','일일(비회원)','F','20대',2,129.21,1.17,5020,49
'2017-03','806',' 전자랜드 본관 앞','일일(비회원)','F','20대',1,346.72,3.13,13470,100
'2017-03','807',' 서울역 12번 출구 앞','일일(비회원)','F','20대',1,36.04,0.32,1400,22
'2017-03','808',' 서빙고동 금호맨션 앞','일일(비회원)','F','20대',4,1076.46,9.7,41820,439
'2017-03','131',' 증산2교','일일(비회원)','F','20대',4,628.84,5.67,24430,141
'2017-03','809',' 한남 유수지 복개주차장','일일(비회원)','F','20대',5,1083.4,9.76,42090,307
'2017-03','810',' 이태원지하보도','일일(비회원)','F','20대',8,923.55,8.32,35880,368
'2017-03','811',' 녹사평역1번출구','일일(비회원)','F','20대',13,2769.12,24.97,107580,409
'2017-03','812',' 용산전쟁기념관','일일(비회원)','F','20대',6,414.94,3.75,16120,337
'2017-03','813',' 삼각지역 3번출구','일일(비회원)','F','20대',2,541.31,4.88,21030,162
'2017-03','815',' LIG강촌아파트 103동앞','일일(비회원)','F','20대',5,1242.21,11.19,48260,323
'2017-03','385',' 종각역 5번출구','일일(비회원)','F','20대',5,747.49,6.73,29040,277
'2017-03','387',' 훈련원공원주차장 앞','일일(비회원)','F','20대',1,80.82,0.73,3140,28
'2017-03','181',' 망원초록길 입구','일일(비회원)','F','20대',9,944.41,8.52,36690,489
'2017-03','132',' 창천문화공원','일일(비회원)','F','20대',6,725.35,6.54,28180,287
'2017-03','182',' 망원2빗물펌프장 앞','일일(비회원)','F','20대',13,2304.57,20.94,90270,729
'2017-03','183',' 하늘채코오롱아파트 건너편','일일(비회원)','F','20대',8,1177.93,11.03,47540,501
'2017-03','184',' SK망원동주유소 건너편','일일(비회원)','F','20대',1,127.16,1.15,4940,44
'2017-03','185',' 마포 신수공원 앞','일일(비회원)','F','20대',8,826.04,7.46,32140,294
'2017-03','186',' 월드컵공원','일일(비회원)','F','20대',38,5778.88,52.09,224510,1922
'2017-03','188',' 홍은동 정원여중 입구','일일(비회원)','F','20대',4,843.08,7.86,33880,208
'2017-03','191',' 정명학원','일일(비회원)','F','20대',2,603.26,5.55,23930,152
'2017-03','192',' 연서어린이공원','일일(비회원)','F','20대',2,87.52,0.79,3400,49
'2017-03','178',' 증산3교 앞','일일(비회원)','F','20대',5,528.7,4.76,20540,140
'2017-03','133',' 해담는다리','일일(비회원)','F','20대',7,1673.02,14.94,64400,517
'2017-03','194',' 증산교 앞','일일(비회원)','F','20대',6,1094.72,9.86,42530,357
'2017-03','195',' 모래내고가차도 ','일일(비회원)','F','20대',4,421.87,3.8,16390,201
'2017-03','196',' 연희교차로 인근','일일(비회원)','F','20대',2,94.98,0.86,3690,32
'2017-03','556',' 달맞이공원','일일(비회원)','F','20대',5,990.73,8.93,38490,241
'2017-03','557',' 도선동 주민센터 앞','일일(비회원)','F','20대',1,268.21,2.42,10420,57
'2017-03','558',' 성동광진 교육지원청 앞','일일(비회원)','F','20대',1,94.47,0.85,3670,38
'2017-03','134',' 연세로 명물길','일일(비회원)','F','20대',8,842.1,7.78,33560,359
'2017-03','559',' 왕십리역 4번 출구 건너편','일일(비회원)','F','20대',11,1355.39,12.84,55320,527
'2017-03','560',' 비전교회 앞','일일(비회원)','F','20대',4,494.72,4.45,19220,185
'2017-03','561',' 서울숲역 2번출구 앞','일일(비회원)','F','20대',33,4674.37,42.11,181600,2301
'2017-03','562',' 군자지하보도 앞','일일(비회원)','F','20대',1,62.03,0.56,2410,14
'2017-03','563',' 성동세무서 건너편','일일(비회원)','F','20대',4,230.37,2.08,8950,101
'2017-03','565',' 옥수역 3번출구','일일(비회원)','F','20대',26,4551.37,41.02,176820,1465
'2017-03','567',' 성수역 2번출구 앞','일일(비회원)','F','20대',3,423.42,3.82,16450,99
'2017-03','568',' 청계8가사거리 부근','일일(비회원)','F','20대',4,320.2,2.89,12440,102
'2017-03','135',' 명물길 원형무대 앞','일일(비회원)','F','20대',5,914.79,8.25,35540,323
'2017-03','578',' 성동세무서 부근','일일(비회원)','F','20대',1,231.66,2.09,9000,90
'2017-03','579',' 마장역 4번출구','일일(비회원)','F','20대',5,775.81,6.99,30140,196
'2017-03','580',' 신금호역 3번출구 뒤','일일(비회원)','F','20대',4,537.96,4.85,20900,218
'2017-03','583',' 청계천 생태교실 앞','일일(비회원)','F','20대',21,3713.68,33.82,145780,1022
'2017-03','552',' 대림아크로리버 앞','일일(비회원)','F','20대',1,307.59,2.77,11950,71
'2017-03','553',' 중곡 성원APT 앞','일일(비회원)','F','20대',2,403.86,3.64,15690,106
'2017-03','555',' 구의3동주민센터','일일(비회원)','F','20대',1,218.79,1.97,8500,68
'2017-03','571',' 어린이대공원역6번출구','일일(비회원)','F','20대',16,1671.81,15.07,64950,694
'2017-03','572',' 국립정신 건강센터 앞','일일(비회원)','F','20대',1,410.81,3.7,15960,110
'2017-03','574',' 아차산역4번출구','일일(비회원)','F','20대',16,1779.94,16.76,72190,632
'2017-03','576',' 광나루역 3번 출구','일일(비회원)','F','20대',2,293.18,2.64,11390,95
'2017-03','577',' 광진청소년수련관','일일(비회원)','F','20대',6,1062.56,9.73,42010,357
'2017-03','137',' NH농협 신촌지점 앞','일일(비회원)','F','20대',4,170.92,1.54,6640,134
'2017-03','622',' 전농사거리 교통섬','일일(비회원)','F','20대',2,66.67,0.6,2590,37
'2017-03','623',' 서울시립대 정문 앞','일일(비회원)','F','20대',8,719.19,6.49,27940,309
'2017-03','624',' 전농동 동아아파트 앞','일일(비회원)','F','20대',1,109.65,0.99,4260,29
'2017-03','626',' 군자교 서측 녹지대','일일(비회원)','F','20대',6,732.05,6.6,28440,236
'2017-03','627',' 장안동삼거리 교통섬','일일(비회원)','F','20대',2,138.49,1.25,5380,40
'2017-03','628',' 휘봉고등학교 앞','일일(비회원)','F','20대',1,236.81,2.13,9200,61
'2017-03','630',' 동대문구 보건소','일일(비회원)','F','20대',2,144.92,1.3,5630,40
'2017-03','631',' 답십리역 1번출구','일일(비회원)','F','20대',2,152.64,1.37,5930,43
'2017-03','102',' 망원역 1번출구 앞','일일(비회원)','F','20대',20,2129.97,20.01,86350,857
'2017-03','138',' 신촌동 제1공영주차장 앞','일일(비회원)','F','20대',6,670.27,6.04,26040,405
'2017-03','633',' 청량리 기업은행 앞','일일(비회원)','F','20대',5,880.55,7.49,32340,266
'2017-03','634',' 외국어대 정문 앞','일일(비회원)','F','20대',19,3376.08,30.44,131160,1130
'2017-03','635',' 시조사 앞 (청량고정문 옆)','일일(비회원)','F','20대',2,167.31,1.5,6500,93
'2017-03','636',' 세종대왕기념관 교차로','일일(비회원)','F','20대',2,184.3,1.67,7160,94
'2017-03','637',' KAIST 경영대학 앞','일일(비회원)','F','20대',4,640.32,6.13,26450,201
'2017-03','639',' 서울시립대 후문','일일(비회원)','F','20대',4,682.42,7.01,30200,185
'2017-03','640',' KEB하나은행 청량리역지점','일일(비회원)','F','20대',1,56.27,0.57,2450,30
'2017-03','641',' 용두역 4번출구','일일(비회원)','F','20대',7,692.91,6.25,26920,239
'2017-03','642',' 신답역 사거리','일일(비회원)','F','20대',5,337.45,3.04,13110,143
'2017-03','140',' 이화여대 후문','일일(비회원)','F','20대',7,899.37,8.12,34940,406
'2017-03','643',' 동대문구민체육센터 (육교아래)','일일(비회원)','F','20대',5,343.63,3.09,13350,138
'2017-03','230',' 영등포구청역 1번출구','일일(비회원)','F','20대',3,200.01,1.8,7770,131
'2017-03','260',' 여의도 마리나선착장 앞','일일(비회원)','F','20대',8,899.36,8.11,34940,330
'2017-03','262',' 영문초등학교 사거리','일일(비회원)','F','20대',2,398.2,3.58,15470,106
'2017-03','263',' 근로자회관 사거리','일일(비회원)','F','20대',2,319.69,2.88,12420,74
'2017-03','265',' 영등포유통상가 사거리','일일(비회원)','F','20대',1,121.49,1.1,4720,43
'2017-03','141',' 연대 대운동장 옆','일일(비회원)','F','20대',4,407.72,3.68,15840,193
'2017-03','266',' 영등포청과시장 사거리','일일(비회원)','F','20대',5,471.44,4.34,18700,144
'2017-03','267',' 삼성화재 사옥 옆','일일(비회원)','F','20대',2,143.66,1.33,5710,63
'2017-03','268',' 그랜드컨벤션센터 앞','일일(비회원)','F','20대',3,388.67,3.51,15100,111
'2017-03','271',' 샛강생태공원방문자센터 앞','일일(비회원)','F','20대',3,321.49,2.9,12490,137
'2017-03','272',' 당산육갑문','일일(비회원)','F','20대',26,4758.58,42.91,184870,1520
'2017-03','716','신정6동 주민센터 인근','일일(비회원)','F','20대',1,359.59,3.24,13970,98
'2017-03','139',' 연세대 정문 건너편','일일(비회원)','F','20대',8,1223.68,11.03,47540,417
'2017-03','816',' 신용산역 6번출구 앞','일일(비회원)','F','20대',7,911.71,8.2,35420,282
'2017-03','818',' 숙명여대 입구 교차로','일일(비회원)','F','20대',11,1706.83,15.39,66310,625
'2017-03','819',' 선린인터넷 고등학교','일일(비회원)','F','20대',2,257.4,2.32,10000,91
'2017-03','820',' 청파동입구 교차로','일일(비회원)','F','20대',1,57.4,0.52,2230,23
'2017-03','822',' 이촌1동 마을공원','일일(비회원)','F','20대',6,974,8.78,37840,321
'2017-03','823',' 효창동주민센터 앞','일일(비회원)','F','20대',3,231.66,2.09,9000,91
'2017-03','825',' 서빙고동 주민센터 앞','일일(비회원)','F','20대',16,3137.2,28.28,121880,844
'2017-03','199',' 서울 월드컵 경기장','일일(비회원)','F','20대',32,5231.9,47.14,203260,2109
'2017-03','388',' 동성중학교 앞','일일(비회원)','F','20대',4,263.06,2.38,10220,159
'2017-03','584',' 광진광장 교통섬','일일(비회원)','F','20대',10,1001.28,9.03,38900,356
'2017-03','585',' 성수2가1동 공영주차장 인근','일일(비회원)','F','20대',6,750.09,7.09,30510,196
'2017-03','901',' 응암1동사무소','일일(비회원)','F','20대',2,185.85,1.68,7220,60
'2017-03','200',' 국회의원회관','일일(비회원)','F','20대',1,126.13,1.14,4900,31
'2017-03','903',' 은평뉴타운 아이파크','일일(비회원)','F','20대',1,12.36,0.11,480,3
'2017-03','904',' 은평뉴타운 푸르지오','일일(비회원)','F','20대',2,496.26,4.47,19280,235
'2017-03','905',' 구파발역 2번출구','일일(비회원)','F','20대',10,490.05,4.64,20050,175
'2017-03','906',' 연신내역 5번출구150M 아래','일일(비회원)','F','20대',6,1346.45,12.13,52310,429
'2017-03','907',' CJ 드림시티','일일(비회원)','F','20대',15,2868.91,26.16,112810,1024
'2017-03','908',' 구산역 4번출구','일일(비회원)','F','20대',4,920.46,8.29,35760,278
'2017-03','909',' 백련산 힐스테이트 3차','일일(비회원)','F','20대',1,260.23,2.35,10110,65
'2017-03','201',' 진미파라곤 앞','일일(비회원)','F','20대',9,1186.62,10.7,46100,441
'2017-03','913',' 이마트 은평점','일일(비회원)','F','20대',6,572.21,5.15,22230,204
'2017-03','914',' 새절역 2번출구','일일(비회원)','F','20대',11,2360.63,21.4,92210,709
'2017-03','915',' 증산역 4번출구','일일(비회원)','F','20대',3,480.52,5.37,23160,279
'2017-03','919',' 서울혁신파크','일일(비회원)','F','20대',1,98.33,0.89,3820,37
'2017-03','202',' 국민일보 앞','일일(비회원)','F','20대',17,2189.46,19.76,85060,840
'2017-03','922',' 연신내역 4번출구','일일(비회원)','F','20대',3,655.34,5.9,25460,186
'2017-03','924',' 메뚜기다리','일일(비회원)','F','20대',2,139,1.25,5400,48
'2017-03','925',' 불광역 2번출구','일일(비회원)','F','20대',1,164.99,1.49,6410,51
'2017-03','926',' 불광역 8번출구','일일(비회원)','F','20대',5,379.92,3.43,14760,85
'2017-03','930',' 구 서부경찰서 건너편','일일(비회원)','F','20대',3,852,7.68,33100,198
'2017-03','931',' 역촌파출소','일일(비회원)','F','20대',4,777.61,7.01,30210,213
'2017-03','932',' 예일여중','일일(비회원)','F','20대',1,66.67,0.6,2590,14
'2017-03','933',' LG서비스 역촌점','일일(비회원)','F','20대',3,572.72,5.16,22250,179
'2017-03','587',' KEB하나은행 성수중앙지점','일일(비회원)','F','20대',3,171.42,1.54,6660,52
'2017-03','588',' 뚝섬 유원지역','일일(비회원)','F','20대',15,2519.44,22.71,97880,795
'2017-03','103',' 망원역 2번출구 앞','일일(비회원)','F','20대',9,1418.02,12.78,55090,540
'2017-03','204',' 국회의사당역 5번출구 옆','일일(비회원)','F','20대',8,1127.41,10.17,43800,402
'2017-03','203',' 국회의사당역 3번출구 옆','일일(비회원)','F','20대',12,3154.33,28.5,122850,878
'2017-03','205',' 산업은행 앞','일일(비회원)','F','20대',13,2412.87,21.74,93740,787
'2017-03','206',' KBS 앞','일일(비회원)','F','20대',15,1670.53,15.05,64900,679
'2017-03','209',' 유진투자증권빌딩 앞','일일(비회원)','F','20대',17,2709.08,25.26,108890,1015
'2017-03','210',' IFC몰','일일(비회원)','F','20대',21,3136.69,28.3,121860,1106
'2017-03','211',' 여의도역 4번출구 옆','일일(비회원)','F','20대',35,4578.11,41.25,177860,2043
'2017-03','212',' 여의도역 1번출구 옆','일일(비회원)','F','20대',28,3099.14,28.12,121300,1556
'2017-03','213',' KT앞','일일(비회원)','F','20대',7,1132.3,10.2,43990,435
'2017-03','104',' 합정역 1번출구 앞','일일(비회원)','F','20대',14,2098.06,18.92,81510,760
'2017-03','214',' 금융감독원 앞','일일(비회원)','F','20대',6,997.9,10.13,43670,309
'2017-03','218',' 증권거래소 앞','일일(비회원)','F','20대',5,622.65,5.61,24190,351
'2017-03','219',' 롯데캐슬엠파이어 옆','일일(비회원)','F','20대',4,480.56,4.33,18670,173
'2017-03','220',' 미성아파트 A동 앞','일일(비회원)','F','20대',2,50.7,0.46,1970,26
'2017-03','215',' 여의도고교 앞','일일(비회원)','F','20대',25,3072.01,27.92,120320,1143
'2017-03','216',' 삼부아파트1동 앞','일일(비회원)','F','20대',4,619.32,5.58,24060,152
'2017-03','217',' NH농협은행 앞','일일(비회원)','F','20대',3,293.44,2.64,11400,95
'2017-03','221',' 여의도초교 앞','일일(비회원)','F','20대',15,3123.19,28.12,121210,1006
'2017-03','222',' 시범아파트버스정류장 옆','일일(비회원)','F','20대',11,1245.3,11.22,48380,516
'2017-03','223',' 진주아파트상가 앞','일일(비회원)','F','20대',2,253.54,2.29,9850,82
'2017-03','105',' 합정역 5번출구 앞','일일(비회원)','F','20대',12,1911.34,17.31,74550,671
'2017-03','224',' 롯데캐슬 앞','일일(비회원)','F','20대',15,2493.96,22.85,98480,914
'2017-03','225',' 앙카라공원 앞','일일(비회원)','F','20대',8,1265.64,11.4,49170,553
'2017-03','226',' 샛강역 1번출구 앞','일일(비회원)','F','20대',8,1097.55,9.91,42640,375
'2017-03','207',' 여의나루역 1번출구 앞','일일(비회원)','F','20대',310,47460.44,430.15,1854490,19112
'2017-03','402',' 상암월드컵파크 9단지 앞','일일(비회원)','F','20대',1,70.01,0.63,2720,25
'2017-03','403',' 부엉이공원 앞','일일(비회원)','F','20대',2,267.11,2.47,10670,73
'2017-03','106',' 합정역 7번출구 앞','일일(비회원)','F','20대',25,4127.65,37.86,163180,1509
'2017-03','406',' 상암월드컵파크 7단지 앞','일일(비회원)','F','20대',1,142.34,1.28,5530,42
'2017-03','421',' 마포구청 앞','일일(비회원)','F','20대',13,2074.63,19.03,82040,762
'2017-03','420',' 서울시 공공자전거 상암센터','일일(비회원)','F','20대',12,2124.57,19.16,82540,680
'2017-03','409',' 누리꿈스퀘어 옆','일일(비회원)','F','20대',8,908.38,8.17,35290,300
'2017-03','419',' 홈플러스 앞','일일(비회원)','F','20대',38,5755.5,52.75,227460,1904
'2017-03','410',' 상암중학교 옆','일일(비회원)','F','20대',3,161.39,1.46,6270,121
'2017-03','418',' 월드컵경기장역 3번출구 옆','일일(비회원)','F','20대',22,3318.15,29.9,128910,1396
'2017-03','107',' 신한은행 서교동금융센터점 앞','일일(비회원)','F','20대',9,964.23,8.7,37460,314
'2017-03','411',' DMC홍보관','일일(비회원)','F','20대',4,516.59,4.66,20070,152
'2017-03','412',' DMC산학협력연구센터 앞','일일(비회원)','F','20대',5,611.33,5.52,23750,237
'2017-03','413',' 상암월드컵파크 3단지 후문','일일(비회원)','F','20대',5,489.31,4.41,19010,210
'2017-03','414',' 상암동주민센터 옆','일일(비회원)','F','20대',2,423.93,3.82,16470,145
'2017-03','415',' DMC역 9번출구 앞','일일(비회원)','F','20대',3,380.95,3.43,14800,144
'2017-03','500',' 어린이대공원역 3번출구 앞','일일(비회원)','F','20대',35,3879.8,35.24,151810,1626
'2017-03','501',' 광진구의회 앞','일일(비회원)','F','20대',25,4293.62,39.05,168310,1638
'2017-03','502',' 뚝섬유원지역 1번출구 앞','일일(비회원)','F','20대',182,31381.27,286.35,1234450,11316
'2017-03','503',' 더샵스타시티 C동 앞','일일(비회원)','F','30대',1,53.54,0.48,2080,15
'2017-03','504',' 신자초교입구교차로','일일(비회원)','F','30대',1,101.67,0.92,3950,52
'2017-03','505',' 자양사거리 광진아크로텔 앞','일일(비회원)','F','30대',1,55.6,0.5,2160,19
'2017-03','508',' 성수아카데미타워 앞','일일(비회원)','F','30대',1,54.57,0.49,2120,23
'2017-03','509',' 이마트 버스정류소 옆','일일(비회원)','F','30대',1,183.27,1.65,7120,53
'2017-03','510',' 서울숲 남문 버스정류소 옆','일일(비회원)','F','30대',7,675.67,6.08,26250,371
'2017-03','511',' 서울숲역 4번 출구 옆','일일(비회원)','F','30대',8,1042.05,9.49,40880,403
'2017-03','512',' 뚝섬역 1번 출구 옆','일일(비회원)','F','30대',3,730.25,6.58,28370,209
'2017-03','513',' 뚝섬역 5번 출구 정류소 옆','일일(비회원)','F','30대',1,203.35,1.83,7900,113
'2017-03','515',' 광양중학교 앞','일일(비회원)','F','30대',1,87.52,0.79,3400,26
'2017-03','300',' 정동사거리','일일(비회원)','F','30대',1,59.72,0.54,2320,18
'2017-03','303',' 광화문역 1번출구 앞','일일(비회원)','F','30대',3,237.06,2.14,9210,79
'2017-03','115',' 사루비아 빌딩 앞','일일(비회원)','F','30대',1,129.73,1.17,5040,43
'2017-03','305',' 종로구청 옆','일일(비회원)','F','30대',1,139.77,1.26,5430,41
'2017-03','306',' 광화문역 7번출구 앞','일일(비회원)','F','30대',1,150.06,1.35,5830,38
'2017-03','307',' 서울역사박물관 앞','일일(비회원)','F','30대',2,130.25,1.17,5060,40
'2017-03','308',' 광화문 S타워 앞','일일(비회원)','F','30대',2,248.13,2.23,9640,70
'2017-03','309',' 광화문역 6번출구 옆','일일(비회원)','F','30대',2,118.15,1.07,4590,60
'2017-03','313',' 서울역 광장 파출소 옆','일일(비회원)','F','30대',1,89.08,0.95,4090,32
'2017-03','314',' 국립현대미술관','일일(비회원)','F','30대',1,56.37,0.51,2190,25
'2017-03','315',' 신한은행 안국역지점 옆','일일(비회원)','F','30대',4,288.94,2.68,11550,115
'2017-03','320',' 을지로입구역 4번출구 앞','일일(비회원)','F','30대',2,177.6,1.6,6900,62
'2017-03','321',' KEB 하나은행 본점 앞','일일(비회원)','F','30대',1,65.12,0.59,2530,22
'2017-03','116',' 일진아이윌아파트 옆','일일(비회원)','F','30대',4,258.95,2.34,10060,85
'2017-03','327',' 낙원상가 옆','일일(비회원)','F','30대',1,39.38,0.35,1530,14
'2017-03','328',' 탑골공원 앞','일일(비회원)','F','30대',1,38.87,0.35,1510,16
'2017-03','111',' 상수역 2번출구 앞','일일(비회원)','F','30대',1,273.87,2.47,10640,48
'2017-03','334',' 종로3가역 2번출구 뒤','일일(비회원)','F','30대',1,91.12,0.82,3540,27
'2017-03','335',' 종로3가역 15번출구 앞','일일(비회원)','F','30대',2,159.84,1.44,6210,65
'2017-03','337',' 창경궁 입구','일일(비회원)','F','30대',1,36.04,0.32,1400,16
'2017-03','338',' 세운스퀘어 앞','일일(비회원)','F','30대',1,40.93,0.37,1590,9
'2017-03','341',' 혜화역 3번출구 뒤','일일(비회원)','F','30대',1,207.72,1.87,8070,65
'2017-03','342',' 대학로 마로니에공원','일일(비회원)','F','30대',1,69.5,0.63,2700,25
'2017-03','344',' 성균관대 E하우스 앞','일일(비회원)','F','30대',1,25.23,0.23,980,10
'2017-03','345',' 서울보증보험본사 앞','일일(비회원)','F','30대',3,77.65,0.63,2710,44
'2017-03','346',' 맥스타일 앞','일일(비회원)','F','30대',1,67.95,0.61,2640,20
'2017-03','347',' 동대문역사문화공원역 9번출구 앞','일일(비회원)','F','30대',1,24.45,0.22,950,14
'2017-03','350','KEB 하나은행(내자동 지점) 앞','일일(비회원)','F','30대',3,227.02,2.05,8820,117
'2017-03','117',' 홍은사거리','일일(비회원)','F','30대',2,303.99,2.74,11810,116
'2017-03','354',' 포르투갈 대사관 앞','일일(비회원)','F','30대',1,66.15,0.6,2570,30
'2017-03','355',' 서울사대부속초교 앞','일일(비회원)','F','30대',1,67.44,0.61,2620,80
'2017-03','358',' 성대입구 사거리','일일(비회원)','F','30대',3,216.47,1.95,8410,97
'2017-03','359',' 원남동사거리','일일(비회원)','F','30대',1,62.81,0.57,2440,39
'2017-03','362',' 청계8가 사거리','일일(비회원)','F','30대',1,55.6,0.5,2160,18
'2017-03','363',' 신설동역 11번출구 뒤','일일(비회원)','F','30대',1,73.87,0.67,2870,26
'2017-03','364',' 창신역 1번출구 앞','일일(비회원)','F','30대',1,85.46,0.77,3320,45
'2017-03','369',' 광화문 시민열린마당','일일(비회원)','F','30대',1,88.29,0.8,3430,22
'2017-03','370',' 시청역(2호선) 9번출구 뒤','일일(비회원)','F','30대',1,122.27,1.1,4750,61
'2017-03','371',' 동대입구역 6번출구 뒤','일일(비회원)','F','30대',2,145.69,1.32,5660,90
'2017-03','377',' 서울역 4번출구 앞','일일(비회원)','F','30대',1,88.29,0.8,3430,32
'2017-03','379',' 서울역9번출구','일일(비회원)','F','30대',2,154.18,1.39,5990,78
'2017-03','383',' 신당역 12번 출구 뒤','일일(비회원)','F','30대',1,77.99,0.7,3030,42
'2017-03','114',' 홍대입구역 8번출구 앞','일일(비회원)','F','30대',4,298.07,2.68,11580,113
'2017-03','143',' 공덕역 2번출구','일일(비회원)','F','30대',1,443.84,4.33,18680,253
'2017-03','144',' 공덕역 8번출구','일일(비회원)','F','30대',1,153.15,1.38,5950,40
'2017-03','145',' 공덕역 5번출구','일일(비회원)','F','30대',1,152.66,1.19,5140,71
'2017-03','146',' 마포역 1번출구 뒤','일일(비회원)','F','30대',2,627.54,5.66,24380,132
'2017-03','147',' 마포역 4번출구 뒤','일일(비회원)','F','30대',5,1305.52,11.76,50720,224
'2017-03','148',' 용강동 주민센터 앞','일일(비회원)','F','30대',2,359.59,3.24,13970,94
'2017-03','151',' 망원1동주민센터','일일(비회원)','F','30대',2,53.03,0.48,2060,51
'2017-03','152',' 마포구민체육센터 앞','일일(비회원)','F','30대',5,882.63,7.95,34290,269
'2017-03','119',' 서강나루 공원','일일(비회원)','F','30대',1,118.92,1.07,4620,55
'2017-03','153',' 성산2교 사거리','일일(비회원)','F','30대',1,130.24,1.17,5060,28
'2017-03','154',' 마포구청역 ','일일(비회원)','F','30대',1,206.18,1.86,8010,55
'2017-03','157',' 애오개역 4번출구 앞','일일(비회원)','F','30대',1,0,0,0,13
'2017-03','158',' 독립문 어린이 공원','일일(비회원)','F','30대',2,111.97,1.01,4350,66
'2017-03','159',' 이대역 4번 출구','일일(비회원)','F','30대',1,212.36,1.91,8250,55
'2017-03','165',' 중앙근린공원','일일(비회원)','F','30대',1,84.43,0.76,3280,48
'2017-03','166',' 가재울 초등학교','일일(비회원)','F','30대',3,725.09,6.53,28170,219
'2017-03','169',' 북가좌 삼거리','일일(비회원)','F','30대',1,106.82,0.96,4150,29
'2017-03','170',' 가재울 뉴타운 주유소 옆','일일(비회원)','F','30대',2,64.87,0.58,2520,25
'2017-03','171',' 임광빌딩 앞','일일(비회원)','F','30대',1,50.45,0.45,1960,21
'2017-03','522',' 금호역 1번출구 앞','일일(비회원)','F','30대',1,35.01,0.32,1360,16
'2017-03','525',' 한양대병원사거리','일일(비회원)','F','30대',3,531.49,4.7,20240,166
'2017-03','530',' 청계벽산아파트 앞','일일(비회원)','F','30대',2,74.9,0.68,2910,50
'2017-03','533',' 우리은행 금호동 지점 앞','일일(비회원)','F','30대',2,434.23,3.92,16870,228
'2017-03','537',' 한양대후문역 부근','일일(비회원)','F','30대',1,121.24,1.09,4710,45
'2017-03','550',' 서울시설공단 앞','일일(비회원)','F','30대',1,388.67,3.5,15100,54
'2017-03','540',' 군자역 7번출구 베스트샵 앞','일일(비회원)','F','30대',3,59.97,0.54,2330,25
'2017-03','543',' 구의공원(테크노마트 앞)','일일(비회원)','F','30대',1,71.04,0.64,2760,21
'2017-03','544',' 광남중학교','일일(비회원)','F','30대',1,112.23,1.01,4360,33
'2017-03','546',' 잠실대교북단 교차로','일일(비회원)','F','30대',1,0,0,0,0
'2017-03','606',' 휘경공고앞','일일(비회원)','F','30대',1,247.1,2.23,9600,59
'2017-03','610',' 동대문중 교차로','일일(비회원)','F','30대',1,149.81,1.35,5820,46
'2017-03','612',' 시립동부병원 앞 사거리','일일(비회원)','F','30대',2,278.76,2.52,10830,78
'2017-03','614',' 용두동 사거리','일일(비회원)','F','30대',1,100.98,1.18,5100,43
'2017-03','615',' 용두동 레미안허브리츠아파트 앞','일일(비회원)','F','30대',5,817.16,7.45,32100,231
'2017-03','227',' 양평2나들목 보행통로 입구','일일(비회원)','F','30대',3,310.43,2.8,12060,211
'2017-03','228',' 선유도역 3번출구 앞','일일(비회원)','F','30대',3,486.17,4.58,19780,189
'2017-03','231',' 남부고용노동지청 남측','일일(비회원)','F','30대',1,87.26,0.79,3390,24
'2017-03','232',' 양평우림 이비즈센타 앞','일일(비회원)','F','30대',1,40.93,0.37,1590,11
'2017-03','233',' YP 센터 앞','일일(비회원)','F','30대',1,39.12,0.35,1520,13
'2017-03','237',' 보라매 두산위브 건너편','일일(비회원)','F','30대',1,409.56,3.75,16160,122
'2017-03','240',' 문래역 4번출구 앞','일일(비회원)','F','30대',2,133.59,1.21,5190,75
'2017-03','127',' 현대벤처빌 앞','일일(비회원)','F','30대',1,0.77,0.01,30,7
'2017-03','244',' 영등포삼환아파트 앞','일일(비회원)','F','30대',5,730.51,6.58,28380,292
'2017-03','248',' 초원아파트 앞','일일(비회원)','F','30대',2,146.21,1.32,5680,87
'2017-03','249',' 여의도중학교 옆','일일(비회원)','F','30대',1,65.64,0.59,2550,31
'2017-03','250',' 대림아파트 사거리','일일(비회원)','F','30대',1,0,0,0,61
'2017-03','251',' 서울지방병무청 버스정류장','일일(비회원)','F','30대',3,322,2.91,12510,125
'2017-03','101',' (구)합정동 주민센터','일일(비회원)','F','30대',1,258.69,2.33,10050,62
'2017-03','257',' 신길삼거리(우리은행)','일일(비회원)','F','30대',1,177.86,1.6,6910,41
'2017-03','259',' 대방역6번출구','일일(비회원)','F','30대',2,202.06,1.82,7850,102
'2017-03','700',' KB국민은행 염창역 지점 앞','일일(비회원)','F','30대',2,684.43,6.17,26590,181
'2017-03','703',' 오목교역 7번출구 앞','일일(비회원)','F','30대',1,80.55,0.79,3390,29
'2017-03','712',' 강월초교입구 사거리','일일(비회원)','F','30대',2,190.48,1.72,7400,120
'2017-03','130',' 신촌역(2호선) 7번출구 앞','일일(비회원)','F','30대',1,166.54,1.5,6470,40
'2017-03','800',' 목월공원 앞','일일(비회원)','F','30대',2,455.86,4.11,17710,126
'2017-03','808',' 서빙고동 금호맨션 앞','일일(비회원)','F','30대',1,321.75,2.9,12500,86
'2017-03','809',' 한남 유수지 복개주차장','일일(비회원)','F','30대',7,1058.95,9.54,41140,450
'2017-03','810',' 이태원지하보도','일일(비회원)','F','30대',1,24.71,0.22,960,10
'2017-03','811',' 녹사평역1번출구','일일(비회원)','F','30대',5,438.35,3.94,17030,130
'2017-03','812',' 용산전쟁기념관','일일(비회원)','F','30대',2,272.85,2.46,10600,73
'2017-03','815',' LIG강촌아파트 103동앞','일일(비회원)','F','30대',1,134.62,1.21,5230,55
'2017-03','385',' 종각역 5번출구','일일(비회원)','F','30대',1,86.49,0.78,3360,33
'2017-03','181',' 망원초록길 입구','일일(비회원)','F','30대',2,333.33,3.01,12950,94
'2017-03','132',' 창천문화공원','일일(비회원)','F','30대',2,250.96,2.27,9750,97
'2017-03','182',' 망원2빗물펌프장 앞','일일(비회원)','F','30대',2,335.65,3.03,13040,130
'2017-03','183',' 하늘채코오롱아파트 건너편','일일(비회원)','F','30대',1,246.07,2.22,9560,56
'2017-03','184',' SK망원동주유소 건너편','일일(비회원)','F','30대',2,275.68,2.49,10710,59
'2017-03','185',' 마포 신수공원 앞','일일(비회원)','F','30대',4,604.63,5.45,23490,240
'2017-03','186',' 월드컵공원','일일(비회원)','F','30대',14,1621.52,15.28,65910,717
'2017-03','178',' 증산3교 앞','일일(비회원)','F','30대',1,45.56,0.41,1770,8
'2017-03','133',' 해담는다리','일일(비회원)','F','30대',1,70.01,0.63,2720,15
'2017-03','194',' 증산교 앞','일일(비회원)','F','30대',2,155.73,1.4,6050,47
'2017-03','195',' 모래내고가차도 ','일일(비회원)','F','30대',1,186.36,1.68,7240,152
'2017-03','198',' 충정2교','일일(비회원)','F','30대',1,64.35,0.58,2500,58
'2017-03','557',' 도선동 주민센터 앞','일일(비회원)','F','30대',1,69.76,0.63,2710,24
'2017-03','134',' 연세로 명물길','일일(비회원)','F','30대',1,122.11,1.26,5410,71
'2017-03','561',' 서울숲역 2번출구 앞','일일(비회원)','F','30대',5,362.41,3.27,14080,242
'2017-03','565',' 옥수역 3번출구','일일(비회원)','F','30대',4,781.46,7.04,30360,197
'2017-03','568',' 청계8가사거리 부근','일일(비회원)','F','30대',1,96.27,0.87,3740,28
'2017-03','135',' 명물길 원형무대 앞','일일(비회원)','F','30대',2,320.7,3.02,13020,72
'2017-03','578',' 성동세무서 부근','일일(비회원)','F','30대',1,86.49,0.78,3360,29
'2017-03','583',' 청계천 생태교실 앞','일일(비회원)','F','30대',3,698.07,6.29,27120,147
'2017-03','555',' 구의3동주민센터','일일(비회원)','F','30대',1,78.51,0.71,3050,18
'2017-03','571',' 어린이대공원역6번출구','일일(비회원)','F','30대',6,522.88,4.54,19560,177
'2017-03','573',' 구의문주차장 앞','일일(비회원)','F','30대',1,54.83,0.49,2130,22
'2017-03','574',' 아차산역4번출구','일일(비회원)','F','30대',1,12.36,0.11,480,6
'2017-03','576',' 광나루역 3번 출구','일일(비회원)','F','30대',2,247.88,2.23,9630,103
'2017-03','137',' NH농협 신촌지점 앞','일일(비회원)','F','30대',1,113.26,1.02,4400,54
'2017-03','624',' 전농동 동아아파트 앞','일일(비회원)','F','30대',1,239.12,2.16,9290,49
'2017-03','626',' 군자교 서측 녹지대','일일(비회원)','F','30대',2,305.02,2.75,11850,76
'2017-03','631',' 답십리역 1번출구','일일(비회원)','F','30대',1,439.38,3.96,17070,85
'2017-03','638',' 서울시립대 정보기술관','일일(비회원)','F','30대',1,274.65,2.48,10670,61
'2017-03','641',' 용두역 4번출구','일일(비회원)','F','30대',2,59.39,0.56,2420,58
'2017-03','230',' 영등포구청역 1번출구','일일(비회원)','F','30대',1,73.62,0.66,2860,59
'2017-03','263',' 근로자회관 사거리','일일(비회원)','F','30대',1,32.69,0.29,1270,10
'2017-03','265',' 영등포유통상가 사거리','일일(비회원)','F','30대',1,44.43,0.47,2040,21
'2017-03','266',' 영등포청과시장 사거리','일일(비회원)','F','30대',2,239.98,2.24,9640,62
'2017-03','267',' 삼성화재 사옥 옆','일일(비회원)','F','30대',1,62.55,0.56,2430,20
'2017-03','270',' 증권거래소후문교차로','일일(비회원)','F','30대',1,158.56,1.43,6160,115
'2017-03','271',' 샛강생태공원방문자센터 앞','일일(비회원)','F','30대',1,87.26,0.79,3390,49
'2017-03','272',' 당산육갑문','일일(비회원)','F','30대',6,1907.08,17.19,74090,511
'2017-03','720',' 서울강월초등학교 앞','일일(비회원)','F','30대',1,66.15,0.6,2570,85
'2017-03','816',' 신용산역 6번출구 앞','일일(비회원)','F','30대',2,471.3,4.25,18310,142
'2017-03','818',' 숙명여대 입구 교차로','일일(비회원)','F','30대',2,157.02,1.41,6100,58
'2017-03','822',' 이촌1동 마을공원','일일(비회원)','F','30대',4,367.83,3.32,14290,147
'2017-03','825',' 서빙고동 주민센터 앞','일일(비회원)','F','30대',7,1111.46,10.01,43180,366
'2017-03','199',' 서울 월드컵 경기장','일일(비회원)','F','30대',7,881.08,7.95,34230,306
'2017-03','905',' 구파발역 2번출구','일일(비회원)','F','30대',2,113.77,1.03,4420,43
'2017-03','906',' 연신내역 5번출구150M 아래','일일(비회원)','F','30대',1,299.1,2.7,11620,108
'2017-03','907',' CJ 드림시티','일일(비회원)','F','30대',7,878.32,7.91,34130,260
'2017-03','911',' 은평평화공원(역촌역4번출구)','일일(비회원)','F','30대',2,174.78,1.58,6790,104
'2017-03','913',' 이마트 은평점','일일(비회원)','F','30대',5,551.87,4.97,21440,201
'2017-03','914',' 새절역 2번출구','일일(비회원)','F','30대',2,455.09,4.1,17680,189
'2017-03','915',' 증산역 4번출구','일일(비회원)','F','30대',1,48.65,0.44,1890,54
'2017-03','202',' 국민일보 앞','일일(비회원)','F','30대',8,1264,11.59,49950,454
'2017-03','922',' 연신내역 4번출구','일일(비회원)','F','30대',1,171.94,1.55,6680,48
'2017-03','925',' 불광역 2번출구','일일(비회원)','F','30대',1,77.87,0.86,3710,30
'2017-03','926',' 불광역 8번출구','일일(비회원)','F','30대',2,391.24,3.53,15200,68
'2017-03','931',' 역촌파출소','일일(비회원)','F','30대',1,27.32,0.27,1150,11
'2017-03','932',' 예일여중','일일(비회원)','F','30대',1,359.33,3.24,13960,121
'2017-03','587',' KEB하나은행 성수중앙지점','일일(비회원)','F','30대',1,18.63,0.26,1120,10
'2017-03','588',' 뚝섬 유원지역','일일(비회원)','F','30대',1,61.86,0.66,2840,46
'2017-03','204',' 국회의사당역 5번출구 옆','일일(비회원)','F','30대',2,391.46,3.69,15890,141
'2017-03','205',' 산업은행 앞','일일(비회원)','F','30대',10,1421.63,12.82,55230,599
'2017-03','206',' KBS 앞','일일(비회원)','F','30대',6,634.49,5.71,24650,331
'2017-03','209',' 유진투자증권빌딩 앞','일일(비회원)','F','30대',2,377.09,3.39,14650,156
'2017-03','210',' IFC몰','일일(비회원)','F','30대',2,205.92,1.86,8000,91
'2017-03','211',' 여의도역 4번출구 옆','일일(비회원)','F','30대',8,753.68,6.8,29280,310
'2017-03','212',' 여의도역 1번출구 옆','일일(비회원)','F','30대',3,343.37,3.09,13340,166
'2017-03','104',' 합정역 1번출구 앞','일일(비회원)','F','30대',2,432.69,3.9,16810,89
'2017-03','214',' 금융감독원 앞','일일(비회원)','F','30대',2,225.74,2.04,8770,94
'2017-03','218',' 증권거래소 앞','일일(비회원)','F','30대',3,279.28,2.51,10850,124
'2017-03','220',' 미성아파트 A동 앞','일일(비회원)','F','30대',1,20.33,0.18,790,4
'2017-03','215',' 여의도고교 앞','일일(비회원)','F','30대',7,772.45,6.96,30010,299
'2017-03','216',' 삼부아파트1동 앞','일일(비회원)','F','30대',3,196.3,1.81,7760,98
'2017-03','217',' NH농협은행 앞','일일(비회원)','F','30대',1,88.8,0.8,3450,26
'2017-03','221',' 여의도초교 앞','일일(비회원)','F','30대',7,549.03,4.95,21330,254
'2017-03','222',' 시범아파트버스정류장 옆','일일(비회원)','F','30대',3,321.23,2.89,12480,105
'2017-03','223',' 진주아파트상가 앞','일일(비회원)','F','30대',3,270.02,2.44,10490,94
'2017-03','224',' 롯데캐슬 앞','일일(비회원)','F','30대',1,173.23,1.56,6730,54
'2017-03','225',' 앙카라공원 앞','일일(비회원)','F','30대',5,1354.7,12.2,52630,394
'2017-03','207',' 여의나루역 1번출구 앞','일일(비회원)','F','30대',24,3393.46,31.23,134570,1333
'2017-03','106',' 합정역 7번출구 앞','일일(비회원)','F','30대',4,529.47,4.77,20570,207
'2017-03','405',' DMC빌 앞','일일(비회원)','F','30대',1,90.6,0.82,3520,32
'2017-03','421',' 마포구청 앞','일일(비회원)','F','30대',1,309.65,2.79,12030,60
'2017-03','408',' LG CNS앞','일일(비회원)','F','30대',1,87,0.78,3380,26
'2017-03','420',' 서울시 공공자전거 상암센터','일일(비회원)','F','30대',6,545.94,4.92,21210,325
'2017-03','409',' 누리꿈스퀘어 옆','일일(비회원)','F','30대',1,133.08,1.2,5170,35
'2017-03','419',' 홈플러스 앞','일일(비회원)','F','30대',6,601.55,5.42,23370,253
'2017-03','410',' 상암중학교 옆','일일(비회원)','F','30대',2,92.41,0.84,3590,28
'2017-03','418',' 월드컵경기장역 3번출구 옆','일일(비회원)','F','30대',5,643.51,5.8,25000,204
'2017-03','107',' 신한은행 서교동금융센터점 앞','일일(비회원)','F','30대',2,213.39,1.92,8290,67
'2017-03','412',' DMC산학협력연구센터 앞','일일(비회원)','F','30대',1,111.2,1,4320,33
'2017-03','417',' DMC역 2번출구 옆','일일(비회원)','F','30대',1,509.14,4.59,19780,145
'2017-03','501',' 광진구의회 앞','일일(비회원)','F','30대',2,336.53,3.32,14330,104
'2017-03','502',' 뚝섬유원지역 1번출구 앞','일일(비회원)','F','30대',20,1985.86,17.87,77150,884
'2017-03','503',' 더샵스타시티 C동 앞','일일(비회원)','F','40대',1,97.55,0.88,3790,45
'2017-03','505',' 자양사거리 광진아크로텔 앞','일일(비회원)','F','40대',2,293.95,2.65,11420,81
'2017-03','510',' 서울숲 남문 버스정류소 옆','일일(비회원)','F','40대',3,360.1,3.25,13990,163
'2017-03','511',' 서울숲역 4번 출구 옆','일일(비회원)','F','40대',4,593.65,5.39,23260,261
'2017-03','512',' 뚝섬역 1번 출구 옆','일일(비회원)','F','40대',1,100.13,0.9,3890,59
'2017-03','400',' 상암한화오벨리스크 1차 앞','일일(비회원)','F','40대',1,60.75,0.55,2360,24
'2017-03','302',' 경복궁역 4번출구 뒤','일일(비회원)','F','40대',1,28.06,0.25,1090,15
'2017-03','115',' 사루비아 빌딩 앞','일일(비회원)','F','40대',2,116.6,1.06,4530,32
'2017-03','307',' 서울역사박물관 앞','일일(비회원)','F','40대',1,61,0.55,2370,29
'2017-03','311',' 서울광장 옆','일일(비회원)','F','40대',1,105.79,0.95,4110,51
'2017-03','312',' 시청역 1번출구 뒤','일일(비회원)','F','40대',2,195.11,1.75,7580,116
'2017-03','116',' 일진아이윌아파트 옆','일일(비회원)','F','40대',1,74.65,0.67,2900,20
'2017-03','331',' 을지로2가 사거리 북측','일일(비회원)','F','40대',1,27.54,0.25,1070,11
'2017-03','338',' 세운스퀘어 앞','일일(비회원)','F','40대',1,150.32,1.35,5840,51
'2017-03','339',' 종로4가 사거리','일일(비회원)','F','40대',1,97.04,0.87,3770,91
'2017-03','349',' 사직동주민센터','일일(비회원)','F','40대',1,85.77,0.84,3610,62
'2017-03','351',' 청운초교 앞 삼거리','일일(비회원)','F','40대',1,140.28,1.26,5450,58
'2017-03','117',' 홍은사거리','일일(비회원)','F','40대',3,524.07,4.72,20360,150
'2017-03','358',' 성대입구 사거리','일일(비회원)','F','40대',1,88.55,0.8,3440,26
'2017-03','362',' 청계8가 사거리','일일(비회원)','F','40대',1,60.49,0.55,2350,55
'2017-03','379',' 서울역9번출구','일일(비회원)','F','40대',1,110.94,1,4310,47
'2017-03','114',' 홍대입구역 8번출구 앞','일일(비회원)','F','40대',1,59.97,0.54,2330,10
'2017-03','147',' 마포역 4번출구 뒤','일일(비회원)','F','40대',1,112.48,1.01,4370,103
'2017-03','152',' 마포구민체육센터 앞','일일(비회원)','F','40대',5,1084.93,9.78,42150,318
'2017-03','165',' 중앙근린공원','일일(비회원)','F','40대',2,348.78,3.15,13550,112
'2017-03','175',' 홍연2교옆','일일(비회원)','F','40대',4,1536.16,13.85,59680,419
'2017-03','179',' 가좌역 4번출구 앞','일일(비회원)','F','40대',1,28.57,0.26,1110,5
'2017-03','525',' 한양대병원사거리','일일(비회원)','F','40대',1,289.58,2.61,11250,63
'2017-03','530',' 청계벽산아파트 앞','일일(비회원)','F','40대',1,59.2,0.53,2300,28
'2017-03','533',' 우리은행 금호동 지점 앞','일일(비회원)','F','40대',1,230.89,2.08,8970,54
'2017-03','534',' 금호사거리','일일(비회원)','F','40대',1,210.3,1.9,8170,54
'2017-03','536',' 행당역 2번출구 앞','일일(비회원)','F','40대',1,46.07,0.42,1790,32
'2017-03','539',' 군자교교차로','일일(비회원)','F','40대',1,257.14,2.32,9990,77
'2017-03','543',' 구의공원(테크노마트 앞)','일일(비회원)','F','40대',1,90.35,0.81,3510,51
'2017-03','544',' 광남중학교','일일(비회원)','F','40대',1,57.66,0.52,2240,19
'2017-03','124',' 서강대 정문 건너편','일일(비회원)','F','40대',1,50.71,0.46,1970,23
'2017-03','602',' 장안동 사거리','일일(비회원)','F','40대',2,191.25,1.72,7430,78
'2017-03','604',' 답십리초등학교 옆 공원','일일(비회원)','F','40대',1,458.43,4.13,17810,110
'2017-03','239',' 유스호스텔 앞','일일(비회원)','F','40대',1,150.32,1.35,5840,76
'2017-03','241',' 신길우성1차아파트 앞 공원','일일(비회원)','F','40대',1,476.45,4.29,18510,156
'2017-03','244',' 영등포삼환아파트 앞','일일(비회원)','F','40대',1,102.45,0.92,3980,40
'2017-03','249',' 여의도중학교 옆','일일(비회원)','F','40대',1,162.93,1.47,6330,47
'2017-03','101',' (구)합정동 주민센터','일일(비회원)','F','40대',1,74.39,0.67,2890,56
'2017-03','701',' 목동사거리 부근','일일(비회원)','F','40대',1,263.06,2.37,10220,68
'2017-03','710',' 서부화물트럭터미널 사거리','일일(비회원)','F','40대',1,97.65,0.95,4110,55
'2017-03','713',' 양서중학교 옆','일일(비회원)','F','40대',1,151.61,1.37,5890,66
'2017-03','800',' 목월공원 앞','일일(비회원)','F','40대',1,406.18,3.66,15780,72
'2017-03','807',' 서울역 12번 출구 앞','일일(비회원)','F','40대',1,192.02,1.73,7460,54
'2017-03','181',' 망원초록길 입구','일일(비회원)','F','40대',1,143.11,1.29,5560,55
'2017-03','183',' 하늘채코오롱아파트 건너편','일일(비회원)','F','40대',1,197.17,1.78,7660,55
'2017-03','186',' 월드컵공원','일일(비회원)','F','40대',14,2033.98,18.31,79020,676
'2017-03','191',' 정명학원','일일(비회원)','F','40대',1,170.66,1.54,6630,66
'2017-03','192',' 연서어린이공원','일일(비회원)','F','40대',3,155.22,1.4,6030,29
'2017-03','133',' 해담는다리','일일(비회원)','F','40대',4,1163.45,10.49,45200,285
'2017-03','558',' 성동광진 교육지원청 앞','일일(비회원)','F','40대',1,139.51,1.26,5420,33
'2017-03','559',' 왕십리역 4번 출구 건너편','일일(비회원)','F','40대',1,110.68,1,4300,91
'2017-03','565',' 옥수역 3번출구','일일(비회원)','F','40대',1,185.07,1.67,7190,35
'2017-03','569',' 응봉현대아파트 정류소','일일(비회원)','F','40대',1,0,0,0,24
'2017-03','580',' 신금호역 3번출구 뒤','일일(비회원)','F','40대',2,366.02,3.3,14220,147
'2017-03','583',' 청계천 생태교실 앞','일일(비회원)','F','40대',2,86.48,0.92,3990,77
'2017-03','553',' 중곡 성원APT 앞','일일(비회원)','F','40대',1,205.15,1.85,7970,53
'2017-03','576',' 광나루역 3번 출구','일일(비회원)','F','40대',1,1015.96,9.16,39470,418
'2017-03','577',' 광진청소년수련관','일일(비회원)','F','40대',2,126.39,1.14,4910,82
'2017-03','623',' 서울시립대 정문 앞','일일(비회원)','F','40대',1,213.64,1.93,8300,106
'2017-03','636',' 세종대왕기념관 교차로','일일(비회원)','F','40대',1,76.45,0.69,2970,36
'2017-03','637',' KAIST 경영대학 앞','일일(비회원)','F','40대',1,265.12,2.39,10300,87
'2017-03','140',' 이화여대 후문','일일(비회원)','F','40대',1,24.71,0.22,960,5
'2017-03','264',' 교보생명보험 앞','일일(비회원)','F','40대',1,329.21,2.97,12790,102
'2017-03','199',' 서울 월드컵 경기장','일일(비회원)','F','40대',1,99.87,0.9,3880,46
'2017-03','388',' 동성중학교 앞','일일(비회원)','F','40대',1,204.02,1.71,7360,75
'2017-03','584',' 광진광장 교통섬','일일(비회원)','F','40대',1,159.59,1.44,6200,170
'2017-03','904',' 은평뉴타운 푸르지오','일일(비회원)','F','40대',1,92.41,0.83,3590,59
'2017-03','905',' 구파발역 2번출구','일일(비회원)','F','40대',1,383.78,3.46,14910,211
'2017-03','912',' 응암오거리','일일(비회원)','F','40대',1,263.06,2.37,10220,193
'2017-03','914',' 새절역 2번출구','일일(비회원)','F','40대',2,349.81,3.15,13590,104
'2017-03','202',' 국민일보 앞','일일(비회원)','F','40대',2,36.3,0.33,1410,69
'2017-03','924',' 메뚜기다리','일일(비회원)','F','40대',1,80.31,0.72,3120,56
'2017-03','205',' 산업은행 앞','일일(비회원)','F','40대',5,656.38,5.92,25500,207
'2017-03','206',' KBS 앞','일일(비회원)','F','40대',1,175.03,1.58,6800,45
'2017-03','213',' KT앞','일일(비회원)','F','40대',2,314.55,2.84,12220,92
'2017-03','218',' 증권거래소 앞','일일(비회원)','F','40대',1,80.31,0.72,3120,23
'2017-03','220',' 미성아파트 A동 앞','일일(비회원)','F','40대',1,223.68,2.02,8690,45
'2017-03','221',' 여의도초교 앞','일일(비회원)','F','40대',1,148.01,1.33,5750,59
'2017-03','222',' 시범아파트버스정류장 옆','일일(비회원)','F','40대',1,143.89,1.3,5590,49
'2017-03','223',' 진주아파트상가 앞','일일(비회원)','F','40대',1,162.68,1.47,6320,57
'2017-03','225',' 앙카라공원 앞','일일(비회원)','F','40대',1,598.08,6.37,27460,226
'2017-03','207',' 여의나루역 1번출구 앞','일일(비회원)','F','40대',13,2020.57,18.21,78500,725
'2017-03','421',' 마포구청 앞','일일(비회원)','F','40대',2,259.46,2.34,10080,91
'2017-03','407',' 마포구 육아종합지원센터','일일(비회원)','F','40대',2,218.53,2.37,10230,119
'2017-03','408',' LG CNS앞','일일(비회원)','F','40대',1,109.91,0.99,4270,53
'2017-03','420',' 서울시 공공자전거 상암센터','일일(비회원)','F','40대',2,474.13,4.27,18420,186
'2017-03','418',' 월드컵경기장역 3번출구 옆','일일(비회원)','F','40대',6,794.34,7.17,30860,202
'2017-03','107',' 신한은행 서교동금융센터점 앞','일일(비회원)','F','40대',2,130.25,1.17,5060,23
'2017-03','411',' DMC홍보관','일일(비회원)','F','40대',1,41.96,0.38,1630,19
'2017-03','413',' 상암월드컵파크 3단지 후문','일일(비회원)','F','40대',1,89.06,0.8,3460,47
'2017-03','502',' 뚝섬유원지역 1번출구 앞','일일(비회원)','F','40대',6,867.95,7.82,33720,264
'2017-03','510',' 서울숲 남문 버스정류소 옆','일일(비회원)','F','50대',3,589.96,5.32,22920,152
'2017-03','511',' 서울숲역 4번 출구 옆','일일(비회원)','F','50대',2,395.63,3.57,15370,94
'2017-03','516',' 광진메디칼 앞','일일(비회원)','F','50대',3,101.68,0.91,3950,27
'2017-03','318',' 광교사거리 남측','일일(비회원)','F','50대',1,139.51,1.26,5420,37
'2017-03','330',' 청계천 한빛광장','일일(비회원)','F','50대',1,69.24,0.62,2690,35
'2017-03','111',' 상수역 2번출구 앞','일일(비회원)','F','50대',2,261.77,2.36,10170,137
'2017-03','340',' 혜화동 로터리','일일(비회원)','F','50대',1,163.71,1.48,6360,44
'2017-03','346',' 맥스타일 앞','일일(비회원)','F','50대',1,0,0,0,53
'2017-03','347',' 동대문역사문화공원역 9번출구 앞','일일(비회원)','F','50대',3,168.34,1.52,6540,159
'2017-03','362',' 청계8가 사거리','일일(비회원)','F','50대',1,558.82,5.04,21710,131
'2017-03','113',' 홍대입구역 2번출구 앞','일일(비회원)','F','50대',1,190.99,1.72,7420,197
'2017-03','114',' 홍대입구역 8번출구 앞','일일(비회원)','F','50대',1,87.77,0.79,3410,41
'2017-03','152',' 마포구민체육센터 앞','일일(비회원)','F','50대',1,226,2.04,8780,47
'2017-03','155',' 가좌역1 번출구 뒤','일일(비회원)','F','50대',2,347.24,3.13,13490,105
'2017-03','165',' 중앙근린공원','일일(비회원)','F','50대',1,70.27,0.63,2730,20
'2017-03','166',' 가재울 초등학교','일일(비회원)','F','50대',2,50.45,0.46,1960,55
'2017-03','180',' 충정로역 7번출구 뒤','일일(비회원)','F','50대',2,214.67,1.94,8340,87
'2017-03','525',' 한양대병원사거리','일일(비회원)','F','50대',1,151.09,1.36,5870,54
'2017-03','548',' 자양나들목','일일(비회원)','F','50대',3,416.99,3.75,16200,138
'2017-03','600',' 휘경2동 주민센터','일일(비회원)','F','50대',1,112.23,1.01,4360,31
'2017-03','613',' 신설동역 10번출구 앞','일일(비회원)','F','50대',1,151.09,1.36,5870,56
'2017-03','229',' 양평1 보행육교 앞','일일(비회원)','F','50대',1,410.55,3.7,15950,207
'2017-03','233',' YP 센터 앞','일일(비회원)','F','50대',1,127.41,1.15,4950,33
'2017-03','238',' 제2구민체육센타 앞','일일(비회원)','F','50대',1,134.36,1.21,5220,43
'2017-03','240',' 문래역 4번출구 앞','일일(비회원)','F','50대',1,131.87,1.72,7400,61
'2017-03','241',' 신길우성1차아파트 앞 공원','일일(비회원)','F','50대',1,266.41,2.4,10350,54
'2017-03','259',' 대방역6번출구','일일(비회원)','F','50대',1,176.32,1.59,6850,54
'2017-03','708',' 서울출입국관리사무소 앞','일일(비회원)','F','50대',1,216.73,1.95,8420,87
'2017-03','809',' 한남 유수지 복개주차장','일일(비회원)','F','50대',1,261,2.35,10140,49
'2017-03','811',' 녹사평역1번출구','일일(비회원)','F','50대',2,40.41,0.36,1570,21
'2017-03','815',' LIG강촌아파트 103동앞','일일(비회원)','F','50대',1,195.11,1.76,7580,111
'2017-03','185',' 마포 신수공원 앞','일일(비회원)','F','50대',1,135.14,1.22,5250,30
'2017-03','186',' 월드컵공원','일일(비회원)','F','50대',3,376.32,3.39,14620,121
'2017-03','581',' 용답초등학교','일일(비회원)','F','50대',1,239.9,2.16,9320,56
'2017-03','572',' 국립정신 건강센터 앞','일일(비회원)','F','50대',1,484.47,4.73,20390,253
'2017-03','574',' 아차산역4번출구','일일(비회원)','F','50대',1,11.84,0.11,460,5
'2017-03','621',' 동대문중학교 옆','일일(비회원)','F','50대',1,165.25,1.49,6420,46
'2017-03','626',' 군자교 서측 녹지대','일일(비회원)','F','50대',1,208.24,1.88,8090,54
'2017-03','638',' 서울시립대 정보기술관','일일(비회원)','F','50대',1,32.69,0.29,1270,50
'2017-03','260',' 여의도 마리나선착장 앞','일일(비회원)','F','50대',1,128.44,1.16,4990,67
'2017-03','272',' 당산육갑문','일일(비회원)','F','50대',1,145.95,1.32,5670,55
'2017-03','818',' 숙명여대 입구 교차로','일일(비회원)','F','50대',1,29.86,0.27,1160,13
'2017-03','820',' 청파동입구 교차로','일일(비회원)','F','50대',1,137.97,1.24,5360,47
'2017-03','822',' 이촌1동 마을공원','일일(비회원)','F','50대',1,200.77,1.81,7800,53
'2017-03','825',' 서빙고동 주민센터 앞','일일(비회원)','F','50대',1,310.94,2.8,12080,86
'2017-03','199',' 서울 월드컵 경기장','일일(비회원)','F','50대',4,677.99,6.11,26340,292
'2017-03','388',' 동성중학교 앞','일일(비회원)','F','50대',1,70.53,0.64,2740,58
'2017-03','584',' 광진광장 교통섬','일일(비회원)','F','50대',1,111.97,1.01,4350,32
'2017-03','905',' 구파발역 2번출구','일일(비회원)','F','50대',2,110.68,1,4300,54
'2017-03','908',' 구산역 4번출구','일일(비회원)','F','50대',1,407.72,3.67,15840,121
'2017-03','933',' LG서비스 역촌점','일일(비회원)','F','50대',1,371.43,3.35,14430,135
'2017-03','588',' 뚝섬 유원지역','일일(비회원)','F','50대',1,204.12,1.84,7930,85
'2017-03','203',' 국회의사당역 3번출구 옆','일일(비회원)','F','50대',2,231.14,2.08,8980,59
'2017-03','205',' 산업은행 앞','일일(비회원)','F','50대',1,108.37,0.98,4210,34
'2017-03','209',' 유진투자증권빌딩 앞','일일(비회원)','F','50대',1,331.79,2.99,12890,67
'2017-03','211',' 여의도역 4번출구 옆','일일(비회원)','F','50대',1,195.62,1.76,7600,45
'2017-03','212',' 여의도역 1번출구 옆','일일(비회원)','F','50대',2,144.14,1.3,5600,72
'2017-03','104',' 합정역 1번출구 앞','일일(비회원)','F','50대',2,73.1,0.66,2840,46
'2017-03','215',' 여의도고교 앞','일일(비회원)','F','50대',1,164.48,1.48,6390,50
'2017-03','223',' 진주아파트상가 앞','일일(비회원)','F','50대',1,300.64,2.71,11680,71
'2017-03','224',' 롯데캐슬 앞','일일(비회원)','F','50대',1,50.97,0.46,1980,11
'2017-03','207',' 여의나루역 1번출구 앞','일일(비회원)','F','50대',5,653.29,5.89,25380,276
'2017-03','107',' 신한은행 서교동금융센터점 앞','일일(비회원)','F','50대',2,72.07,0.65,2800,54
'2017-03','417',' DMC역 2번출구 옆','일일(비회원)','F','50대',2,117.11,1.05,4550,33
'2017-03','502',' 뚝섬유원지역 1번출구 앞','일일(비회원)','F','50대',2,237.33,2.14,9220,88
'2017-03','330',' 청계천 한빛광장','일일(비회원)','F','60대',1,34.75,0.31,1350,17
'2017-03','146',' 마포역 1번출구 뒤','일일(비회원)','F','60대',1,491.38,4.43,19090,90
'2017-03','152',' 마포구민체육센터 앞','일일(비회원)','F','60대',1,182.5,1.64,7090,69
'2017-03','703',' 오목교역 7번출구 앞','일일(비회원)','F','60대',1,179.15,1.61,6960,44
'2017-03','710',' 서부화물트럭터미널 사거리','일일(비회원)','F','60대',1,49.1,0.58,2480,50
'2017-03','812',' 용산전쟁기념관','일일(비회원)','F','60대',1,131.02,1.18,5090,90
'2017-03','182',' 망원2빗물펌프장 앞','일일(비회원)','F','60대',1,583.01,5.25,22650,123
'2017-03','186',' 월드컵공원','일일(비회원)','F','60대',2,180.41,1.73,7450,108
'2017-03','913',' 이마트 은평점','일일(비회원)','F','60대',1,128.96,1.16,5010,41
'2017-03','207',' 여의나루역 1번출구 앞','일일(비회원)','F','60대',3,472.32,4.25,18350,102
'2017-03','419',' 홈플러스 앞','일일(비회원)','F','60대',1,56.37,0.51,2190,37
'2017-03','504',' 신자초교입구교차로','일일(비회원)','F','70대~',1,176.74,1.82,7830,52
'2017-03','505',' 자양사거리 광진아크로텔 앞','일일(비회원)','F','70대~',1,25.72,0.26,1120,8
'2017-03','510',' 서울숲 남문 버스정류소 옆','일일(비회원)','F','70대~',1,111.97,1.01,4350,72
'2017-03','512',' 뚝섬역 1번 출구 옆','일일(비회원)','F','70대~',2,201.29,1.81,7820,152
'2017-03','400',' 상암한화오벨리스크 1차 앞','일일(비회원)','F','70대~',1,55.34,0.5,2150,11
'2017-03','302',' 경복궁역 4번출구 뒤','일일(비회원)','F','70대~',2,115.32,1.04,4480,73
'2017-03','309',' 광화문역 6번출구 옆','일일(비회원)','F','70대~',1,84.94,0.77,3300,36
'2017-03','315',' 신한은행 안국역지점 옆','일일(비회원)','F','70대~',2,179.15,1.61,6960,53
'2017-03','329',' 청계2가 사거리 옆','일일(비회원)','F','70대~',1,90.86,0.82,3530,26
'2017-03','367',' 독립문역 3-1번출구 ','일일(비회원)','F','70대~',1,137.45,1.24,5340,38
'2017-03','118',' 광흥창역 2번출구 앞','일일(비회원)','F','70대~',1,79.54,0.72,3090,26
'2017-03','381',' 장충체육관','일일(비회원)','F','70대~',1,104.73,1.06,4560,25
'2017-03','142',' 아현역 4번출구 앞','일일(비회원)','F','70대~',1,127.16,1.15,4940,20
'2017-03','145',' 공덕역 5번출구','일일(비회원)','F','70대~',1,175.8,1.58,6830,55
'2017-03','151',' 망원1동주민센터','일일(비회원)','F','70대~',1,94.21,0.85,3660,29
'2017-03','152',' 마포구민체육센터 앞','일일(비회원)','F','70대~',5,963.67,8.79,37830,264
'2017-03','166',' 가재울 초등학교','일일(비회원)','F','70대~',1,148.78,1.34,5780,39
'2017-03','169',' 북가좌 삼거리','일일(비회원)','F','70대~',1,131.27,1.51,6500,82
'2017-03','523',' 옥수동성당 옆','일일(비회원)','F','70대~',1,57.66,0.52,2240,24
'2017-03','534',' 금호사거리','일일(비회원)','F','70대~',1,142.86,1.29,5550,57
'2017-03','548',' 자양나들목','일일(비회원)','F','70대~',1,216.22,1.95,8400,86
'2017-03','610',' 동대문중 교차로','일일(비회원)','F','70대~',1,342.87,3.52,15190,74
'2017-03','228',' 선유도역 3번출구 앞','일일(비회원)','F','70대~',1,188.42,1.7,7320,35
'2017-03','126',' 서강대 후문 옆','일일(비회원)','F','70대~',2,55.85,0.51,2170,35
'2017-03','232',' 양평우림 이비즈센타 앞','일일(비회원)','F','70대~',2,410.04,3.7,15930,121
'2017-03','235',' 신길동 우리은행 옆','일일(비회원)','F','70대~',1,214.41,1.93,8330,54
'2017-03','237',' 보라매 두산위브 건너편','일일(비회원)','F','70대~',1,94.47,0.85,3670,36
'2017-03','248',' 초원아파트 앞','일일(비회원)','F','70대~',1,174.77,1.58,6790,31
'2017-03','700',' KB국민은행 염창역 지점 앞','일일(비회원)','F','70대~',1,81.08,0.73,3150,49
'2017-03','703',' 오목교역 7번출구 앞','일일(비회원)','F','70대~',1,68.98,0.62,2680,28
'2017-03','704',' 남부법원검찰청 교차로','일일(비회원)','F','70대~',1,706.31,6.37,27440,140
'2017-03','706',' 신정네거리역','일일(비회원)','F','70대~',1,98.33,0.89,3820,43
'2017-03','800',' 목월공원 앞','일일(비회원)','F','70대~',1,114.54,1.03,4450,30
'2017-03','805',' 문배어린이공원 앞','일일(비회원)','F','70대~',1,56.37,0.51,2190,30
'2017-03','810',' 이태원지하보도','일일(비회원)','F','70대~',1,0,0,0,18
'2017-03','186',' 월드컵공원','일일(비회원)','F','70대~',1,39.38,0.35,1530,35
'2017-03','561',' 서울숲역 2번출구 앞','일일(비회원)','F','70대~',1,186.1,1.68,7230,56
'2017-03','568',' 청계8가사거리 부근','일일(비회원)','F','70대~',1,40.15,0.36,1560,16
'2017-03','583',' 청계천 생태교실 앞','일일(비회원)','F','70대~',1,33.46,0.3,1300,14
'2017-03','555',' 구의3동주민센터','일일(비회원)','F','70대~',1,75.16,0.68,2920,18
'2017-03','576',' 광나루역 3번 출구','일일(비회원)','F','70대~',2,473.36,4.27,18390,115
'2017-03','623',' 서울시립대 정문 앞','일일(비회원)','F','70대~',1,215.44,1.94,8370,83
'2017-03','263',' 근로자회관 사거리','일일(비회원)','F','70대~',1,32.95,0.3,1280,9
'2017-03','268',' 그랜드컨벤션센터 앞','일일(비회원)','F','70대~',1,19.56,0.18,760,7
'2017-03','272',' 당산육갑문','일일(비회원)','F','70대~',1,273.36,2.46,10620,72
'2017-03','199',' 서울 월드컵 경기장','일일(비회원)','F','70대~',1,229.09,2.06,8900,92
'2017-03','901',' 응암1동사무소','일일(비회원)','F','70대~',2,80.83,0.73,3140,20
'2017-03','907',' CJ 드림시티','일일(비회원)','F','70대~',1,170.4,1.54,6620,35
'2017-03','914',' 새절역 2번출구','일일(비회원)','F','70대~',1,275.16,2.48,10690,59
'2017-03','915',' 증산역 4번출구','일일(비회원)','F','70대~',1,90.86,0.82,3530,26
'2017-03','202',' 국민일보 앞','일일(비회원)','F','70대~',3,558.56,5.04,21700,106
'2017-03','931',' 역촌파출소','일일(비회원)','F','70대~',1,41.18,0.37,1600,9
'2017-03','932',' 예일여중','일일(비회원)','F','70대~',3,523.81,4.72,20350,266
'2017-03','209',' 유진투자증권빌딩 앞','일일(비회원)','F','70대~',1,85.46,0.77,3320,27
'2017-03','211',' 여의도역 4번출구 옆','일일(비회원)','F','70대~',2,386.88,3.49,15030,74
'2017-03','212',' 여의도역 1번출구 옆','일일(비회원)','F','70대~',2,140.8,1.27,5470,54
'2017-03','215',' 여의도고교 앞','일일(비회원)','F','70대~',2,474.39,4.27,18430,142
'2017-03','222',' 시범아파트버스정류장 옆','일일(비회원)','F','70대~',1,252.77,2.28,9820,109
'2017-03','226',' 샛강역 1번출구 앞','일일(비회원)','F','70대~',2,278.25,2.51,10810,80
'2017-03','207',' 여의나루역 1번출구 앞','일일(비회원)','F','70대~',2,716.86,6.46,27850,201
'2017-03','421',' 마포구청 앞','일일(비회원)','F','70대~',1,95.24,0.86,3700,18
'2017-03','419',' 홈플러스 앞','일일(비회원)','F','70대~',2,479.02,4.32,18610,170
'2017-03','410',' 상암중학교 옆','일일(비회원)','F','70대~',1,40.41,0.36,1570,10
'2017-03','418',' 월드컵경기장역 3번출구 옆','일일(비회원)','F','70대~',1,75.93,0.68,2950,44
'2017-03','107',' 신한은행 서교동금융센터점 앞','일일(비회원)','F','70대~',1,64.61,0.58,2510,15
'2017-03','411',' DMC홍보관','일일(비회원)','F','70대~',1,140.8,1.27,5470,49
'2017-03','412',' DMC산학협력연구센터 앞','일일(비회원)','F','70대~',2,300.39,2.71,11670,110
'2017-03','417',' DMC역 2번출구 옆','일일(비회원)','F','70대~',1,45.82,0.41,1780,14
'2017-03','500',' 어린이대공원역 3번출구 앞','일일(비회원)','F','70대~',2,191.11,1.7,7330,88
'2017-03','501',' 광진구의회 앞','일일(비회원)','F','70대~',1,82.88,0.75,3220,47
'2017-03','502',' 뚝섬유원지역 1번출구 앞','일일(비회원)','F','70대~',7,921.76,8.31,35810,323
'2017-03','301',' 경복궁역 7번출구 앞','일일(비회원)','M','~10대',1,90.09,0.81,3500,14
'2017-03','306',' 광화문역 7번출구 앞','일일(비회원)','M','~10대',1,99.61,0.9,3870,27
'2017-03','330',' 청계천 한빛광장','일일(비회원)','M','~10대',1,58.43,0.53,2270,15
'2017-03','379',' 서울역9번출구','일일(비회원)','M','~10대',1,79.28,0.71,3080,20
'2017-03','114',' 홍대입구역 8번출구 앞','일일(비회원)','M','~10대',1,114.29,1.03,4440,24
'2017-03','144',' 공덕역 8번출구','일일(비회원)','M','~10대',1,69.76,0.63,2710,19
'2017-03','119',' 서강나루 공원','일일(비회원)','M','~10대',1,43.5,0.39,1690,15
'2017-03','162',' 봉원고가차도 밑','일일(비회원)','M','~10대',1,50.97,0.46,1980,13
'2017-03','163',' 명지전문대학교 정문 앞','일일(비회원)','M','~10대',1,145.69,1.31,5660,29
'2017-03','525',' 한양대병원사거리','일일(비회원)','M','~10대',1,134.88,1.22,5240,28
'2017-03','614',' 용두동 사거리','일일(비회원)','M','~10대',1,66.41,0.6,2580,99
'2017-03','249',' 여의도중학교 옆','일일(비회원)','M','~10대',1,252.25,2.27,9800,58
'2017-03','130',' 신촌역(2호선) 7번출구 앞','일일(비회원)','M','~10대',1,122.01,1.1,4740,24
'2017-03','563',' 성동세무서 건너편','일일(비회원)','M','~10대',1,106.82,0.96,4150,62
'2017-03','571',' 어린이대공원역6번출구','일일(비회원)','M','~10대',2,340.03,3.06,13210,143
'2017-03','230',' 영등포구청역 1번출구','일일(비회원)','M','~10대',1,66.41,0.6,2580,18
'2017-03','823',' 효창동주민센터 앞','일일(비회원)','M','~10대',2,174.77,1.57,6790,41
'2017-03','199',' 서울 월드컵 경기장','일일(비회원)','M','~10대',1,227.8,2.05,8850,64
'2017-03','221',' 여의도초교 앞','일일(비회원)','M','~10대',1,206.18,1.86,8010,61
'2017-03','207',' 여의나루역 1번출구 앞','일일(비회원)','M','~10대',2,405.66,3.66,15760,113
'2017-03','420',' 서울시 공공자전거 상암센터','일일(비회원)','M','~10대',1,355.89,3.79,16340,119
'2017-03','500',' 어린이대공원역 3번출구 앞','일일(비회원)','M','~10대',1,673.36,6.07,26160,141
'2017-03','502',' 뚝섬유원지역 1번출구 앞','일일(비회원)','M','~10대',2,246.07,2.22,9560,95
'2017-03','108',' 서교동 사거리','일일(비회원)','M','20대',4,739.25,6.66,28720,274
'2017-03','503',' 더샵스타시티 C동 앞','일일(비회원)','M','20대',4,373.74,3.36,14520,157
'2017-03','504',' 신자초교입구교차로','일일(비회원)','M','20대',3,506.05,4.56,19660,147
'2017-03','505',' 자양사거리 광진아크로텔 앞','일일(비회원)','M','20대',7,684.68,6.16,26600,206
'2017-03','506',' 금호 어울림 아파트 앞','일일(비회원)','M','20대',1,77.48,0.7,3010,29
'2017-03','508',' 성수아카데미타워 앞','일일(비회원)','M','20대',1,48.65,0.44,1890,22
'2017-03','509',' 이마트 버스정류소 옆','일일(비회원)','M','20대',6,604.89,5.47,23500,264
'2017-03','510',' 서울숲 남문 버스정류소 옆','일일(비회원)','M','20대',26,3758.89,32.24,139110,1311
'2017-03','511',' 서울숲역 4번 출구 옆','일일(비회원)','M','20대',45,5665.4,51.09,220100,2763
'2017-03','512',' 뚝섬역 1번 출구 옆','일일(비회원)','M','20대',8,1359.39,12.14,52320,383
'2017-03','109',' 제일빌딩 앞','일일(비회원)','M','20대',5,664.6,5.99,25820,205
'2017-03','400',' 상암한화오벨리스크 1차 앞','일일(비회원)','M','20대',3,322.27,2.9,12520,66
'2017-03','513',' 뚝섬역 5번 출구 정류소 옆','일일(비회원)','M','20대',3,397.93,3.59,15460,189
'2017-03','514',' 성수사거리 버스정류장 앞','일일(비회원)','M','20대',14,2133.1,19.02,81980,572
'2017-03','515',' 광양중학교 앞','일일(비회원)','M','20대',4,322.01,2.9,12510,150
'2017-03','516',' 광진메디칼 앞','일일(비회원)','M','20대',1,379.67,3.42,14750,86
'2017-03','300',' 정동사거리','일일(비회원)','M','20대',1,132.05,1.19,5130,33
'2017-03','301',' 경복궁역 7번출구 앞','일일(비회원)','M','20대',1,415.44,3.74,16140,121
'2017-03','302',' 경복궁역 4번출구 뒤','일일(비회원)','M','20대',4,369.36,3.33,14350,134
'2017-03','303',' 광화문역 1번출구 앞','일일(비회원)','M','20대',4,260.78,2.28,9780,99
'2017-03','115',' 사루비아 빌딩 앞','일일(비회원)','M','20대',6,644,5.8,25020,248
'2017-03','304',' 광화문역 2번출구 앞','일일(비회원)','M','20대',3,108.11,0.97,4200,59
'2017-03','305',' 종로구청 옆','일일(비회원)','M','20대',4,346.71,3.12,13470,144
'2017-03','306',' 광화문역 7번출구 앞','일일(비회원)','M','20대',2,115.32,1.04,4480,51
'2017-03','307',' 서울역사박물관 앞','일일(비회원)','M','20대',4,497.81,4.48,19340,144
'2017-03','308',' 광화문 S타워 앞','일일(비회원)','M','20대',3,815.7,7.35,31690,161
'2017-03','309',' 광화문역 6번출구 옆','일일(비회원)','M','20대',2,208.24,1.88,8090,52
'2017-03','310',' 청계광장 옆','일일(비회원)','M','20대',3,389.88,3.4,14640,330
'2017-03','311',' 서울광장 옆','일일(비회원)','M','20대',5,527.51,4.81,20730,365
'2017-03','312',' 시청역 1번출구 뒤','일일(비회원)','M','20대',1,23.94,0.22,930,6
'2017-03','313',' 서울역 광장 파출소 옆','일일(비회원)','M','20대',2,348.22,2.63,11310,97
'2017-03','110',' 사천교','일일(비회원)','M','20대',1,3.35,0.03,130,81
'2017-03','314',' 국립현대미술관','일일(비회원)','M','20대',12,1175,10.38,44740,461
'2017-03','315',' 신한은행 안국역지점 옆','일일(비회원)','M','20대',11,1234.99,11.12,47980,388
'2017-03','316',' 종각역 1번출구 앞','일일(비회원)','M','20대',5,632.69,5.69,24580,301
'2017-03','318',' 광교사거리 남측','일일(비회원)','M','20대',3,485.71,4.37,18870,122
'2017-03','320',' 을지로입구역 4번출구 앞','일일(비회원)','M','20대',1,132.3,1.19,5140,34
'2017-03','321',' KEB 하나은행 본점 앞','일일(비회원)','M','20대',6,912.73,8.22,35460,237
'2017-03','322',' 명동성당 앞','일일(비회원)','M','20대',4,332.56,2.99,12920,127
'2017-03','324',' 신세계백화점 본점 앞','일일(비회원)','M','20대',5,290.34,2.63,11280,90
'2017-03','326',' 안국역 5번출구 앞','일일(비회원)','M','20대',4,369.37,3.33,14350,111
'2017-03','327',' 낙원상가 옆','일일(비회원)','M','20대',6,221.63,2.01,8610,55
'2017-03','328',' 탑골공원 앞','일일(비회원)','M','20대',10,797.35,7.16,30880,260
'2017-03','329',' 청계2가 사거리 옆','일일(비회원)','M','20대',4,387.91,3.5,15070,109
'2017-03','330',' 청계천 한빛광장','일일(비회원)','M','20대',8,433.99,3.92,16860,288
'2017-03','331',' 을지로2가 사거리 북측','일일(비회원)','M','20대',5,360.11,3.24,13990,91
'2017-03','332',' 을지로2가 사거리 남측','일일(비회원)','M','20대',3,385.07,3.47,14960,125
'2017-03','111',' 상수역 2번출구 앞','일일(비회원)','M','20대',18,2686.55,24.43,105340,1098
'2017-03','334',' 종로3가역 2번출구 뒤','일일(비회원)','M','20대',9,669.5,6.03,26010,398
'2017-03','335',' 종로3가역 15번출구 앞','일일(비회원)','M','20대',7,407.96,3.68,15850,135
'2017-03','336',' 티마크 호텔 앞','일일(비회원)','M','20대',13,1223.66,10.85,46820,429
'2017-03','337',' 창경궁 입구','일일(비회원)','M','20대',3,324.58,2.93,12610,114
'2017-03','338',' 세운스퀘어 앞','일일(비회원)','M','20대',13,1163.16,10.45,45020,477
'2017-03','339',' 종로4가 사거리','일일(비회원)','M','20대',9,537.44,4.86,20880,329
'2017-03','340',' 혜화동 로터리','일일(비회원)','M','20대',7,1030.38,9.28,40030,369
'2017-03','341',' 혜화역 3번출구 뒤','일일(비회원)','M','20대',6,555.53,4.97,21370,157
'2017-03','342',' 대학로 마로니에공원','일일(비회원)','M','20대',8,864.6,7.79,33590,329
'2017-03','343',' 예일빌딩(율곡로) 앞','일일(비회원)','M','20대',2,53.28,0.48,2070,11
'2017-03','112',' 극동방송국 앞','일일(비회원)','M','20대',18,1891.13,16.1,69420,550
'2017-03','344',' 성균관대 E하우스 앞','일일(비회원)','M','20대',6,266.83,2.39,10290,81
'2017-03','345',' 서울보증보험본사 앞','일일(비회원)','M','20대',1,54.31,0.49,2110,13
'2017-03','346',' 맥스타일 앞','일일(비회원)','M','20대',12,1425.75,12.85,55390,484
'2017-03','347',' 동대문역사문화공원역 9번출구 앞','일일(비회원)','M','20대',3,225.23,2.03,8750,112
'2017-03','349',' 사직동주민센터','일일(비회원)','M','20대',1,160.62,1.45,6240,41
'2017-03','351',' 청운초교 앞 삼거리','일일(비회원)','M','20대',2,257.91,2.33,10020,58
'2017-03','352',' 중앙고입구 삼거리','일일(비회원)','M','20대',3,184.04,1.66,7150,53
'2017-03','353',' 재동초교 앞 삼거리','일일(비회원)','M','20대',4,296.78,2.67,11530,97
'2017-03','117',' 홍은사거리','일일(비회원)','M','20대',1,491.89,4.43,19110,127
'2017-03','354',' 포르투갈 대사관 앞','일일(비회원)','M','20대',7,463.6,4.3,18500,256
'2017-03','355',' 서울사대부속초교 앞','일일(비회원)','M','20대',3,173.49,1.56,6740,44
'2017-03','356',' KT혜화지사 앞','일일(비회원)','M','20대',3,353.66,3.18,13740,98
'2017-03','358',' 성대입구 사거리','일일(비회원)','M','20대',8,1001.28,9.02,38900,274
'2017-03','359',' 원남동사거리','일일(비회원)','M','20대',3,98.07,0.89,3810,67
'2017-03','361',' 동묘앞역 1번출구 뒤','일일(비회원)','M','20대',4,839.39,7.56,32610,229
'2017-03','362',' 청계8가 사거리','일일(비회원)','M','20대',2,213.39,1.92,8290,98
'2017-03','363',' 신설동역 11번출구 뒤','일일(비회원)','M','20대',1,187.9,1.69,7300,33
'2017-03','364',' 창신역 1번출구 앞','일일(비회원)','M','20대',2,358.3,3.23,13920,106
'2017-03','113',' 홍대입구역 2번출구 앞','일일(비회원)','M','20대',16,1644.09,14.67,63280,571
'2017-03','368',' SK 서린빌딩 앞','일일(비회원)','M','20대',5,337.36,3.03,13080,467
'2017-03','369',' 광화문 시민열린마당','일일(비회원)','M','20대',7,778.64,7.02,30250,296
'2017-03','370',' 시청역(2호선) 9번출구 뒤','일일(비회원)','M','20대',3,304.18,2.09,9030,108
'2017-03','371',' 동대입구역 6번출구 뒤','일일(비회원)','M','20대',12,1123.96,10.22,44100,441
'2017-03','372',' 약수역 3번출구 뒤','일일(비회원)','M','20대',1,70.79,0.64,2750,14
'2017-03','374',' 청구역 2번출구 앞','일일(비회원)','M','20대',3,141.31,1.28,5490,61
'2017-03','118',' 광흥창역 2번출구 앞','일일(비회원)','M','20대',5,927.48,8.27,35630,207
'2017-03','375',' 다산 어린이공원','일일(비회원)','M','20대',1,38.78,0.33,1440,27
'2017-03','377',' 서울역 4번출구 앞','일일(비회원)','M','20대',5,535.39,4.83,20800,147
'2017-03','378',' 청계7가 사거리','일일(비회원)','M','20대',1,0,0,0,39
'2017-03','379',' 서울역9번출구','일일(비회원)','M','20대',4,406.71,3.74,16140,147
'2017-03','380',' CJ제일제당 앞','일일(비회원)','M','20대',5,624.45,5.62,24260,251
'2017-03','382',' 약수역 10번출구 앞','일일(비회원)','M','20대',1,122.52,1.1,4760,47
'2017-03','383',' 신당역 12번 출구 뒤','일일(비회원)','M','20대',4,209.44,1.84,7940,77
'2017-03','384',' 종로학원본원 ','일일(비회원)','M','20대',1,14.16,0.13,550,9
'2017-03','114',' 홍대입구역 8번출구 앞','일일(비회원)','M','20대',11,1527.62,13.77,59400,443
'2017-03','142',' 아현역 4번출구 앞','일일(비회원)','M','20대',1,134.88,1.22,5240,56
'2017-03','143',' 공덕역 2번출구','일일(비회원)','M','20대',3,267.69,2.42,10400,70
'2017-03','144',' 공덕역 8번출구','일일(비회원)','M','20대',9,752.38,6.78,29230,269
'2017-03','145',' 공덕역 5번출구','일일(비회원)','M','20대',4,545.62,4.63,19950,196
'2017-03','146',' 마포역 1번출구 뒤','일일(비회원)','M','20대',8,1516.09,13.66,58900,391
'2017-03','147',' 마포역 4번출구 뒤','일일(비회원)','M','20대',4,637.06,5.75,24750,230
'2017-03','148',' 용강동 주민센터 앞','일일(비회원)','M','20대',2,649.56,4.18,17980,107
'2017-03','150',' 서강대역 2번출구 앞','일일(비회원)','M','20대',5,386.88,3.5,15030,136
'2017-03','151',' 망원1동주민센터','일일(비회원)','M','20대',4,777.86,7.02,30220,203
'2017-03','152',' 마포구민체육센터 앞','일일(비회원)','M','20대',20,3217.27,28.68,123680,997
'2017-03','119',' 서강나루 공원','일일(비회원)','M','20대',4,507.09,4.57,19700,179
'2017-03','153',' 성산2교 사거리','일일(비회원)','M','20대',3,391.76,3.53,15220,94
'2017-03','154',' 마포구청역 ','일일(비회원)','M','20대',2,292.66,2.63,11370,90
'2017-03','155',' 가좌역1 번출구 뒤','일일(비회원)','M','20대',2,156.62,1.28,5520,38
'2017-03','158',' 독립문 어린이 공원','일일(비회원)','M','20대',2,148.68,1.26,5450,51
'2017-03','159',' 이대역 4번 출구','일일(비회원)','M','20대',2,214.15,1.93,8320,40
'2017-03','160',' 북아현동 가구거리','일일(비회원)','M','20대',2,214.93,1.94,8350,66
'2017-03','162',' 봉원고가차도 밑','일일(비회원)','M','20대',2,458.22,3.78,16330,106
'2017-03','120',' 신수동 사거리','일일(비회원)','M','20대',2,212.87,1.92,8270,133
'2017-03','163',' 명지전문대학교 정문 앞','일일(비회원)','M','20대',2,221.62,2,8610,49
'2017-03','165',' 중앙근린공원','일일(비회원)','M','20대',2,435.26,3.93,16910,109
'2017-03','167',' 연가초등학교 옆','일일(비회원)','M','20대',2,164.73,1.49,6400,39
'2017-03','168',' 남가좌동 사거리','일일(비회원)','M','20대',3,424.97,3.83,16510,71
'2017-03','169',' 북가좌 삼거리','일일(비회원)','M','20대',1,32.95,0.3,1280,6
'2017-03','170',' 가재울 뉴타운 주유소 옆','일일(비회원)','M','20대',7,697.81,6.28,27110,283
'2017-03','171',' 임광빌딩 앞','일일(비회원)','M','20대',1,87.77,0.79,3410,35
'2017-03','172',' 서대문소방서','일일(비회원)','M','20대',2,240.67,2.17,9350,58
'2017-03','173',' 서대문역 8번출구 앞','일일(비회원)','M','20대',3,158.05,1.42,6140,40
'2017-03','175',' 홍연2교옆','일일(비회원)','M','20대',6,643.75,5.82,25010,163
'2017-03','179',' 가좌역 4번출구 앞','일일(비회원)','M','20대',2,47.37,0.43,1840,12
'2017-03','180',' 충정로역 7번출구 뒤','일일(비회원)','M','20대',1,83.66,0.75,3250,35
'2017-03','518',' 청계천 박물관 앞','일일(비회원)','M','20대',2,187.91,1.69,7300,68
'2017-03','519',' 양지사거리','일일(비회원)','M','20대',2,171.17,1.54,6650,69
'2017-03','520',' 상왕십리역 4번 출구 앞','일일(비회원)','M','20대',5,615.19,5.55,23900,168
'2017-03','521',' 왕십리역 11번 출구 앞','일일(비회원)','M','20대',3,619.04,5.58,24050,111
'2017-03','122',' 신성기사식당 앞','일일(비회원)','M','20대',2,197.17,1.78,7660,75
'2017-03','525',' 한양대병원사거리','일일(비회원)','M','20대',25,3388.05,31.59,136100,1073
'2017-03','529',' 장한평역 8번 출구 앞','일일(비회원)','M','20대',1,0,0,0,40
'2017-03','530',' 청계벽산아파트 앞','일일(비회원)','M','20대',1,100.64,0.91,3910,42
'2017-03','534',' 금호사거리','일일(비회원)','M','20대',3,342.34,3.08,13300,75
'2017-03','535',' 응봉삼거리','일일(비회원)','M','20대',4,972.21,8.76,37770,255
'2017-03','536',' 행당역 2번출구 앞','일일(비회원)','M','20대',2,213.9,1.93,8310,93
'2017-03','537',' 한양대후문역 부근','일일(비회원)','M','20대',6,706.05,6.36,27430,225
'2017-03','123',' 문화촌 공원','일일(비회원)','M','20대',1,413.38,3.73,16060,89
'2017-03','538',' 답십리역 8번출구 앞','일일(비회원)','M','20대',3,335.9,3.03,13050,127
'2017-03','539',' 군자교교차로','일일(비회원)','M','20대',4,1093.44,9.85,42480,450
'2017-03','540',' 군자역 7번출구 베스트샵 앞','일일(비회원)','M','20대',1,137.71,1.24,5350,45
'2017-03','542',' 강변역 4번출구 뒤','일일(비회원)','M','20대',2,613.9,5.53,23850,137
'2017-03','543',' 구의공원(테크노마트 앞)','일일(비회원)','M','20대',3,392.01,3.53,15230,102
'2017-03','544',' 광남중학교','일일(비회원)','M','20대',1,139,1.25,5400,51
'2017-03','546',' 잠실대교북단 교차로','일일(비회원)','M','20대',3,530.19,4.27,18370,137
'2017-03','548',' 자양나들목','일일(비회원)','M','20대',4,336.93,3.04,13090,139
'2017-03','124',' 서강대 정문 건너편','일일(비회원)','M','20대',13,3555.47,32.05,138130,1184
'2017-03','600',' 휘경2동 주민센터','일일(비회원)','M','20대',4,453.29,4.08,17610,145
'2017-03','601',' 용신동주민센터','일일(비회원)','M','20대',3,607.21,5.47,23590,175
'2017-03','602',' 장안동 사거리','일일(비회원)','M','20대',7,1472.97,12.85,55390,340
'2017-03','605',' 신설동역8번출구','일일(비회원)','M','20대',3,659.72,5.95,25630,142
'2017-03','606',' 휘경공고앞','일일(비회원)','M','20대',3,331.54,2.99,12880,78
'2017-03','607',' 신이문역 2번출구','일일(비회원)','M','20대',3,682.62,6.16,26520,187
'2017-03','609',' 제기2교','일일(비회원)','M','20대',7,592.03,5.34,23000,259
'2017-03','125',' 서강대 남문 옆','일일(비회원)','M','20대',9,2142.6,19.33,83240,628
'2017-03','610',' 동대문중 교차로','일일(비회원)','M','20대',1,163.71,1.48,6360,47
'2017-03','613',' 신설동역 10번출구 앞','일일(비회원)','M','20대',6,621.11,5.61,24130,171
'2017-03','614',' 용두동 사거리','일일(비회원)','M','20대',13,1657.85,15.26,65820,509
'2017-03','615',' 용두동 레미안허브리츠아파트 앞','일일(비회원)','M','20대',4,501.92,4.52,19500,136
'2017-03','616',' 서울시립대 앞','일일(비회원)','M','20대',3,232.95,2.1,9050,78
'2017-03','227',' 양평2나들목 보행통로 입구','일일(비회원)','M','20대',3,356.5,3.21,13850,128
'2017-03','228',' 선유도역 3번출구 앞','일일(비회원)','M','20대',6,693.96,6.26,26960,294
'2017-03','229',' 양평1 보행육교 앞','일일(비회원)','M','20대',1,118.4,1.07,4600,63
'2017-03','126',' 서강대 후문 옆','일일(비회원)','M','20대',13,1193.82,10.76,46380,325
'2017-03','231',' 남부고용노동지청 남측','일일(비회원)','M','20대',2,157.53,1.23,5340,60
'2017-03','232',' 양평우림 이비즈센타 앞','일일(비회원)','M','20대',3,653.28,5.89,25380,151
'2017-03','233',' YP 센터 앞','일일(비회원)','M','20대',1,91.89,0.83,3570,15
'2017-03','234',' 영등포구민체육센터 앞','일일(비회원)','M','20대',1,245.82,2.22,9550,108
'2017-03','235',' 신길동 우리은행 옆','일일(비회원)','M','20대',2,164.22,1.48,6380,36
'2017-03','236',' 문래동자이아파트 앞','일일(비회원)','M','20대',3,207.21,1.87,8050,91
'2017-03','237',' 보라매 두산위브 건너편','일일(비회원)','M','20대',3,297.3,2.68,11550,166
'2017-03','238',' 제2구민체육센타 앞','일일(비회원)','M','20대',4,674.65,6.08,26210,207
'2017-03','239',' 유스호스텔 앞','일일(비회원)','M','20대',3,340.03,3.06,13210,99
'2017-03','127',' 현대벤처빌 앞','일일(비회원)','M','20대',4,230.12,2.07,8940,71
'2017-03','241',' 신길우성1차아파트 앞 공원','일일(비회원)','M','20대',3,169.36,1.49,6430,41
'2017-03','242',' 신길선원가와인아파트 앞','일일(비회원)','M','20대',2,502.19,4.53,19510,179
'2017-03','243',' 이앤씨드림타워 앞','일일(비회원)','M','20대',5,1089.58,10.36,44690,272
'2017-03','244',' 영등포삼환아파트 앞','일일(비회원)','M','20대',5,604.12,5.45,23470,137
'2017-03','247',' 당산역 10번출구 앞','일일(비회원)','M','20대',10,2187.22,19.59,84490,766
'2017-03','248',' 초원아파트 앞','일일(비회원)','M','20대',15,2433.99,21.89,94400,811
'2017-03','249',' 여의도중학교 옆','일일(비회원)','M','20대',41,6754.12,60.74,261900,2506
'2017-03','251',' 서울지방병무청 버스정류장','일일(비회원)','M','20대',5,1038.62,9.2,39690,272
'2017-03','101',' (구)합정동 주민센터','일일(비회원)','M','20대',2,360.1,3.25,13990,155
'2017-03','128',' 신촌역(2호선) 1번출구 옆','일일(비회원)','M','20대',12,1658.42,14.93,64430,452
'2017-03','252',' 보라매역4번출구','일일(비회원)','M','20대',5,520.72,4.69,20230,239
'2017-03','253',' 신풍역 5번출구 인근','일일(비회원)','M','20대',3,359.85,3.23,13980,80
'2017-03','254',' 도림신협 앞','일일(비회원)','M','20대',1,128.7,1.16,5000,57
'2017-03','256',' 동아에코빌입구','일일(비회원)','M','20대',4,410.3,3.7,15940,166
'2017-03','257',' 신길삼거리(우리은행)','일일(비회원)','M','20대',5,552.38,4.98,21460,234
'2017-03','258',' 신길역3번출구','일일(비회원)','M','20대',1,76.45,0.69,2970,22
'2017-03','259',' 대방역6번출구','일일(비회원)','M','20대',3,537.3,4.87,21000,184
'2017-03','700',' KB국민은행 염창역 지점 앞','일일(비회원)','M','20대',2,398.97,3.6,15500,75
'2017-03','129',' 신촌역(2호선) 6번출구 옆','일일(비회원)','M','20대',10,1124.09,10.13,43670,320
'2017-03','702',' 목4동주민센터 옆','일일(비회원)','M','20대',1,115.57,1.04,4490,25
'2017-03','703',' 오목교역 7번출구 앞','일일(비회원)','M','20대',5,618.02,5.57,24010,157
'2017-03','704',' 남부법원검찰청 교차로','일일(비회원)','M','20대',3,114.28,1.03,4440,29
'2017-03','706',' 신정네거리역','일일(비회원)','M','20대',3,421.64,3.5,15060,897
'2017-03','707',' 신정3동주민센터','일일(비회원)','M','20대',2,713.97,5.57,24040,130
'2017-03','710',' 서부화물트럭터미널 사거리','일일(비회원)','M','20대',1,94.47,0.85,3670,28
'2017-03','130',' 신촌역(2호선) 7번출구 앞','일일(비회원)','M','20대',4,448.14,4.03,17410,117
'2017-03','713',' 양서중학교 옆','일일(비회원)','M','20대',3,282.12,2.54,10960,172
'2017-03','800',' 목월공원 앞','일일(비회원)','M','20대',3,74.65,0.67,2900,48
'2017-03','802',' 한강진역 2번 출구 앞','일일(비회원)','M','20대',6,1102.96,9.96,42850,281
'2017-03','803',' 한남초교 앞 보도육교','일일(비회원)','M','20대',3,221.7,1.89,8130,70
'2017-03','805',' 문배어린이공원 앞','일일(비회원)','M','20대',1,35.26,0.32,1370,9
'2017-03','806',' 전자랜드 본관 앞','일일(비회원)','M','20대',7,1332.05,11.27,48660,285
'2017-03','807',' 서울역 12번 출구 앞','일일(비회원)','M','20대',1,84.17,0.76,3270,25
'2017-03','808',' 서빙고동 금호맨션 앞','일일(비회원)','M','20대',1,181.72,1.64,7060,64
'2017-03','131',' 증산2교','일일(비회원)','M','20대',4,577.34,5.2,22430,205
'2017-03','809',' 한남 유수지 복개주차장','일일(비회원)','M','20대',6,1728.7,15.57,67160,478
'2017-03','810',' 이태원지하보도','일일(비회원)','M','20대',6,875.67,7.89,34020,300
'2017-03','811',' 녹사평역1번출구','일일(비회원)','M','20대',20,1875.42,16.89,72860,654
'2017-03','812',' 용산전쟁기념관','일일(비회원)','M','20대',5,359.85,3.24,13980,230
'2017-03','813',' 삼각지역 3번출구','일일(비회원)','M','20대',10,2015.28,18.4,79360,618
'2017-03','815',' LIG강촌아파트 103동앞','일일(비회원)','M','20대',5,990.48,8.92,38480,447
'2017-03','385',' 종각역 5번출구','일일(비회원)','M','20대',11,1205.15,10.87,46820,467
'2017-03','386',' 올림픽기념 국민생활관 앞','일일(비회원)','M','20대',1,48.13,0.43,1870,195
'2017-03','387',' 훈련원공원주차장 앞','일일(비회원)','M','20대',5,801.11,7.17,30960,169
'2017-03','181',' 망원초록길 입구','일일(비회원)','M','20대',3,385.85,3.48,14990,146
'2017-03','132',' 창천문화공원','일일(비회원)','M','20대',13,2195.37,19.78,85290,646
'2017-03','182',' 망원2빗물펌프장 앞','일일(비회원)','M','20대',12,2525.36,22.75,98110,869
'2017-03','183',' 하늘채코오롱아파트 건너편','일일(비회원)','M','20대',5,832.19,7.49,32330,421
'2017-03','184',' SK망원동주유소 건너편','일일(비회원)','M','20대',4,439.04,3.79,16360,154
'2017-03','185',' 마포 신수공원 앞','일일(비회원)','M','20대',2,897.82,8.1,34880,190
'2017-03','186',' 월드컵공원','일일(비회원)','M','20대',20,2770.39,24.95,107630,988
'2017-03','188',' 홍은동 정원여중 입구','일일(비회원)','M','20대',2,80.3,0.72,3120,66
'2017-03','191',' 정명학원','일일(비회원)','M','20대',2,820.85,7.39,31890,209
'2017-03','133',' 해담는다리','일일(비회원)','M','20대',1,254.31,2.29,9880,64
'2017-03','194',' 증산교 앞','일일(비회원)','M','20대',3,248.13,2.24,9640,66
'2017-03','195',' 모래내고가차도 ','일일(비회원)','M','20대',2,204.24,1.62,7000,58
'2017-03','196',' 연희교차로 인근','일일(비회원)','M','20대',4,221.94,1.89,8140,51
'2017-03','198',' 충정2교','일일(비회원)','M','20대',3,447.36,4.04,17380,104
'2017-03','556',' 달맞이공원','일일(비회원)','M','20대',7,1603.04,13.88,59820,500
'2017-03','557',' 도선동 주민센터 앞','일일(비회원)','M','20대',4,305.38,2.77,11920,88
'2017-03','558',' 성동광진 교육지원청 앞','일일(비회원)','M','20대',7,715.68,6,25850,194
'2017-03','134',' 연세로 명물길','일일(비회원)','M','20대',6,694.62,6.13,26430,225
'2017-03','559',' 왕십리역 4번 출구 건너편','일일(비회원)','M','20대',4,498.84,4.49,19380,165
'2017-03','560',' 비전교회 앞','일일(비회원)','M','20대',4,364.47,3.29,14160,145
'2017-03','561',' 서울숲역 2번출구 앞','일일(비회원)','M','20대',17,3301.43,29.77,128260,1387
'2017-03','563',' 성동세무서 건너편','일일(비회원)','M','20대',1,24.97,0.23,970,6
'2017-03','564',' 금호역 3번출구','일일(비회원)','M','20대',1,115.83,1.04,4500,40
'2017-03','565',' 옥수역 3번출구','일일(비회원)','M','20대',18,5864.7,51.66,222660,1542
'2017-03','567',' 성수역 2번출구 앞','일일(비회원)','M','20대',10,1282.19,10.79,46540,391
'2017-03','568',' 청계8가사거리 부근','일일(비회원)','M','20대',3,181.2,1.64,7040,54
'2017-03','135',' 명물길 원형무대 앞','일일(비회원)','M','20대',3,318.41,2.87,12370,121
'2017-03','578',' 성동세무서 부근','일일(비회원)','M','20대',3,321.75,2.9,12500,98
'2017-03','579',' 마장역 4번출구','일일(비회원)','M','20대',4,360.62,3.24,14010,138
'2017-03','581',' 용답초등학교','일일(비회원)','M','20대',1,240.93,2.17,9360,57
'2017-03','583',' 청계천 생태교실 앞','일일(비회원)','M','20대',13,2471.31,22.02,94990,767
'2017-03','551',' 구의삼성쉐르빌 앞','일일(비회원)','M','20대',1,91.12,0.82,3540,21
'2017-03','571',' 어린이대공원역6번출구','일일(비회원)','M','20대',12,1486.74,13.4,57760,516
'2017-03','572',' 국립정신 건강센터 앞','일일(비회원)','M','20대',5,888.51,7.97,34410,194
'2017-03','574',' 아차산역4번출구','일일(비회원)','M','20대',13,1417.68,12.6,54300,504
'2017-03','576',' 광나루역 3번 출구','일일(비회원)','M','20대',1,149.55,1.35,5810,43
'2017-03','577',' 광진청소년수련관','일일(비회원)','M','20대',2,477.99,4.3,18570,161
'2017-03','621',' 동대문중학교 옆','일일(비회원)','M','20대',1,119.18,1.07,4630,48
'2017-03','137',' NH농협 신촌지점 앞','일일(비회원)','M','20대',4,327.41,2.96,12720,135
'2017-03','623',' 서울시립대 정문 앞','일일(비회원)','M','20대',8,1010.29,9.11,39250,339
'2017-03','626',' 군자교 서측 녹지대','일일(비회원)','M','20대',1,206.95,1.87,8040,56
'2017-03','627',' 장안동삼거리 교통섬','일일(비회원)','M','20대',2,288.78,1.94,8350,65
'2017-03','628',' 휘봉고등학교 앞','일일(비회원)','M','20대',2,299.87,2.7,11650,76
'2017-03','102',' 망원역 1번출구 앞','일일(비회원)','M','20대',8,1613.66,14.55,62690,595
'2017-03','138',' 신촌동 제1공영주차장 앞','일일(비회원)','M','20대',3,183.27,1.65,7120,82
'2017-03','633',' 청량리 기업은행 앞','일일(비회원)','M','20대',3,148.01,1.33,5750,42
'2017-03','634',' 외국어대 정문 앞','일일(비회원)','M','20대',29,5070.76,45.74,197000,1666
'2017-03','635',' 시조사 앞 (청량고정문 옆)','일일(비회원)','M','20대',1,30.89,0.28,1200,11
'2017-03','637',' KAIST 경영대학 앞','일일(비회원)','M','20대',3,348.4,3.01,12960,94
'2017-03','639',' 서울시립대 후문','일일(비회원)','M','20대',3,441.7,3.98,17160,146
'2017-03','641',' 용두역 4번출구','일일(비회원)','M','20대',7,655.59,5.9,25470,211
'2017-03','642',' 신답역 사거리','일일(비회원)','M','20대',1,101.93,0.92,3960,30
'2017-03','140',' 이화여대 후문','일일(비회원)','M','20대',6,577.86,5.21,22450,242
'2017-03','643',' 동대문구민체육센터 (육교아래)','일일(비회원)','M','20대',3,220.33,1.99,8560,106
'2017-03','230',' 영등포구청역 1번출구','일일(비회원)','M','20대',4,613.9,5.53,23850,250
'2017-03','260',' 여의도 마리나선착장 앞','일일(비회원)','M','20대',15,2282.37,20.49,88340,791
'2017-03','262',' 영문초등학교 사거리','일일(비회원)','M','20대',9,863.32,7.79,33540,208
'2017-03','263',' 근로자회관 사거리','일일(비회원)','M','20대',3,251.74,2.27,9780,59
'2017-03','264',' 교보생명보험 앞','일일(비회원)','M','20대',3,562.93,5.07,21870,277
'2017-03','141',' 연대 대운동장 옆','일일(비회원)','M','20대',7,388.16,3.49,15080,208
'2017-03','266',' 영등포청과시장 사거리','일일(비회원)','M','20대',11,1024.45,9.23,39800,342
'2017-03','267',' 삼성화재 사옥 옆','일일(비회원)','M','20대',3,506.82,4.56,19690,142
'2017-03','268',' 그랜드컨벤션센터 앞','일일(비회원)','M','20대',1,220.08,1.98,8550,76
'2017-03','270',' 증권거래소후문교차로','일일(비회원)','M','20대',6,746.36,6.66,28710,300
'2017-03','271',' 샛강생태공원방문자센터 앞','일일(비회원)','M','20대',2,503.99,4.54,19580,134
'2017-03','272',' 당산육갑문','일일(비회원)','M','20대',24,6964.73,62.77,270580,1656
'2017-03','716','신정6동 주민센터 인근','일일(비회원)','M','20대',1,177.35,1.6,6890,58
'2017-03','139',' 연세대 정문 건너편','일일(비회원)','M','20대',6,647.87,5.84,25170,217
'2017-03','719',' 홍익병원앞 교차로','일일(비회원)','M','20대',2,448.05,3.83,16500,136
'2017-03','816',' 신용산역 6번출구 앞','일일(비회원)','M','20대',10,1051.18,9.42,40590,316
'2017-03','817',' 삼각지역 4번출구 앞','일일(비회원)','M','20대',4,687.06,6.09,26180,202
'2017-03','818',' 숙명여대 입구 교차로','일일(비회원)','M','20대',7,1038.87,9.37,40360,360
'2017-03','819',' 선린인터넷 고등학교','일일(비회원)','M','20대',6,865.9,7.8,33640,231
'2017-03','820',' 청파동입구 교차로','일일(비회원)','M','20대',1,37.32,0.34,1450,12
'2017-03','822',' 이촌1동 마을공원','일일(비회원)','M','20대',9,1740.18,14.07,60570,373
'2017-03','823',' 효창동주민센터 앞','일일(비회원)','M','20대',1,163.71,1.48,6360,79
'2017-03','825',' 서빙고동 주민센터 앞','일일(비회원)','M','20대',17,3107.33,28,120720,873
'2017-03','199',' 서울 월드컵 경기장','일일(비회원)','M','20대',22,3141.05,28.29,122030,1128
'2017-03','388',' 동성중학교 앞','일일(비회원)','M','20대',6,560.2,5.03,21680,244
'2017-03','584',' 광진광장 교통섬','일일(비회원)','M','20대',10,1094.71,9.86,42530,319
'2017-03','904',' 은평뉴타운 푸르지오','일일(비회원)','M','20대',1,55.47,0.47,2030,9
'2017-03','905',' 구파발역 2번출구','일일(비회원)','M','20대',2,125.5,1.1,4750,33
'2017-03','906',' 연신내역 5번출구150M 아래','일일(비회원)','M','20대',5,1102.7,9.94,42840,291
'2017-03','907',' CJ 드림시티','일일(비회원)','M','20대',9,1317.13,11.85,51170,392
'2017-03','908',' 구산역 4번출구','일일(비회원)','M','20대',2,223.68,2.02,8690,75
'2017-03','201',' 진미파라곤 앞','일일(비회원)','M','20대',9,1443.75,13.03,56090,579
'2017-03','912',' 응암오거리','일일(비회원)','M','20대',1,293.44,2.64,11400,51
'2017-03','913',' 이마트 은평점','일일(비회원)','M','20대',2,46.59,0.42,1810,10
'2017-03','914',' 새절역 2번출구','일일(비회원)','M','20대',8,1212.35,10.94,47100,448
'2017-03','915',' 증산역 4번출구','일일(비회원)','M','20대',6,714.04,6.43,27740,178
'2017-03','919',' 서울혁신파크','일일(비회원)','M','20대',1,55.86,0.5,2170,12
'2017-03','202',' 국민일보 앞','일일(비회원)','M','20대',17,2321.9,20.73,89350,721
'2017-03','923',' 국민은행 연서지점','일일(비회원)','M','20대',1,135.39,1.22,5260,51
'2017-03','926',' 불광역 8번출구','일일(비회원)','M','20대',3,159.08,1.43,6180,112
'2017-03','927',' 연신내역 3번출구 인근','일일(비회원)','M','20대',1,72.59,0.65,2820,22
'2017-03','930',' 구 서부경찰서 건너편','일일(비회원)','M','20대',1,374.52,3.38,14550,100
'2017-03','931',' 역촌파출소','일일(비회원)','M','20대',2,444.15,3.8,16360,107
'2017-03','932',' 예일여중','일일(비회원)','M','20대',6,1468.86,11.78,50780,290
'2017-03','587',' KEB하나은행 성수중앙지점','일일(비회원)','M','20대',3,209.01,1.88,8120,48
'2017-03','588',' 뚝섬 유원지역','일일(비회원)','M','20대',12,1684.02,15.05,64900,577
'2017-03','103',' 망원역 2번출구 앞','일일(비회원)','M','20대',10,1050.84,9.5,40890,262
'2017-03','204',' 국회의사당역 5번출구 옆','일일(비회원)','M','20대',2,199.74,1.8,7760,64
'2017-03','203',' 국회의사당역 3번출구 옆','일일(비회원)','M','20대',8,890.35,8.02,34590,357
'2017-03','205',' 산업은행 앞','일일(비회원)','M','20대',20,3713.54,33.61,144890,1071
'2017-03','206',' KBS 앞','일일(비회원)','M','20대',6,1159.84,10.47,45060,350
'2017-03','209',' 유진투자증권빌딩 앞','일일(비회원)','M','20대',12,2009.47,18.07,77900,607
'2017-03','210',' IFC몰','일일(비회원)','M','20대',14,1746.81,15.61,67320,654
'2017-03','211',' 여의도역 4번출구 옆','일일(비회원)','M','20대',28,3038.08,27.38,118030,1358
'2017-03','212',' 여의도역 1번출구 옆','일일(비회원)','M','20대',12,2023.15,18.23,78600,844
'2017-03','213',' KT앞','일일(비회원)','M','20대',5,653.29,5.88,25380,298
'2017-03','104',' 합정역 1번출구 앞','일일(비회원)','M','20대',11,1648.4,14.84,64040,553
'2017-03','214',' 금융감독원 앞','일일(비회원)','M','20대',6,1209.58,11.1,47810,377
'2017-03','218',' 증권거래소 앞','일일(비회원)','M','20대',4,410.56,3.71,15950,178
'2017-03','219',' 롯데캐슬엠파이어 옆','일일(비회원)','M','20대',2,272.84,2.46,10600,61
'2017-03','215',' 여의도고교 앞','일일(비회원)','M','20대',16,2972.03,25.26,108940,1060
'2017-03','216',' 삼부아파트1동 앞','일일(비회원)','M','20대',2,600,5.41,23310,124
'2017-03','217',' NH농협은행 앞','일일(비회원)','M','20대',4,284.43,2.55,11050,114
'2017-03','221',' 여의도초교 앞','일일(비회원)','M','20대',8,1169.3,10.43,44940,422
'2017-03','222',' 시범아파트버스정류장 옆','일일(비회원)','M','20대',9,1227.54,11.08,47690,412
'2017-03','223',' 진주아파트상가 앞','일일(비회원)','M','20대',9,2097.55,18.9,81490,501
'2017-03','105',' 합정역 5번출구 앞','일일(비회원)','M','20대',5,279.04,2.52,10840,104
'2017-03','224',' 롯데캐슬 앞','일일(비회원)','M','20대',4,907.07,8.18,35240,271
'2017-03','225',' 앙카라공원 앞','일일(비회원)','M','20대',6,1007.72,9.08,39150,343
'2017-03','226',' 샛강역 1번출구 앞','일일(비회원)','M','20대',2,181.47,1.63,7050,56
'2017-03','207',' 여의나루역 1번출구 앞','일일(비회원)','M','20대',172,29193.59,261.68,1127800,10724
'2017-03','402',' 상암월드컵파크 9단지 앞','일일(비회원)','M','20대',2,415.96,3.75,16160,175
'2017-03','403',' 부엉이공원 앞','일일(비회원)','M','20대',1,56.37,0.51,2190,54
'2017-03','106',' 합정역 7번출구 앞','일일(비회원)','M','20대',29,3411.33,30.76,132530,1160
'2017-03','406',' 상암월드컵파크 7단지 앞','일일(비회원)','M','20대',1,146.2,1.32,5680,42
'2017-03','421',' 마포구청 앞','일일(비회원)','M','20대',5,899.87,8.11,34960,390
'2017-03','420',' 서울시 공공자전거 상암센터','일일(비회원)','M','20대',11,1264.86,11.41,49140,485
'2017-03','409',' 누리꿈스퀘어 옆','일일(비회원)','M','20대',5,590.21,5.31,22930,279
'2017-03','419',' 홈플러스 앞','일일(비회원)','M','20대',35,5388.4,48.51,209100,1921
'2017-03','410',' 상암중학교 옆','일일(비회원)','M','20대',1,22.39,0.2,870,5
'2017-03','418',' 월드컵경기장역 3번출구 옆','일일(비회원)','M','20대',12,1824.7,16.44,70890,626
'2017-03','107',' 신한은행 서교동금융센터점 앞','일일(비회원)','M','20대',6,830.73,7.44,32080,209
'2017-03','411',' DMC홍보관','일일(비회원)','M','20대',2,392.02,3.53,15230,128
'2017-03','412',' DMC산학협력연구센터 앞','일일(비회원)','M','20대',4,527.41,4.76,20490,244
'2017-03','413',' 상암월드컵파크 3단지 후문','일일(비회원)','M','20대',2,183.01,1.65,7110,64
'2017-03','417',' DMC역 2번출구 옆','일일(비회원)','M','20대',7,1222.4,11.03,47490,404
'2017-03','415',' DMC역 9번출구 앞','일일(비회원)','M','20대',2,155.98,1.41,6060,68
'2017-03','500',' 어린이대공원역 3번출구 앞','일일(비회원)','M','20대',17,2188.4,19.73,85020,713
'2017-03','501',' 광진구의회 앞','일일(비회원)','M','20대',13,2225.22,20.05,86450,772
'2017-03','502',' 뚝섬유원지역 1번출구 앞','일일(비회원)','M','20대',110,18028.2,161.92,697820,6605
'2017-03','108',' 서교동 사거리','일일(비회원)','M','30대',3,422.65,3.81,16420,100
'2017-03','504',' 신자초교입구교차로','일일(비회원)','M','30대',2,204.63,1.84,7950,80
'2017-03','505',' 자양사거리 광진아크로텔 앞','일일(비회원)','M','30대',2,183.27,1.65,7120,67
'2017-03','509',' 이마트 버스정류소 옆','일일(비회원)','M','30대',2,313.52,2.83,12180,121
'2017-03','510',' 서울숲 남문 버스정류소 옆','일일(비회원)','M','30대',7,1062.02,9.56,41260,412
'2017-03','511',' 서울숲역 4번 출구 옆','일일(비회원)','M','30대',7,1099.09,9.91,42700,414
'2017-03','512',' 뚝섬역 1번 출구 옆','일일(비회원)','M','30대',1,148.26,1.34,5760,33
'2017-03','109',' 제일빌딩 앞','일일(비회원)','M','30대',3,270.79,2.44,10520,76
'2017-03','513',' 뚝섬역 5번 출구 정류소 옆','일일(비회원)','M','30대',1,204.89,1.85,7960,111
'2017-03','514',' 성수사거리 버스정류장 앞','일일(비회원)','M','30대',1,310.68,2.8,12070,63
'2017-03','516',' 광진메디칼 앞','일일(비회원)','M','30대',1,106.05,0.96,4120,32
'2017-03','301',' 경복궁역 7번출구 앞','일일(비회원)','M','30대',1,30.63,0.28,1190,7
'2017-03','303',' 광화문역 1번출구 앞','일일(비회원)','M','30대',1,81.85,0.74,3180,17
'2017-03','307',' 서울역사박물관 앞','일일(비회원)','M','30대',4,775.43,6.66,28750,182
'2017-03','308',' 광화문 S타워 앞','일일(비회원)','M','30대',2,221.62,2,8610,77
'2017-03','309',' 광화문역 6번출구 옆','일일(비회원)','M','30대',3,289.29,2.38,10240,102
'2017-03','311',' 서울광장 옆','일일(비회원)','M','30대',1,45.94,0.34,1450,9
'2017-03','313',' 서울역 광장 파출소 옆','일일(비회원)','M','30대',1,40.41,0.36,1570,16
'2017-03','110',' 사천교','일일(비회원)','M','30대',1,248.65,2.24,9660,48
'2017-03','314',' 국립현대미술관','일일(비회원)','M','30대',1,63.32,0.57,2460,11
'2017-03','315',' 신한은행 안국역지점 옆','일일(비회원)','M','30대',1,56.89,0.51,2210,16
'2017-03','316',' 종각역 1번출구 앞','일일(비회원)','M','30대',2,61.01,0.55,2370,19
'2017-03','318',' 광교사거리 남측','일일(비회원)','M','30대',1,103.22,0.93,4010,47
'2017-03','320',' 을지로입구역 4번출구 앞','일일(비회원)','M','30대',1,118.15,1.06,4590,44
'2017-03','116',' 일진아이윌아파트 옆','일일(비회원)','M','30대',1,333.33,3,12950,172
'2017-03','324',' 신세계백화점 본점 앞','일일(비회원)','M','30대',1,42.99,0.39,1670,15
'2017-03','326',' 안국역 5번출구 앞','일일(비회원)','M','30대',1,55.86,0.5,2170,13
'2017-03','328',' 탑골공원 앞','일일(비회원)','M','30대',1,68.98,0.62,2680,24
'2017-03','329',' 청계2가 사거리 옆','일일(비회원)','M','30대',2,412.4,3.4,14640,91
'2017-03','331',' 을지로2가 사거리 북측','일일(비회원)','M','30대',1,69.5,0.63,2700,14
'2017-03','111',' 상수역 2번출구 앞','일일(비회원)','M','30대',3,404.89,3.64,15730,144
'2017-03','334',' 종로3가역 2번출구 뒤','일일(비회원)','M','30대',1,51.99,0.47,2020,13
'2017-03','335',' 종로3가역 15번출구 앞','일일(비회원)','M','30대',1,84.43,0.76,3280,40
'2017-03','337',' 창경궁 입구','일일(비회원)','M','30대',2,103.73,0.93,4030,59
'2017-03','341',' 혜화역 3번출구 뒤','일일(비회원)','M','30대',2,297.56,2.69,11560,91
'2017-03','342',' 대학로 마로니에공원','일일(비회원)','M','30대',2,129.22,1.16,5020,37
'2017-03','344',' 성균관대 E하우스 앞','일일(비회원)','M','30대',1,25.48,0.23,990,9
'2017-03','345',' 서울보증보험본사 앞','일일(비회원)','M','30대',1,62.81,0.57,2440,22
'2017-03','346',' 맥스타일 앞','일일(비회원)','M','30대',3,101.42,0.92,3940,26
'2017-03','353',' 재동초교 앞 삼거리','일일(비회원)','M','30대',1,73.87,0.67,2870,23
'2017-03','117',' 홍은사거리','일일(비회원)','M','30대',1,73.62,0.66,2860,25
'2017-03','354',' 포르투갈 대사관 앞','일일(비회원)','M','30대',1,64.61,0.58,2510,30
'2017-03','358',' 성대입구 사거리','일일(비회원)','M','30대',1,133.85,1.21,5200,57
'2017-03','359',' 원남동사거리','일일(비회원)','M','30대',1,23.94,0.22,930,9
'2017-03','361',' 동묘앞역 1번출구 뒤','일일(비회원)','M','30대',1,107.08,0.97,4160,34
'2017-03','362',' 청계8가 사거리','일일(비회원)','M','30대',1,23.17,0.21,900,12
'2017-03','364',' 창신역 1번출구 앞','일일(비회원)','M','30대',3,259.97,2.34,10100,114
'2017-03','113',' 홍대입구역 2번출구 앞','일일(비회원)','M','30대',1,88.8,0.8,3450,28
'2017-03','367',' 독립문역 3-1번출구 ','일일(비회원)','M','30대',1,479.02,4.32,18610,141
'2017-03','368',' SK 서린빌딩 앞','일일(비회원)','M','30대',1,158.91,1.06,4560,34
'2017-03','369',' 광화문 시민열린마당','일일(비회원)','M','30대',2,37.58,0.34,1460,12
'2017-03','371',' 동대입구역 6번출구 뒤','일일(비회원)','M','30대',1,55.44,0.41,1750,14
'2017-03','118',' 광흥창역 2번출구 앞','일일(비회원)','M','30대',2,337.61,2.42,10420,225
'2017-03','377',' 서울역 4번출구 앞','일일(비회원)','M','30대',1,231.4,2.09,8990,69
'2017-03','379',' 서울역9번출구','일일(비회원)','M','30대',1,105.06,0.88,3790,25
'2017-03','114',' 홍대입구역 8번출구 앞','일일(비회원)','M','30대',2,272.08,2.45,10570,64
'2017-03','144',' 공덕역 8번출구','일일(비회원)','M','30대',1,56.11,0.51,2180,51
'2017-03','145',' 공덕역 5번출구','일일(비회원)','M','30대',3,259.2,2.34,10070,116
'2017-03','147',' 마포역 4번출구 뒤','일일(비회원)','M','30대',5,604.11,5.44,23470,134
'2017-03','148',' 용강동 주민센터 앞','일일(비회원)','M','30대',2,386.93,3.34,14390,105
'2017-03','150',' 서강대역 2번출구 앞','일일(비회원)','M','30대',1,48.91,0.44,1900,12
'2017-03','151',' 망원1동주민센터','일일(비회원)','M','30대',1,124.07,1.12,4820,42
'2017-03','152',' 마포구민체육센터 앞','일일(비회원)','M','30대',6,1503.98,13.57,58430,418
'2017-03','119',' 서강나루 공원','일일(비회원)','M','30대',1,116.34,1.05,4520,52
'2017-03','153',' 성산2교 사거리','일일(비회원)','M','30대',3,404.89,3.65,15730,97
'2017-03','154',' 마포구청역 ','일일(비회원)','M','30대',4,662.8,5.98,25750,159
'2017-03','156',' 서울서부지방법원 앞','일일(비회원)','M','30대',4,346.72,3.12,13470,104
'2017-03','159',' 이대역 4번 출구','일일(비회원)','M','30대',2,248.13,2.24,9640,70
'2017-03','160',' 북아현동 가구거리','일일(비회원)','M','30대',3,285.32,2.56,11000,64
'2017-03','161',' 무악재역1번 출구','일일(비회원)','M','30대',1,62.29,0.56,2420,39
'2017-03','120',' 신수동 사거리','일일(비회원)','M','30대',1,106.31,0.96,4130,28
'2017-03','163',' 명지전문대학교 정문 앞','일일(비회원)','M','30대',1,359.33,3.24,13960,105
'2017-03','166',' 가재울 초등학교','일일(비회원)','M','30대',5,884.68,7.97,34370,331
'2017-03','167',' 연가초등학교 옆','일일(비회원)','M','30대',1,62.81,0.57,2440,30
'2017-03','169',' 북가좌 삼거리','일일(비회원)','M','30대',2,269.5,2.43,10470,79
'2017-03','170',' 가재울 뉴타운 주유소 옆','일일(비회원)','M','30대',1,49.16,0.44,1910,52
'2017-03','171',' 임광빌딩 앞','일일(비회원)','M','30대',1,72.59,0.65,2820,50
'2017-03','180',' 충정로역 7번출구 뒤','일일(비회원)','M','30대',1,40.41,0.36,1570,9
'2017-03','518',' 청계천 박물관 앞','일일(비회원)','M','30대',1,61.26,0.55,2380,23
'2017-03','522',' 금호역 1번출구 앞','일일(비회원)','M','30대',1,37.07,0.33,1440,20
'2017-03','525',' 한양대병원사거리','일일(비회원)','M','30대',2,432.69,3.9,16810,84
'2017-03','529',' 장한평역 8번 출구 앞','일일(비회원)','M','30대',2,241.44,2.17,9380,68
'2017-03','537',' 한양대후문역 부근','일일(비회원)','M','30대',1,109.4,0.99,4250,26
'2017-03','550',' 서울시설공단 앞','일일(비회원)','M','30대',3,252.99,2.28,9820,103
'2017-03','539',' 군자교교차로','일일(비회원)','M','30대',2,486.75,4.39,18910,145
'2017-03','542',' 강변역 4번출구 뒤','일일(비회원)','M','30대',1,208.24,1.88,8090,48
'2017-03','546',' 잠실대교북단 교차로','일일(비회원)','M','30대',1,193.07,1.66,7170,39
'2017-03','602',' 장안동 사거리','일일(비회원)','M','30대',1,103.22,0.93,4010,32
'2017-03','607',' 신이문역 2번출구','일일(비회원)','M','30대',1,331.27,2.99,12870,87
'2017-03','613',' 신설동역 10번출구 앞','일일(비회원)','M','30대',1,124.32,1.12,4830,44
'2017-03','227',' 양평2나들목 보행통로 입구','일일(비회원)','M','30대',3,361.65,3.26,14050,145
'2017-03','228',' 선유도역 3번출구 앞','일일(비회원)','M','30대',2,338.74,3.05,13160,77
'2017-03','231',' 남부고용노동지청 남측','일일(비회원)','M','30대',1,107.4,0.79,3390,28
'2017-03','232',' 양평우림 이비즈센타 앞','일일(비회원)','M','30대',2,382.54,3.4,14640,72
'2017-03','237',' 보라매 두산위브 건너편','일일(비회원)','M','30대',2,468.72,4.22,18210,89
'2017-03','238',' 제2구민체육센타 앞','일일(비회원)','M','30대',1,170.91,1.54,6640,57
'2017-03','239',' 유스호스텔 앞','일일(비회원)','M','30대',1,430.12,3.88,16710,110
'2017-03','240',' 문래역 4번출구 앞','일일(비회원)','M','30대',1,88.03,0.79,3420,37
'2017-03','244',' 영등포삼환아파트 앞','일일(비회원)','M','30대',2,330.25,2.98,12830,154
'2017-03','247',' 당산역 10번출구 앞','일일(비회원)','M','30대',3,620.59,5.6,24110,176
'2017-03','248',' 초원아파트 앞','일일(비회원)','M','30대',4,712.22,6.42,27670,250
'2017-03','249',' 여의도중학교 옆','일일(비회원)','M','30대',1,95.24,0.86,3700,75
'2017-03','251',' 서울지방병무청 버스정류장','일일(비회원)','M','30대',1,248.77,2.43,10470,76
'2017-03','128',' 신촌역(2호선) 1번출구 옆','일일(비회원)','M','30대',1,137.19,1.24,5330,39
'2017-03','252',' 보라매역4번출구','일일(비회원)','M','30대',1,208.24,1.88,8090,70
'2017-03','257',' 신길삼거리(우리은행)','일일(비회원)','M','30대',2,321.75,2.9,12500,85
'2017-03','258',' 신길역3번출구','일일(비회원)','M','30대',2,336.68,3.04,13080,104
'2017-03','259',' 대방역6번출구','일일(비회원)','M','30대',2,268.47,2.42,10430,111
'2017-03','700',' KB국민은행 염창역 지점 앞','일일(비회원)','M','30대',1,751.61,6.77,29200,189
'2017-03','701',' 목동사거리 부근','일일(비회원)','M','30대',2,585.61,5.22,22500,259
'2017-03','129',' 신촌역(2호선) 6번출구 옆','일일(비회원)','M','30대',1,56.11,0.51,2180,9
'2017-03','703',' 오목교역 7번출구 앞','일일(비회원)','M','30대',2,286.62,2.4,10360,74
'2017-03','708',' 서울출입국관리사무소 앞','일일(비회원)','M','30대',2,205.92,1.85,8000,116
'2017-03','712',' 강월초교입구 사거리','일일(비회원)','M','30대',2,181.21,1.63,7040,118
'2017-03','713',' 양서중학교 옆','일일(비회원)','M','30대',1,68.73,0.62,2670,102
'2017-03','800',' 목월공원 앞','일일(비회원)','M','30대',1,169.63,1.53,6590,66
'2017-03','807',' 서울역 12번 출구 앞','일일(비회원)','M','30대',1,130.5,1.18,5070,52
'2017-03','808',' 서빙고동 금호맨션 앞','일일(비회원)','M','30대',1,191.76,1.73,7450,42
'2017-03','131',' 증산2교','일일(비회원)','M','30대',1,171.94,1.55,6680,30
'2017-03','809',' 한남 유수지 복개주차장','일일(비회원)','M','30대',1,193.82,1.75,7530,49
'2017-03','811',' 녹사평역1번출구','일일(비회원)','M','30대',4,579.41,5.23,22510,200
'2017-03','812',' 용산전쟁기념관','일일(비회원)','M','30대',1,22.14,0.2,860,10
'2017-03','815',' LIG강촌아파트 103동앞','일일(비회원)','M','30대',1,183.53,1.65,7130,60
'2017-03','385',' 종각역 5번출구','일일(비회원)','M','30대',2,307.33,2.77,11940,72
'2017-03','181',' 망원초록길 입구','일일(비회원)','M','30대',1,175.55,1.58,6820,46
'2017-03','182',' 망원2빗물펌프장 앞','일일(비회원)','M','30대',4,724.06,6.53,28130,151
'2017-03','184',' SK망원동주유소 건너편','일일(비회원)','M','30대',1,142.86,1.12,4810,20
'2017-03','186',' 월드컵공원','일일(비회원)','M','30대',18,1880.52,16.92,72920,1032
'2017-03','192',' 연서어린이공원','일일(비회원)','M','30대',1,354.82,2.6,11200,58
'2017-03','178',' 증산3교 앞','일일(비회원)','M','30대',2,229.35,2.06,8910,57
'2017-03','133',' 해담는다리','일일(비회원)','M','30대',1,64.86,0.58,2520,28
'2017-03','194',' 증산교 앞','일일(비회원)','M','30대',1,189.19,1.71,7350,86
'2017-03','195',' 모래내고가차도 ','일일(비회원)','M','30대',1,30.12,0.27,1170,6
'2017-03','198',' 충정2교','일일(비회원)','M','30대',1,20.24,0.17,730,4
'2017-03','561',' 서울숲역 2번출구 앞','일일(비회원)','M','30대',7,1131.41,10.13,43670,449
'2017-03','562',' 군자지하보도 앞','일일(비회원)','M','30대',1,892.66,8.05,34680,422
'2017-03','563',' 성동세무서 건너편','일일(비회원)','M','30대',2,514.82,4.3,18540,92
'2017-03','565',' 옥수역 3번출구','일일(비회원)','M','30대',5,861.26,7.76,33460,252
'2017-03','135',' 명물길 원형무대 앞','일일(비회원)','M','30대',2,81.6,0.74,3170,85
'2017-03','579',' 마장역 4번출구','일일(비회원)','M','30대',1,31.66,0.29,1230,9
'2017-03','583',' 청계천 생태교실 앞','일일(비회원)','M','30대',1,114.8,1.03,4460,36
'2017-03','551',' 구의삼성쉐르빌 앞','일일(비회원)','M','30대',1,185.59,1.67,7210,39
'2017-03','553',' 중곡 성원APT 앞','일일(비회원)','M','30대',1,88.29,0.8,3430,14
'2017-03','555',' 구의3동주민센터','일일(비회원)','M','30대',2,133.07,1.2,5170,39
'2017-03','571',' 어린이대공원역6번출구','일일(비회원)','M','30대',2,220.07,1.98,8550,66
'2017-03','572',' 국립정신 건강센터 앞','일일(비회원)','M','30대',1,335.39,3.02,13030,57
'2017-03','626',' 군자교 서측 녹지대','일일(비회원)','M','30대',1,205.15,1.85,7970,44
'2017-03','102',' 망원역 1번출구 앞','일일(비회원)','M','30대',5,771.17,6.99,30100,184
'2017-03','634',' 외국어대 정문 앞','일일(비회원)','M','30대',2,295.5,2.66,11480,75
'2017-03','643',' 동대문구민체육센터 (육교아래)','일일(비회원)','M','30대',2,181.94,1.61,6930,39
'2017-03','230',' 영등포구청역 1번출구','일일(비회원)','M','30대',3,639.18,5.6,24130,222
'2017-03','262',' 영문초등학교 사거리','일일(비회원)','M','30대',2,212.87,1.92,8270,90
'2017-03','263',' 근로자회관 사거리','일일(비회원)','M','30대',1,50.19,0.45,1950,22
'2017-03','141',' 연대 대운동장 옆','일일(비회원)','M','30대',1,314.8,2.84,12230,53
'2017-03','266',' 영등포청과시장 사거리','일일(비회원)','M','30대',2,494.72,4.46,19220,156
'2017-03','268',' 그랜드컨벤션센터 앞','일일(비회원)','M','30대',2,383.52,3.46,14900,99
'2017-03','272',' 당산육갑문','일일(비회원)','M','30대',3,499.36,4.5,19400,141
'2017-03','816',' 신용산역 6번출구 앞','일일(비회원)','M','30대',1,276.71,2.49,10750,138
'2017-03','818',' 숙명여대 입구 교차로','일일(비회원)','M','30대',3,295.5,2.66,11480,211
'2017-03','820',' 청파동입구 교차로','일일(비회원)','M','30대',1,99.87,0.9,3880,30
'2017-03','822',' 이촌1동 마을공원','일일(비회원)','M','30대',3,361.39,3.26,14040,138
'2017-03','825',' 서빙고동 주민센터 앞','일일(비회원)','M','30대',4,722.52,6.51,28070,171
'2017-03','199',' 서울 월드컵 경기장','일일(비회원)','M','30대',2,411.07,3.7,15970,104
'2017-03','585',' 성수2가1동 공영주차장 인근','일일(비회원)','M','30대',1,104.25,0.94,4050,25
'2017-03','904',' 은평뉴타운 푸르지오','일일(비회원)','M','30대',1,94.72,0.85,3680,51
'2017-03','905',' 구파발역 2번출구','일일(비회원)','M','30대',3,153.67,1.39,5970,39
'2017-03','906',' 연신내역 5번출구150M 아래','일일(비회원)','M','30대',4,677.73,6.11,26330,202
'2017-03','907',' CJ 드림시티','일일(비회원)','M','30대',1,31.15,0.28,1210,12
'2017-03','911',' 은평평화공원(역촌역4번출구)','일일(비회원)','M','30대',2,197.43,1.78,7670,100
'2017-03','201',' 진미파라곤 앞','일일(비회원)','M','30대',1,95.5,0.86,3710,61
'2017-03','913',' 이마트 은평점','일일(비회원)','M','30대',1,152.38,1.37,5920,38
'2017-03','914',' 새절역 2번출구','일일(비회원)','M','30대',3,728.7,6.57,28310,192
'2017-03','916',' 평생학습관 앞','일일(비회원)','M','30대',1,253.28,2.28,9840,48
'2017-03','921',' 신도고등학교','일일(비회원)','M','30대',1,21.88,0.2,850,23
'2017-03','202',' 국민일보 앞','일일(비회원)','M','30대',5,717.22,6.44,27790,274
'2017-03','922',' 연신내역 4번출구','일일(비회원)','M','30대',1,170.4,1.54,6620,40
'2017-03','924',' 메뚜기다리','일일(비회원)','M','30대',1,51.22,0.46,1990,22
'2017-03','926',' 불광역 8번출구','일일(비회원)','M','30대',1,184.56,1.66,7170,134
'2017-03','930',' 구 서부경찰서 건너편','일일(비회원)','M','30대',1,20.08,0.18,780,33
'2017-03','931',' 역촌파출소','일일(비회원)','M','30대',1,134.36,1.21,5220,33
'2017-03','588',' 뚝섬 유원지역','일일(비회원)','M','30대',3,411.33,3.7,15980,148
'2017-03','103',' 망원역 2번출구 앞','일일(비회원)','M','30대',2,347.72,2.94,12680,59
'2017-03','204',' 국회의사당역 5번출구 옆','일일(비회원)','M','30대',5,1036.33,9.23,39770,215
'2017-03','203',' 국회의사당역 3번출구 옆','일일(비회원)','M','30대',2,288.8,2.61,11220,86
'2017-03','205',' 산업은행 앞','일일(비회원)','M','30대',6,1017.43,8.94,38560,328
'2017-03','206',' KBS 앞','일일(비회원)','M','30대',4,1159.53,10.02,43220,263
'2017-03','209',' 유진투자증권빌딩 앞','일일(비회원)','M','30대',2,398.46,3.59,15480,135
'2017-03','210',' IFC몰','일일(비회원)','M','30대',2,183.27,1.65,7120,56
'2017-03','211',' 여의도역 4번출구 옆','일일(비회원)','M','30대',7,835.27,7.53,32450,320
'2017-03','212',' 여의도역 1번출구 옆','일일(비회원)','M','30대',8,976.06,8.8,37920,361
'2017-03','213',' KT앞','일일(비회원)','M','30대',8,871.06,7.86,33840,211
'2017-03','104',' 합정역 1번출구 앞','일일(비회원)','M','30대',1,286.74,2.58,11140,52
'2017-03','214',' 금융감독원 앞','일일(비회원)','M','30대',8,1028.58,9.27,39960,382
'2017-03','219',' 롯데캐슬엠파이어 옆','일일(비회원)','M','30대',1,22.65,0.2,880,5
'2017-03','215',' 여의도고교 앞','일일(비회원)','M','30대',3,226,2.04,8780,89
'2017-03','216',' 삼부아파트1동 앞','일일(비회원)','M','30대',1,36.81,0.33,1430,48
'2017-03','217',' NH농협은행 앞','일일(비회원)','M','30대',2,123.81,1.11,4810,36
'2017-03','221',' 여의도초교 앞','일일(비회원)','M','30대',7,869.5,7.83,33780,289
'2017-03','222',' 시범아파트버스정류장 옆','일일(비회원)','M','30대',3,564.46,4.95,21350,264
'2017-03','223',' 진주아파트상가 앞','일일(비회원)','M','30대',4,331.79,2.98,12890,115
'2017-03','105',' 합정역 5번출구 앞','일일(비회원)','M','30대',1,20.59,0.19,800,14
'2017-03','224',' 롯데캐슬 앞','일일(비회원)','M','30대',2,338.22,3.05,13140,128
'2017-03','225',' 앙카라공원 앞','일일(비회원)','M','30대',2,575.55,5.19,22360,147
'2017-03','226',' 샛강역 1번출구 앞','일일(비회원)','M','30대',2,285.71,2.41,10400,54
'2017-03','207',' 여의나루역 1번출구 앞','일일(비회원)','M','30대',17,2712.45,24.41,105200,938
'2017-03','106',' 합정역 7번출구 앞','일일(비회원)','M','30대',1,272.84,2.46,10600,74
'2017-03','406',' 상암월드컵파크 7단지 앞','일일(비회원)','M','30대',1,272.07,2.45,10570,57
'2017-03','421',' 마포구청 앞','일일(비회원)','M','30대',3,413.38,3.73,16060,138
'2017-03','420',' 서울시 공공자전거 상암센터','일일(비회원)','M','30대',5,693.96,6.26,26960,262
'2017-03','409',' 누리꿈스퀘어 옆','일일(비회원)','M','30대',2,97.81,0.88,3800,44
'2017-03','419',' 홈플러스 앞','일일(비회원)','M','30대',3,917.89,8.26,35660,243
'2017-03','418',' 월드컵경기장역 3번출구 옆','일일(비회원)','M','30대',3,379.15,3.41,14730,130
'2017-03','107',' 신한은행 서교동금융센터점 앞','일일(비회원)','M','30대',1,26.77,0.24,1040,5
'2017-03','411',' DMC홍보관','일일(비회원)','M','30대',1,92.41,0.83,3590,19
'2017-03','415',' DMC역 9번출구 앞','일일(비회원)','M','30대',1,0,0,0,2
'2017-03','500',' 어린이대공원역 3번출구 앞','일일(비회원)','M','30대',2,240.93,2.17,9360,68
'2017-03','501',' 광진구의회 앞','일일(비회원)','M','30대',1,153.67,1.39,5970,87
'2017-03','502',' 뚝섬유원지역 1번출구 앞','일일(비회원)','M','30대',8,836.04,7.54,32480,403
'2017-03','510',' 서울숲 남문 버스정류소 옆','일일(비회원)','M','40대',1,89.58,0.81,3480,40
'2017-03','511',' 서울숲역 4번 출구 옆','일일(비회원)','M','40대',5,688.03,6.19,26730,287
'2017-03','513',' 뚝섬역 5번 출구 정류소 옆','일일(비회원)','M','40대',1,186.62,1.68,7250,53
'2017-03','515',' 광양중학교 앞','일일(비회원)','M','40대',1,69.5,0.63,2700,44
'2017-03','300',' 정동사거리','일일(비회원)','M','40대',3,494.54,4.66,20080,218
'2017-03','302',' 경복궁역 4번출구 뒤','일일(비회원)','M','40대',1,69.78,0.61,2630,38
'2017-03','304',' 광화문역 2번출구 앞','일일(비회원)','M','40대',1,85.71,0.77,3330,22
'2017-03','308',' 광화문 S타워 앞','일일(비회원)','M','40대',1,14.16,0.13,550,5
'2017-03','311',' 서울광장 옆','일일(비회원)','M','40대',1,138.48,1.25,5380,29
'2017-03','312',' 시청역 1번출구 뒤','일일(비회원)','M','40대',1,54.05,0.49,2100,21
'2017-03','315',' 신한은행 안국역지점 옆','일일(비회원)','M','40대',1,52.27,0.46,1970,46
'2017-03','316',' 종각역 1번출구 앞','일일(비회원)','M','40대',1,70.53,0.64,2740,27
'2017-03','318',' 광교사거리 남측','일일(비회원)','M','40대',1,81.08,0.73,3150,13
'2017-03','320',' 을지로입구역 4번출구 앞','일일(비회원)','M','40대',1,42.47,0.38,1650,10
'2017-03','337',' 창경궁 입구','일일(비회원)','M','40대',1,0,0,0,10
'2017-03','338',' 세운스퀘어 앞','일일(비회원)','M','40대',1,79.02,0.71,3070,59
'2017-03','339',' 종로4가 사거리','일일(비회원)','M','40대',1,148.26,1.34,5760,57
'2017-03','340',' 혜화동 로터리','일일(비회원)','M','40대',1,95.75,0.86,3720,24
'2017-03','346',' 맥스타일 앞','일일(비회원)','M','40대',1,112.74,1.02,4380,43
'2017-03','351',' 청운초교 앞 삼거리','일일(비회원)','M','40대',3,345.1,3.05,13170,188
'2017-03','353',' 재동초교 앞 삼거리','일일(비회원)','M','40대',1,63.58,0.57,2470,13
'2017-03','113',' 홍대입구역 2번출구 앞','일일(비회원)','M','40대',1,176.06,1.59,6840,67
'2017-03','367',' 독립문역 3-1번출구 ','일일(비회원)','M','40대',1,130.24,1.17,5060,52
'2017-03','369',' 광화문 시민열린마당','일일(비회원)','M','40대',1,60.23,0.54,2340,83
'2017-03','371',' 동대입구역 6번출구 뒤','일일(비회원)','M','40대',1,108.88,0.98,4230,48
'2017-03','118',' 광흥창역 2번출구 앞','일일(비회원)','M','40대',1,151.87,1.37,5900,54
'2017-03','377',' 서울역 4번출구 앞','일일(비회원)','M','40대',1,217.5,1.96,8450,48
'2017-03','378',' 청계7가 사거리','일일(비회원)','M','40대',1,71.56,0.64,2780,21
'2017-03','379',' 서울역9번출구','일일(비회원)','M','40대',1,176.32,1.59,6850,55
'2017-03','148',' 용강동 주민센터 앞','일일(비회원)','M','40대',1,245.3,2.21,9530,47
'2017-03','150',' 서강대역 2번출구 앞','일일(비회원)','M','40대',1,98.33,0.89,3820,32
'2017-03','153',' 성산2교 사거리','일일(비회원)','M','40대',2,508.37,4.58,19750,127
'2017-03','165',' 중앙근린공원','일일(비회원)','M','40대',4,443.5,3.99,17230,210
'2017-03','168',' 남가좌동 사거리','일일(비회원)','M','40대',1,45.82,0.41,1780,15
'2017-03','170',' 가재울 뉴타운 주유소 옆','일일(비회원)','M','40대',3,608.5,5.49,23640,136
'2017-03','175',' 홍연2교옆','일일(비회원)','M','40대',3,432.9,3.25,14010,74
'2017-03','518',' 청계천 박물관 앞','일일(비회원)','M','40대',1,65.12,0.59,2530,38
'2017-03','519',' 양지사거리','일일(비회원)','M','40대',1,76.03,0.59,2560,40
'2017-03','533',' 우리은행 금호동 지점 앞','일일(비회원)','M','40대',2,433.46,3.91,16840,87
'2017-03','536',' 행당역 2번출구 앞','일일(비회원)','M','40대',1,48.91,0.44,1900,34
'2017-03','542',' 강변역 4번출구 뒤','일일(비회원)','M','40대',1,164.22,1.48,6380,47
'2017-03','543',' 구의공원(테크노마트 앞)','일일(비회원)','M','40대',1,105.28,0.95,4090,62
'2017-03','544',' 광남중학교','일일(비회원)','M','40대',5,615.96,5.55,23930,219
'2017-03','124',' 서강대 정문 건너편','일일(비회원)','M','40대',4,195.88,1.76,7610,125
'2017-03','602',' 장안동 사거리','일일(비회원)','M','40대',1,69.76,0.63,2710,36
'2017-03','606',' 휘경공고앞','일일(비회원)','M','40대',1,50.19,0.45,1950,27
'2017-03','614',' 용두동 사거리','일일(비회원)','M','40대',1,210.55,1.9,8180,43
'2017-03','615',' 용두동 레미안허브리츠아파트 앞','일일(비회원)','M','40대',1,154.18,1.39,5990,38
'2017-03','228',' 선유도역 3번출구 앞','일일(비회원)','M','40대',1,240.67,2.17,9350,105
'2017-03','232',' 양평우림 이비즈센타 앞','일일(비회원)','M','40대',1,373.74,3.37,14520,131
'2017-03','238',' 제2구민체육센타 앞','일일(비회원)','M','40대',1,149.03,1.34,5790,47
'2017-03','247',' 당산역 10번출구 앞','일일(비회원)','M','40대',1,231.92,2.09,9010,40
'2017-03','248',' 초원아파트 앞','일일(비회원)','M','40대',1,120.98,1.09,4700,48
'2017-03','249',' 여의도중학교 옆','일일(비회원)','M','40대',2,275.94,2.49,10720,101
'2017-03','256',' 동아에코빌입구','일일(비회원)','M','40대',1,107.59,0.97,4180,51
'2017-03','700',' KB국민은행 염창역 지점 앞','일일(비회원)','M','40대',1,16.73,0.15,650,9
'2017-03','708',' 서울출입국관리사무소 앞','일일(비회원)','M','40대',1,140.28,1.26,5450,40
'2017-03','130',' 신촌역(2호선) 7번출구 앞','일일(비회원)','M','40대',1,14.16,0.13,550,8
'2017-03','806',' 전자랜드 본관 앞','일일(비회원)','M','40대',1,161.9,1.46,6290,54
'2017-03','131',' 증산2교','일일(비회원)','M','40대',2,330.56,2.58,11130,74
'2017-03','811',' 녹사평역1번출구','일일(비회원)','M','40대',1,85.97,0.77,3340,28
'2017-03','813',' 삼각지역 3번출구','일일(비회원)','M','40대',1,257.91,2.32,10020,91
'2017-03','815',' LIG강촌아파트 103동앞','일일(비회원)','M','40대',1,343.11,3.09,13330,87
'2017-03','385',' 종각역 5번출구','일일(비회원)','M','40대',1,59.7,0.52,2250,18
'2017-03','387',' 훈련원공원주차장 앞','일일(비회원)','M','40대',1,139.25,1.26,5410,28
'2017-03','186',' 월드컵공원','일일(비회원)','M','40대',30,4686.72,40.92,176340,1638
'2017-03','177',' 북가좌 초등학교','일일(비회원)','M','40대',1,90.6,0.82,3520,15
'2017-03','557',' 도선동 주민센터 앞','일일(비회원)','M','40대',1,69.76,0.63,2710,22
'2017-03','559',' 왕십리역 4번 출구 건너편','일일(비회원)','M','40대',1,111.45,1,4330,84
'2017-03','565',' 옥수역 3번출구','일일(비회원)','M','40대',1,386.1,3.77,16250,85
'2017-03','568',' 청계8가사거리 부근','일일(비회원)','M','40대',1,56.37,0.51,2190,18
'2017-03','583',' 청계천 생태교실 앞','일일(비회원)','M','40대',2,392.02,3.54,15230,86
'2017-03','553',' 중곡 성원APT 앞','일일(비회원)','M','40대',1,110.42,1,4290,50
'2017-03','571',' 어린이대공원역6번출구','일일(비회원)','M','40대',1,18.81,0.22,950,9
'2017-03','573',' 구의문주차장 앞','일일(비회원)','M','40대',2,172.72,1.56,6710,88
'2017-03','636',' 세종대왕기념관 교차로','일일(비회원)','M','40대',1,103.22,0.93,4010,58
'2017-03','638',' 서울시립대 정보기술관','일일(비회원)','M','40대',2,158.56,1.43,6160,86
'2017-03','264',' 교보생명보험 앞','일일(비회원)','M','40대',1,333.33,3,12950,100
'2017-03','270',' 증권거래소후문교차로','일일(비회원)','M','40대',1,54.05,0.49,2100,10
'2017-03','271',' 샛강생태공원방문자센터 앞','일일(비회원)','M','40대',2,283.4,2.56,11010,110
'2017-03','272',' 당산육갑문','일일(비회원)','M','40대',1,296.78,2.67,11530,57
'2017-03','716','신정6동 주민센터 인근','일일(비회원)','M','40대',2,303.98,2.74,11810,61
'2017-03','816',' 신용산역 6번출구 앞','일일(비회원)','M','40대',1,150.84,1.36,5860,50
'2017-03','819',' 선린인터넷 고등학교','일일(비회원)','M','40대',1,108.11,0.97,4200,32
'2017-03','823',' 효창동주민센터 앞','일일(비회원)','M','40대',2,124.07,1.12,4820,50
'2017-03','825',' 서빙고동 주민센터 앞','일일(비회원)','M','40대',2,734.36,6.62,28530,176
'2017-03','199',' 서울 월드컵 경기장','일일(비회원)','M','40대',1,89.06,0.8,3460,108
'2017-03','584',' 광진광장 교통섬','일일(비회원)','M','40대',1,163.19,1.47,6340,52
'2017-03','901',' 응암1동사무소','일일(비회원)','M','40대',2,221.88,2,8620,142
'2017-03','200',' 국회의원회관','일일(비회원)','M','40대',1,146.72,1.32,5700,42
'2017-03','907',' CJ 드림시티','일일(비회원)','M','40대',3,531.27,4.79,20640,134
'2017-03','914',' 새절역 2번출구','일일(비회원)','M','40대',1,239.64,2.16,9310,147
'2017-03','915',' 증산역 4번출구','일일(비회원)','M','40대',1,93.69,0.84,3640,19
'2017-03','917',' 녹번역 4번출구','일일(비회원)','M','40대',1,55.34,0.5,2150,52
'2017-03','919',' 서울혁신파크','일일(비회원)','M','40대',2,126.38,1.14,4910,97
'2017-03','202',' 국민일보 앞','일일(비회원)','M','40대',2,124.32,1.12,4830,44
'2017-03','924',' 메뚜기다리','일일(비회원)','M','40대',1,91.89,0.83,3570,19
'2017-03','928',' 은평역사한옥박물관','일일(비회원)','M','40대',1,0,0,0,43
'2017-03','932',' 예일여중','일일(비회원)','M','40대',1,178.38,1.61,6930,47
'2017-03','103',' 망원역 2번출구 앞','일일(비회원)','M','40대',1,193.05,1.74,7500,31
'2017-03','204',' 국회의사당역 5번출구 옆','일일(비회원)','M','40대',2,579.92,5.23,22530,102
'2017-03','205',' 산업은행 앞','일일(비회원)','M','40대',4,513.52,4.63,19950,169
'2017-03','213',' KT앞','일일(비회원)','M','40대',1,101.42,0.91,3940,21
'2017-03','215',' 여의도고교 앞','일일(비회원)','M','40대',3,109.14,0.98,4240,73
'2017-03','216',' 삼부아파트1동 앞','일일(비회원)','M','40대',1,107.85,0.97,4190,58
'2017-03','225',' 앙카라공원 앞','일일(비회원)','M','40대',1,210.55,1.9,8180,59
'2017-03','207',' 여의나루역 1번출구 앞','일일(비회원)','M','40대',8,753.66,6.81,29280,554
'2017-03','402',' 상암월드컵파크 9단지 앞','일일(비회원)','M','40대',1,98.84,0.89,3840,48
'2017-03','406',' 상암월드컵파크 7단지 앞','일일(비회원)','M','40대',2,515.06,4.64,20010,232
'2017-03','421',' 마포구청 앞','일일(비회원)','M','40대',1,228.06,2.06,8860,52
'2017-03','420',' 서울시 공공자전거 상암센터','일일(비회원)','M','40대',6,759.83,6.91,29760,444
'2017-03','409',' 누리꿈스퀘어 옆','일일(비회원)','M','40대',2,121.23,1.09,4710,102
'2017-03','419',' 홈플러스 앞','일일(비회원)','M','40대',1,219.56,1.98,8530,69
'2017-03','410',' 상암중학교 옆','일일(비회원)','M','40대',2,237.84,2.15,9240,140
'2017-03','418',' 월드컵경기장역 3번출구 옆','일일(비회원)','M','40대',6,1099.97,9.93,42800,326
'2017-03','411',' DMC홍보관','일일(비회원)','M','40대',2,171.42,1.55,6660,49
'2017-03','416',' 상암월드컵파크 1단지 교차로','일일(비회원)','M','40대',1,722.01,6.51,28050,172
'2017-03','501',' 광진구의회 앞','일일(비회원)','M','40대',1,83.66,0.75,3250,52
'2017-03','502',' 뚝섬유원지역 1번출구 앞','일일(비회원)','M','40대',3,446.33,4.03,17340,127
'2017-03','512',' 뚝섬역 1번 출구 옆','일일(비회원)','M','50대',1,120.72,1.09,4690,49
'2017-03','515',' 광양중학교 앞','일일(비회원)','M','50대',1,139.25,1.26,5410,47
'2017-03','302',' 경복궁역 4번출구 뒤','일일(비회원)','M','50대',1,135.91,1.22,5280,68
'2017-03','305',' 종로구청 옆','일일(비회원)','M','50대',1,19.31,0.17,750,6
'2017-03','308',' 광화문 S타워 앞','일일(비회원)','M','50대',1,181.72,1.64,7060,106
'2017-03','329',' 청계2가 사거리 옆','일일(비회원)','M','50대',2,77.22,0.69,3000,30
'2017-03','111',' 상수역 2번출구 앞','일일(비회원)','M','50대',1,57.66,0.52,2240,30
'2017-03','336',' 티마크 호텔 앞','일일(비회원)','M','50대',1,35.78,0.32,1390,5
'2017-03','340',' 혜화동 로터리','일일(비회원)','M','50대',1,95.5,0.86,3710,23
'2017-03','368',' SK 서린빌딩 앞','일일(비회원)','M','50대',1,22.65,0.2,880,11
'2017-03','369',' 광화문 시민열린마당','일일(비회원)','M','50대',1,113.77,1.03,4420,58
'2017-03','145',' 공덕역 5번출구','일일(비회원)','M','50대',1,239.64,2.16,9310,90
'2017-03','152',' 마포구민체육센터 앞','일일(비회원)','M','50대',2,238.61,2.15,9270,61
'2017-03','519',' 양지사거리','일일(비회원)','M','50대',2,211.84,1.91,8230,105
'2017-03','525',' 한양대병원사거리','일일(비회원)','M','50대',1,191.76,1.73,7450,65
'2017-03','526',' 용답토속공원 앞','일일(비회원)','M','50대',1,52.77,0.48,2050,11
'2017-03','544',' 광남중학교','일일(비회원)','M','50대',2,254.57,2.29,9890,84
'2017-03','613',' 신설동역 10번출구 앞','일일(비회원)','M','50대',1,152.12,1.37,5910,52
'2017-03','617',' 청솔우성아파트 앞','일일(비회원)','M','50대',1,244.53,2.2,9500,73
'2017-03','237',' 보라매 두산위브 건너편','일일(비회원)','M','50대',1,285.71,2.58,11100,59
'2017-03','249',' 여의도중학교 옆','일일(비회원)','M','50대',1,161.13,1.45,6260,40
'2017-03','704',' 남부법원검찰청 교차로','일일(비회원)','M','50대',1,370.91,3.34,14410,131
'2017-03','800',' 목월공원 앞','일일(비회원)','M','50대',1,45.3,0.41,1760,18
'2017-03','805',' 문배어린이공원 앞','일일(비회원)','M','50대',1,535.65,4.83,20810,182
'2017-03','813',' 삼각지역 3번출구','일일(비회원)','M','50대',1,111.2,1,4320,43
'2017-03','387',' 훈련원공원주차장 앞','일일(비회원)','M','50대',1,1.54,0.01,60,2
'2017-03','186',' 월드컵공원','일일(비회원)','M','50대',3,490.35,4.41,19050,169
'2017-03','565',' 옥수역 3번출구','일일(비회원)','M','50대',2,368.34,3.32,14310,102
'2017-03','571',' 어린이대공원역6번출구','일일(비회원)','M','50대',1,0,0,0,37
'2017-03','621',' 동대문중학교 옆','일일(비회원)','M','50대',1,119.43,1.08,4640,51
'2017-03','625',' 답십리초등학교 앞(현대시장 옆)','일일(비회원)','M','50대',2,319.69,2.88,12420,119
'2017-03','628',' 휘봉고등학교 앞','일일(비회원)','M','50대',1,226.77,2.04,8810,53
'2017-03','825',' 서빙고동 주민센터 앞','일일(비회원)','M','50대',2,412.87,3.72,16040,113
'2017-03','199',' 서울 월드컵 경기장','일일(비회원)','M','50대',1,112.48,1.01,4370,52
'2017-03','907',' CJ 드림시티','일일(비회원)','M','50대',1,192.02,1.73,7460,44
'2017-03','908',' 구산역 4번출구','일일(비회원)','M','50대',1,411.84,3.71,16000,127
'2017-03','915',' 증산역 4번출구','일일(비회원)','M','50대',1,528.18,4.76,20520,134
'2017-03','204',' 국회의사당역 5번출구 옆','일일(비회원)','M','50대',1,347.23,3.13,13490,74
'2017-03','207',' 여의나루역 1번출구 앞','일일(비회원)','M','50대',4,628.57,5.67,24420,292
'2017-03','418',' 월드컵경기장역 3번출구 옆','일일(비회원)','M','50대',1,130.24,1.17,5060,41
'2017-03','501',' 광진구의회 앞','일일(비회원)','M','50대',1,204.12,1.84,7930,67
'2017-03','502',' 뚝섬유원지역 1번출구 앞','일일(비회원)','M','50대',5,571.18,5.16,22190,203
'2017-03','510',' 서울숲 남문 버스정류소 옆','일일(비회원)','M','60대',1,99.36,0.9,3860,64
'2017-03','513',' 뚝섬역 5번 출구 정류소 옆','일일(비회원)','M','60대',1,92.66,0.84,3600,49
'2017-03','115',' 사루비아 빌딩 앞','일일(비회원)','M','60대',1,181.72,1.64,7060,95
'2017-03','118',' 광흥창역 2번출구 앞','일일(비회원)','M','60대',1,353.93,3.19,13750,47
'2017-03','150',' 서강대역 2번출구 앞','일일(비회원)','M','60대',2,663.84,5.98,25790,89
'2017-03','152',' 마포구민체육센터 앞','일일(비회원)','M','60대',1,102.45,0.92,3980,15
'2017-03','185',' 마포 신수공원 앞','일일(비회원)','M','60대',2,260.23,2.35,10110,53
'2017-03','561',' 서울숲역 2번출구 앞','일일(비회원)','M','60대',1,123.29,1.11,4790,132
'2017-03','583',' 청계천 생태교실 앞','일일(비회원)','M','60대',1,76.96,0.69,2990,14
'2017-03','272',' 당산육갑문','일일(비회원)','M','60대',1,126.38,1.14,4910,51
'2017-03','210',' IFC몰','일일(비회원)','M','60대',1,94.72,0.85,3680,21
'2017-03','401',' 상암월드컵파크 10단지 앞','일일(비회원)','M','60대',1,111.45,1,4330,39
'2017-03','502',' 뚝섬유원지역 1번출구 앞','일일(비회원)','M','60대',1,258.69,2.33,10050,78
'2017-03','108',' 서교동 사거리','일일(비회원)','M','70대~',4,353.16,3.18,13720,115
'2017-03','506',' 금호 어울림 아파트 앞','일일(비회원)','M','70대~',1,259.1,1.69,7270,55
'2017-03','510',' 서울숲 남문 버스정류소 옆','일일(비회원)','M','70대~',1,116.34,1.05,4520,73
'2017-03','302',' 경복궁역 4번출구 뒤','일일(비회원)','M','70대~',1,0,0,0,8
'2017-03','115',' 사루비아 빌딩 앞','일일(비회원)','M','70대~',1,49.42,0.45,1920,15
'2017-03','315',' 신한은행 안국역지점 옆','일일(비회원)','M','70대~',1,97.3,0.88,3780,33
'2017-03','316',' 종각역 1번출구 앞','일일(비회원)','M','70대~',1,79.79,0.72,3100,22
'2017-03','318',' 광교사거리 남측','일일(비회원)','M','70대~',1,71.04,0.64,2760,17
'2017-03','330',' 청계천 한빛광장','일일(비회원)','M','70대~',1,107.59,0.97,4180,31
'2017-03','334',' 종로3가역 2번출구 뒤','일일(비회원)','M','70대~',1,57.14,0.52,2220,11
'2017-03','340',' 혜화동 로터리','일일(비회원)','M','70대~',1,177.09,1.6,6880,46
'2017-03','342',' 대학로 마로니에공원','일일(비회원)','M','70대~',1,53.8,0.48,2090,10
'2017-03','347',' 동대문역사문화공원역 9번출구 앞','일일(비회원)','M','70대~',1,79.02,0.71,3070,51
'2017-03','117',' 홍은사거리','일일(비회원)','M','70대~',1,82.37,0.74,3200,39
'2017-03','348',' 독립문역 사거리','일일(비회원)','M','70대~',1,177.09,1.6,6880,106
'2017-03','371',' 동대입구역 6번출구 뒤','일일(비회원)','M','70대~',1,106.56,0.96,4140,39
'2017-03','118',' 광흥창역 2번출구 앞','일일(비회원)','M','70대~',1,78.25,0.71,3040,38
'2017-03','114',' 홍대입구역 8번출구 앞','일일(비회원)','M','70대~',1,374.26,3.37,14540,105
'2017-03','144',' 공덕역 8번출구','일일(비회원)','M','70대~',2,317.12,2.86,12320,92
'2017-03','147',' 마포역 4번출구 뒤','일일(비회원)','M','70대~',1,65.38,0.59,2540,12
'2017-03','155',' 가좌역1 번출구 뒤','일일(비회원)','M','70대~',1,59.46,0.54,2310,12
'2017-03','172',' 서대문소방서','일일(비회원)','M','70대~',1,49.16,0.44,1910,11
'2017-03','175',' 홍연2교옆','일일(비회원)','M','70대~',1,99.87,0.9,3880,17
'2017-03','529',' 장한평역 8번 출구 앞','일일(비회원)','M','70대~',1,45.82,0.41,1780,12
'2017-03','534',' 금호사거리','일일(비회원)','M','70대~',1,143.63,1.29,5580,56
'2017-03','548',' 자양나들목','일일(비회원)','M','70대~',1,222.91,2.01,8660,82
'2017-03','602',' 장안동 사거리','일일(비회원)','M','70대~',1,91.24,0.67,2880,61
'2017-03','125',' 서강대 남문 옆','일일(비회원)','M','70대~',1,55.17,0.38,1620,12
'2017-03','229',' 양평1 보행육교 앞','일일(비회원)','M','70대~',2,81.6,0.74,3170,99
'2017-03','248',' 초원아파트 앞','일일(비회원)','M','70대~',1,127.16,1.15,4940,28
'2017-03','259',' 대방역6번출구','일일(비회원)','M','70대~',1,21.62,0.19,840,5
'2017-03','706',' 신정네거리역','일일(비회원)','M','70대~',1,123.81,1.12,4810,37
'2017-03','800',' 목월공원 앞','일일(비회원)','M','70대~',1,293.14,2.29,9870,99
'2017-03','805',' 문배어린이공원 앞','일일(비회원)','M','70대~',1,57.4,0.52,2230,28
'2017-03','131',' 증산2교','일일(비회원)','M','70대~',1,48.13,0.43,1870,11
'2017-03','809',' 한남 유수지 복개주차장','일일(비회원)','M','70대~',1,39.38,0.35,1530,53
'2017-03','132',' 창천문화공원','일일(비회원)','M','70대~',4,766.79,6.91,29790,292
'2017-03','182',' 망원2빗물펌프장 앞','일일(비회원)','M','70대~',1,69.5,0.63,2700,17
'2017-03','188',' 홍은동 정원여중 입구','일일(비회원)','M','70대~',1,169.37,1.53,6580,39
'2017-03','192',' 연서어린이공원','일일(비회원)','M','70대~',1,245.56,2.21,9540,74
'2017-03','194',' 증산교 앞','일일(비회원)','M','70대~',2,498.07,4.49,19350,310
'2017-03','134',' 연세로 명물길','일일(비회원)','M','70대~',1,0,0,0,9
'2017-03','579',' 마장역 4번출구','일일(비회원)','M','70대~',1,74.13,0.67,2880,17
'2017-03','102',' 망원역 1번출구 앞','일일(비회원)','M','70대~',1,42.99,0.39,1670,13
'2017-03','634',' 외국어대 정문 앞','일일(비회원)','M','70대~',2,240.41,2.17,9340,82
'2017-03','639',' 서울시립대 후문','일일(비회원)','M','70대~',2,85.2,0.77,3310,19
'2017-03','643',' 동대문구민체육센터 (육교아래)','일일(비회원)','M','70대~',1,467.12,4.56,19660,462
'2017-03','272',' 당산육갑문','일일(비회원)','M','70대~',1,276.45,2.49,10740,74
'2017-03','139',' 연세대 정문 건너편','일일(비회원)','M','70대~',2,142.08,1.28,5520,31
'2017-03','816',' 신용산역 6번출구 앞','일일(비회원)','M','70대~',1,228.06,2.06,8860,51
'2017-03','820',' 청파동입구 교차로','일일(비회원)','M','70대~',1,289.32,2.61,11240,153
'2017-03','822',' 이촌1동 마을공원','일일(비회원)','M','70대~',1,145.69,1.31,5660,57
'2017-03','199',' 서울 월드컵 경기장','일일(비회원)','M','70대~',1,99.87,0.9,3880,24
'2017-03','585',' 성수2가1동 공영주차장 인근','일일(비회원)','M','70대~',1,64.09,0.58,2490,36
'2017-03','905',' 구파발역 2번출구','일일(비회원)','M','70대~',1,54.31,0.49,2110,16
'2017-03','907',' CJ 드림시티','일일(비회원)','M','70대~',1,63.58,0.57,2470,19
'2017-03','911',' 은평평화공원(역촌역4번출구)','일일(비회원)','M','70대~',1,61,0.55,2370,12
'2017-03','914',' 새절역 2번출구','일일(비회원)','M','70대~',1,517.89,4.67,20120,109
'2017-03','921',' 신도고등학교','일일(비회원)','M','70대~',1,164.99,1.49,6410,27
'2017-03','204',' 국회의사당역 5번출구 옆','일일(비회원)','M','70대~',2,403.86,3.64,15690,63
'2017-03','211',' 여의도역 4번출구 옆','일일(비회원)','M','70대~',1,321.75,2.9,12500,55
'2017-03','212',' 여의도역 1번출구 옆','일일(비회원)','M','70대~',1,123.04,1.11,4780,52
'2017-03','213',' KT앞','일일(비회원)','M','70대~',1,32.69,0.29,1270,6
'2017-03','220',' 미성아파트 A동 앞','일일(비회원)','M','70대~',1,73.62,0.66,2860,34
'2017-03','105',' 합정역 5번출구 앞','일일(비회원)','M','70대~',1,46.07,0.42,1790,26
'2017-03','226',' 샛강역 1번출구 앞','일일(비회원)','M','70대~',1,32.69,0.29,1270,8
'2017-03','207',' 여의나루역 1번출구 앞','일일(비회원)','M','70대~',5,880.82,7.94,34220,319
'2017-03','421',' 마포구청 앞','일일(비회원)','M','70대~',1,255.34,2.3,9920,45
'2017-03','418',' 월드컵경기장역 3번출구 옆','일일(비회원)','M','70대~',2,939.77,8.47,36510,220
'2017-03','411',' DMC홍보관','일일(비회원)','M','70대~',1,134.88,1.22,5240,54
'2017-03','413',' 상암월드컵파크 3단지 후문','일일(비회원)','M','70대~',1,145.95,1.32,5670,41
'2017-03','501',' 광진구의회 앞','일일(비회원)','M','70대~',2,155.98,1.4,6060,59
'2017-03','502',' 뚝섬유원지역 1번출구 앞','일일(비회원)','M','70대~',4,563.17,4.93,21250,224
'2017-03','510',' 서울숲 남문 버스정류소 옆','단체','F','~10대',2,339.55,3.61,15590,91
'2017-03','315',' 신한은행 안국역지점 옆','단체','F','~10대',3,180.26,2.16,9290,251
'2017-03','146',' 마포역 1번출구 뒤','단체','F','~10대',8,831.46,8.39,36190,443
'2017-03','520',' 상왕십리역 4번 출구 앞','단체','F','~10대',4,737.45,6.65,28650,227
'2017-03','249',' 여의도중학교 옆','단체','F','~10대',2,103.73,0.93,4030,99
'2017-03','182',' 망원2빗물펌프장 앞','단체','F','~10대',2,561.49,5.99,25780,145
'2017-03','194',' 증산교 앞','단체','F','~10대',6,2845.96,28.74,123910,534
'2017-03','565',' 옥수역 3번출구','단체','F','~10대',2,846.83,8.56,36870,130
'2017-03','633',' 청량리 기업은행 앞','단체','F','~10대',1,53.02,0.48,2060,29
'2017-03','272',' 당산육갑문','단체','F','~10대',2,342.09,3.09,13290,118
'2017-03','825',' 서빙고동 주민센터 앞','단체','F','~10대',4,820.24,8.73,37660,244
'2017-03','202',' 국민일보 앞','단체','F','~10대',1,204.38,1.84,7940,52
'2017-03','588',' 뚝섬 유원지역','단체','F','~10대',5,720.59,6.69,28830,404
'2017-03','221',' 여의도초교 앞','단체','F','~10대',3,313.24,3.68,15820,187
'2017-03','207',' 여의나루역 1번출구 앞','단체','F','~10대',10,1663.63,16.54,71290,688
'2017-03','419',' 홈플러스 앞','단체','F','~10대',2,182.18,2.02,8680,54
'2017-03','502',' 뚝섬유원지역 1번출구 앞','단체','F','~10대',3,402.05,4.2,18130,164
'2017-03','510',' 서울숲 남문 버스정류소 옆','단체','F','20대',6,601.34,5.72,24640,265
'2017-03','511',' 서울숲역 4번 출구 옆','단체','F','20대',4,660.75,5.96,25670,349
'2017-03','109',' 제일빌딩 앞','단체','F','20대',2,71.01,0.97,4170,47
'2017-03','301',' 경복궁역 7번출구 앞','단체','F','20대',1,170.88,2.09,8990,48
'2017-03','115',' 사루비아 빌딩 앞','단체','F','20대',4,533.6,5.12,22090,243
'2017-03','320',' 을지로입구역 4번출구 앞','단체','F','20대',4,354.97,3.21,13790,104
'2017-03','326',' 안국역 5번출구 앞','단체','F','20대',2,143.32,1.52,6580,50
'2017-03','331',' 을지로2가 사거리 북측','단체','F','20대',2,235.94,2.3,9930,86
'2017-03','334',' 종로3가역 2번출구 뒤','단체','F','20대',2,51.88,0.61,2620,29
'2017-03','335',' 종로3가역 15번출구 앞','단체','F','20대',2,134.26,1.51,6520,42
'2017-03','338',' 세운스퀘어 앞','단체','F','20대',2,54.89,0.72,3080,34
'2017-03','339',' 종로4가 사거리','단체','F','20대',2,83.14,0.75,3230,22
'2017-03','112',' 극동방송국 앞','단체','F','20대',2,200.26,1.8,7780,290
'2017-03','347',' 동대문역사문화공원역 9번출구 앞','단체','F','20대',2,57.22,0.67,2890,113
'2017-03','351',' 청운초교 앞 삼거리','단체','F','20대',2,177.35,2.16,9330,54
'2017-03','352',' 중앙고입구 삼거리','단체','F','20대',4,879.42,8.18,35250,559
'2017-03','354',' 포르투갈 대사관 앞','단체','F','20대',10,421.1,4.16,17930,337
'2017-03','113',' 홍대입구역 2번출구 앞','단체','F','20대',2,96.93,1.39,5970,127
'2017-03','372',' 약수역 3번출구 뒤','단체','F','20대',2,187.04,2.28,9840,74
'2017-03','378',' 청계7가 사거리','단체','F','20대',2,196.02,2.3,9900,69
'2017-03','382',' 약수역 10번출구 앞','단체','F','20대',1,118.15,1.36,5850,50
'2017-03','383',' 신당역 12번 출구 뒤','단체','F','20대',2,138.2,1.62,6980,88
'2017-03','114',' 홍대입구역 8번출구 앞','단체','F','20대',1,71.56,0.64,2780,24
'2017-03','144',' 공덕역 8번출구','단체','F','20대',6,470.86,4.88,21010,186
'2017-03','146',' 마포역 1번출구 뒤','단체','F','20대',6,1258.74,11.9,51320,499
'2017-03','152',' 마포구민체육센터 앞','단체','F','20대',2,260.41,3.18,13700,67
'2017-03','153',' 성산2교 사거리','단체','F','20대',2,535.13,5.7,24570,138
'2017-03','154',' 마포구청역 ','단체','F','20대',2,253.74,2.8,12090,98
'2017-03','155',' 가좌역1 번출구 뒤','단체','F','20대',2,825.7,8.35,35950,332
'2017-03','157',' 애오개역 4번출구 앞','단체','F','20대',2,76.7,0.7,2980,27
'2017-03','158',' 독립문 어린이 공원','단체','F','20대',1,117.61,1.15,4950,50
'2017-03','159',' 이대역 4번 출구','단체','F','20대',2,433.72,3.91,16850,178
'2017-03','120',' 신수동 사거리','단체','F','20대',2,223.68,2.02,8690,75
'2017-03','163',' 명지전문대학교 정문 앞','단체','F','20대',1,85.2,1.13,4890,39
'2017-03','520',' 상왕십리역 4번 출구 앞','단체','F','20대',2,255.6,2.31,9930,98
'2017-03','525',' 한양대병원사거리','단체','F','20대',2,329.67,3.27,14110,88
'2017-03','529',' 장한평역 8번 출구 앞','단체','F','20대',2,36.15,0.39,1660,23
'2017-03','533',' 우리은행 금호동 지점 앞','단체','F','20대',2,103.72,1.13,4850,39
'2017-03','537',' 한양대후문역 부근','단체','F','20대',2,247.98,2.3,9940,50
'2017-03','124',' 서강대 정문 건너편','단체','F','20대',2,298.65,3.3,14230,95
'2017-03','609',' 제기2교','단체','F','20대',2,137.71,1.24,5350,56
'2017-03','125',' 서강대 남문 옆','단체','F','20대',2,221,2.44,10530,108
'2017-03','614',' 용두동 사거리','단체','F','20대',2,73.85,0.87,3730,36
'2017-03','615',' 용두동 레미안허브리츠아파트 앞','단체','F','20대',3,1006.16,11.12,47940,254
'2017-03','227',' 양평2나들목 보행통로 입구','단체','F','20대',2,384.82,3.47,14950,109
'2017-03','228',' 선유도역 3번출구 앞','단체','F','20대',6,658.48,8.36,36000,286
'2017-03','126',' 서강대 후문 옆','단체','F','20대',2,922.13,9.01,38810,265
'2017-03','241',' 신길우성1차아파트 앞 공원','단체','F','20대',2,219.36,2.85,12310,101
'2017-03','243',' 이앤씨드림타워 앞','단체','F','20대',2,206.8,2.52,10880,82
'2017-03','247',' 당산역 10번출구 앞','단체','F','20대',3,696.43,7.41,31930,203
'2017-03','248',' 초원아파트 앞','단체','F','20대',2,409.01,3.69,15890,116
'2017-03','249',' 여의도중학교 옆','단체','F','20대',8,782.58,7.55,32560,329
'2017-03','128',' 신촌역(2호선) 1번출구 옆','단체','F','20대',2,250.39,2.77,11930,102
'2017-03','252',' 보라매역4번출구','단체','F','20대',2,1075.54,11.25,48500,262
'2017-03','700',' KB국민은행 염창역 지점 앞','단체','F','20대',2,576.96,6.38,27490,156
'2017-03','129',' 신촌역(2호선) 6번출구 옆','단체','F','20대',2,572.2,5.16,22230,196
'2017-03','702',' 목4동주민센터 옆','단체','F','20대',2,83.22,1.09,4670,108
'2017-03','707',' 신정3동주민센터','단체','F','20대',5,566.44,6.91,29800,225
'2017-03','710',' 서부화물트럭터미널 사거리','단체','F','20대',5,498.84,4.49,19380,177
'2017-03','130',' 신촌역(2호선) 7번출구 앞','단체','F','20대',2,71.04,0.7,2990,22
'2017-03','713',' 양서중학교 옆','단체','F','20대',1,111.77,1.36,5880,63
'2017-03','805',' 문배어린이공원 앞','단체','F','20대',2,456.41,4.69,20220,197
'2017-03','808',' 서빙고동 금호맨션 앞','단체','F','20대',5,1548.78,13.95,60170,509
'2017-03','809',' 한남 유수지 복개주차장','단체','F','20대',2,681.34,6.14,26470,105
'2017-03','811',' 녹사평역1번출구','단체','F','20대',2,333.59,3.01,12960,86
'2017-03','815',' LIG강촌아파트 103동앞','단체','F','20대',1,216.77,1.9,8170,62
'2017-03','385',' 종각역 5번출구','단체','F','20대',2,67.49,0.7,2990,20
'2017-03','132',' 창천문화공원','단체','F','20대',2,739.87,8.34,35930,230
'2017-03','183',' 하늘채코오롱아파트 건너편','단체','F','20대',6,1055.9,10.06,43340,269
'2017-03','186',' 월드컵공원','단체','F','20대',10,1330.62,12.7,54810,363
'2017-03','192',' 연서어린이공원','단체','F','20대',2,327.89,3.2,13800,85
'2017-03','194',' 증산교 앞','단체','F','20대',2,106.2,1.17,5060,34
'2017-03','559',' 왕십리역 4번 출구 건너편','단체','F','20대',2,351.35,3.17,13650,110
'2017-03','561',' 서울숲역 2번출구 앞','단체','F','20대',2,195.63,1.76,7600,95
'2017-03','568',' 청계8가사거리 부근','단체','F','20대',1,54.05,0.49,2100,10
'2017-03','579',' 마장역 4번출구','단체','F','20대',3,200.2,2.04,8770,63
'2017-03','583',' 청계천 생태교실 앞','단체','F','20대',3,497.25,5.13,22130,142
'2017-03','641',' 용두역 4번출구','단체','F','20대',2,436.04,3.93,16940,112
'2017-03','260',' 여의도 마리나선착장 앞','단체','F','20대',1,0,0,0,450
'2017-03','262',' 영문초등학교 사거리','단체','F','20대',3,152.68,1.62,7010,64
'2017-03','266',' 영등포청과시장 사거리','단체','F','20대',4,401.87,4.76,20520,194
'2017-03','270',' 증권거래소후문교차로','단체','F','20대',2,398.02,4.86,20940,159
'2017-03','271',' 샛강생태공원방문자센터 앞','단체','F','20대',2,130.84,1.3,5600,57
'2017-03','272',' 당산육갑문','단체','F','20대',8,1167.34,11.41,49170,375
'2017-03','139',' 연세대 정문 건너편','단체','F','20대',2,310.8,3.31,14270,80
'2017-03','199',' 서울 월드컵 경기장','단체','F','20대',7,1250.33,11.67,50260,883
'2017-03','388',' 동성중학교 앞','단체','F','20대',2,109.93,1.13,4870,24
'2017-03','584',' 광진광장 교통섬','단체','F','20대',3,456.51,4.86,20960,400
'2017-03','585',' 성수2가1동 공영주차장 인근','단체','F','20대',2,461.01,4.15,17910,93
'2017-03','901',' 응암1동사무소','단체','F','20대',2,333.83,3.26,14050,60
'2017-03','200',' 국회의원회관','단체','F','20대',1,42.61,0.49,2110,13
'2017-03','911',' 은평평화공원(역촌역4번출구)','단체','F','20대',4,512.22,4.62,19900,157
'2017-03','201',' 진미파라곤 앞','단체','F','20대',3,343.67,2.1,9040,64
'2017-03','913',' 이마트 은평점','단체','F','20대',2,46.33,0.46,1950,16
'2017-03','915',' 증산역 4번출구','단체','F','20대',2,446.21,4.35,18780,101
'2017-03','921',' 신도고등학교','단체','F','20대',2,464.61,4.19,18050,186
'2017-03','202',' 국민일보 앞','단체','F','20대',4,360.56,4.23,18210,197
'2017-03','931',' 역촌파출소','단체','F','20대',1,214.43,2.51,10830,57
'2017-03','932',' 예일여중','단체','F','20대',2,73.83,0.79,3390,27
'2017-03','103',' 망원역 2번출구 앞','단체','F','20대',2,211.58,1.91,8220,83
'2017-03','203',' 국회의사당역 3번출구 옆','단체','F','20대',2,253.54,2.28,9850,85
'2017-03','205',' 산업은행 앞','단체','F','20대',4,544.36,5.02,21640,175
'2017-03','206',' KBS 앞','단체','F','20대',2,206.18,1.86,8010,152
'2017-03','209',' 유진투자증권빌딩 앞','단체','F','20대',6,1598.94,15.13,65230,435
'2017-03','210',' IFC몰','단체','F','20대',4,337.71,3.05,13120,107
'2017-03','212',' 여의도역 1번출구 옆','단체','F','20대',6,1434.25,12.91,55720,501
'2017-03','213',' KT앞','단체','F','20대',3,194.64,2.37,10240,70
'2017-03','104',' 합정역 1번출구 앞','단체','F','20대',3,823.6,6.24,26920,229
'2017-03','219',' 롯데캐슬엠파이어 옆','단체','F','20대',4,966.53,8.71,37550,386
'2017-03','215',' 여의도고교 앞','단체','F','20대',4,422.94,4.41,19020,263
'2017-03','105',' 합정역 5번출구 앞','단체','F','20대',4,1569.46,14.69,63300,460
'2017-03','225',' 앙카라공원 앞','단체','F','20대',3,1041.2,10.99,47350,422
'2017-03','226',' 샛강역 1번출구 앞','단체','F','20대',2,250.7,2.26,9740,95
'2017-03','207',' 여의나루역 1번출구 앞','단체','F','20대',31,4604.85,43.23,186300,1631
'2017-03','405',' DMC빌 앞','단체','F','20대',2,182.16,2.13,9200,89
'2017-03','420',' 서울시 공공자전거 상암센터','단체','F','20대',4,489.94,4.78,20620,139
'2017-03','409',' 누리꿈스퀘어 옆','단체','F','20대',2,123.4,1.37,5880,34
'2017-03','418',' 월드컵경기장역 3번출구 옆','단체','F','20대',13,1156.7,10.6,45690,338
'2017-03','417',' DMC역 2번출구 옆','단체','F','20대',4,583.79,5.27,22680,192
'2017-03','415',' DMC역 9번출구 앞','단체','F','20대',4,589.13,6.51,28070,192
'2017-03','416',' 상암월드컵파크 1단지 교차로','단체','F','20대',2,398.45,3.59,15480,82
'2017-03','501',' 광진구의회 앞','단체','F','20대',5,2065.33,24.19,104310,1797
'2017-03','502',' 뚝섬유원지역 1번출구 앞','단체','F','20대',22,1858.45,18.33,78990,1154
'2017-03','511',' 서울숲역 4번 출구 옆','단체','F','30대',2,286.91,3.18,13670,100
'2017-03','514',' 성수사거리 버스정류장 앞','단체','F','30대',2,249.16,2.81,12100,82
'2017-03','311',' 서울광장 옆','단체','F','30대',2,239.39,1.87,8060,48
'2017-03','320',' 을지로입구역 4번출구 앞','단체','F','30대',4,616.57,4.82,20760,104
'2017-03','322',' 명동성당 앞','단체','F','30대',2,225.73,1.76,7600,103
'2017-03','111',' 상수역 2번출구 앞','단체','F','30대',2,247.02,2.95,12730,107
'2017-03','334',' 종로3가역 2번출구 뒤','단체','F','30대',2,290.61,2.62,11290,120
'2017-03','335',' 종로3가역 15번출구 앞','단체','F','30대',2,161.89,1.36,5840,148
'2017-03','112',' 극동방송국 앞','단체','F','30대',1,389.19,4.22,18200,103
'2017-03','345',' 서울보증보험본사 앞','단체','F','30대',2,109.65,0.99,4260,94
'2017-03','355',' 서울사대부속초교 앞','단체','F','30대',2,142.35,1.28,5530,106
'2017-03','361',' 동묘앞역 1번출구 뒤','단체','F','30대',2,35.52,0.32,1380,9
'2017-03','363',' 신설동역 11번출구 뒤','단체','F','30대',4,509.14,4.59,19780,207
'2017-03','113',' 홍대입구역 2번출구 앞','단체','F','30대',3,205.86,2.51,10830,116
'2017-03','378',' 청계7가 사거리','단체','F','30대',2,103.65,0.81,3490,74
'2017-03','380',' CJ제일제당 앞','단체','F','30대',2,204.34,1.6,6880,76
'2017-03','383',' 신당역 12번 출구 뒤','단체','F','30대',2,264.17,2.21,9530,67
'2017-03','144',' 공덕역 8번출구','단체','F','30대',4,332.06,3.83,16520,133
'2017-03','145',' 공덕역 5번출구','단체','F','30대',2,247.11,1.93,8320,48
'2017-03','147',' 마포역 4번출구 뒤','단체','F','30대',2,503,4.92,21170,78
'2017-03','166',' 가재울 초등학교','단체','F','30대',3,241.44,2.17,9380,162
'2017-03','518',' 청계천 박물관 앞','단체','F','30대',2,444.61,3.47,14970,88
'2017-03','550',' 서울시설공단 앞','단체','F','30대',3,514.11,4.02,17310,102
'2017-03','539',' 군자교교차로','단체','F','30대',2,421.84,2.5,10760,88
'2017-03','604',' 답십리초등학교 옆 공원','단체','F','30대',3,459.59,4.64,20010,215
'2017-03','125',' 서강대 남문 옆','단체','F','30대',2,205.92,1.86,8000,78
'2017-03','614',' 용두동 사거리','단체','F','30대',2,339.18,2.65,11420,52
'2017-03','227',' 양평2나들목 보행통로 입구','단체','F','30대',2,640.16,5.77,24870,224
'2017-03','126',' 서강대 후문 옆','단체','F','30대',2,399.14,4.78,20570,227
'2017-03','237',' 보라매 두산위브 건너편','단체','F','30대',4,1224.45,11.04,47570,214
'2017-03','249',' 여의도중학교 옆','단체','F','30대',3,365.76,3.3,14210,128
'2017-03','252',' 보라매역4번출구','단체','F','30대',3,314.02,2.97,12790,176
'2017-03','256',' 동아에코빌입구','단체','F','30대',2,573.74,5.18,22290,103
'2017-03','258',' 신길역3번출구','단체','F','30대',6,624.03,7.62,32830,243
'2017-03','702',' 목4동주민센터 옆','단체','F','30대',2,291.37,2.63,11320,211
'2017-03','800',' 목월공원 앞','단체','F','30대',2,74.14,0.9,3900,28
'2017-03','808',' 서빙고동 금호맨션 앞','단체','F','30대',3,188.93,1.7,7340,75
'2017-03','131',' 증산2교','단체','F','30대',2,369,3.6,15530,103
'2017-03','811',' 녹사평역1번출구','단체','F','30대',2,143.26,1.5,6460,32
'2017-03','185',' 마포 신수공원 앞','단체','F','30대',2,242.99,2.19,9440,103
'2017-03','186',' 월드컵공원','단체','F','30대',6,230.47,2.7,11640,312
'2017-03','561',' 서울숲역 2번출구 앞','단체','F','30대',3,221.37,3.02,13000,314
'2017-03','565',' 옥수역 3번출구','단체','F','30대',2,514.4,4.02,17320,108
'2017-03','625',' 답십리초등학교 앞(현대시장 옆)','단체','F','30대',2,308.36,2.78,11980,123
'2017-03','634',' 외국어대 정문 앞','단체','F','30대',2,265.12,2.39,10300,112
'2017-03','260',' 여의도 마리나선착장 앞','단체','F','30대',2,121.24,1.1,4710,56
'2017-03','272',' 당산육갑문','단체','F','30대',12,1758.56,15.86,68320,469
'2017-03','816',' 신용산역 6번출구 앞','단체','F','30대',4,334.28,3.44,14810,173
'2017-03','820',' 청파동입구 교차로','단체','F','30대',2,58.51,0.46,1970,12
'2017-03','388',' 동성중학교 앞','단체','F','30대',5,563.01,5.31,22880,270
'2017-03','907',' CJ 드림시티','단체','F','30대',4,223.03,2.25,9710,123
'2017-03','201',' 진미파라곤 앞','단체','F','30대',2,551.53,4.31,18570,98
'2017-03','913',' 이마트 은평점','단체','F','30대',2,220.49,2.23,9600,101
'2017-03','202',' 국민일보 앞','단체','F','30대',5,674.67,7.11,30650,282
'2017-03','928',' 은평역사한옥박물관','단체','F','30대',6,1000.68,11.73,50540,357
'2017-03','205',' 산업은행 앞','단체','F','30대',2,248.65,2.24,9660,88
'2017-03','206',' KBS 앞','단체','F','30대',2,155.21,1.4,6030,84
'2017-03','209',' 유진투자증권빌딩 앞','단체','F','30대',2,14.62,0.16,710,20
'2017-03','211',' 여의도역 4번출구 옆','단체','F','30대',4,553.07,7.13,30700,289
'2017-03','212',' 여의도역 1번출구 옆','단체','F','30대',2,320.58,4.17,17990,181
'2017-03','219',' 롯데캐슬엠파이어 옆','단체','F','30대',4,104.4,1.18,5070,60
'2017-03','217',' NH농협은행 앞','단체','F','30대',2,533.59,4.81,20730,191
'2017-03','105',' 합정역 5번출구 앞','단체','F','30대',2,284.36,3.47,14960,85
'2017-03','225',' 앙카라공원 앞','단체','F','30대',2,311.19,2.81,12090,63
'2017-03','207',' 여의나루역 1번출구 앞','단체','F','30대',12,1883.2,17.11,73800,698
'2017-03','106',' 합정역 7번출구 앞','단체','F','30대',2,578.55,5.65,24350,110
'2017-03','418',' 월드컵경기장역 3번출구 옆','단체','F','30대',6,672.57,7.14,30740,230
'2017-03','503',' 더샵스타시티 C동 앞','단체','F','40대',2,64.86,0.73,3150,19
'2017-03','508',' 성수아카데미타워 앞','단체','F','40대',2,233.85,2.4,10360,102
'2017-03','509',' 이마트 버스정류소 옆','단체','F','40대',6,156.43,1.61,6930,67
'2017-03','511',' 서울숲역 4번 출구 옆','단체','F','40대',2,778.12,7.01,30230,198
'2017-03','515',' 광양중학교 앞','단체','F','40대',2,912.13,8.76,37760,206
'2017-03','304',' 광화문역 2번출구 앞','단체','F','40대',4,285.11,2.09,9000,134
'2017-03','318',' 광교사거리 남측','단체','F','40대',2,308.11,2.78,11970,94
'2017-03','326',' 안국역 5번출구 앞','단체','F','40대',2,183.84,1.44,6190,60
'2017-03','113',' 홍대입구역 2번출구 앞','단체','F','40대',4,1035.62,8.67,37360,296
'2017-03','367',' 독립문역 3-1번출구 ','단체','F','40대',4,778.37,7.01,30240,286
'2017-03','146',' 마포역 1번출구 뒤','단체','F','40대',2,263.54,3.09,13310,118
'2017-03','151',' 망원1동주민센터','단체','F','40대',2,135.43,1.33,5700,107
'2017-03','152',' 마포구민체육센터 앞','단체','F','40대',4,347.31,4.52,19490,116
'2017-03','519',' 양지사거리','단체','F','40대',3,1052.57,12.34,53160,357
'2017-03','534',' 금호사거리','단체','F','40대',4,1148.69,10.2,43950,320
'2017-03','550',' 서울시설공단 앞','단체','F','40대',2,301.27,2.95,12680,85
'2017-03','546',' 잠실대교북단 교차로','단체','F','40대',2,81.75,0.92,3970,49
'2017-03','124',' 서강대 정문 건너편','단체','F','40대',2,281.86,2.54,10950,113
'2017-03','604',' 답십리초등학교 옆 공원','단체','F','40대',2,352.9,3.18,13710,120
'2017-03','610',' 동대문중 교차로','단체','F','40대',4,555.55,6.03,25980,225
'2017-03','229',' 양평1 보행육교 앞','단체','F','40대',3,299.28,3.03,13030,175
'2017-03','240',' 문래역 4번출구 앞','단체','F','40대',2,84.72,0.9,3890,35
'2017-03','242',' 신길선원가와인아파트 앞','단체','F','40대',10,1023.86,9.52,41040,458
'2017-03','245',' 삼성생명 당산사옥 앞','단체','F','40대',2,52.28,0.56,2400,26
'2017-03','248',' 초원아파트 앞','단체','F','40대',2,483.14,4.36,18770,115
'2017-03','249',' 여의도중학교 옆','단체','F','40대',1,87.07,0.81,3490,33
'2017-03','257',' 신길삼거리(우리은행)','단체','F','40대',2,208.81,1.94,8370,130
'2017-03','259',' 대방역6번출구','단체','F','40대',2,540.72,4.73,20380,156
'2017-03','708',' 서울출입국관리사무소 앞','단체','F','40대',8,1006.9,9.49,40840,303
'2017-03','815',' LIG강촌아파트 103동앞','단체','F','40대',3,327.69,3.84,16550,168
'2017-03','181',' 망원초록길 입구','단체','F','40대',4,293.77,3.39,14590,283
'2017-03','182',' 망원2빗물펌프장 앞','단체','F','40대',2,953.97,10.16,43800,240
'2017-03','183',' 하늘채코오롱아파트 건너편','단체','F','40대',2,96.94,0.95,4080,38
'2017-03','185',' 마포 신수공원 앞','단체','F','40대',4,346.24,4.51,19430,180
'2017-03','186',' 월드컵공원','단체','F','40대',8,1264.34,12.57,54200,422
'2017-03','191',' 정명학원','단체','F','40대',2,107.55,0.9,3880,26
'2017-03','194',' 증산교 앞','단체','F','40대',2,317.95,2.66,11470,86
'2017-03','561',' 서울숲역 2번출구 앞','단체','F','40대',3,149.92,1.47,6310,106
'2017-03','567',' 성수역 2번출구 앞','단체','F','40대',2,55.52,0.58,2460,23
'2017-03','581',' 용답초등학교','단체','F','40대',1,70.42,0.79,3420,19
'2017-03','583',' 청계천 생태교실 앞','단체','F','40대',4,916.45,9.72,41910,221
'2017-03','551',' 구의삼성쉐르빌 앞','단체','F','40대',2,439.08,3.68,15840,120
'2017-03','576',' 광나루역 3번 출구','단체','F','40대',3,478.72,3.9,16790,93
'2017-03','621',' 동대문중학교 옆','단체','F','40대',2,309.36,3.02,13020,177
'2017-03','820',' 청파동입구 교차로','단체','F','40대',2,271.81,2.45,10560,166
'2017-03','825',' 서빙고동 주민센터 앞','단체','F','40대',3,581.21,5.25,22580,161
'2017-03','199',' 서울 월드컵 경기장','단체','F','40대',2,689.57,6.22,26790,155
'2017-03','585',' 성수2가1동 공영주차장 인근','단체','F','40대',2,437.58,3.94,17000,90
'2017-03','200',' 국회의원회관','단체','F','40대',4,518.46,5.06,21820,166
'2017-03','913',' 이마트 은평점','단체','F','40대',6,663.94,6.19,26650,253
'2017-03','914',' 새절역 2번출구','단체','F','40대',3,606.94,7.57,32610,191
'2017-03','919',' 서울혁신파크','단체','F','40대',2,216.35,2.14,9260,105
'2017-03','202',' 국민일보 앞','단체','F','40대',4,498.08,5.22,22460,243
'2017-03','928',' 은평역사한옥박물관','단체','F','40대',2,58.21,0.57,2450,31
'2017-03','587',' KEB하나은행 성수중앙지점','단체','F','40대',3,21.22,0.22,940,18
'2017-03','588',' 뚝섬 유원지역','단체','F','40대',2,311.93,2.54,10940,64
'2017-03','205',' 산업은행 앞','단체','F','40대',5,296.16,3.06,13210,126
'2017-03','206',' KBS 앞','단체','F','40대',2,162.16,1.46,6300,44
'2017-03','209',' 유진투자증권빌딩 앞','단체','F','40대',2,619.82,5.59,24080,230
'2017-03','210',' IFC몰','단체','F','40대',2,99.32,0.97,4180,40
'2017-03','213',' KT앞','단체','F','40대',3,0,0,0,150
'2017-03','216',' 삼부아파트1동 앞','단체','F','40대',3,130.27,1.14,4910,43
'2017-03','217',' NH농협은행 앞','단체','F','40대',2,226.46,2.29,9860,82
'2017-03','222',' 시범아파트버스정류장 옆','단체','F','40대',6,310.37,3.15,13630,231
'2017-03','207',' 여의나루역 1번출구 앞','단체','F','40대',4,640.92,5.78,24900,218
'2017-03','408',' LG CNS앞','단체','F','40대',2,34.85,0.37,1600,10
'2017-03','420',' 서울시 공공자전거 상암센터','단체','F','40대',2,203.2,2.17,9330,106
'2017-03','419',' 홈플러스 앞','단체','F','40대',6,672.19,5.92,25450,238
'2017-03','418',' 월드컵경기장역 3번출구 옆','단체','F','40대',4,143.31,1.21,5170,28
'2017-03','501',' 광진구의회 앞','단체','F','40대',4,510.05,4.26,18400,201
'2017-03','502',' 뚝섬유원지역 1번출구 앞','단체','F','40대',4,160.42,1.96,8440,92
'2017-03','511',' 서울숲역 4번 출구 옆','단체','F','50대',2,1010.96,7.59,32730,172
'2017-03','512',' 뚝섬역 1번 출구 옆','단체','F','50대',2,100,0.99,4280,39
'2017-03','150',' 서강대역 2번출구 앞','단체','F','50대',2,218.52,2.51,10820,79
'2017-03','166',' 가재울 초등학교','단체','F','50대',2,360.62,3.25,14010,70
'2017-03','811',' 녹사평역1번출구','단체','F','50대',2,119.69,1.08,4650,78
'2017-03','182',' 망원2빗물펌프장 앞','단체','F','50대',2,282.62,2.54,10980,108
'2017-03','576',' 광나루역 3번 출구','단체','F','50대',2,328.09,3.84,16570,124
'2017-03','914',' 새절역 2번출구','단체','F','50대',1,143.14,1.35,5830,39
'2017-03','207',' 여의나루역 1번출구 앞','단체','F','50대',4,1053.49,10.74,46350,542
'2017-03','418',' 월드컵경기장역 3번출구 옆','단체','F','50대',2,346.72,3.12,13470,185
'2017-03','602',' 장안동 사거리','단체','F','60대',3,553.92,5,21520,156
'2017-03','583',' 청계천 생태교실 앞','단체','F','60대',1,257.14,2.32,9990,49
'2017-03','641',' 용두역 4번출구','단체','F','60대',2,678.51,6.11,26360,141
'2017-03','310',' 청계광장 옆','단체','F','70대~',3,671.94,6.56,28280,303
'2017-03','328',' 탑골공원 앞','단체','F','70대~',2,388.94,3.61,15590,102
'2017-03','248',' 초원아파트 앞','단체','F','70대~',2,247.36,2.23,9610,100
'2017-03','249',' 여의도중학교 옆','단체','F','70대~',4,358.81,3.23,13940,175
'2017-03','182',' 망원2빗물펌프장 앞','단체','F','70대~',2,139.23,1.36,5860,42
'2017-03','207',' 여의나루역 1번출구 앞','단체','F','70대~',4,411.04,4.23,18210,180
'2017-03','510',' 서울숲 남문 버스정류소 옆','단체','M','~10대',2,218.66,2.21,9520,60
'2017-03','315',' 신한은행 안국역지점 옆','단체','M','~10대',2,170.18,2.22,9550,107
'2017-03','111',' 상수역 2번출구 앞','단체','M','~10대',2,757.92,7.16,30870,157
'2017-03','369',' 광화문 시민열린마당','단체','M','~10대',3,227.34,2.09,8970,279
'2017-03','118',' 광흥창역 2번출구 앞','단체','M','~10대',2,58.17,0.53,2260,16
'2017-03','614',' 용두동 사거리','단체','M','~10대',2,114.61,1.16,4990,34
'2017-03','802',' 한강진역 2번 출구 앞','단체','M','~10대',2,185.92,2.18,9390,198
'2017-03','808',' 서빙고동 금호맨션 앞','단체','M','~10대',4,1039.39,9.36,40380,401
'2017-03','583',' 청계천 생태교실 앞','단체','M','~10대',2,316.96,3.21,13800,96
'2017-03','634',' 외국어대 정문 앞','단체','M','~10대',2,87.49,0.61,2630,38
'2017-03','640',' KEB하나은행 청량리역지점','단체','M','~10대',2,124.72,1.26,5430,36
'2017-03','230',' 영등포구청역 1번출구','단체','M','~10대',4,695.35,4.33,18680,123
'2017-03','267',' 삼성화재 사옥 옆','단체','M','~10대',2,260.23,2.35,10110,187
'2017-03','816',' 신용산역 6번출구 앞','단체','M','~10대',2,489.37,3.15,13580,237
'2017-03','199',' 서울 월드컵 경기장','단체','M','~10대',2,456.37,4.12,17730,111
'2017-03','221',' 여의도초교 앞','단체','M','~10대',3,471.82,4.25,18330,188
'2017-03','207',' 여의나루역 1번출구 앞','단체','M','~10대',2,738.48,6.66,28690,206
'2017-03','420',' 서울시 공공자전거 상암센터','단체','M','~10대',1,113.37,0.95,4090,40
'2017-03','501',' 광진구의회 앞','단체','M','~10대',5,1705.88,16.12,69480,760
'2017-03','502',' 뚝섬유원지역 1번출구 앞','단체','M','~10대',3,514.49,3.91,16870,167
'2017-03','108',' 서교동 사거리','단체','M','20대',2,604.89,5.45,23500,212
'2017-03','509',' 이마트 버스정류소 옆','단체','M','20대',3,596.65,5.37,23180,186
'2017-03','510',' 서울숲 남문 버스정류소 옆','단체','M','20대',5,1190.22,9.89,42600,379
'2017-03','511',' 서울숲역 4번 출구 옆','단체','M','20대',4,537.77,4.09,17640,268
'2017-03','302',' 경복궁역 4번출구 뒤','단체','M','20대',4,401.29,3.59,15420,116
'2017-03','308',' 광화문 S타워 앞','단체','M','20대',2,101.22,0.66,2840,34
'2017-03','311',' 서울광장 옆','단체','M','20대',2,254.83,2.3,9900,71
'2017-03','314',' 국립현대미술관','단체','M','20대',3,520.43,4.12,17760,126
'2017-03','316',' 종각역 1번출구 앞','단체','M','20대',2,81.09,0.75,3250,20
'2017-03','324',' 신세계백화점 본점 앞','단체','M','20대',3,218.1,1.3,5620,78
'2017-03','329',' 청계2가 사거리 옆','단체','M','20대',2,204.63,1.6,6890,73
'2017-03','330',' 청계천 한빛광장','단체','M','20대',2,91.2,0.77,3290,62
'2017-03','335',' 종로3가역 15번출구 앞','단체','M','20대',2,146.4,1.1,4740,46
'2017-03','339',' 종로4가 사거리','단체','M','20대',4,211.01,2.08,8940,72
'2017-03','341',' 혜화역 3번출구 뒤','단체','M','20대',1,92.15,0.83,3580,36
'2017-03','342',' 대학로 마로니에공원','단체','M','20대',2,77.22,0.7,3000,23
'2017-03','344',' 성균관대 E하우스 앞','단체','M','20대',9,738.3,5.98,25780,297
'2017-03','346',' 맥스타일 앞','단체','M','20대',5,425.6,3.46,14920,219
'2017-03','347',' 동대문역사문화공원역 9번출구 앞','단체','M','20대',4,166.99,1.29,5510,62
'2017-03','349',' 사직동주민센터','단체','M','20대',2,84.35,0.66,2840,49
'2017-03','350','KEB 하나은행(내자동 지점) 앞','단체','M','20대',2,130.92,1.28,5510,38
'2017-03','352',' 중앙고입구 삼거리','단체','M','20대',3,151.8,1.2,5180,35
'2017-03','354',' 포르투갈 대사관 앞','단체','M','20대',2,74.73,0.52,2220,49
'2017-03','355',' 서울사대부속초교 앞','단체','M','20대',4,82.98,0.88,3810,30
'2017-03','358',' 성대입구 사거리','단체','M','20대',4,297.68,2.35,10110,71
'2017-03','359',' 원남동사거리','단체','M','20대',2,57.62,0.46,1940,14
'2017-03','361',' 동묘앞역 1번출구 뒤','단체','M','20대',2,238.35,2.15,9260,95
'2017-03','113',' 홍대입구역 2번출구 앞','단체','M','20대',6,423.67,3.6,15520,162
'2017-03','369',' 광화문 시민열린마당','단체','M','20대',2,55.5,0.4,1730,8
'2017-03','370',' 시청역(2호선) 9번출구 뒤','단체','M','20대',3,256.13,2.14,9240,93
'2017-03','378',' 청계7가 사거리','단체','M','20대',2,125.4,0.94,4060,47
'2017-03','383',' 신당역 12번 출구 뒤','단체','M','20대',1,58.24,0.44,1910,17
'2017-03','114',' 홍대입구역 8번출구 앞','단체','M','20대',5,774.7,5.85,25170,199
'2017-03','144',' 공덕역 8번출구','단체','M','20대',3,417.57,2.49,10760,99
'2017-03','152',' 마포구민체육센터 앞','단체','M','20대',5,610.4,5.11,22020,132
'2017-03','154',' 마포구청역 ','단체','M','20대',2,409.42,3.43,14770,112
'2017-03','159',' 이대역 4번 출구','단체','M','20대',2,138.11,1.08,4650,26
'2017-03','120',' 신수동 사거리','단체','M','20대',2,160.38,0.94,4050,74
'2017-03','163',' 명지전문대학교 정문 앞','단체','M','20대',2,544.91,4.91,21170,260
'2017-03','170',' 가재울 뉴타운 주유소 옆','단체','M','20대',4,893.18,8.05,34700,420
'2017-03','175',' 홍연2교옆','단체','M','20대',4,698,5.55,23920,164
'2017-03','518',' 청계천 박물관 앞','단체','M','20대',4,270.9,2.33,10060,71
'2017-03','521',' 왕십리역 11번 출구 앞','단체','M','20대',2,326.64,2.95,12690,111
'2017-03','529',' 장한평역 8번 출구 앞','단체','M','20대',4,752.48,7.35,31670,201
'2017-03','537',' 한양대후문역 부근','단체','M','20대',2,167.15,1.4,6030,62
'2017-03','540',' 군자역 7번출구 베스트샵 앞','단체','M','20대',2,287.77,2.59,11180,74
'2017-03','543',' 구의공원(테크노마트 앞)','단체','M','20대',2,210.29,1.89,8170,56
'2017-03','549',' 아차산역 3번출구','단체','M','20대',2,340.82,3.02,13040,105
'2017-03','600',' 휘경2동 주민센터','단체','M','20대',2,586.36,5.28,22780,178
'2017-03','125',' 서강대 남문 옆','단체','M','20대',5,798.97,7.2,31040,241
'2017-03','615',' 용두동 레미안허브리츠아파트 앞','단체','M','20대',6,708.05,5.53,23840,165
'2017-03','227',' 양평2나들목 보행통로 입구','단체','M','20대',2,97.28,0.8,3460,34
'2017-03','229',' 양평1 보행육교 앞','단체','M','20대',2,430.37,4.59,19760,280
'2017-03','237',' 보라매 두산위브 건너편','단체','M','20대',2,106.13,0.78,3350,68
'2017-03','244',' 영등포삼환아파트 앞','단체','M','20대',2,646.32,4.5,19430,141
'2017-03','247',' 당산역 10번출구 앞','단체','M','20대',1,706.15,5.17,22290,141
'2017-03','248',' 초원아파트 앞','단체','M','20대',3,252.8,2.12,9120,56
'2017-03','249',' 여의도중학교 옆','단체','M','20대',7,773.94,6.92,29850,341
'2017-03','257',' 신길삼거리(우리은행)','단체','M','20대',4,552.83,4.77,20530,263
'2017-03','259',' 대방역6번출구','단체','M','20대',2,914.7,5.31,22870,152
'2017-03','703',' 오목교역 7번출구 앞','단체','M','20대',9,952.76,8.32,35820,311
'2017-03','707',' 신정3동주민센터','단체','M','20대',2,82.36,0.74,3200,17
'2017-03','710',' 서부화물트럭터미널 사거리','단체','M','20대',4,672.22,5.96,25720,164
'2017-03','802',' 한강진역 2번 출구 앞','단체','M','20대',2,498.59,4.49,19370,175
'2017-03','806',' 전자랜드 본관 앞','단체','M','20대',2,154.28,1.13,4870,34
'2017-03','131',' 증산2교','단체','M','20대',2,459.27,3.54,15260,85
'2017-03','815',' LIG강촌아파트 103동앞','단체','M','20대',6,1459.11,13,56020,571
'2017-03','385',' 종각역 5번출구','단체','M','20대',2,405,3.71,15980,244
'2017-03','181',' 망원초록길 입구','단체','M','20대',3,391.15,3.05,13170,172
'2017-03','182',' 망원2빗물펌프장 앞','단체','M','20대',1,117.91,0.92,3970,55
'2017-03','183',' 하늘채코오롱아파트 건너편','단체','M','20대',3,300.74,2,8630,87
'2017-03','185',' 마포 신수공원 앞','단체','M','20대',2,518.92,4.34,18720,195
'2017-03','186',' 월드컵공원','단체','M','20대',4,681.9,6.89,29680,364
'2017-03','188',' 홍은동 정원여중 입구','단체','M','20대',2,808.79,5.92,25530,209
'2017-03','192',' 연서어린이공원','단체','M','20대',2,312.4,2.61,11270,86
'2017-03','194',' 증산교 앞','단체','M','20대',2,534.72,4.48,19290,184
'2017-03','198',' 충정2교','단체','M','20대',4,357.04,3.27,14100,159
'2017-03','558',' 성동광진 교육지원청 앞','단체','M','20대',5,1001.02,9.02,38890,263
'2017-03','134',' 연세로 명물길','단체','M','20대',2,128.5,0.68,2950,23
'2017-03','559',' 왕십리역 4번 출구 건너편','단체','M','20대',1,67.18,0.61,2610,13
'2017-03','561',' 서울숲역 2번출구 앞','단체','M','20대',4,601.16,5.35,23050,311
'2017-03','565',' 옥수역 3번출구','단체','M','20대',4,1422.48,12.16,52440,204
'2017-03','567',' 성수역 2번출구 앞','단체','M','20대',2,163.96,1.48,6370,38
'2017-03','580',' 신금호역 3번출구 뒤','단체','M','20대',4,871.15,6.62,28570,201
'2017-03','581',' 용답초등학교','단체','M','20대',2,294.05,2.53,10920,88
'2017-03','583',' 청계천 생태교실 앞','단체','M','20대',3,405.43,3.23,13950,103
'2017-03','571',' 어린이대공원역6번출구','단체','M','20대',2,97.58,0.72,3080,37
'2017-03','572',' 국립정신 건강센터 앞','단체','M','20대',2,484.17,4.36,18810,197
'2017-03','573',' 구의문주차장 앞','단체','M','20대',2,229.1,0.93,3990,27
'2017-03','577',' 광진청소년수련관','단체','M','20대',4,582.81,2.35,10150,65
'2017-03','137',' NH농협 신촌지점 앞','단체','M','20대',2,267.66,1.74,7510,86
'2017-03','627',' 장안동삼거리 교통섬','단체','M','20대',1,303.47,2.74,11790,109
'2017-03','634',' 외국어대 정문 앞','단체','M','20대',4,858.63,6.7,28910,237
'2017-03','260',' 여의도 마리나선착장 앞','단체','M','20대',2,398.93,3.9,16790,383
'2017-03','266',' 영등포청과시장 사거리','단체','M','20대',3,277.09,1.66,7140,79
'2017-03','267',' 삼성화재 사옥 옆','단체','M','20대',2,145.48,1.52,6560,32
'2017-03','270',' 증권거래소후문교차로','단체','M','20대',2,345.48,2.98,12830,118
'2017-03','272',' 당산육갑문','단체','M','20대',3,1035.26,7.91,34120,263
'2017-03','716','신정6동 주민센터 인근','단체','M','20대',2,126.5,1.12,4840,22
'2017-03','816',' 신용산역 6번출구 앞','단체','M','20대',4,1070.21,7.93,34200,233
'2017-03','822',' 이촌1동 마을공원','단체','M','20대',4,266.69,2.4,10340,96
'2017-03','823',' 효창동주민센터 앞','단체','M','20대',2,343.11,3.09,13330,82
'2017-03','825',' 서빙고동 주민센터 앞','단체','M','20대',2,366.02,3.3,14220,117
'2017-03','199',' 서울 월드컵 경기장','단체','M','20대',5,448.82,3.57,15420,228
'2017-03','584',' 광진광장 교통섬','단체','M','20대',2,219.27,1.84,7910,73
'2017-03','585',' 성수2가1동 공영주차장 인근','단체','M','20대',3,373.49,3.37,14510,317
'2017-03','906',' 연신내역 5번출구150M 아래','단체','M','20대',2,350.66,3.74,16100,85
'2017-03','907',' CJ 드림시티','단체','M','20대',2,452.28,2.94,12690,72
'2017-03','201',' 진미파라곤 앞','단체','M','20대',2,364.2,2.52,10820,132
'2017-03','913',' 이마트 은평점','단체','M','20대',2,296.6,2.48,10700,79
'2017-03','915',' 증산역 4번출구','단체','M','20대',1,83.66,0.75,3250,16
'2017-03','202',' 국민일보 앞','단체','M','20대',5,697.54,5.6,24130,217
'2017-03','205',' 산업은행 앞','단체','M','20대',4,422.15,4.13,17810,180
'2017-03','206',' KBS 앞','단체','M','20대',3,138.17,1.11,4780,26
'2017-03','209',' 유진투자증권빌딩 앞','단체','M','20대',4,919.77,9.18,39550,509
'2017-03','211',' 여의도역 4번출구 옆','단체','M','20대',7,1579.32,12.37,53280,473
'2017-03','212',' 여의도역 1번출구 옆','단체','M','20대',2,71.02,0.54,2360,24
'2017-03','213',' KT앞','단체','M','20대',5,802.62,4.97,21440,167
'2017-03','104',' 합정역 1번출구 앞','단체','M','20대',2,758.18,7.4,31910,231
'2017-03','218',' 증권거래소 앞','단체','M','20대',2,511.71,4.28,18460,149
'2017-03','220',' 미성아파트 A동 앞','단체','M','20대',2,60.19,0.44,1900,96
'2017-03','215',' 여의도고교 앞','단체','M','20대',15,2712.39,24.7,106490,910
'2017-03','221',' 여의도초교 앞','단체','M','20대',2,334.3,2.17,9380,66
'2017-03','225',' 앙카라공원 앞','단체','M','20대',4,317.52,2.89,12400,125
'2017-03','207',' 여의나루역 1번출구 앞','단체','M','20대',29,4963.02,39.13,168710,1598
'2017-03','106',' 합정역 7번출구 앞','단체','M','20대',2,158.28,1.33,5710,100
'2017-03','421',' 마포구청 앞','단체','M','20대',2,400.92,4.52,19470,119
'2017-03','420',' 서울시 공공자전거 상암센터','단체','M','20대',2,330.74,3.03,13050,248
'2017-03','419',' 홈플러스 앞','단체','M','20대',5,711.76,7.27,31370,477
'2017-03','418',' 월드컵경기장역 3번출구 옆','단체','M','20대',4,387.9,3.5,15070,131
'2017-03','413',' 상암월드컵파크 3단지 후문','단체','M','20대',2,476.86,3.1,13380,90
'2017-03','500',' 어린이대공원역 3번출구 앞','단체','M','20대',1,191.21,0.77,3330,17
'2017-03','501',' 광진구의회 앞','단체','M','20대',2,800.3,6.9,29720,177
'2017-03','502',' 뚝섬유원지역 1번출구 앞','단체','M','20대',15,2151.25,19.23,82910,635
'2017-03','505',' 자양사거리 광진아크로텔 앞','단체','M','30대',2,110.68,1,4300,40
'2017-03','511',' 서울숲역 4번 출구 옆','단체','M','30대',2,235.9,1.97,8510,88
'2017-03','109',' 제일빌딩 앞','단체','M','30대',2,202.06,1.82,7850,49
'2017-03','516',' 광진메디칼 앞','단체','M','30대',4,2360.07,15.03,64780,568
'2017-03','304',' 광화문역 2번출구 앞','단체','M','30대',2,94.15,0.74,3170,19
'2017-03','305',' 종로구청 옆','단체','M','30대',1,129.89,0.95,4100,39
'2017-03','306',' 광화문역 7번출구 앞','단체','M','30대',2,96.66,0.74,3170,24
'2017-03','314',' 국립현대미술관','단체','M','30대',2,70.39,0.55,2370,19
'2017-03','315',' 신한은행 안국역지점 옆','단체','M','30대',2,297.95,1.94,8360,75
'2017-03','316',' 종각역 1번출구 앞','단체','M','30대',2,44.85,0.35,1510,13
'2017-03','116',' 일진아이윌아파트 옆','단체','M','30대',2,372.55,3.11,13440,97
'2017-03','329',' 청계2가 사거리 옆','단체','M','30대',2,267.06,1.95,8430,72
'2017-03','331',' 을지로2가 사거리 북측','단체','M','30대',2,87.32,0.73,3150,38
'2017-03','111',' 상수역 2번출구 앞','단체','M','30대',2,100.18,0.86,3720,52
'2017-03','112',' 극동방송국 앞','단체','M','30대',1,44.7,0.39,1660,17
'2017-03','113',' 홍대입구역 2번출구 앞','단체','M','30대',2,155.79,1.31,5620,63
'2017-03','370',' 시청역(2호선) 9번출구 뒤','단체','M','30대',1,144.23,1.1,4730,30
'2017-03','371',' 동대입구역 6번출구 뒤','단체','M','30대',1,111.3,0.85,3650,20
'2017-03','377',' 서울역 4번출구 앞','단체','M','30대',2,233.45,1.82,7860,60
'2017-03','383',' 신당역 12번 출구 뒤','단체','M','30대',6,2081.18,10.6,45700,354
'2017-03','144',' 공덕역 8번출구','단체','M','30대',4,841.77,6.46,27850,288
'2017-03','165',' 중앙근린공원','단체','M','30대',4,222.88,1.85,8040,76
'2017-03','171',' 임광빌딩 앞','단체','M','30대',1,69.24,0.62,2690,38
'2017-03','519',' 양지사거리','단체','M','30대',2,554.79,4.34,18680,103
'2017-03','122',' 신성기사식당 앞','단체','M','30대',3,387.23,3.33,14380,168
'2017-03','525',' 한양대병원사거리','단체','M','30대',2,551.83,4.31,18580,92
'2017-03','529',' 장한평역 8번 출구 앞','단체','M','30대',1,314.82,2.46,10600,48
'2017-03','550',' 서울시설공단 앞','단체','M','30대',2,621.56,4.56,19620,93
'2017-03','548',' 자양나들목','단체','M','30대',2,119.4,0.94,4020,107
'2017-03','124',' 서강대 정문 건너편','단체','M','30대',2,32.69,0.3,1270,14
'2017-03','600',' 휘경2동 주민센터','단체','M','30대',4,2578.75,15.11,65120,403
'2017-03','609',' 제기2교','단체','M','30대',2,272.44,1.6,6880,30
'2017-03','227',' 양평2나들목 보행통로 입구','단체','M','30대',2,356.99,2.79,12020,70
'2017-03','232',' 양평우림 이비즈센타 앞','단체','M','30대',2,92.59,0.78,3340,85
'2017-03','237',' 보라매 두산위브 건너편','단체','M','30대',3,662.43,4.57,19680,102
'2017-03','244',' 영등포삼환아파트 앞','단체','M','30대',2,631.92,5.7,24550,207
'2017-03','247',' 당산역 10번출구 앞','단체','M','30대',2,677.87,4.42,19020,129
'2017-03','253',' 신풍역 5번출구 인근','단체','M','30대',2,69.7,0.52,2200,18
'2017-03','256',' 동아에코빌입구','단체','M','30대',3,1101.35,7.59,32720,121
'2017-03','704',' 남부법원검찰청 교차로','단체','M','30대',2,507.83,3.72,16030,107
'2017-03','813',' 삼각지역 3번출구','단체','M','30대',3,133.56,1.16,4960,47
'2017-03','815',' LIG강촌아파트 103동앞','단체','M','30대',2,644.49,5.04,21700,110
'2017-03','186',' 월드컵공원','단체','M','30대',7,855.11,6.77,29130,454
'2017-03','133',' 해담는다리','단체','M','30대',2,437.32,3.94,16990,98
'2017-03','561',' 서울숲역 2번출구 앞','단체','M','30대',4,520.97,4.69,20240,206
'2017-03','565',' 옥수역 3번출구','단체','M','30대',2,336.6,1.98,8500,42
'2017-03','580',' 신금호역 3번출구 뒤','단체','M','30대',2,276.42,1.4,6070,100
'2017-03','583',' 청계천 생태교실 앞','단체','M','30대',4,827.7,4.55,19640,242
'2017-03','573',' 구의문주차장 앞','단체','M','30대',2,726.71,5.13,22110,223
'2017-03','634',' 외국어대 정문 앞','단체','M','30대',2,183.25,1.43,6170,125
'2017-03','636',' 세종대왕기념관 교차로','단체','M','30대',2,222.46,1.74,7490,62
'2017-03','643',' 동대문구민체육센터 (육교아래)','단체','M','30대',2,967.39,6.67,28740,177
'2017-03','272',' 당산육갑문','단체','M','30대',3,776.53,5.36,23070,129
'2017-03','719',' 홍익병원앞 교차로','단체','M','30대',2,511.05,3.89,16760,143
'2017-03','817',' 삼각지역 4번출구 앞','단체','M','30대',2,76.51,0.64,2760,111
'2017-03','199',' 서울 월드컵 경기장','단체','M','30대',7,1330.98,10.82,46620,834
'2017-03','921',' 신도고등학교','단체','M','30대',2,96.58,0.63,2710,88
'2017-03','931',' 역촌파출소','단체','M','30대',1,735.89,5.99,25810,157
'2017-03','588',' 뚝섬 유원지역','단체','M','30대',3,849.65,5.53,23840,249
'2017-03','204',' 국회의사당역 5번출구 옆','단체','M','30대',2,663.5,5.18,22340,113
'2017-03','209',' 유진투자증권빌딩 앞','단체','M','30대',2,567.7,4.16,17920,103
'2017-03','213',' KT앞','단체','M','30대',2,269.5,2.43,10470,142
'2017-03','214',' 금융감독원 앞','단체','M','30대',4,1321.67,10.61,45720,442
'2017-03','215',' 여의도고교 앞','단체','M','30대',2,370.66,2.9,12480,114
'2017-03','105',' 합정역 5번출구 앞','단체','M','30대',2,252.8,1.86,7980,44
'2017-03','207',' 여의나루역 1번출구 앞','단체','M','30대',6,1643.15,12.65,54540,410
'2017-03','402',' 상암월드컵파크 9단지 앞','단체','M','30대',2,384.6,2.82,12140,105
'2017-03','106',' 합정역 7번출구 앞','단체','M','30대',4,501.37,4.91,21140,197
'2017-03','420',' 서울시 공공자전거 상암센터','단체','M','30대',3,705.41,6.25,26990,222
'2017-03','419',' 홈플러스 앞','단체','M','30대',9,1182.48,10.54,45440,364
'2017-03','418',' 월드컵경기장역 3번출구 옆','단체','M','30대',4,737.41,4.6,19810,147
'2017-03','502',' 뚝섬유원지역 1번출구 앞','단체','M','30대',3,520.35,4.07,17520,119
'2017-03','503',' 더샵스타시티 C동 앞','단체','M','40대',3,126.23,0.99,4250,87
'2017-03','504',' 신자초교입구교차로','단체','M','40대',3,200.18,1.57,6740,93
'2017-03','509',' 이마트 버스정류소 옆','단체','M','40대',1,42.73,0.39,1660,23
'2017-03','510',' 서울숲 남문 버스정류소 옆','단체','M','40대',2,609.26,5.49,23670,112
'2017-03','511',' 서울숲역 4번 출구 옆','단체','M','40대',5,510.93,4.61,19850,228
'2017-03','514',' 성수사거리 버스정류장 앞','단체','M','40대',3,816.46,6.37,27490,225
'2017-03','515',' 광양중학교 앞','단체','M','40대',1,234.77,1.94,8350,56
'2017-03','302',' 경복궁역 4번출구 뒤','단체','M','40대',3,213.93,1.7,7330,97
'2017-03','303',' 광화문역 1번출구 앞','단체','M','40대',2,320.6,2.35,10120,60
'2017-03','304',' 광화문역 2번출구 앞','단체','M','40대',3,190.73,1.72,7410,89
'2017-03','305',' 종로구청 옆','단체','M','40대',2,113.51,1.03,4410,54
'2017-03','311',' 서울광장 옆','단체','M','40대',4,545.52,3.99,17220,97
'2017-03','313',' 서울역 광장 파출소 옆','단체','M','40대',3,155.47,1.4,6040,57
'2017-03','314',' 국립현대미술관','단체','M','40대',2,204.38,1.85,7940,93
'2017-03','315',' 신한은행 안국역지점 옆','단체','M','40대',1,50.15,0.44,1890,35
'2017-03','318',' 광교사거리 남측','단체','M','40대',2,230.31,1.69,7270,36
'2017-03','321',' KEB 하나은행 본점 앞','단체','M','40대',6,527,4.6,19770,256
'2017-03','328',' 탑골공원 앞','단체','M','40대',4,336.17,3.03,13060,189
'2017-03','330',' 청계천 한빛광장','단체','M','40대',1,32.95,0.24,1040,5
'2017-03','338',' 세운스퀘어 앞','단체','M','40대',2,54.05,0.49,2100,29
'2017-03','339',' 종로4가 사거리','단체','M','40대',8,592.01,4.2,18080,160
'2017-03','341',' 혜화역 3번출구 뒤','단체','M','40대',1,10.3,0.09,400,8
'2017-03','347',' 동대문역사문화공원역 9번출구 앞','단체','M','40대',3,686.4,5.92,25490,225
'2017-03','349',' 사직동주민센터','단체','M','40대',2,354.54,2.97,12790,107
'2017-03','351',' 청운초교 앞 삼거리','단체','M','40대',8,993.67,8.04,34640,461
'2017-03','358',' 성대입구 사거리','단체','M','40대',4,324.58,2.92,12610,159
'2017-03','359',' 원남동사거리','단체','M','40대',10,1469.95,12.59,54330,725
'2017-03','368',' SK 서린빌딩 앞','단체','M','40대',6,618.72,4.53,19530,98
'2017-03','374',' 청구역 2번출구 앞','단체','M','40대',2,224.97,2.03,8740,68
'2017-03','379',' 서울역9번출구','단체','M','40대',4,531.7,4.64,20040,114
'2017-03','146',' 마포역 1번출구 뒤','단체','M','40대',2,498.07,3.89,16770,96
'2017-03','152',' 마포구민체육센터 앞','단체','M','40대',2,326.7,2.56,11000,96
'2017-03','119',' 서강나루 공원','단체','M','40대',4,1142.98,9.58,41280,269
'2017-03','155',' 가좌역1 번출구 뒤','단체','M','40대',2,832.56,6.1,26280,179
'2017-03','163',' 명지전문대학교 정문 앞','단체','M','40대',2,505.7,4.42,19060,135
'2017-03','166',' 가재울 초등학교','단체','M','40대',2,254.05,2.29,9870,122
'2017-03','524',' 래미안금호하이리버 아파트 102동 옆','단체','M','40대',2,407.21,3.67,15820,120
'2017-03','525',' 한양대병원사거리','단체','M','40대',2,228.58,2.06,8880,112
'2017-03','535',' 응봉삼거리','단체','M','40대',1,185.8,1.81,7820,43
'2017-03','536',' 행당역 2번출구 앞','단체','M','40대',8,1653.93,16.15,69610,442
'2017-03','544',' 광남중학교','단체','M','40대',8,1183.53,8.36,36020,202
'2017-03','548',' 자양나들목','단체','M','40대',10,1602.45,11.58,49950,349
'2017-03','613',' 신설동역 10번출구 앞','단체','M','40대',4,511.3,4.58,19740,162
'2017-03','615',' 용두동 레미안허브리츠아파트 앞','단체','M','40대',2,183.24,1.12,4820,59
'2017-03','229',' 양평1 보행육교 앞','단체','M','40대',4,683.26,7.02,30270,243
'2017-03','232',' 양평우림 이비즈센타 앞','단체','M','40대',2,529.18,4.31,18560,180
'2017-03','241',' 신길우성1차아파트 앞 공원','단체','M','40대',3,1230.82,10.76,46390,383
'2017-03','242',' 신길선원가와인아파트 앞','단체','M','40대',8,3274.56,27.4,118130,732
'2017-03','245',' 삼성생명 당산사옥 앞','단체','M','40대',2,129.47,1.16,5030,50
'2017-03','250',' 대림아파트 사거리','단체','M','40대',1,14.45,0.1,410,6
'2017-03','251',' 서울지방병무청 버스정류장','단체','M','40대',2,123.71,0.82,3510,30
'2017-03','700',' KB국민은행 염창역 지점 앞','단체','M','40대',2,759.7,6.1,26280,220
'2017-03','810',' 이태원지하보도','단체','M','40대',2,133.85,1.21,5200,38
'2017-03','811',' 녹사평역1번출구','단체','M','40대',1,52.77,0.48,2050,18
'2017-03','385',' 종각역 5번출구','단체','M','40대',3,199.55,1.59,6830,53
'2017-03','181',' 망원초록길 입구','단체','M','40대',5,652,5.87,25330,369
'2017-03','182',' 망원2빗물펌프장 앞','단체','M','40대',1,361.85,2.49,10750,72
'2017-03','185',' 마포 신수공원 앞','단체','M','40대',6,1526.5,12.55,54060,543
'2017-03','186',' 월드컵공원','단체','M','40대',35,6130.65,49.36,212820,2352
'2017-03','188',' 홍은동 정원여중 입구','단체','M','40대',5,1459.15,11.38,49080,395
'2017-03','565',' 옥수역 3번출구','단체','M','40대',2,390.52,5.45,23480,345
'2017-03','567',' 성수역 2번출구 앞','단체','M','40대',2,336.8,2.64,11340,82
'2017-03','568',' 청계8가사거리 부근','단체','M','40대',2,86.49,0.63,2730,44
'2017-03','574',' 아차산역4번출구','단체','M','40대',2,53.29,0.54,2320,37
'2017-03','576',' 광나루역 3번 출구','단체','M','40대',4,702.7,5.27,22750,115
'2017-03','624',' 전농동 동아아파트 앞','단체','M','40대',2,218.76,1.58,6820,105
'2017-03','637',' KAIST 경영대학 앞','단체','M','40대',4,848.9,7.53,32480,246
'2017-03','641',' 용두역 4번출구','단체','M','40대',6,2183.71,18.72,80720,754
'2017-03','642',' 신답역 사거리','단체','M','40대',3,116.45,0.87,3770,26
'2017-03','260',' 여의도 마리나선착장 앞','단체','M','40대',4,769.29,6.32,27290,208
'2017-03','268',' 그랜드컨벤션센터 앞','단체','M','40대',3,676.68,4.96,21360,138
'2017-03','720',' 서울강월초등학교 앞','단체','M','40대',1,174.52,1.57,6780,132
'2017-03','825',' 서빙고동 주민센터 앞','단체','M','40대',2,594.85,5.36,23110,124
'2017-03','199',' 서울 월드컵 경기장','단체','M','40대',4,444.47,4.46,19270,126
'2017-03','388',' 동성중학교 앞','단체','M','40대',16,2055.07,15.04,64870,391
'2017-03','585',' 성수2가1동 공영주차장 인근','단체','M','40대',3,278.59,2.17,9380,129
'2017-03','901',' 응암1동사무소','단체','M','40대',2,510.8,4.1,17670,113
'2017-03','907',' CJ 드림시티','단체','M','40대',3,406.75,3.17,13620,105
'2017-03','914',' 새절역 2번출구','단체','M','40대',2,335.02,2.62,11280,81
'2017-03','923',' 국민은행 연서지점','단체','M','40대',2,125.77,0.92,3970,77
'2017-03','924',' 메뚜기다리','단체','M','40대',4,1085.43,6.36,27410,372
'2017-03','925',' 불광역 2번출구','단체','M','40대',3,2338.23,16.51,71140,435
'2017-03','587',' KEB하나은행 성수중앙지점','단체','M','40대',2,465.4,3.63,15670,113
'2017-03','588',' 뚝섬 유원지역','단체','M','40대',2,736.06,5.53,23830,187
'2017-03','205',' 산업은행 앞','단체','M','40대',17,2192.65,17.58,75790,725
'2017-03','206',' KBS 앞','단체','M','40대',21,5157.26,34.96,150690,1086
'2017-03','213',' KT앞','단체','M','40대',4,1042.79,7.19,30980,228
'2017-03','220',' 미성아파트 A동 앞','단체','M','40대',6,1972.32,15.46,66660,476
'2017-03','221',' 여의도초교 앞','단체','M','40대',2,487.78,3.21,13840,110
'2017-03','222',' 시범아파트버스정류장 옆','단체','M','40대',2,512.1,3.37,14530,76
'2017-03','226',' 샛강역 1번출구 앞','단체','M','40대',4,610.73,4.32,18630,179
'2017-03','207',' 여의나루역 1번출구 앞','단체','M','40대',9,1720.41,14.73,63510,532
'2017-03','408',' LG CNS앞','단체','M','40대',2,532.82,4.8,20700,161
'2017-03','420',' 서울시 공공자전거 상암센터','단체','M','40대',11,2507.37,17.85,76960,691
'2017-03','419',' 홈플러스 앞','단체','M','40대',15,3031.81,24.26,104510,980
'2017-03','411',' DMC홍보관','단체','M','40대',6,156.68,1.25,5420,324
'2017-03','501',' 광진구의회 앞','단체','M','40대',1,383.01,2.88,12400,81
'2017-03','502',' 뚝섬유원지역 1번출구 앞','단체','M','40대',11,2120.08,16.56,71380,502
'2017-03','109',' 제일빌딩 앞','단체','M','50대',2,447.95,3.75,16160,108
'2017-03','156',' 서울서부지방법원 앞','단체','M','50대',2,299.66,2.51,10810,80
'2017-03','180',' 충정로역 7번출구 뒤','단체','M','50대',2,149.69,1.25,5400,32
'2017-03','518',' 청계천 박물관 앞','단체','M','50대',3,377.83,3.03,13070,123
'2017-03','236',' 문래동자이아파트 앞','단체','M','50대',1,199.03,1.67,7180,29
'2017-03','238',' 제2구민체육센타 앞','단체','M','50대',2,197.16,1.78,7660,82
'2017-03','240',' 문래역 4번출구 앞','단체','M','50대',6,1005.97,8.43,36290,166
'2017-03','243',' 이앤씨드림타워 앞','단체','M','50대',2,104.23,0.87,3760,34
'2017-03','800',' 목월공원 앞','단체','M','50대',2,639.07,4.8,20690,116
'2017-03','184',' SK망원동주유소 건너편','단체','M','50대',2,340.2,3.62,15620,214
'2017-03','186',' 월드컵공원','단체','M','50대',3,588.45,5.1,21960,193
'2017-03','567',' 성수역 2번출구 앞','단체','M','50대',2,462.42,3.66,15780,239
'2017-03','230',' 영등포구청역 1번출구','단체','M','50대',2,42.97,0.36,1550,6
'2017-03','272',' 당산육갑문','단체','M','50대',8,2278.88,18.67,80510,472
'2017-03','388',' 동성중학교 앞','단체','M','50대',5,762.19,6.26,26980,340
'2017-03','913',' 이마트 은평점','단체','M','50대',2,149.55,1.35,5810,82
'2017-03','226',' 샛강역 1번출구 앞','단체','M','50대',4,991.6,9.53,41050,444
'2017-03','418',' 월드컵경기장역 3번출구 옆','단체','M','50대',3,447.28,3.88,16710,125
'2017-03','588',' 뚝섬 유원지역','단체','M','60대',2,351.63,2.61,11240,134
'2017-03','419',' 홈플러스 앞','단체','M','60대',2,714.24,6.24,26920,128
'2017-03','303',' 광화문역 1번출구 앞','단체','M','70대~',2,96.47,0.81,3480,23
'2017-03','306',' 광화문역 7번출구 앞','단체','M','70대~',2,154.4,1.29,5570,59
'2017-03','158',' 독립문 어린이 공원','단체','M','70대~',2,154.96,1.3,5590,39
'2017-03','544',' 광남중학교','단체','M','70대~',1,232.17,2.09,9020,36
'2017-03','249',' 여의도중학교 옆','단체','M','70대~',2,237.07,2.13,9210,70
'2017-03','800',' 목월공원 앞','단체','M','70대~',2,360.88,3.26,14020,172
'2017-03','198',' 충정2교','단체','M','70대~',4,673.33,5.63,24290,174
'2017-03','577',' 광진청소년수련관','단체','M','70대~',3,454.32,4.1,17650,148
'2017-03','202',' 국민일보 앞','단체','M','70대~',2,138.74,1.25,5390,74
'2017-03','500',' 어린이대공원역 3번출구 앞','단체','M','70대~',2,250.08,1.95,8420,60
'2017-03','502',' 뚝섬유원지역 1번출구 앞','단체','M','70대~',2,247.36,2.23,9610,96
'2017-03','108',' 서교동 사거리','일일(2시간권)','F','~10대',2,540.12,6.02,25980,315
'2017-03','504',' 신자초교입구교차로','일일(2시간권)','F','~10대',1,40.63,0.42,1800,28
'2017-03','505',' 자양사거리 광진아크로텔 앞','일일(2시간권)','F','~10대',1,36.83,0.36,1550,12
'2017-03','510',' 서울숲 남문 버스정류소 옆','일일(2시간권)','F','~10대',1,157.47,1.68,7230,113
'2017-03','511',' 서울숲역 4번 출구 옆','일일(2시간권)','F','~10대',4,624.5,6.91,29750,335
'2017-03','515',' 광양중학교 앞','일일(2시간권)','F','~10대',1,145.59,1.5,6450,86
'2017-03','322',' 명동성당 앞','일일(2시간권)','F','~10대',1,78,0.93,4020,111
'2017-03','113',' 홍대입구역 2번출구 앞','일일(2시간권)','F','~10대',2,267.19,3.07,13230,112
'2017-03','143',' 공덕역 2번출구','일일(2시간권)','F','~10대',1,348.78,3.14,13550,78
'2017-03','147',' 마포역 4번출구 뒤','일일(2시간권)','F','~10대',2,991.5,8.94,38520,205
'2017-03','151',' 망원1동주민센터','일일(2시간권)','F','~10대',2,463.88,4.65,20010,149
'2017-03','175',' 홍연2교옆','일일(2시간권)','F','~10대',1,603.24,5.61,24180,113
'2017-03','520',' 상왕십리역 4번 출구 앞','일일(2시간권)','F','~10대',1,128.19,1.16,4980,39
'2017-03','537',' 한양대후문역 부근','일일(2시간권)','F','~10대',1,85.06,0.83,3580,19
'2017-03','550',' 서울시설공단 앞','일일(2시간권)','F','~10대',1,127.35,1.24,5360,57
'2017-03','548',' 자양나들목','일일(2시간권)','F','~10대',2,145.97,1.6,6890,76
'2017-03','126',' 서강대 후문 옆','일일(2시간권)','F','~10대',1,58.61,0.69,2960,20
'2017-03','237',' 보라매 두산위브 건너편','일일(2시간권)','F','~10대',1,447.36,4.03,17380,114
'2017-03','247',' 당산역 10번출구 앞','일일(2시간권)','F','~10대',1,131.4,1.64,7060,61
'2017-03','248',' 초원아파트 앞','일일(2시간권)','F','~10대',1,562.68,5.07,21860,112
'2017-03','249',' 여의도중학교 옆','일일(2시간권)','F','~10대',3,832.88,7.7,33230,225
'2017-03','250',' 대림아파트 사거리','일일(2시간권)','F','~10대',1,9.48,0.1,420,4
'2017-03','251',' 서울지방병무청 버스정류장','일일(2시간권)','F','~10대',2,636.75,6.55,28210,191
'2017-03','258',' 신길역3번출구','일일(2시간권)','F','~10대',1,191.35,1.9,8190,103
'2017-03','701',' 목동사거리 부근','일일(2시간권)','F','~10대',1,378.52,2.49,10740,102
'2017-03','707',' 신정3동주민센터','일일(2시간권)','F','~10대',1,502.77,5.08,21890,136
'2017-03','811',' 녹사평역1번출구','일일(2시간권)','F','~10대',2,451.07,4.27,18400,195
'2017-03','182',' 망원2빗물펌프장 앞','일일(2시간권)','F','~10대',2,257.94,2.56,11040,86
'2017-03','188',' 홍은동 정원여중 입구','일일(2시간권)','F','~10대',2,335.13,3.02,13020,965
'2017-03','194',' 증산교 앞','일일(2시간권)','F','~10대',1,443.28,4.48,19300,95
'2017-03','134',' 연세로 명물길','일일(2시간권)','F','~10대',1,413.38,3.73,16060,103
'2017-03','565',' 옥수역 3번출구','일일(2시간권)','F','~10대',2,661.23,6.6,28440,156
'2017-03','567',' 성수역 2번출구 앞','일일(2시간권)','F','~10대',2,303.06,3.14,13540,176
'2017-03','579',' 마장역 4번출구','일일(2시간권)','F','~10대',2,590.01,6.19,26670,276
'2017-03','583',' 청계천 생태교실 앞','일일(2시간권)','F','~10대',2,862.77,8.1,34890,218
'2017-03','551',' 구의삼성쉐르빌 앞','일일(2시간권)','F','~10대',1,201.54,1.82,7830,90
'2017-03','572',' 국립정신 건강센터 앞','일일(2시간권)','F','~10대',2,1169.13,11.61,50040,242
'2017-03','574',' 아차산역4번출구','일일(2시간권)','F','~10대',2,653.8,5.89,25400,185
'2017-03','137',' NH농협 신촌지점 앞','일일(2시간권)','F','~10대',1,299.27,3.02,13030,138
'2017-03','102',' 망원역 1번출구 앞','일일(2시간권)','F','~10대',1,220.08,1.36,5850,34
'2017-03','634',' 외국어대 정문 앞','일일(2시간권)','F','~10대',1,357.12,3.12,13460,114
'2017-03','230',' 영등포구청역 1번출구','일일(2시간권)','F','~10대',1,243.5,2.19,9460,72
'2017-03','272',' 당산육갑문','일일(2시간권)','F','~10대',1,295.3,3.26,14070,112
'2017-03','819',' 선린인터넷 고등학교','일일(2시간권)','F','~10대',1,211.99,2.14,9230,76
'2017-03','825',' 서빙고동 주민센터 앞','일일(2시간권)','F','~10대',8,1735.8,17.43,75150,635
'2017-03','199',' 서울 월드컵 경기장','일일(2시간권)','F','~10대',4,667.94,6.02,25950,444
'2017-03','907',' CJ 드림시티','일일(2시간권)','F','~10대',4,1367.82,12.33,53140,384
'2017-03','911',' 은평평화공원(역촌역4번출구)','일일(2시간권)','F','~10대',1,264.35,2.38,10270,79
'2017-03','912',' 응암오거리','일일(2시간권)','F','~10대',1,115.11,1.57,6760,71
'2017-03','916',' 평생학습관 앞','일일(2시간권)','F','~10대',1,13.9,0.13,540,17
'2017-03','932',' 예일여중','일일(2시간권)','F','~10대',1,390.39,4.48,19330,142
'2017-03','210',' IFC몰','일일(2시간권)','F','~10대',1,243.99,2.65,11410,109
'2017-03','212',' 여의도역 1번출구 옆','일일(2시간권)','F','~10대',1,416.99,4.07,17550,102
'2017-03','104',' 합정역 1번출구 앞','일일(2시간권)','F','~10대',1,231.36,1.43,6150,43
'2017-03','215',' 여의도고교 앞','일일(2시간권)','F','~10대',1,442.47,3.99,17190,118
'2017-03','216',' 삼부아파트1동 앞','일일(2시간권)','F','~10대',1,0,0,0,77
'2017-03','217',' NH농협은행 앞','일일(2시간권)','F','~10대',1,202.47,2.08,8970,119
'2017-03','207',' 여의나루역 1번출구 앞','일일(2시간권)','F','~10대',11,2543.06,23.75,102320,1017
'2017-03','401',' 상암월드컵파크 10단지 앞','일일(2시간권)','F','~10대',1,69.82,0.71,3040,27
'2017-03','106',' 합정역 7번출구 앞','일일(2시간권)','F','~10대',1,385.84,3.48,14990,112
'2017-03','418',' 월드컵경기장역 3번출구 옆','일일(2시간권)','F','~10대',1,68.9,0.7,3000,31
'2017-03','501',' 광진구의회 앞','일일(2시간권)','F','~10대',2,360.44,4.07,17550,158
'2017-03','502',' 뚝섬유원지역 1번출구 앞','일일(2시간권)','F','~10대',15,3290.91,32.39,139570,1508
'2017-03','108',' 서교동 사거리','일일(2시간권)','F','20대',7,2029.71,18.69,80580,939
'2017-03','503',' 더샵스타시티 C동 앞','일일(2시간권)','F','20대',4,767.81,9.04,38970,336
'2017-03','504',' 신자초교입구교차로','일일(2시간권)','F','20대',7,1184.39,11.51,49600,524
'2017-03','505',' 자양사거리 광진아크로텔 앞','일일(2시간권)','F','20대',8,1277.85,12.35,53300,544
'2017-03','506',' 금호 어울림 아파트 앞','일일(2시간권)','F','20대',1,149.22,1.65,7110,51
'2017-03','507',' 성수아이에스비즈타워 앞','일일(2시간권)','F','20대',1,275.57,3.05,13130,75
'2017-03','508',' 성수아카데미타워 앞','일일(2시간권)','F','20대',1,229.86,2.07,8930,120
'2017-03','509',' 이마트 버스정류소 옆','일일(2시간권)','F','20대',3,436.04,3.93,16940,273
'2017-03','510',' 서울숲 남문 버스정류소 옆','일일(2시간권)','F','20대',26,4565.12,41.27,177800,2358
'2017-03','511',' 서울숲역 4번 출구 옆','일일(2시간권)','F','20대',57,8505.11,82.2,354300,4844
'2017-03','512',' 뚝섬역 1번 출구 옆','일일(2시간권)','F','20대',7,1353.71,12.64,54510,599
'2017-03','109',' 제일빌딩 앞','일일(2시간권)','F','20대',3,769.89,7.66,33040,260
'2017-03','400',' 상암한화오벨리스크 1차 앞','일일(2시간권)','F','20대',4,673.34,8.21,35420,362
'2017-03','513',' 뚝섬역 5번 출구 정류소 옆','일일(2시간권)','F','20대',6,1289.88,13.64,58810,558
'2017-03','514',' 성수사거리 버스정류장 앞','일일(2시간권)','F','20대',2,440.75,4.47,19260,165
'2017-03','515',' 광양중학교 앞','일일(2시간권)','F','20대',1,187.8,2.29,9880,114
'2017-03','516',' 광진메디칼 앞','일일(2시간권)','F','20대',6,1495.32,14.18,61170,614
'2017-03','300',' 정동사거리','일일(2시간권)','F','20대',1,135.47,1.26,5430,119
'2017-03','301',' 경복궁역 7번출구 앞','일일(2시간권)','F','20대',1,152.38,1.37,5920,69
'2017-03','302',' 경복궁역 4번출구 뒤','일일(2시간권)','F','20대',1,108.35,1.06,4560,75
'2017-03','306',' 광화문역 7번출구 앞','일일(2시간권)','F','20대',1,65.58,0.43,1840,17
'2017-03','308',' 광화문 S타워 앞','일일(2시간권)','F','20대',2,350.59,3.41,14730,183
'2017-03','310',' 청계광장 옆','일일(2시간권)','F','20대',3,459.99,4.21,18170,219
'2017-03','311',' 서울광장 옆','일일(2시간권)','F','20대',2,160.9,1.6,6910,127
'2017-03','312',' 시청역 1번출구 뒤','일일(2시간권)','F','20대',4,332.56,3.21,13800,198
'2017-03','313',' 서울역 광장 파출소 옆','일일(2시간권)','F','20대',2,434.49,3.92,16880,160
'2017-03','110',' 사천교','일일(2시간권)','F','20대',1,349.03,3.15,13560,111
'2017-03','314',' 국립현대미술관','일일(2시간권)','F','20대',1,195.8,2.09,8990,164
'2017-03','315',' 신한은행 안국역지점 옆','일일(2시간권)','F','20대',1,99.57,1.24,5350,43
'2017-03','318',' 광교사거리 남측','일일(2시간권)','F','20대',2,261.44,2.45,10560,133
'2017-03','320',' 을지로입구역 4번출구 앞','일일(2시간권)','F','20대',2,360.97,3.01,12960,128
'2017-03','321',' KEB 하나은행 본점 앞','일일(2시간권)','F','20대',4,436.04,4.41,19020,192
'2017-03','322',' 명동성당 앞','일일(2시간권)','F','20대',2,211.07,1.91,8200,105
'2017-03','116',' 일진아이윌아파트 옆','일일(2시간권)','F','20대',2,398.61,4.22,18190,140
'2017-03','326',' 안국역 5번출구 앞','일일(2시간권)','F','20대',2,195.48,2.09,9010,217
'2017-03','327',' 낙원상가 옆','일일(2시간권)','F','20대',1,107.63,1.4,6040,108
'2017-03','328',' 탑골공원 앞','일일(2시간권)','F','20대',5,707.85,6.37,27500,273
'2017-03','331',' 을지로2가 사거리 북측','일일(2시간권)','F','20대',1,43.72,0.37,1600,18
'2017-03','111',' 상수역 2번출구 앞','일일(2시간권)','F','20대',13,3122.45,29.16,125680,1044
'2017-03','334',' 종로3가역 2번출구 뒤','일일(2시간권)','F','20대',1,102.19,0.92,3970,60
'2017-03','335',' 종로3가역 15번출구 앞','일일(2시간권)','F','20대',2,313,2.82,12160,153
'2017-03','336',' 티마크 호텔 앞','일일(2시간권)','F','20대',1,21.62,0.19,840,10
'2017-03','339',' 종로4가 사거리','일일(2시간권)','F','20대',3,180.56,1.72,7430,81
'2017-03','340',' 혜화동 로터리','일일(2시간권)','F','20대',1,514.29,4.64,19980,136
'2017-03','341',' 혜화역 3번출구 뒤','일일(2시간권)','F','20대',2,365.26,3.3,14190,106
'2017-03','342',' 대학로 마로니에공원','일일(2시간권)','F','20대',3,556.63,6.26,26970,183
'2017-03','112',' 극동방송국 앞','일일(2시간권)','F','20대',7,1536.82,16.58,71470,601
'2017-03','346',' 맥스타일 앞','일일(2시간권)','F','20대',3,499.69,4.8,20710,207
'2017-03','347',' 동대문역사문화공원역 9번출구 앞','일일(2시간권)','F','20대',2,156.76,1.41,6090,66
'2017-03','350','KEB 하나은행(내자동 지점) 앞','일일(2시간권)','F','20대',1,134.36,1.36,5850,37
'2017-03','351',' 청운초교 앞 삼거리','일일(2시간권)','F','20대',2,158.89,1.62,6990,363
'2017-03','353',' 재동초교 앞 삼거리','일일(2시간권)','F','20대',1,33.58,0.37,1600,9
'2017-03','117',' 홍은사거리','일일(2시간권)','F','20대',8,2128.02,21.15,91190,694
'2017-03','354',' 포르투갈 대사관 앞','일일(2시간권)','F','20대',3,276.82,2.66,11460,196
'2017-03','355',' 서울사대부속초교 앞','일일(2시간권)','F','20대',1,189.46,2.06,8860,52
'2017-03','356',' KT혜화지사 앞','일일(2시간권)','F','20대',2,456.19,4.51,19450,146
'2017-03','358',' 성대입구 사거리','일일(2시간권)','F','20대',1,83.66,0.75,3250,44
'2017-03','359',' 원남동사거리','일일(2시간권)','F','20대',1,22.14,0.2,860,9
'2017-03','361',' 동묘앞역 1번출구 뒤','일일(2시간권)','F','20대',3,450.38,4.75,20510,239
'2017-03','362',' 청계8가 사거리','일일(2시간권)','F','20대',1,643.33,6.5,28010,235
'2017-03','364',' 창신역 1번출구 앞','일일(2시간권)','F','20대',2,185.58,2.1,9040,59
'2017-03','113',' 홍대입구역 2번출구 앞','일일(2시간권)','F','20대',10,2422.64,24.63,106170,852
'2017-03','368',' SK 서린빌딩 앞','일일(2시간권)','F','20대',1,302.95,3.06,13190,114
'2017-03','369',' 광화문 시민열린마당','일일(2시간권)','F','20대',1,81.31,0.82,3540,98
'2017-03','371',' 동대입구역 6번출구 뒤','일일(2시간권)','F','20대',2,145.93,1.99,8570,164
'2017-03','374',' 청구역 2번출구 앞','일일(2시간권)','F','20대',2,494.2,4.14,17840,150
'2017-03','118',' 광흥창역 2번출구 앞','일일(2시간권)','F','20대',2,304.1,3.15,13580,109
'2017-03','379',' 서울역9번출구','일일(2시간권)','F','20대',2,468.93,4.47,19260,145
'2017-03','380',' CJ제일제당 앞','일일(2시간권)','F','20대',1,115.43,1.35,5830,67
'2017-03','383',' 신당역 12번 출구 뒤','일일(2시간권)','F','20대',1,78.21,0.92,3950,115
'2017-03','384',' 종로학원본원 ','일일(2시간권)','F','20대',1,362.42,3.86,16640,114
'2017-03','114',' 홍대입구역 8번출구 앞','일일(2시간권)','F','20대',11,1694.45,16.47,71000,940
'2017-03','142',' 아현역 4번출구 앞','일일(2시간권)','F','20대',1,57.97,0.42,1830,11
'2017-03','143',' 공덕역 2번출구','일일(2시간권)','F','20대',4,1503.81,14.21,61260,483
'2017-03','144',' 공덕역 8번출구','일일(2시간권)','F','20대',7,1337.79,13.95,60110,469
'2017-03','146',' 마포역 1번출구 뒤','일일(2시간권)','F','20대',13,4795.02,40.42,174200,1340
'2017-03','147',' 마포역 4번출구 뒤','일일(2시간권)','F','20대',3,1069.3,10.08,43460,243
'2017-03','148',' 용강동 주민센터 앞','일일(2시간권)','F','20대',1,161.39,1.45,6270,71
'2017-03','151',' 망원1동주민센터','일일(2시간권)','F','20대',12,2110.82,19.76,85170,1052
'2017-03','152',' 마포구민체육센터 앞','일일(2시간권)','F','20대',28,6213.51,63.47,273640,2390
'2017-03','119',' 서강나루 공원','일일(2시간권)','F','20대',5,1364.5,13.44,57940,451
'2017-03','153',' 성산2교 사거리','일일(2시간권)','F','20대',6,1918.76,17.84,76930,560
'2017-03','154',' 마포구청역 ','일일(2시간권)','F','20대',4,1488.2,14.12,60890,306
'2017-03','155',' 가좌역1 번출구 뒤','일일(2시간권)','F','20대',4,816.28,9.47,40800,369
'2017-03','156',' 서울서부지방법원 앞','일일(2시간권)','F','20대',2,573.67,5.5,23720,179
'2017-03','157',' 애오개역 4번출구 앞','일일(2시간권)','F','20대',1,78.08,0.86,3720,195
'2017-03','159',' 이대역 4번 출구','일일(2시간권)','F','20대',6,1821.1,18.33,78950,722
'2017-03','161',' 무악재역1번 출구','일일(2시간권)','F','20대',2,441.69,4.98,21450,125
'2017-03','120',' 신수동 사거리','일일(2시간권)','F','20대',2,853.58,10,43110,215
'2017-03','163',' 명지전문대학교 정문 앞','일일(2시간권)','F','20대',4,1203.57,12.33,53120,424
'2017-03','164',' 북가좌1동 주민센터 ','일일(2시간권)','F','20대',3,816.08,8.16,35150,280
'2017-03','165',' 중앙근린공원','일일(2시간권)','F','20대',4,732.68,7.54,32480,325
'2017-03','166',' 가재울 초등학교','일일(2시간권)','F','20대',5,1551.82,16,68980,390
'2017-03','170',' 가재울 뉴타운 주유소 옆','일일(2시간권)','F','20대',3,1065.71,9.93,42800,318
'2017-03','172',' 서대문소방서','일일(2시간권)','F','20대',3,666.23,7.1,30600,236
'2017-03','121',' 마포소방서 앞','일일(2시간권)','F','20대',1,20.59,0.19,800,16
'2017-03','175',' 홍연2교옆','일일(2시간권)','F','20대',10,2187.27,22.87,98610,782
'2017-03','179',' 가좌역 4번출구 앞','일일(2시간권)','F','20대',3,735.63,7.62,32820,261
'2017-03','180',' 충정로역 7번출구 뒤','일일(2시간권)','F','20대',2,250.45,3.04,13080,158
'2017-03','519',' 양지사거리','일일(2시간권)','F','20대',1,111.2,1,4320,37
'2017-03','521',' 왕십리역 11번 출구 앞','일일(2시간권)','F','20대',4,814.92,7.34,31660,264
'2017-03','522',' 금호역 1번출구 앞','일일(2시간권)','F','20대',1,442.99,3.99,17210,98
'2017-03','523',' 옥수동성당 옆','일일(2시간권)','F','20대',2,426.75,4.8,20690,150
'2017-03','122',' 신성기사식당 앞','일일(2시간권)','F','20대',3,784.34,5.78,24910,289
'2017-03','524',' 래미안금호하이리버 아파트 102동 옆','일일(2시간권)','F','20대',2,379.18,4.37,18850,110
'2017-03','525',' 한양대병원사거리','일일(2시간권)','F','20대',19,4148.08,39.96,172240,1514
'2017-03','526',' 용답토속공원 앞','일일(2시간권)','F','20대',1,258.75,2.76,11880,92
'2017-03','530',' 청계벽산아파트 앞','일일(2시간권)','F','20대',1,79.28,0.89,3850,47
'2017-03','533',' 우리은행 금호동 지점 앞','일일(2시간권)','F','20대',3,528.34,5.38,23180,163
'2017-03','534',' 금호사거리','일일(2시간권)','F','20대',2,349.68,3.55,15310,98
'2017-03','535',' 응봉삼거리','일일(2시간권)','F','20대',3,554.64,6.33,27270,239
'2017-03','536',' 행당역 2번출구 앞','일일(2시간권)','F','20대',2,874.86,7.18,30950,260
'2017-03','537',' 한양대후문역 부근','일일(2시간권)','F','20대',15,3432.29,34.17,147330,1345
'2017-03','123',' 문화촌 공원','일일(2시간권)','F','20대',7,2071.65,20.94,90260,570
'2017-03','538',' 답십리역 8번출구 앞','일일(2시간권)','F','20대',1,153.15,1.38,5950,81
'2017-03','539',' 군자교교차로','일일(2시간권)','F','20대',9,2134.41,22.77,98130,825
'2017-03','540',' 군자역 7번출구 베스트샵 앞','일일(2시간권)','F','20대',10,2026.4,20.73,89360,1042
'2017-03','542',' 강변역 4번출구 뒤','일일(2시간권)','F','20대',15,3859.11,38.66,166740,1608
'2017-03','543',' 구의공원(테크노마트 앞)','일일(2시간권)','F','20대',10,2059.37,19.81,85420,831
'2017-03','544',' 광남중학교','일일(2시간권)','F','20대',3,518.59,4.86,20950,244
'2017-03','546',' 잠실대교북단 교차로','일일(2시간권)','F','20대',5,1016.97,11.44,49280,539
'2017-03','548',' 자양나들목','일일(2시간권)','F','20대',11,1726.99,17.36,74800,920
'2017-03','549',' 아차산역 3번출구','일일(2시간권)','F','20대',1,283.91,2.56,11030,100
'2017-03','124',' 서강대 정문 건너편','일일(2시간권)','F','20대',2,466,4.24,18250,113
'2017-03','600',' 휘경2동 주민센터','일일(2시간권)','F','20대',13,3297.33,30.01,129450,1058
'2017-03','601',' 용신동주민센터','일일(2시간권)','F','20대',2,613.46,6.07,26150,212
'2017-03','602',' 장안동 사거리','일일(2시간권)','F','20대',9,2565.2,24.48,105430,846
'2017-03','607',' 신이문역 2번출구','일일(2시간권)','F','20대',7,2373.39,23.3,100440,777
'2017-03','609',' 제기2교','일일(2시간권)','F','20대',11,2956.39,29.21,125880,914
'2017-03','125',' 서강대 남문 옆','일일(2시간권)','F','20대',2,522.72,5.67,24440,211
'2017-03','615',' 용두동 레미안허브리츠아파트 앞','일일(2시간권)','F','20대',2,481.85,4.34,18720,193
'2017-03','616',' 서울시립대 앞','일일(2시간권)','F','20대',1,318.15,2.87,12360,123
'2017-03','617',' 청솔우성아파트 앞','일일(2시간권)','F','20대',2,342.92,3.14,13530,111
'2017-03','227',' 양평2나들목 보행통로 입구','일일(2시간권)','F','20대',3,1263.22,10.31,44440,300
'2017-03','228',' 선유도역 3번출구 앞','일일(2시간권)','F','20대',11,2449.64,25.16,108480,900
'2017-03','229',' 양평1 보행육교 앞','일일(2시간권)','F','20대',4,1765.97,16.42,70810,470
'2017-03','126',' 서강대 후문 옆','일일(2시간권)','F','20대',2,656.69,7.46,32170,239
'2017-03','231',' 남부고용노동지청 남측','일일(2시간권)','F','20대',2,591.58,5.79,24960,192
'2017-03','232',' 양평우림 이비즈센타 앞','일일(2시간권)','F','20대',5,1582,14.6,62890,395
'2017-03','233',' YP 센터 앞','일일(2시간권)','F','20대',2,503.99,4.54,19580,290
'2017-03','234',' 영등포구민체육센터 앞','일일(2시간권)','F','20대',3,723.63,7.97,34350,278
'2017-03','235',' 신길동 우리은행 옆','일일(2시간권)','F','20대',2,701.41,6.32,27250,249
'2017-03','236',' 문래동자이아파트 앞','일일(2시간권)','F','20대',2,21.41,0.24,1020,107
'2017-03','237',' 보라매 두산위브 건너편','일일(2시간권)','F','20대',9,1662.53,17.2,74160,698
'2017-03','127',' 현대벤처빌 앞','일일(2시간권)','F','20대',5,1215.27,14.16,61020,468
'2017-03','241',' 신길우성1차아파트 앞 공원','일일(2시간권)','F','20대',3,1208.31,12,51680,332
'2017-03','242',' 신길선원가와인아파트 앞','일일(2시간권)','F','20대',1,337.45,3.04,13110,115
'2017-03','244',' 영등포삼환아파트 앞','일일(2시간권)','F','20대',11,3505.68,32.63,140580,950
'2017-03','245',' 삼성생명 당산사옥 앞','일일(2시간권)','F','20대',2,352.38,3.18,13690,204
'2017-03','247',' 당산역 10번출구 앞','일일(2시간권)','F','20대',12,2029.78,19.77,85270,1148
'2017-03','248',' 초원아파트 앞','일일(2시간권)','F','20대',19,6086.18,59.41,255980,2339
'2017-03','249',' 여의도중학교 옆','일일(2시간권)','F','20대',34,7672.09,73.61,317200,3029
'2017-03','250',' 대림아파트 사거리','일일(2시간권)','F','20대',3,240.88,2.15,9250,106
'2017-03','251',' 서울지방병무청 버스정류장','일일(2시간권)','F','20대',2,113.04,1.19,5120,103
'2017-03','128',' 신촌역(2호선) 1번출구 옆','일일(2시간권)','F','20대',6,1230.38,12.26,52820,624
'2017-03','252',' 보라매역4번출구','일일(2시간권)','F','20대',3,280.96,2.59,11170,106
'2017-03','253',' 신풍역 5번출구 인근','일일(2시간권)','F','20대',1,200.48,2.61,11250,116
'2017-03','254',' 도림신협 앞','일일(2시간권)','F','20대',10,1200.71,14.2,61200,606
'2017-03','255',' 도림4거리','일일(2시간권)','F','20대',2,433.55,3.98,17150,155
'2017-03','256',' 동아에코빌입구','일일(2시간권)','F','20대',2,1085.97,9.78,42190,240
'2017-03','257',' 신길삼거리(우리은행)','일일(2시간권)','F','20대',5,812.38,8.38,36160,478
'2017-03','258',' 신길역3번출구','일일(2시간권)','F','20대',12,2207.4,23.1,99570,1310
'2017-03','259',' 대방역6번출구','일일(2시간권)','F','20대',10,2076.38,20.62,88890,985
'2017-03','700',' KB국민은행 염창역 지점 앞','일일(2시간권)','F','20대',25,6538.38,64.55,278240,2295
'2017-03','701',' 목동사거리 부근','일일(2시간권)','F','20대',5,1031.3,9.61,41430,317
'2017-03','129',' 신촌역(2호선) 6번출구 옆','일일(2시간권)','F','20대',3,1208.06,11.66,50290,335
'2017-03','702',' 목4동주민센터 옆','일일(2시간권)','F','20대',3,966.66,9,38820,258
'2017-03','703',' 오목교역 7번출구 앞','일일(2시간권)','F','20대',11,2960.72,27.19,117260,1039
'2017-03','704',' 남부법원검찰청 교차로','일일(2시간권)','F','20대',1,1027.28,9.26,39910,201
'2017-03','706',' 신정네거리역','일일(2시간권)','F','20대',12,2822.54,27.2,117230,945
'2017-03','707',' 신정3동주민센터','일일(2시간권)','F','20대',3,1147.74,12.5,53860,317
'2017-03','708',' 서울출입국관리사무소 앞','일일(2시간권)','F','20대',14,4207.73,41.11,177200,862
'2017-03','712',' 강월초교입구 사거리','일일(2시간권)','F','20대',1,323.81,2.92,12580,102
'2017-03','130',' 신촌역(2호선) 7번출구 앞','일일(2시간권)','F','20대',3,763.91,7.77,33470,258
'2017-03','713',' 양서중학교 옆','일일(2시간권)','F','20대',4,866.7,8.03,34600,282
'2017-03','800',' 목월공원 앞','일일(2시간권)','F','20대',8,3046.58,26.58,114500,848
'2017-03','802',' 한강진역 2번 출구 앞','일일(2시간권)','F','20대',6,1576.44,17.8,76720,648
'2017-03','803',' 한남초교 앞 보도육교','일일(2시간권)','F','20대',5,1534.13,14.76,63580,527
'2017-03','805',' 문배어린이공원 앞','일일(2시간권)','F','20대',2,184.12,1.96,8460,68
'2017-03','806',' 전자랜드 본관 앞','일일(2시간권)','F','20대',2,302.29,3.01,13000,117
'2017-03','807',' 서울역 12번 출구 앞','일일(2시간권)','F','20대',4,824.38,8.77,37850,247
'2017-03','808',' 서빙고동 금호맨션 앞','일일(2시간권)','F','20대',3,1013.17,8.93,38510,295
'2017-03','131',' 증산2교','일일(2시간권)','F','20대',7,1828.54,19.27,83030,665
'2017-03','809',' 한남 유수지 복개주차장','일일(2시간권)','F','20대',23,6318.58,60.06,258890,2047
'2017-03','810',' 이태원지하보도','일일(2시간권)','F','20대',1,363.19,3.27,14110,119
'2017-03','811',' 녹사평역1번출구','일일(2시간권)','F','20대',9,1722.65,16.81,72440,718
'2017-03','812',' 용산전쟁기념관','일일(2시간권)','F','20대',2,162.32,1.52,6550,132
'2017-03','813',' 삼각지역 3번출구','일일(2시간권)','F','20대',2,199.39,2.01,8670,106
'2017-03','815',' LIG강촌아파트 103동앞','일일(2시간권)','F','20대',14,3550.31,34.46,148510,1385
'2017-03','387',' 훈련원공원주차장 앞','일일(2시간권)','F','20대',2,335.14,3.76,16200,136
'2017-03','181',' 망원초록길 입구','일일(2시간권)','F','20대',5,732.68,6.81,29330,248
'2017-03','132',' 창천문화공원','일일(2시간권)','F','20대',3,949.85,9.84,42410,310
'2017-03','182',' 망원2빗물펌프장 앞','일일(2시간권)','F','20대',18,4235.93,40.61,175040,1376
'2017-03','183',' 하늘채코오롱아파트 건너편','일일(2시간권)','F','20대',3,681.66,7.11,30610,304
'2017-03','185',' 마포 신수공원 앞','일일(2시간권)','F','20대',3,1024.2,10.48,45140,255
'2017-03','186',' 월드컵공원','일일(2시간권)','F','20대',30,5588.7,54.26,233820,2654
'2017-03','188',' 홍은동 정원여중 입구','일일(2시간권)','F','20대',5,1383.72,12.28,52930,483
'2017-03','191',' 정명학원','일일(2시간권)','F','20대',4,983.95,10.5,45290,436
'2017-03','178',' 증산3교 앞','일일(2시간권)','F','20대',1,346.35,4.72,20340,104
'2017-03','133',' 해담는다리','일일(2시간권)','F','20대',3,561.01,6.36,27400,314
'2017-03','194',' 증산교 앞','일일(2시간권)','F','20대',7,2825.82,30.49,131440,790
'2017-03','556',' 달맞이공원','일일(2시간권)','F','20대',9,2215.79,22.27,96050,879
'2017-03','558',' 성동광진 교육지원청 앞','일일(2시간권)','F','20대',2,454.33,3.88,16720,124
'2017-03','559',' 왕십리역 4번 출구 건너편','일일(2시간권)','F','20대',5,909.93,9.49,40920,431
'2017-03','560',' 비전교회 앞','일일(2시간권)','F','20대',5,971.73,9.47,40840,374
'2017-03','561',' 서울숲역 2번출구 앞','일일(2시간권)','F','20대',25,4376.98,41.55,179100,2423
'2017-03','563',' 성동세무서 건너편','일일(2시간권)','F','20대',3,234.99,2.11,9120,212
'2017-03','565',' 옥수역 3번출구','일일(2시간권)','F','20대',33,6533.06,62.36,268790,2760
'2017-03','567',' 성수역 2번출구 앞','일일(2시간권)','F','20대',13,2945.68,29.4,126760,1287
'2017-03','568',' 청계8가사거리 부근','일일(2시간권)','F','20대',4,559.27,6.42,27660,241
'2017-03','135',' 명물길 원형무대 앞','일일(2시간권)','F','20대',1,229.43,2.8,12070,81
'2017-03','579',' 마장역 4번출구','일일(2시간권)','F','20대',5,1578.91,15.74,67810,441
'2017-03','580',' 신금호역 3번출구 뒤','일일(2시간권)','F','20대',1,99.76,0.99,4270,39
'2017-03','581',' 용답초등학교','일일(2시간권)','F','20대',4,736.01,7.58,32720,394
'2017-03','582',' 경일중학교 앞','일일(2시간권)','F','20대',4,1366.88,12.84,55310,397
'2017-03','583',' 청계천 생태교실 앞','일일(2시간권)','F','20대',5,670.72,6.62,28570,278
'2017-03','551',' 구의삼성쉐르빌 앞','일일(2시간권)','F','20대',3,327.71,3.11,13390,270
'2017-03','552',' 대림아크로리버 앞','일일(2시간권)','F','20대',1,545.95,4.92,21210,130
'2017-03','553',' 중곡 성원APT 앞','일일(2시간권)','F','20대',6,1794.38,16.89,72780,515
'2017-03','554',' 아차산역 사거리','일일(2시간권)','F','20대',2,664.61,5.99,25820,227
'2017-03','555',' 구의3동주민센터','일일(2시간권)','F','20대',2,383.74,3.98,17170,242
'2017-03','571',' 어린이대공원역6번출구','일일(2시간권)','F','20대',8,694.86,7.81,33630,558
'2017-03','574',' 아차산역4번출구','일일(2시간권)','F','20대',10,1321.25,12.78,55080,744
'2017-03','576',' 광나루역 3번 출구','일일(2시간권)','F','20대',8,1726.9,16.98,73240,677
'2017-03','577',' 광진청소년수련관','일일(2시간권)','F','20대',12,3145.38,31.33,135080,1161
'2017-03','137',' NH농협 신촌지점 앞','일일(2시간권)','F','20대',5,1299.24,12.47,53750,473
'2017-03','622',' 전농사거리 교통섬','일일(2시간권)','F','20대',3,929.28,9.31,40090,285
'2017-03','623',' 서울시립대 정문 앞','일일(2시간권)','F','20대',3,614.19,6.16,26560,220
'2017-03','624',' 전농동 동아아파트 앞','일일(2시간권)','F','20대',1,228.25,2.43,10480,67
'2017-03','625',' 답십리초등학교 앞(현대시장 옆)','일일(2시간권)','F','20대',3,391.55,4.41,18980,124
'2017-03','627',' 장안동삼거리 교통섬','일일(2시간권)','F','20대',4,1017.19,10.13,43640,347
'2017-03','631',' 답십리역 1번출구','일일(2시간권)','F','20대',3,884.93,8.73,37610,291
'2017-03','102',' 망원역 1번출구 앞','일일(2시간권)','F','20대',15,3419.52,33.25,143270,1619
'2017-03','138',' 신촌동 제1공영주차장 앞','일일(2시간권)','F','20대',2,291.28,2.69,11570,117
'2017-03','633',' 청량리 기업은행 앞','일일(2시간권)','F','20대',1,90.82,0.97,4170,49
'2017-03','634',' 외국어대 정문 앞','일일(2시간권)','F','20대',17,5286.8,51.69,222840,1640
'2017-03','635',' 시조사 앞 (청량고정문 옆)','일일(2시간권)','F','20대',3,857.22,7.52,32420,321
'2017-03','639',' 서울시립대 후문','일일(2시간권)','F','20대',3,946.69,8.85,38160,242
'2017-03','641',' 용두역 4번출구','일일(2시간권)','F','20대',1,319.95,2.88,12430,120
'2017-03','140',' 이화여대 후문','일일(2시간권)','F','20대',2,320.78,3.27,14080,216
'2017-03','643',' 동대문구민체육센터 (육교아래)','일일(2시간권)','F','20대',1,128.19,1.16,4980,42
'2017-03','230',' 영등포구청역 1번출구','일일(2시간권)','F','20대',2,551.75,5.7,24580,197
'2017-03','260',' 여의도 마리나선착장 앞','일일(2시간권)','F','20대',7,1423.75,13.5,58190,628
'2017-03','262',' 영문초등학교 사거리','일일(2시간권)','F','20대',2,239.07,2.23,9620,84
'2017-03','263',' 근로자회관 사거리','일일(2시간권)','F','20대',2,550.8,5.6,24160,169
'2017-03','141',' 연대 대운동장 옆','일일(2시간권)','F','20대',3,594.85,5.42,23350,202
'2017-03','266',' 영등포청과시장 사거리','일일(2시간권)','F','20대',4,756.47,6.63,28620,371
'2017-03','267',' 삼성화재 사옥 옆','일일(2시간권)','F','20대',6,1102.49,11.4,49100,420
'2017-03','268',' 그랜드컨벤션센터 앞','일일(2시간권)','F','20대',4,717.15,6.99,30150,348
'2017-03','270',' 증권거래소후문교차로','일일(2시간권)','F','20대',3,1213.65,10.93,47150,463
'2017-03','271',' 샛강생태공원방문자센터 앞','일일(2시간권)','F','20대',2,572.46,5.16,22240,171
'2017-03','272',' 당산육갑문','일일(2시간권)','F','20대',44,10573.04,107.28,462470,4449
'2017-03','716','신정6동 주민센터 인근','일일(2시간권)','F','20대',3,675.93,6.1,26260,224
'2017-03','719',' 홍익병원앞 교차로','일일(2시간권)','F','20대',4,959.6,9.27,39960,361
'2017-03','720',' 서울강월초등학교 앞','일일(2시간권)','F','20대',1,106.33,1.27,5480,110
'2017-03','816',' 신용산역 6번출구 앞','일일(2시간권)','F','20대',15,4096.53,38.69,166820,1111
'2017-03','818',' 숙명여대 입구 교차로','일일(2시간권)','F','20대',8,1808.64,18.11,78060,679
'2017-03','819',' 선린인터넷 고등학교','일일(2시간권)','F','20대',2,224.75,2.45,10570,196
'2017-03','820',' 청파동입구 교차로','일일(2시간권)','F','20대',1,135.43,1.59,6840,48
'2017-03','822',' 이촌1동 마을공원','일일(2시간권)','F','20대',7,1312.94,14.12,60890,442
'2017-03','823',' 효창동주민센터 앞','일일(2시간권)','F','20대',4,382.39,4.99,21530,222
'2017-03','825',' 서빙고동 주민센터 앞','일일(2시간권)','F','20대',22,4981.31,49.26,212390,1702
'2017-03','199',' 서울 월드컵 경기장','일일(2시간권)','F','20대',38,9277.49,86.18,371560,4329
'2017-03','388',' 동성중학교 앞','일일(2시간권)','F','20대',3,643.51,5.8,25000,264
'2017-03','584',' 광진광장 교통섬','일일(2시간권)','F','20대',3,402.7,5.02,21610,194
'2017-03','585',' 성수2가1동 공영주차장 인근','일일(2시간권)','F','20대',2,227.7,2.62,11310,120
'2017-03','586',' 마장동 주민센터','일일(2시간권)','F','20대',2,359.59,3.24,13970,86
'2017-03','901',' 응암1동사무소','일일(2시간권)','F','20대',2,757.17,7.76,33420,242
'2017-03','200',' 국회의원회관','일일(2시간권)','F','20대',1,173.75,1.57,6750,102
'2017-03','902',' 진관동 은빛초등학교','일일(2시간권)','F','20대',2,477.77,4.18,18010,218
'2017-03','904',' 은평뉴타운 푸르지오','일일(2시간권)','F','20대',5,1506.02,12.15,52350,622
'2017-03','906',' 연신내역 5번출구150M 아래','일일(2시간권)','F','20대',5,1345.93,12.54,54040,390
'2017-03','907',' CJ 드림시티','일일(2시간권)','F','20대',29,7390.22,74.27,320120,2889
'2017-03','908',' 구산역 4번출구','일일(2시간권)','F','20대',2,816.98,7.36,31740,278
'2017-03','911',' 은평평화공원(역촌역4번출구)','일일(2시간권)','F','20대',6,1551.35,14.76,63610,599
'2017-03','201',' 진미파라곤 앞','일일(2시간권)','F','20대',2,394.9,3.52,15140,147
'2017-03','912',' 응암오거리','일일(2시간권)','F','20대',5,1368.17,13.92,60000,301
'2017-03','913',' 이마트 은평점','일일(2시간권)','F','20대',4,1101.19,10.19,43960,242
'2017-03','914',' 새절역 2번출구','일일(2시간권)','F','20대',11,2665.8,27.66,119250,938
'2017-03','915',' 증산역 4번출구','일일(2시간권)','F','20대',4,1091.19,11.3,48710,415
'2017-03','916',' 평생학습관 앞','일일(2시간권)','F','20대',1,335.19,3.45,14850,108
'2017-03','917',' 녹번역 4번출구','일일(2시간권)','F','20대',3,510.88,5.05,21760,170
'2017-03','202',' 국민일보 앞','일일(2시간권)','F','20대',18,3619.83,35.06,151110,1561
'2017-03','922',' 연신내역 4번출구','일일(2시간권)','F','20대',4,1083.6,11.36,48950,374
'2017-03','924',' 메뚜기다리','일일(2시간권)','F','20대',1,154.04,1.8,7780,52
'2017-03','926',' 불광역 8번출구','일일(2시간권)','F','20대',1,262.55,2.37,10200,101
'2017-03','931',' 역촌파출소','일일(2시간권)','F','20대',10,2614.12,26.58,114480,1071
'2017-03','932',' 예일여중','일일(2시간권)','F','20대',13,3705.2,38.84,167340,1385
'2017-03','933',' LG서비스 역촌점','일일(2시간권)','F','20대',2,551.93,5.93,25530,184
'2017-03','587',' KEB하나은행 성수중앙지점','일일(2시간권)','F','20대',2,654.94,6.91,29810,244
'2017-03','588',' 뚝섬 유원지역','일일(2시간권)','F','20대',12,2206.88,23.32,100540,1078
'2017-03','103',' 망원역 2번출구 앞','일일(2시간권)','F','20대',3,840.11,7.79,33560,235
'2017-03','204',' 국회의사당역 5번출구 옆','일일(2시간권)','F','20대',6,1171.21,12,51730,442
'2017-03','203',' 국회의사당역 3번출구 옆','일일(2시간권)','F','20대',8,910,9.83,42330,431
'2017-03','205',' 산업은행 앞','일일(2시간권)','F','20대',13,2682.55,25.69,110780,1014
'2017-03','206',' KBS 앞','일일(2시간권)','F','20대',7,2171.67,19.57,84370,823
'2017-03','209',' 유진투자증권빌딩 앞','일일(2시간권)','F','20대',22,3936.54,39.04,168210,2118
'2017-03','210',' IFC몰','일일(2시간권)','F','20대',15,3011.7,29.44,126840,1102
'2017-03','211',' 여의도역 4번출구 옆','일일(2시간권)','F','20대',25,5468.5,51.79,223140,2619
'2017-03','212',' 여의도역 1번출구 옆','일일(2시간권)','F','20대',15,4050.23,38.31,165030,1578
'2017-03','213',' KT앞','일일(2시간권)','F','20대',4,42301.06,12.08,52060,405
'2017-03','104',' 합정역 1번출구 앞','일일(2시간권)','F','20대',10,2300.95,21.72,93640,889
'2017-03','214',' 금융감독원 앞','일일(2시간권)','F','20대',12,2957.18,27.74,119590,1223
'2017-03','218',' 증권거래소 앞','일일(2시간권)','F','20대',4,728.25,7.38,31780,368
'2017-03','219',' 롯데캐슬엠파이어 옆','일일(2시간권)','F','20대',6,1408.96,14.33,61790,615
'2017-03','220',' 미성아파트 A동 앞','일일(2시간권)','F','20대',1,76.71,0.69,2980,53
'2017-03','215',' 여의도고교 앞','일일(2시간권)','F','20대',24,5196.9,48.79,210370,2111
'2017-03','216',' 삼부아파트1동 앞','일일(2시간권)','F','20대',5,1071.71,10.65,45940,476
'2017-03','217',' NH농협은행 앞','일일(2시간권)','F','20대',1,176.22,2.06,8900,106
'2017-03','221',' 여의도초교 앞','일일(2시간권)','F','20대',12,2216.15,21.64,93320,758
'2017-03','222',' 시범아파트버스정류장 옆','일일(2시간권)','F','20대',14,2085.67,20.33,87590,1026
'2017-03','223',' 진주아파트상가 앞','일일(2시간권)','F','20대',1,383.27,3.45,14890,77
'2017-03','105',' 합정역 5번출구 앞','일일(2시간권)','F','20대',14,4182.5,39.54,170380,1434
'2017-03','224',' 롯데캐슬 앞','일일(2시간권)','F','20대',8,586.55,5.84,25100,354
'2017-03','225',' 앙카라공원 앞','일일(2시간권)','F','20대',7,1211.83,12.46,53730,666
'2017-03','226',' 샛강역 1번출구 앞','일일(2시간권)','F','20대',9,1200.71,12.14,52260,550
'2017-03','207',' 여의나루역 1번출구 앞','일일(2시간권)','F','20대',217,49385.69,465.79,2007790,19906
'2017-03','401',' 상암월드컵파크 10단지 앞','일일(2시간권)','F','20대',2,305.23,3.65,15730,124
'2017-03','402',' 상암월드컵파크 9단지 앞','일일(2시간권)','F','20대',4,910.39,9.24,39850,254
'2017-03','403',' 부엉이공원 앞','일일(2시간권)','F','20대',1,8,0.11,470,4
'2017-03','106',' 합정역 7번출구 앞','일일(2시간권)','F','20대',17,3645.19,35.55,153220,1712
'2017-03','406',' 상암월드컵파크 7단지 앞','일일(2시간권)','F','20대',1,123.55,1.21,5200,76
'2017-03','421',' 마포구청 앞','일일(2시간권)','F','20대',3,1278.82,11.83,51010,304
'2017-03','420',' 서울시 공공자전거 상암센터','일일(2시간권)','F','20대',11,2036.66,19.34,83360,1019
'2017-03','409',' 누리꿈스퀘어 옆','일일(2시간권)','F','20대',4,931.2,8.78,37840,317
'2017-03','419',' 홈플러스 앞','일일(2시간권)','F','20대',12,1562.11,16.69,71970,737
'2017-03','410',' 상암중학교 옆','일일(2시간권)','F','20대',1,321.49,2.9,12490,95
'2017-03','418',' 월드컵경기장역 3번출구 옆','일일(2시간권)','F','20대',7,1661.36,17.04,73480,674
'2017-03','107',' 신한은행 서교동금융센터점 앞','일일(2시간권)','F','20대',1,385.97,4.27,18390,101
'2017-03','411',' DMC홍보관','일일(2시간권)','F','20대',1,417.25,3.76,16210,87
'2017-03','412',' DMC산학협력연구센터 앞','일일(2시간권)','F','20대',3,225.25,2.05,8880,84
'2017-03','413',' 상암월드컵파크 3단지 후문','일일(2시간권)','F','20대',5,1103.51,10.44,44980,435
'2017-03','417',' DMC역 2번출구 옆','일일(2시간권)','F','20대',7,993.64,9.97,42950,560
'2017-03','415',' DMC역 9번출구 앞','일일(2시간권)','F','20대',2,318.14,2.86,12360,122
'2017-03','500',' 어린이대공원역 3번출구 앞','일일(2시간권)','F','20대',8,1052.29,11.16,48100,494
'2017-03','501',' 광진구의회 앞','일일(2시간권)','F','20대',27,6683.42,63.42,273350,2374
'2017-03','502',' 뚝섬유원지역 1번출구 앞','일일(2시간권)','F','20대',117,24948.79,244,1051600,9662
'2017-03','108',' 서교동 사거리','일일(2시간권)','F','30대',1,341.83,3.08,13280,88
'2017-03','504',' 신자초교입구교차로','일일(2시간권)','F','30대',1,294.86,2.88,12410,96
'2017-03','505',' 자양사거리 광진아크로텔 앞','일일(2시간권)','F','30대',1,105.73,1.24,5340,76
'2017-03','508',' 성수아카데미타워 앞','일일(2시간권)','F','30대',1,263.84,2.38,10250,160
'2017-03','510',' 서울숲 남문 버스정류소 옆','일일(2시간권)','F','30대',8,1675.22,15.66,67440,905
'2017-03','511',' 서울숲역 4번 출구 옆','일일(2시간권)','F','30대',7,1343.89,12.1,52210,670
'2017-03','512',' 뚝섬역 1번 출구 옆','일일(2시간권)','F','30대',2,837.84,7.55,32550,223
'2017-03','109',' 제일빌딩 앞','일일(2시간권)','F','30대',3,565.25,5.1,21960,245
'2017-03','515',' 광양중학교 앞','일일(2시간권)','F','30대',2,534.7,5.31,22890,170
'2017-03','301',' 경복궁역 7번출구 앞','일일(2시간권)','F','30대',2,201.8,1.82,7840,160
'2017-03','302',' 경복궁역 4번출구 뒤','일일(2시간권)','F','30대',1,64.06,0.78,3370,23
'2017-03','115',' 사루비아 빌딩 앞','일일(2시간권)','F','30대',1,44.48,0.5,2160,91
'2017-03','308',' 광화문 S타워 앞','일일(2시간권)','F','30대',1,157.01,1.42,6100,39
'2017-03','309',' 광화문역 6번출구 옆','일일(2시간권)','F','30대',1,43.5,0.39,1690,15
'2017-03','310',' 청계광장 옆','일일(2시간권)','F','30대',2,169.97,1.76,7600,147
'2017-03','314',' 국립현대미술관','일일(2시간권)','F','30대',1,99.87,0.9,3880,43
'2017-03','322',' 명동성당 앞','일일(2시간권)','F','30대',1,123.29,1.11,4790,91
'2017-03','331',' 을지로2가 사거리 북측','일일(2시간권)','F','30대',1,138.05,1.16,4980,35
'2017-03','111',' 상수역 2번출구 앞','일일(2시간권)','F','30대',7,1500.59,14.07,60650,659
'2017-03','335',' 종로3가역 15번출구 앞','일일(2시간권)','F','30대',2,0,0,0,6
'2017-03','338',' 세운스퀘어 앞','일일(2시간권)','F','30대',1,264.09,3.44,14820,100
'2017-03','339',' 종로4가 사거리','일일(2시간권)','F','30대',1,118.4,1.07,4600,62
'2017-03','340',' 혜화동 로터리','일일(2시간권)','F','30대',1,216.69,2.82,12160,96
'2017-03','112',' 극동방송국 앞','일일(2시간권)','F','30대',1,132.98,1.69,7300,64
'2017-03','344',' 성균관대 E하우스 앞','일일(2시간권)','F','30대',1,160.43,1.96,8440,86
'2017-03','347',' 동대문역사문화공원역 9번출구 앞','일일(2시간권)','F','30대',1,226.03,2.1,9060,111
'2017-03','356',' KT혜화지사 앞','일일(2시간권)','F','30대',1,298.38,3.36,14490,117
'2017-03','361',' 동묘앞역 1번출구 뒤','일일(2시간권)','F','30대',5,3216.63,31.41,135380,581
'2017-03','363',' 신설동역 11번출구 뒤','일일(2시간권)','F','30대',2,220.85,1.99,8580,165
'2017-03','113',' 홍대입구역 2번출구 앞','일일(2시간권)','F','30대',4,963.3,8.33,35950,234
'2017-03','370',' 시청역(2호선) 9번출구 뒤','일일(2시간권)','F','30대',1,252.05,1.42,6120,72
'2017-03','371',' 동대입구역 6번출구 뒤','일일(2시간권)','F','30대',3,299.55,2.91,12600,295
'2017-03','374',' 청구역 2번출구 앞','일일(2시간권)','F','30대',1,142.08,1.28,5520,94
'2017-03','118',' 광흥창역 2번출구 앞','일일(2시간권)','F','30대',3,189.1,1.91,8210,260
'2017-03','383',' 신당역 12번 출구 뒤','일일(2시간권)','F','30대',1,211.07,1.9,8200,92
'2017-03','143',' 공덕역 2번출구','일일(2시간권)','F','30대',2,193.82,1.75,7530,157
'2017-03','144',' 공덕역 8번출구','일일(2시간권)','F','30대',1,437.84,3.95,17010,61
'2017-03','145',' 공덕역 5번출구','일일(2시간권)','F','30대',1,223.74,2.62,11300,80
'2017-03','146',' 마포역 1번출구 뒤','일일(2시간권)','F','30대',6,1898.46,17.47,75320,483
'2017-03','147',' 마포역 4번출구 뒤','일일(2시간권)','F','30대',2,826.85,7.53,32440,214
'2017-03','148',' 용강동 주민센터 앞','일일(2시간권)','F','30대',1,173.45,2.03,8760,73
'2017-03','151',' 망원1동주민센터','일일(2시간권)','F','30대',1,312.44,3.66,15780,100
'2017-03','152',' 마포구민체육센터 앞','일일(2시간권)','F','30대',8,1848.08,17.16,74000,615
'2017-03','153',' 성산2교 사거리','일일(2시간권)','F','30대',5,974.27,9.22,39760,483
'2017-03','154',' 마포구청역 ','일일(2시간권)','F','30대',1,22.1,0.29,1240,11
'2017-03','155',' 가좌역1 번출구 뒤','일일(2시간권)','F','30대',1,257.22,1.6,6910,38
'2017-03','159',' 이대역 4번 출구','일일(2시간권)','F','30대',1,296.82,3.05,13150,104
'2017-03','163',' 명지전문대학교 정문 앞','일일(2시간권)','F','30대',1,39,0.47,2010,24
'2017-03','166',' 가재울 초등학교','일일(2시간권)','F','30대',4,869.2,10.29,44350,595
'2017-03','167',' 연가초등학교 옆','일일(2시간권)','F','30대',2,537.12,5.5,23700,192
'2017-03','170',' 가재울 뉴타운 주유소 옆','일일(2시간권)','F','30대',1,181.62,2.17,9360,97
'2017-03','121',' 마포소방서 앞','일일(2시간권)','F','30대',1,214.52,2.17,9340,175
'2017-03','518',' 청계천 박물관 앞','일일(2시간권)','F','30대',1,7.03,0.09,370,16
'2017-03','521',' 왕십리역 11번 출구 앞','일일(2시간권)','F','30대',1,38.71,0.44,1880,32
'2017-03','122',' 신성기사식당 앞','일일(2시간권)','F','30대',2,214.98,2.62,11310,148
'2017-03','524',' 래미안금호하이리버 아파트 102동 옆','일일(2시간권)','F','30대',2,635.46,6.38,27540,161
'2017-03','526',' 용답토속공원 앞','일일(2시간권)','F','30대',1,250.45,2.26,9730,94
'2017-03','529',' 장한평역 8번 출구 앞','일일(2시간권)','F','30대',1,289.97,3.15,13560,86
'2017-03','534',' 금호사거리','일일(2시간권)','F','30대',3,748.56,7.47,32190,366
'2017-03','535',' 응봉삼거리','일일(2시간권)','F','30대',2,420.88,4.83,20840,172
'2017-03','538',' 답십리역 8번출구 앞','일일(2시간권)','F','30대',2,543.87,4.55,19620,278
'2017-03','550',' 서울시설공단 앞','일일(2시간권)','F','30대',1,220.08,2.26,9750,84
'2017-03','539',' 군자교교차로','일일(2시간권)','F','30대',9,2849.53,26.3,113350,709
'2017-03','540',' 군자역 7번출구 베스트샵 앞','일일(2시간권)','F','30대',1,202.74,2.24,9660,116
'2017-03','542',' 강변역 4번출구 뒤','일일(2시간권)','F','30대',1,526.64,4.75,20460,140
'2017-03','544',' 광남중학교','일일(2시간권)','F','30대',1,405.41,3.65,15750,76
'2017-03','546',' 잠실대교북단 교차로','일일(2시간권)','F','30대',4,801.73,7.51,32370,379
'2017-03','548',' 자양나들목','일일(2시간권)','F','30대',2,812.41,9.35,40310,295
'2017-03','549',' 아차산역 3번출구','일일(2시간권)','F','30대',1,345.69,3.12,13430,76
'2017-03','602',' 장안동 사거리','일일(2시간권)','F','30대',2,621.13,5.19,22370,351
'2017-03','606',' 휘경공고앞','일일(2시간권)','F','30대',1,197.62,2.57,11090,52
'2017-03','607',' 신이문역 2번출구','일일(2시간권)','F','30대',3,938.45,9.43,40620,294
'2017-03','609',' 제기2교','일일(2시간권)','F','30대',2,414.56,4.91,21190,161
'2017-03','125',' 서강대 남문 옆','일일(2시간권)','F','30대',1,603.25,6.93,29870,297
'2017-03','610',' 동대문중 교차로','일일(2시간권)','F','30대',1,192.69,1.88,8110,103
'2017-03','613',' 신설동역 10번출구 앞','일일(2시간권)','F','30대',2,662.86,6.63,28570,189
'2017-03','614',' 용두동 사거리','일일(2시간권)','F','30대',3,721.45,8.17,35210,179
'2017-03','615',' 용두동 레미안허브리츠아파트 앞','일일(2시간권)','F','30대',1,219.3,1.98,8520,63
'2017-03','617',' 청솔우성아파트 앞','일일(2시간권)','F','30대',1,314.82,3.69,15900,113
'2017-03','228',' 선유도역 3번출구 앞','일일(2시간권)','F','30대',1,164.99,1.49,6410,71
'2017-03','232',' 양평우림 이비즈센타 앞','일일(2시간권)','F','30대',4,1570.56,17.45,75210,453
'2017-03','233',' YP 센터 앞','일일(2시간권)','F','30대',1,235.62,2.76,11900,123
'2017-03','234',' 영등포구민체육센터 앞','일일(2시간권)','F','30대',1,456.37,4.11,17730,100
'2017-03','236',' 문래동자이아파트 앞','일일(2시간권)','F','30대',3,1278.5,11.53,49670,271
'2017-03','238',' 제2구민체육센타 앞','일일(2시간권)','F','30대',7,257.32,2.5,10830,625
'2017-03','239',' 유스호스텔 앞','일일(2시간권)','F','30대',2,369.2,4.3,18540,188
'2017-03','240',' 문래역 4번출구 앞','일일(2시간권)','F','30대',1,59.97,0.54,2330,41
'2017-03','127',' 현대벤처빌 앞','일일(2시간권)','F','30대',1,179.67,1.62,6980,88
'2017-03','241',' 신길우성1차아파트 앞 공원','일일(2시간권)','F','30대',2,736.79,8.85,38160,268
'2017-03','242',' 신길선원가와인아파트 앞','일일(2시간권)','F','30대',2,631.1,5.46,23530,225
'2017-03','244',' 영등포삼환아파트 앞','일일(2시간권)','F','30대',6,360.11,4.05,17400,468
'2017-03','245',' 삼성생명 당산사옥 앞','일일(2시간권)','F','30대',7,1470.21,15.05,64890,754
'2017-03','247',' 당산역 10번출구 앞','일일(2시간권)','F','30대',11,511.31,5,21520,1093
'2017-03','248',' 초원아파트 앞','일일(2시간권)','F','30대',4,584.82,5.27,22720,384
'2017-03','249',' 여의도중학교 옆','일일(2시간권)','F','30대',6,1349.85,14.79,63770,567
'2017-03','251',' 서울지방병무청 버스정류장','일일(2시간권)','F','30대',1,501.42,4.52,19480,150
'2017-03','101',' (구)합정동 주민센터','일일(2시간권)','F','30대',1,315.41,3.7,15930,86
'2017-03','128',' 신촌역(2호선) 1번출구 옆','일일(2시간권)','F','30대',2,280.39,2.76,11890,251
'2017-03','252',' 보라매역4번출구','일일(2시간권)','F','30대',3,465.64,4.2,18090,254
'2017-03','257',' 신길삼거리(우리은행)','일일(2시간권)','F','30대',1,68.78,0.77,3340,113
'2017-03','258',' 신길역3번출구','일일(2시간권)','F','30대',1,354.44,3.19,13770,68
'2017-03','259',' 대방역6번출구','일일(2시간권)','F','30대',1,397.94,3.59,15460,79
'2017-03','700',' KB국민은행 염창역 지점 앞','일일(2시간권)','F','30대',8,2725.44,27.7,119370,901
'2017-03','703',' 오목교역 7번출구 앞','일일(2시간권)','F','30대',12,2596.83,25.41,109480,1213
'2017-03','706',' 신정네거리역','일일(2시간권)','F','30대',1,60.59,0.71,3060,24
'2017-03','712',' 강월초교입구 사거리','일일(2시간권)','F','30대',1,221.62,2,8610,75
'2017-03','803',' 한남초교 앞 보도육교','일일(2시간권)','F','30대',2,725.1,6.54,28170,209
'2017-03','805',' 문배어린이공원 앞','일일(2시간권)','F','30대',2,194.63,2.4,10330,208
'2017-03','807',' 서울역 12번 출구 앞','일일(2시간권)','F','30대',2,125.1,1.13,4860,186
'2017-03','808',' 서빙고동 금호맨션 앞','일일(2시간권)','F','30대',1,219.82,1.98,8540,70
'2017-03','131',' 증산2교','일일(2시간권)','F','30대',1,374.52,3.38,14550,81
'2017-03','809',' 한남 유수지 복개주차장','일일(2시간권)','F','30대',3,879.91,9.06,39060,274
'2017-03','810',' 이태원지하보도','일일(2시간권)','F','30대',1,253.03,2.6,11210,71
'2017-03','811',' 녹사평역1번출구','일일(2시간권)','F','30대',2,492.92,4.92,21230,137
'2017-03','815',' LIG강촌아파트 103동앞','일일(2시간권)','F','30대',4,1181.13,10.8,46560,458
'2017-03','181',' 망원초록길 입구','일일(2시간권)','F','30대',3,919.68,9.19,39610,255
'2017-03','132',' 창천문화공원','일일(2시간권)','F','30대',1,122.73,1.38,5960,120
'2017-03','182',' 망원2빗물펌프장 앞','일일(2시간권)','F','30대',7,2143.03,22.57,97330,581
'2017-03','183',' 하늘채코오롱아파트 건너편','일일(2시간권)','F','30대',1,437.32,3.94,16990,104
'2017-03','185',' 마포 신수공원 앞','일일(2시간권)','F','30대',2,74.13,0.9,3900,195
'2017-03','186',' 월드컵공원','일일(2시간권)','F','30대',16,2775.47,25.95,111870,1628
'2017-03','188',' 홍은동 정원여중 입구','일일(2시간권)','F','30대',1,263.37,2.97,12790,113
'2017-03','178',' 증산3교 앞','일일(2시간권)','F','30대',1,256.04,3.13,13470,96
'2017-03','194',' 증산교 앞','일일(2시간권)','F','30대',1,248.95,2.65,11430,99
'2017-03','198',' 충정2교','일일(2시간권)','F','30대',1,253.95,2.81,12100,91
'2017-03','556',' 달맞이공원','일일(2시간권)','F','30대',1,206.32,2.42,10420,115
'2017-03','560',' 비전교회 앞','일일(2시간권)','F','30대',1,364.54,3.75,16150,194
'2017-03','561',' 서울숲역 2번출구 앞','일일(2시간권)','F','30대',3,572.46,5.16,22240,325
'2017-03','563',' 성동세무서 건너편','일일(2시간권)','F','30대',1,157.94,1.78,7670,54
'2017-03','565',' 옥수역 3번출구','일일(2시간권)','F','30대',2,645.56,5.82,25080,220
'2017-03','567',' 성수역 2번출구 앞','일일(2시간권)','F','30대',1,144.18,1.54,6620,85
'2017-03','568',' 청계8가사거리 부근','일일(2시간권)','F','30대',1,746.24,5.14,22170,100
'2017-03','135',' 명물길 원형무대 앞','일일(2시간권)','F','30대',1,314.03,2.83,12200,81
'2017-03','580',' 신금호역 3번출구 뒤','일일(2시간권)','F','30대',1,112.82,1.2,5180,110
'2017-03','581',' 용답초등학교','일일(2시간권)','F','30대',3,369.6,4.09,17610,439
'2017-03','583',' 청계천 생태교실 앞','일일(2시간권)','F','30대',2,763.7,6.89,29670,187
'2017-03','574',' 아차산역4번출구','일일(2시간권)','F','30대',2,14.41,0.13,560,13
'2017-03','575',' 중앙농협 중곡지점','일일(2시간권)','F','30대',1,424.03,3.36,14470,103
'2017-03','623',' 서울시립대 정문 앞','일일(2시간권)','F','30대',1,57.74,0.56,2430,22
'2017-03','624',' 전농동 동아아파트 앞','일일(2시간권)','F','30대',2,427.87,3.35,14450,136
'2017-03','626',' 군자교 서측 녹지대','일일(2시간권)','F','30대',2,549.49,5.03,21710,127
'2017-03','631',' 답십리역 1번출구','일일(2시간권)','F','30대',1,360.16,4.22,18190,120
'2017-03','102',' 망원역 1번출구 앞','일일(2시간권)','F','30대',2,205.14,1.85,7970,112
'2017-03','635',' 시조사 앞 (청량고정문 옆)','일일(2시간권)','F','30대',1,407.23,4.04,17430,109
'2017-03','641',' 용두역 4번출구','일일(2시간권)','F','30대',2,629.09,5.67,24440,189
'2017-03','643',' 동대문구민체육센터 (육교아래)','일일(2시간권)','F','30대',8,2629.23,21.83,94100,742
'2017-03','230',' 영등포구청역 1번출구','일일(2시간권)','F','30대',9,1086.56,10.44,44970,809
'2017-03','260',' 여의도 마리나선착장 앞','일일(2시간권)','F','30대',1,68.61,0.73,3150,33
'2017-03','262',' 영문초등학교 사거리','일일(2시간권)','F','30대',3,1723.04,17.83,76850,633
'2017-03','263',' 근로자회관 사거리','일일(2시간권)','F','30대',3,674.39,6.08,26200,182
'2017-03','264',' 교보생명보험 앞','일일(2시간권)','F','30대',2,26.61,0.26,1120,161
'2017-03','266',' 영등포청과시장 사거리','일일(2시간권)','F','30대',3,430.18,4.04,17400,339
'2017-03','267',' 삼성화재 사옥 옆','일일(2시간권)','F','30대',1,92.99,0.92,3980,64
'2017-03','270',' 증권거래소후문교차로','일일(2시간권)','F','30대',1,274.9,2.48,10680,98
'2017-03','272',' 당산육갑문','일일(2시간권)','F','30대',12,2015.39,20.91,90090,838
'2017-03','716','신정6동 주민센터 인근','일일(2시간권)','F','30대',2,811.07,7.31,31510,119
'2017-03','816',' 신용산역 6번출구 앞','일일(2시간권)','F','30대',6,1379.74,12.72,54850,505
'2017-03','818',' 숙명여대 입구 교차로','일일(2시간권)','F','30대',2,42.22,0.38,1640,165
'2017-03','819',' 선린인터넷 고등학교','일일(2시간권)','F','30대',1,99.1,0.89,3850,82
'2017-03','822',' 이촌1동 마을공원','일일(2시간권)','F','30대',4,869.06,8.71,37560,426
'2017-03','825',' 서빙고동 주민센터 앞','일일(2시간권)','F','30대',4,962.01,7.52,32430,369
'2017-03','199',' 서울 월드컵 경기장','일일(2시간권)','F','30대',11,2817.98,28.86,124380,1417
'2017-03','584',' 광진광장 교통섬','일일(2시간권)','F','30대',2,388.69,3.84,16550,244
'2017-03','586',' 마장동 주민센터','일일(2시간권)','F','30대',2,731.25,7.6,32760,187
'2017-03','902',' 진관동 은빛초등학교','일일(2시간권)','F','30대',1,352.64,3.18,13700,99
'2017-03','906',' 연신내역 5번출구150M 아래','일일(2시간권)','F','30대',2,602.29,3.75,16180,85
'2017-03','907',' CJ 드림시티','일일(2시간권)','F','30대',7,1388.4,14.44,62220,692
'2017-03','911',' 은평평화공원(역촌역4번출구)','일일(2시간권)','F','30대',1,420.59,3.79,16340,139
'2017-03','912',' 응암오거리','일일(2시간권)','F','30대',1,223.09,2.33,10060,96
'2017-03','913',' 이마트 은평점','일일(2시간권)','F','30대',1,37.97,0.47,2040,20
'2017-03','914',' 새절역 2번출구','일일(2시간권)','F','30대',5,1268.88,11.95,51470,428
'2017-03','915',' 증산역 4번출구','일일(2시간권)','F','30대',3,860.01,8,34530,301
'2017-03','202',' 국민일보 앞','일일(2시간권)','F','30대',3,404.87,4.16,17940,186
'2017-03','925',' 불광역 2번출구','일일(2시간권)','F','30대',1,144.62,1.8,7770,67
'2017-03','926',' 불광역 8번출구','일일(2시간권)','F','30대',3,607.81,6.67,28770,227
'2017-03','930',' 구 서부경찰서 건너편','일일(2시간권)','F','30대',1,581.72,5.24,22600,117
'2017-03','931',' 역촌파출소','일일(2시간권)','F','30대',2,871.74,8.9,38390,257
'2017-03','932',' 예일여중','일일(2시간권)','F','30대',1,146.2,1.32,5680,68
'2017-03','933',' LG서비스 역촌점','일일(2시간권)','F','30대',1,188.16,1.7,7310,107
'2017-03','588',' 뚝섬 유원지역','일일(2시간권)','F','30대',1,230.63,2.08,8960,57
'2017-03','103',' 망원역 2번출구 앞','일일(2시간권)','F','30대',1,55.04,0.64,2780,23
'2017-03','204',' 국회의사당역 5번출구 옆','일일(2시간권)','F','30대',4,1385.44,13.14,56670,422
'2017-03','203',' 국회의사당역 3번출구 옆','일일(2시간권)','F','30대',2,506.76,4.88,21030,215
'2017-03','205',' 산업은행 앞','일일(2시간권)','F','30대',4,638.65,5.44,23510,290
'2017-03','206',' KBS 앞','일일(2시간권)','F','30대',2,388.8,3.99,17190,138
'2017-03','209',' 유진투자증권빌딩 앞','일일(2시간권)','F','30대',3,422.14,4.95,21320,225
'2017-03','210',' IFC몰','일일(2시간권)','F','30대',1,372.2,3.35,14460,65
'2017-03','211',' 여의도역 4번출구 옆','일일(2시간권)','F','30대',2,966.63,8.21,35360,226
'2017-03','212',' 여의도역 1번출구 옆','일일(2시간권)','F','30대',7,812.87,8.3,35820,456
'2017-03','213',' KT앞','일일(2시간권)','F','30대',3,741.83,6.68,28820,274
'2017-03','104',' 합정역 1번출구 앞','일일(2시간권)','F','30대',2,734.31,7.14,30780,183
'2017-03','220',' 미성아파트 A동 앞','일일(2시간권)','F','30대',3,430.23,4.79,20640,272
'2017-03','221',' 여의도초교 앞','일일(2시간권)','F','30대',4,703.21,6.94,29920,297
'2017-03','222',' 시범아파트버스정류장 옆','일일(2시간권)','F','30대',3,763.19,6.88,29650,193
'2017-03','105',' 합정역 5번출구 앞','일일(2시간권)','F','30대',1,358.82,3.23,13940,115
'2017-03','225',' 앙카라공원 앞','일일(2시간권)','F','30대',1,146.72,1.32,5700,100
'2017-03','207',' 여의나루역 1번출구 앞','일일(2시간권)','F','30대',14,3227.23,32.27,139100,1343
'2017-03','402',' 상암월드컵파크 9단지 앞','일일(2시간권)','F','30대',3,1746.13,17.05,73490,451
'2017-03','403',' 부엉이공원 앞','일일(2시간권)','F','30대',1,460.9,5.09,21960,120
'2017-03','106',' 합정역 7번출구 앞','일일(2시간권)','F','30대',7,1590.8,15.58,67150,612
'2017-03','406',' 상암월드컵파크 7단지 앞','일일(2시간권)','F','30대',1,153.41,1.38,5960,113
'2017-03','421',' 마포구청 앞','일일(2시간권)','F','30대',3,829,6.98,30080,347
'2017-03','420',' 서울시 공공자전거 상암센터','일일(2시간권)','F','30대',2,218.53,1.97,8490,81
'2017-03','419',' 홈플러스 앞','일일(2시간권)','F','30대',11,3379.64,36.16,155890,998
'2017-03','418',' 월드컵경기장역 3번출구 옆','일일(2시간권)','F','30대',3,1014.68,9.98,43000,366
'2017-03','107',' 신한은행 서교동금융센터점 앞','일일(2시간권)','F','30대',1,179.38,1.81,7810,93
'2017-03','413',' 상암월드컵파크 3단지 후문','일일(2시간권)','F','30대',2,600.24,4.57,19700,157
'2017-03','417',' DMC역 2번출구 옆','일일(2시간권)','F','30대',2,354.66,3.87,16690,200
'2017-03','416',' 상암월드컵파크 1단지 교차로','일일(2시간권)','F','30대',1,284.13,3.33,14350,117
'2017-03','501',' 광진구의회 앞','일일(2시간권)','F','30대',3,571.4,5.35,23010,205
'2017-03','502',' 뚝섬유원지역 1번출구 앞','일일(2시간권)','F','30대',15,4444.35,43.05,185580,1291
'2017-03','503',' 더샵스타시티 C동 앞','일일(2시간권)','F','40대',1,660.15,7.03,30310,124
'2017-03','505',' 자양사거리 광진아크로텔 앞','일일(2시간권)','F','40대',1,0,0,0,111
'2017-03','510',' 서울숲 남문 버스정류소 옆','일일(2시간권)','F','40대',2,562.66,4.81,20730,224
'2017-03','516',' 광진메디칼 앞','일일(2시간권)','F','40대',1,268.32,2.28,9820,133
'2017-03','115',' 사루비아 빌딩 앞','일일(2시간권)','F','40대',1,878.77,9.71,41870,176
'2017-03','314',' 국립현대미술관','일일(2시간권)','F','40대',1,183.78,1.66,7140,98
'2017-03','315',' 신한은행 안국역지점 옆','일일(2시간권)','F','40대',1,0,0,0,2
'2017-03','111',' 상수역 2번출구 앞','일일(2시간권)','F','40대',1,143.89,1.3,5590,94
'2017-03','338',' 세운스퀘어 앞','일일(2시간권)','F','40대',1,63.66,0.54,2330,93
'2017-03','339',' 종로4가 사거리','일일(2시간권)','F','40대',1,32.79,0.28,1200,13
'2017-03','341',' 혜화역 3번출구 뒤','일일(2시간권)','F','40대',1,201.89,2.04,8790,117
'2017-03','356',' KT혜화지사 앞','일일(2시간권)','F','40대',1,175.15,1.49,6410,186
'2017-03','359',' 원남동사거리','일일(2시간권)','F','40대',1,79.01,0.8,3440,34
'2017-03','361',' 동묘앞역 1번출구 뒤','일일(2시간권)','F','40대',2,251.38,2.13,9200,682
'2017-03','362',' 청계8가 사거리','일일(2시간권)','F','40대',2,126.51,1.52,6590,207
'2017-03','113',' 홍대입구역 2번출구 앞','일일(2시간권)','F','40대',1,283.54,3.32,14320,138
'2017-03','367',' 독립문역 3-1번출구 ','일일(2시간권)','F','40대',4,654.91,7.98,34420,317
'2017-03','369',' 광화문 시민열린마당','일일(2시간권)','F','40대',1,91.12,0.82,3540,102
'2017-03','384',' 종로학원본원 ','일일(2시간권)','F','40대',1,341,3.84,16560,112
'2017-03','144',' 공덕역 8번출구','일일(2시간권)','F','40대',4,1239.54,12.11,52180,483
'2017-03','148',' 용강동 주민센터 앞','일일(2시간권)','F','40대',2,1150.69,12.85,55370,254
'2017-03','152',' 마포구민체육센터 앞','일일(2시간권)','F','40대',5,1282.48,13.01,56060,360
'2017-03','157',' 애오개역 4번출구 앞','일일(2시간권)','F','40대',2,925.87,8.35,35970,291
'2017-03','165',' 중앙근린공원','일일(2시간권)','F','40대',1,214.93,1.94,8350,57
'2017-03','166',' 가재울 초등학교','일일(2시간권)','F','40대',6,1419.74,14.83,63890,599
'2017-03','170',' 가재울 뉴타운 주유소 옆','일일(2시간권)','F','40대',3,580.66,6.24,26890,185
'2017-03','175',' 홍연2교옆','일일(2시간권)','F','40대',1,313,2.82,12160,75
'2017-03','519',' 양지사거리','일일(2시간권)','F','40대',1,132.56,1.19,5150,97
'2017-03','520',' 상왕십리역 4번 출구 앞','일일(2시간권)','F','40대',1,375.55,3.38,14590,115
'2017-03','524',' 래미안금호하이리버 아파트 102동 옆','일일(2시간권)','F','40대',1,320.05,3.13,13470,66
'2017-03','536',' 행당역 2번출구 앞','일일(2시간권)','F','40대',2,804.28,7.85,33850,206
'2017-03','123',' 문화촌 공원','일일(2시간권)','F','40대',2,845.4,8.72,37610,299
'2017-03','538',' 답십리역 8번출구 앞','일일(2시간권)','F','40대',1,0,0,0,336
'2017-03','542',' 강변역 4번출구 뒤','일일(2시간권)','F','40대',1,233.98,2.11,9090,71
'2017-03','544',' 광남중학교','일일(2시간권)','F','40대',1,119.75,1.25,5400,106
'2017-03','600',' 휘경2동 주민센터','일일(2시간권)','F','40대',1,205.52,2.01,8650,90
'2017-03','602',' 장안동 사거리','일일(2시간권)','F','40대',1,82.63,0.74,3210,43
'2017-03','610',' 동대문중 교차로','일일(2시간권)','F','40대',1,286.97,3.11,13420,84
'2017-03','612',' 시립동부병원 앞 사거리','일일(2시간권)','F','40대',2,47,0.4,1720,391
'2017-03','613',' 신설동역 10번출구 앞','일일(2시간권)','F','40대',2,359.86,3.06,13170,480
'2017-03','615',' 용두동 레미안허브리츠아파트 앞','일일(2시간권)','F','40대',1,46,0.41,1760,66
'2017-03','229',' 양평1 보행육교 앞','일일(2시간권)','F','40대',3,475.97,5.16,22280,199
'2017-03','231',' 남부고용노동지청 남측','일일(2시간권)','F','40대',1,401.8,3.62,15610,133
'2017-03','237',' 보라매 두산위브 건너편','일일(2시간권)','F','40대',4,967.51,9.2,39640,419
'2017-03','238',' 제2구민체육센타 앞','일일(2시간권)','F','40대',1,625.22,5.64,24290,206
'2017-03','241',' 신길우성1차아파트 앞 공원','일일(2시간권)','F','40대',1,336.63,3.52,15180,93
'2017-03','242',' 신길선원가와인아파트 앞','일일(2시간권)','F','40대',2,300.96,3.28,14160,227
'2017-03','249',' 여의도중학교 옆','일일(2시간권)','F','40대',1,103.65,0.81,3490,76
'2017-03','250',' 대림아파트 사거리','일일(2시간권)','F','40대',1,503.32,5.9,25420,232
'2017-03','128',' 신촌역(2호선) 1번출구 옆','일일(2시간권)','F','40대',1,167.82,1.51,6520,36
'2017-03','254',' 도림신협 앞','일일(2시간권)','F','40대',1,561.13,5.06,21800,114
'2017-03','257',' 신길삼거리(우리은행)','일일(2시간권)','F','40대',1,268.01,2.62,11280,116
'2017-03','258',' 신길역3번출구','일일(2시간권)','F','40대',2,850.94,7.8,33620,234
'2017-03','259',' 대방역6번출구','일일(2시간권)','F','40대',1,258.17,2.33,10030,62
'2017-03','700',' KB국민은행 염창역 지점 앞','일일(2시간권)','F','40대',1,707.63,7.54,32490,185
'2017-03','701',' 목동사거리 부근','일일(2시간권)','F','40대',1,258.51,2.52,10880,96
'2017-03','703',' 오목교역 7번출구 앞','일일(2시간권)','F','40대',3,1179.29,11.78,50770,291
'2017-03','708',' 서울출입국관리사무소 앞','일일(2시간권)','F','40대',3,897.33,8.68,37390,232
'2017-03','800',' 목월공원 앞','일일(2시간권)','F','40대',1,155.47,1.4,6040,57
'2017-03','811',' 녹사평역1번출구','일일(2시간권)','F','40대',1,330.2,3.45,14890,110
'2017-03','813',' 삼각지역 3번출구','일일(2시간권)','F','40대',1,412.61,3.72,16030,158
'2017-03','815',' LIG강촌아파트 103동앞','일일(2시간권)','F','40대',1,56.11,0.51,2180,45
'2017-03','181',' 망원초록길 입구','일일(2시간권)','F','40대',6,3040.32,33.61,144860,693
'2017-03','182',' 망원2빗물펌프장 앞','일일(2시간권)','F','40대',5,1020.16,10.84,46690,396
'2017-03','183',' 하늘채코오롱아파트 건너편','일일(2시간권)','F','40대',2,245.52,2.88,12400,107
'2017-03','184',' SK망원동주유소 건너편','일일(2시간권)','F','40대',1,410.04,3.7,15930,100
'2017-03','186',' 월드컵공원','일일(2시간권)','F','40대',15,2702.66,24.58,105930,1237
'2017-03','188',' 홍은동 정원여중 입구','일일(2시간권)','F','40대',1,328.44,2.96,12760,91
'2017-03','178',' 증산3교 앞','일일(2시간권)','F','40대',1,192.46,2.26,9720,114
'2017-03','194',' 증산교 앞','일일(2시간권)','F','40대',1,87.46,0.95,4090,37
'2017-03','561',' 서울숲역 2번출구 앞','일일(2시간권)','F','40대',2,388.09,4.49,19340,152
'2017-03','562',' 군자지하보도 앞','일일(2시간권)','F','40대',1,45.36,0.39,1660,10
'2017-03','565',' 옥수역 3번출구','일일(2시간권)','F','40대',6,982.94,10.77,46380,527
'2017-03','568',' 청계8가사거리 부근','일일(2시간권)','F','40대',1,176.58,1.59,6860,43
'2017-03','581',' 용답초등학교','일일(2시간권)','F','40대',1,265.38,2.39,10310,106
'2017-03','582',' 경일중학교 앞','일일(2시간권)','F','40대',1,100.9,0.91,3920,65
'2017-03','583',' 청계천 생태교실 앞','일일(2시간권)','F','40대',1,0,0,0,45
'2017-03','551',' 구의삼성쉐르빌 앞','일일(2시간권)','F','40대',1,41.82,0.45,1920,54
'2017-03','553',' 중곡 성원APT 앞','일일(2시간권)','F','40대',1,345.95,3.12,13440,70
'2017-03','555',' 구의3동주민센터','일일(2시간권)','F','40대',1,137.44,1.17,5030,127
'2017-03','576',' 광나루역 3번 출구','일일(2시간권)','F','40대',1,281.08,2.53,10920,112
'2017-03','577',' 광진청소년수련관','일일(2시간권)','F','40대',1,372.32,3.64,15670,114
'2017-03','624',' 전농동 동아아파트 앞','일일(2시간권)','F','40대',2,665,5.89,25380,410
'2017-03','625',' 답십리초등학교 앞(현대시장 옆)','일일(2시간권)','F','40대',1,121.24,1.09,4710,88
'2017-03','631',' 답십리역 1번출구','일일(2시간권)','F','40대',3,860.8,7.92,34140,501
'2017-03','102',' 망원역 1번출구 앞','일일(2시간권)','F','40대',1,496.37,5.49,23650,115
'2017-03','633',' 청량리 기업은행 앞','일일(2시간권)','F','40대',1,274.06,2.33,10030,318
'2017-03','636',' 세종대왕기념관 교차로','일일(2시간권)','F','40대',1,492.03,5.77,24850,115
'2017-03','641',' 용두역 4번출구','일일(2시간권)','F','40대',1,10.93,0.09,400,44
'2017-03','642',' 신답역 사거리','일일(2시간권)','F','40대',1,162.03,1.38,5930,40
'2017-03','140',' 이화여대 후문','일일(2시간권)','F','40대',1,472.59,4.26,18360,185
'2017-03','643',' 동대문구민체육센터 (육교아래)','일일(2시간권)','F','40대',2,628.03,6.45,27810,222
'2017-03','260',' 여의도 마리나선착장 앞','일일(2시간권)','F','40대',1,0,0,0,137
'2017-03','263',' 근로자회관 사거리','일일(2시간권)','F','40대',1,164.66,1.61,6930,163
'2017-03','272',' 당산육갑문','일일(2시간권)','F','40대',2,485.46,4.38,18860,177
'2017-03','816',' 신용산역 6번출구 앞','일일(2시간권)','F','40대',1,305.28,2.75,11860,102
'2017-03','825',' 서빙고동 주민센터 앞','일일(2시간권)','F','40대',4,347.86,3.54,15300,237
'2017-03','199',' 서울 월드컵 경기장','일일(2시간권)','F','40대',5,1118.64,10.69,46090,631
'2017-03','902',' 진관동 은빛초등학교','일일(2시간권)','F','40대',2,988.33,7.81,33670,261
'2017-03','907',' CJ 드림시티','일일(2시간권)','F','40대',8,1929.48,19.89,85770,732
'2017-03','908',' 구산역 4번출구','일일(2시간권)','F','40대',1,162.16,1.46,6300,119
'2017-03','915',' 증산역 4번출구','일일(2시간권)','F','40대',1,296.52,2.67,11520,148
'2017-03','916',' 평생학습관 앞','일일(2시간권)','F','40대',1,275.16,2.48,10690,96
'2017-03','921',' 신도고등학교','일일(2시간권)','F','40대',1,160.62,1.45,6240,66
'2017-03','202',' 국민일보 앞','일일(2시간권)','F','40대',3,500.27,5.34,23000,216
'2017-03','924',' 메뚜기다리','일일(2시간권)','F','40대',5,1676.47,15.4,66370,633
'2017-03','932',' 예일여중','일일(2시간권)','F','40대',3,840.41,7.57,32650,256
'2017-03','587',' KEB하나은행 성수중앙지점','일일(2시간권)','F','40대',1,173.42,1.81,7820,75
'2017-03','588',' 뚝섬 유원지역','일일(2시간권)','F','40대',1,249.68,2.25,9700,98
'2017-03','103',' 망원역 2번출구 앞','일일(2시간권)','F','40대',1,317.59,3.72,16040,94
'2017-03','205',' 산업은행 앞','일일(2시간권)','F','40대',3,706.71,6.71,28920,204
'2017-03','206',' KBS 앞','일일(2시간권)','F','40대',1,489.08,4.62,19920,119
'2017-03','210',' IFC몰','일일(2시간권)','F','40대',3,223.28,2.76,11880,197
'2017-03','211',' 여의도역 4번출구 옆','일일(2시간권)','F','40대',1,448.13,4.04,17410,117
'2017-03','212',' 여의도역 1번출구 옆','일일(2시간권)','F','40대',3,641.99,6.13,26400,273
'2017-03','213',' KT앞','일일(2시간권)','F','40대',2,522.52,4.71,20300,225
'2017-03','214',' 금융감독원 앞','일일(2시간권)','F','40대',4,953.45,10.34,44550,442
'2017-03','215',' 여의도고교 앞','일일(2시간권)','F','40대',1,157.01,1.84,7930,116
'2017-03','216',' 삼부아파트1동 앞','일일(2시간권)','F','40대',1,278.51,2.51,10820,83
'2017-03','217',' NH농협은행 앞','일일(2시간권)','F','40대',1,118.06,1.19,5140,69
'2017-03','221',' 여의도초교 앞','일일(2시간권)','F','40대',1,140.54,1.27,5460,57
'2017-03','222',' 시범아파트버스정류장 옆','일일(2시간권)','F','40대',3,77.4,0.78,3370,50
'2017-03','225',' 앙카라공원 앞','일일(2시간권)','F','40대',1,104.45,1.09,4710,106
'2017-03','226',' 샛강역 1번출구 앞','일일(2시간권)','F','40대',2,637.72,6.8,29280,163
'2017-03','207',' 여의나루역 1번출구 앞','일일(2시간권)','F','40대',8,2714.88,27.63,119040,909
'2017-03','106',' 합정역 7번출구 앞','일일(2시간권)','F','40대',3,484.94,4.38,18840,148
'2017-03','421',' 마포구청 앞','일일(2시간권)','F','40대',1,99.46,1.49,6440,77
'2017-03','407',' 마포구 육아종합지원센터','일일(2시간권)','F','40대',2,226.77,2.04,8810,172
'2017-03','420',' 서울시 공공자전거 상암센터','일일(2시간권)','F','40대',1,197.68,1.78,7680,89
'2017-03','409',' 누리꿈스퀘어 옆','일일(2시간권)','F','40대',2,183.27,1.65,7120,65
'2017-03','419',' 홈플러스 앞','일일(2시간권)','F','40대',3,532.86,5.88,25370,325
'2017-03','410',' 상암중학교 옆','일일(2시간권)','F','40대',2,186.5,1.9,8180,174
'2017-03','418',' 월드컵경기장역 3번출구 옆','일일(2시간권)','F','40대',2,244.64,2.96,12760,187
'2017-03','411',' DMC홍보관','일일(2시간권)','F','40대',1,54.31,0.49,2110,29
'2017-03','417',' DMC역 2번출구 옆','일일(2시간권)','F','40대',2,982.24,8.85,38160,440
'2017-03','416',' 상암월드컵파크 1단지 교차로','일일(2시간권)','F','40대',1,51.84,0.55,2380,61
'2017-03','501',' 광진구의회 앞','일일(2시간권)','F','40대',1,316.34,2.85,12290,93
'2017-03','502',' 뚝섬유원지역 1번출구 앞','일일(2시간권)','F','40대',6,1601.4,14.89,64150,555
'2017-03','510',' 서울숲 남문 버스정류소 옆','일일(2시간권)','F','50대',1,291.38,2.63,11320,89
'2017-03','511',' 서울숲역 4번 출구 옆','일일(2시간권)','F','50대',1,319.18,2.88,12400,95
'2017-03','109',' 제일빌딩 앞','일일(2시간권)','F','50대',1,0,0,0,30
'2017-03','513',' 뚝섬역 5번 출구 정류소 옆','일일(2시간권)','F','50대',1,367.01,3.07,13240,76
'2017-03','115',' 사루비아 빌딩 앞','일일(2시간권)','F','50대',1,356.2,2.98,12850,90
'2017-03','111',' 상수역 2번출구 앞','일일(2시간권)','F','50대',1,642.21,5.79,24950,150
'2017-03','142',' 아현역 4번출구 앞','일일(2시간권)','F','50대',1,312.9,2.35,10130,120
'2017-03','146',' 마포역 1번출구 뒤','일일(2시간권)','F','50대',1,548.86,5.36,23100,103
'2017-03','152',' 마포구민체육센터 앞','일일(2시간권)','F','50대',2,478.17,4.59,19770,184
'2017-03','153',' 성산2교 사거리','일일(2시간권)','F','50대',2,595.11,5.36,23120,214
'2017-03','165',' 중앙근린공원','일일(2시간권)','F','50대',2,153.01,1.95,8400,56
'2017-03','166',' 가재울 초등학교','일일(2시간권)','F','50대',3,669.5,6.04,26010,315
'2017-03','518',' 청계천 박물관 앞','일일(2시간권)','F','50대',1,165.13,1.93,8340,69
'2017-03','537',' 한양대후문역 부근','일일(2시간권)','F','50대',1,136.6,1.43,6160,93
'2017-03','539',' 군자교교차로','일일(2시간권)','F','50대',1,381.78,2.87,12360,68
'2017-03','542',' 강변역 4번출구 뒤','일일(2시간권)','F','50대',1,347.23,3.13,13490,134
'2017-03','608',' 전농삼성아파트','일일(2시간권)','F','50대',1,20.39,0.24,1030,10
'2017-03','229',' 양평1 보행육교 앞','일일(2시간권)','F','50대',1,429.2,4.26,18370,86
'2017-03','249',' 여의도중학교 옆','일일(2시간권)','F','50대',2,381.99,3.44,14840,269
'2017-03','802',' 한강진역 2번 출구 앞','일일(2시간권)','F','50대',1,280.37,3.42,14750,113
'2017-03','815',' LIG강촌아파트 103동앞','일일(2시간권)','F','50대',1,737.75,8,34500,291
'2017-03','182',' 망원2빗물펌프장 앞','일일(2시간권)','F','50대',1,267.7,2.41,10400,80
'2017-03','186',' 월드컵공원','일일(2시간권)','F','50대',1,264.86,2.39,10290,69
'2017-03','191',' 정명학원','일일(2시간권)','F','50대',1,222.39,2,8640,77
'2017-03','194',' 증산교 앞','일일(2시간권)','F','50대',1,218.24,2.32,10020,85
'2017-03','196',' 연희교차로 인근','일일(2시간권)','F','50대',1,55.04,0.64,2780,21
'2017-03','559',' 왕십리역 4번 출구 건너편','일일(2시간권)','F','50대',1,303.47,2.74,11790,92
'2017-03','565',' 옥수역 3번출구','일일(2시간권)','F','50대',1,320.72,2.89,12460,136
'2017-03','551',' 구의삼성쉐르빌 앞','일일(2시간권)','F','50대',1,208.75,1.88,8110,66
'2017-03','577',' 광진청소년수련관','일일(2시간권)','F','50대',1,238.55,2.33,10040,64
'2017-03','638',' 서울시립대 정보기술관','일일(2시간권)','F','50대',1,86.53,1.01,4370,40
'2017-03','643',' 동대문구민체육센터 (육교아래)','일일(2시간권)','F','50대',1,371.43,3.35,14430,94
'2017-03','268',' 그랜드컨벤션센터 앞','일일(2시간권)','F','50대',1,187.38,1.86,8020,62
'2017-03','200',' 국회의원회관','일일(2시간권)','F','50대',1,530.5,4.78,20610,88
'2017-03','902',' 진관동 은빛초등학교','일일(2시간권)','F','50대',1,228.31,2.06,8870,106
'2017-03','907',' CJ 드림시티','일일(2시간권)','F','50대',1,313.26,2.82,12170,90
'2017-03','914',' 새절역 2번출구','일일(2시간권)','F','50대',1,306.85,3.1,13360,96
'2017-03','202',' 국민일보 앞','일일(2시간권)','F','50대',2,332.81,3,12930,165
'2017-03','928',' 은평역사한옥박물관','일일(2시간권)','F','50대',1,172.97,1.56,6720,59
'2017-03','103',' 망원역 2번출구 앞','일일(2시간권)','F','50대',1,161.17,1.89,8140,44
'2017-03','211',' 여의도역 4번출구 옆','일일(2시간권)','F','50대',1,331.02,2.98,12860,95
'2017-03','215',' 여의도고교 앞','일일(2시간권)','F','50대',2,562.93,5.08,21870,189
'2017-03','226',' 샛강역 1번출구 앞','일일(2시간권)','F','50대',2,279.28,2.52,10850,121
'2017-03','207',' 여의나루역 1번출구 앞','일일(2시간권)','F','50대',9,1721.36,15.96,68800,654
'2017-03','407',' 마포구 육아종합지원센터','일일(2시간권)','F','50대',1,716.13,4.77,20550,149
'2017-03','419',' 홈플러스 앞','일일(2시간권)','F','50대',1,96.88,0.64,2780,22
'2017-03','418',' 월드컵경기장역 3번출구 옆','일일(2시간권)','F','50대',2,56.11,0.5,2180,36
'2017-03','501',' 광진구의회 앞','일일(2시간권)','F','50대',1,159.33,1.44,6190,50
'2017-03','502',' 뚝섬유원지역 1번출구 앞','일일(2시간권)','F','50대',5,380.46,4.27,18400,483
'2017-03','511',' 서울숲역 4번 출구 옆','일일(2시간권)','F','60대',1,205.82,2.19,9450,82
'2017-03','311',' 서울광장 옆','일일(2시간권)','F','60대',1,271.3,2.45,10540,125
'2017-03','370',' 시청역(2호선) 9번출구 뒤','일일(2시간권)','F','60대',1,92.89,0.74,3170,69
'2017-03','383',' 신당역 12번 출구 뒤','일일(2시간권)','F','60대',1,264.84,2.82,12160,117
'2017-03','609',' 제기2교','일일(2시간권)','F','60대',1,55.88,0.68,2940,92
'2017-03','565',' 옥수역 3번출구','일일(2시간권)','F','60대',1,853.04,6.75,29110,148
'2017-03','574',' 아차산역4번출구','일일(2시간권)','F','60대',1,181.98,1.64,7070,72
'2017-03','641',' 용두역 4번출구','일일(2시간권)','F','60대',1,333.08,3,12940,89
'2017-03','901',' 응암1동사무소','일일(2시간권)','F','60대',1,387.9,3.5,15070,169
'2017-03','588',' 뚝섬 유원지역','일일(2시간권)','F','60대',2,801.8,7.23,31150,214
'2017-03','210',' IFC몰','일일(2시간권)','F','60대',1,244.02,2.2,9480,73
'2017-03','505',' 자양사거리 광진아크로텔 앞','일일(2시간권)','F','70대~',1,259.46,2.34,10080,88
'2017-03','509',' 이마트 버스정류소 옆','일일(2시간권)','F','70대~',1,201.29,1.81,7820,66
'2017-03','510',' 서울숲 남문 버스정류소 옆','일일(2시간권)','F','70대~',1,131.27,1.18,5100,55
'2017-03','511',' 서울숲역 4번 출구 옆','일일(2시간권)','F','70대~',3,692.7,6.56,28250,262
'2017-03','516',' 광진메디칼 앞','일일(2시간권)','F','70대~',1,382.98,4.01,17270,114
'2017-03','115',' 사루비아 빌딩 앞','일일(2시간권)','F','70대~',1,250.27,2.93,12640,118
'2017-03','311',' 서울광장 옆','일일(2시간권)','F','70대~',1,47.88,0.43,1860,18
'2017-03','312',' 시청역 1번출구 뒤','일일(2시간권)','F','70대~',1,119.69,1.08,4650,94
'2017-03','321',' KEB 하나은행 본점 앞','일일(2시간권)','F','70대~',1,141.83,1.28,5510,57
'2017-03','353',' 재동초교 앞 삼거리','일일(2시간권)','F','70대~',1,58.17,0.52,2260,22
'2017-03','371',' 동대입구역 6번출구 뒤','일일(2시간권)','F','70대~',1,174,1.57,6760,115
'2017-03','148',' 용강동 주민센터 앞','일일(2시간권)','F','70대~',2,537.01,5.47,23570,164
'2017-03','151',' 망원1동주민센터','일일(2시간권)','F','70대~',2,240.48,2.4,10310,233
'2017-03','152',' 마포구민체육센터 앞','일일(2시간권)','F','70대~',1,198.71,1.79,7720,88
'2017-03','153',' 성산2교 사거리','일일(2시간권)','F','70대~',2,405.92,3.66,15770,184
'2017-03','158',' 독립문 어린이 공원','일일(2시간권)','F','70대~',1,157.01,1.84,7930,92
'2017-03','159',' 이대역 4번 출구','일일(2시간권)','F','70대~',1,292.08,3,12940,166
'2017-03','163',' 명지전문대학교 정문 앞','일일(2시간권)','F','70대~',1,138.48,1.25,5380,33
'2017-03','175',' 홍연2교옆','일일(2시간권)','F','70대~',1,124.8,1.33,5730,51
'2017-03','533',' 우리은행 금호동 지점 앞','일일(2시간권)','F','70대~',1,386.87,3.49,15030,121
'2017-03','540',' 군자역 7번출구 베스트샵 앞','일일(2시간권)','F','70대~',1,221.21,2.45,10540,80
'2017-03','548',' 자양나들목','일일(2시간권)','F','70대~',1,115.32,1.04,4480,56
'2017-03','124',' 서강대 정문 건너편','일일(2시간권)','F','70대~',3,2064.57,17.79,76670,563
'2017-03','609',' 제기2교','일일(2시간권)','F','70대~',2,639.51,5.83,25140,167
'2017-03','614',' 용두동 사거리','일일(2시간권)','F','70대~',1,395.62,3.57,15370,104
'2017-03','617',' 청솔우성아파트 앞','일일(2시간권)','F','70대~',1,365.71,2.75,11840,66
'2017-03','229',' 양평1 보행육교 앞','일일(2시간권)','F','70대~',1,448.65,4.04,17430,90
'2017-03','128',' 신촌역(2호선) 1번출구 옆','일일(2시간권)','F','70대~',1,683.97,5.89,25400,203
'2017-03','253',' 신풍역 5번출구 인근','일일(2시간권)','F','70대~',2,342.46,3.65,15720,226
'2017-03','703',' 오목교역 7번출구 앞','일일(2시간권)','F','70대~',1,411.84,3.71,16000,96
'2017-03','706',' 신정네거리역','일일(2시간권)','F','70대~',3,883.52,9.05,39010,266
'2017-03','708',' 서울출입국관리사무소 앞','일일(2시간권)','F','70대~',1,330.74,3.23,13920,77
'2017-03','805',' 문배어린이공원 앞','일일(2시간권)','F','70대~',2,139.51,1.26,5420,68
'2017-03','565',' 옥수역 3번출구','일일(2시간권)','F','70대~',2,250.15,3.05,13160,160
'2017-03','583',' 청계천 생태교실 앞','일일(2시간권)','F','70대~',1,482.63,4.35,18750,96
'2017-03','631',' 답십리역 1번출구','일일(2시간권)','F','70대~',1,262.01,2.79,12030,134
'2017-03','639',' 서울시립대 후문','일일(2시간권)','F','70대~',1,69.93,0.76,3270,92
'2017-03','719',' 홍익병원앞 교차로','일일(2시간권)','F','70대~',1,0,0,0,60
'2017-03','206',' KBS 앞','일일(2시간권)','F','70대~',2,425.29,4.6,19790,124
'2017-03','211',' 여의도역 4번출구 옆','일일(2시간권)','F','70대~',1,270.78,2.44,10520,118
'2017-03','213',' KT앞','일일(2시간권)','F','70대~',3,1700.48,18.27,78730,562
'2017-03','226',' 샛강역 1번출구 앞','일일(2시간권)','F','70대~',3,531.79,4.79,20660,189
'2017-03','207',' 여의나루역 1번출구 앞','일일(2시간권)','F','70대~',6,1410.58,12.86,55440,439
'2017-03','419',' 홈플러스 앞','일일(2시간권)','F','70대~',2,558.28,5.22,22500,185
'2017-03','418',' 월드컵경기장역 3번출구 옆','일일(2시간권)','F','70대~',1,139.25,1.26,5410,36
'2017-03','502',' 뚝섬유원지역 1번출구 앞','일일(2시간권)','F','70대~',2,332.05,3.41,14690,170
'2017-03','510',' 서울숲 남문 버스정류소 옆','일일(2시간권)','M','~10대',1,230.89,2.08,8970,116
'2017-03','511',' 서울숲역 4번 출구 옆','일일(2시간권)','M','~10대',2,324.14,2.88,12410,97
'2017-03','516',' 광진메디칼 앞','일일(2시간권)','M','~10대',1,236.55,2.13,9190,104
'2017-03','303',' 광화문역 1번출구 앞','일일(2시간권)','M','~10대',1,147.31,1.44,6200,40
'2017-03','316',' 종각역 1번출구 앞','일일(2시간권)','M','~10대',1,61.54,0.52,2220,50
'2017-03','322',' 명동성당 앞','일일(2시간권)','M','~10대',1,129.21,1.16,5020,116
'2017-03','335',' 종로3가역 15번출구 앞','일일(2시간권)','M','~10대',1,133.06,1.3,5600,64
'2017-03','340',' 혜화동 로터리','일일(2시간권)','M','~10대',1,325.35,2.93,12640,118
'2017-03','355',' 서울사대부속초교 앞','일일(2시간권)','M','~10대',1,0,0,0,137
'2017-03','358',' 성대입구 사거리','일일(2시간권)','M','~10대',1,0,0,0,78
'2017-03','359',' 원남동사거리','일일(2시간권)','M','~10대',1,200.53,1.96,8440,84
'2017-03','113',' 홍대입구역 2번출구 앞','일일(2시간권)','M','~10대',1,465.64,4.2,18090,106
'2017-03','114',' 홍대입구역 8번출구 앞','일일(2시간권)','M','~10대',1,126.23,0.99,4250,94
'2017-03','145',' 공덕역 5번출구','일일(2시간권)','M','~10대',1,477.39,3.54,15260,111
'2017-03','151',' 망원1동주민센터','일일(2시간권)','M','~10대',1,165.58,2.11,9090,101
'2017-03','152',' 마포구민체육센터 앞','일일(2시간권)','M','~10대',1,40.99,0.32,1380,27
'2017-03','161',' 무악재역1번 출구','일일(2시간권)','M','~10대',2,409.83,3.04,13100,68
'2017-03','171',' 임광빌딩 앞','일일(2시간권)','M','~10대',1,63.01,0.54,2340,19
'2017-03','175',' 홍연2교옆','일일(2시간권)','M','~10대',1,533.59,4.81,20730,176
'2017-03','520',' 상왕십리역 4번 출구 앞','일일(2시간권)','M','~10대',1,71.04,0.69,2990,23
'2017-03','534',' 금호사거리','일일(2시간권)','M','~10대',1,103.22,0.93,4010,28
'2017-03','550',' 서울시설공단 앞','일일(2시간권)','M','~10대',1,139.25,1.26,5410,57
'2017-03','542',' 강변역 4번출구 뒤','일일(2시간권)','M','~10대',1,605.02,4.92,21220,104
'2017-03','544',' 광남중학교','일일(2시간권)','M','~10대',6,3030.64,24.22,104410,631
'2017-03','125',' 서강대 남문 옆','일일(2시간권)','M','~10대',1,255.02,2.13,9200,117
'2017-03','614',' 용두동 사거리','일일(2시간권)','M','~10대',2,148.2,1.07,4600,110
'2017-03','237',' 보라매 두산위브 건너편','일일(2시간권)','M','~10대',6,1717.71,15.4,66400,461
'2017-03','249',' 여의도중학교 옆','일일(2시간권)','M','~10대',2,290.94,2.42,10440,75
'2017-03','258',' 신길역3번출구','일일(2시간권)','M','~10대',1,129.37,1.4,6050,102
'2017-03','259',' 대방역6번출구','일일(2시간권)','M','~10대',1,571.76,5,21550,96
'2017-03','700',' KB국민은행 염창역 지점 앞','일일(2시간권)','M','~10대',2,989.8,8.92,38480,256
'2017-03','800',' 목월공원 앞','일일(2시간권)','M','~10대',3,1346.66,12.13,52290,414
'2017-03','811',' 녹사평역1번출구','일일(2시간권)','M','~10대',1,72.53,0.77,3330,85
'2017-03','815',' LIG강촌아파트 103동앞','일일(2시간권)','M','~10대',3,538.32,4.51,19420,460
'2017-03','132',' 창천문화공원','일일(2시간권)','M','~10대',1,414.19,3.91,16870,138
'2017-03','182',' 망원2빗물펌프장 앞','일일(2시간권)','M','~10대',2,510.86,3.65,15720,140
'2017-03','184',' SK망원동주유소 건너편','일일(2시간권)','M','~10대',1,71.87,0.56,2420,15
'2017-03','194',' 증산교 앞','일일(2시간권)','M','~10대',1,517.02,3.56,15360,71
'2017-03','559',' 왕십리역 4번 출구 건너편','일일(2시간권)','M','~10대',1,176.38,1.52,6550,53
'2017-03','562',' 군자지하보도 앞','일일(2시간권)','M','~10대',1,218.53,1.97,8490,46
'2017-03','568',' 청계8가사거리 부근','일일(2시간권)','M','~10대',1,11.33,0.12,530,9
'2017-03','579',' 마장역 4번출구','일일(2시간권)','M','~10대',1,606.99,4.45,19160,147
'2017-03','583',' 청계천 생태교실 앞','일일(2시간권)','M','~10대',3,93.49,0.98,4220,133
'2017-03','623',' 서울시립대 정문 앞','일일(2시간권)','M','~10대',1,406.34,3.84,16550,146
'2017-03','267',' 삼성화재 사옥 옆','일일(2시간권)','M','~10대',1,304.08,2.26,9720,103
'2017-03','822',' 이촌1동 마을공원','일일(2시간권)','M','~10대',1,273.5,2.97,12790,58
'2017-03','825',' 서빙고동 주민센터 앞','일일(2시간권)','M','~10대',7,2875.28,23.55,101520,664
'2017-03','199',' 서울 월드컵 경기장','일일(2시간권)','M','~10대',4,998.2,9,38780,429
'2017-03','388',' 동성중학교 앞','일일(2시간권)','M','~10대',2,1159.93,8,34460,195
'2017-03','586',' 마장동 주민센터','일일(2시간권)','M','~10대',2,972.82,7.97,34350,271
'2017-03','907',' CJ 드림시티','일일(2시간권)','M','~10대',2,778.75,6.79,29270,207
'2017-03','932',' 예일여중','일일(2시간권)','M','~10대',3,1647.99,14.48,62420,303
'2017-03','212',' 여의도역 1번출구 옆','일일(2시간권)','M','~10대',1,451.22,4.07,17530,102
'2017-03','215',' 여의도고교 앞','일일(2시간권)','M','~10대',2,494.51,3.86,16650,180
'2017-03','207',' 여의나루역 1번출구 앞','일일(2시간권)','M','~10대',5,1186.54,9.94,42810,497
'2017-03','420',' 서울시 공공자전거 상암센터','일일(2시간권)','M','~10대',1,265.82,2.08,8950,92
'2017-03','409',' 누리꿈스퀘어 옆','일일(2시간권)','M','~10대',2,196.84,1.8,7770,40
'2017-03','419',' 홈플러스 앞','일일(2시간권)','M','~10대',1,161.24,0.81,3510,24
'2017-03','418',' 월드컵경기장역 3번출구 옆','일일(2시간권)','M','~10대',1,468.09,2.36,10190,119
'2017-03','411',' DMC홍보관','일일(2시간권)','M','~10대',2,95.16,0.87,3760,27
'2017-03','417',' DMC역 2번출구 옆','일일(2시간권)','M','~10대',1,205.75,1.94,8380,82
'2017-03','500',' 어린이대공원역 3번출구 앞','일일(2시간권)','M','~10대',1,179.63,1.88,8100,109
'2017-03','501',' 광진구의회 앞','일일(2시간권)','M','~10대',1,355.47,3.2,13810,155
'2017-03','502',' 뚝섬유원지역 1번출구 앞','일일(2시간권)','M','~10대',2,566.32,4.89,21090,175
'2017-03','108',' 서교동 사거리','일일(2시간권)','M','20대',8,2893.77,23.32,100530,958
'2017-03','503',' 더샵스타시티 C동 앞','일일(2시간권)','M','20대',2,257.38,2.42,10430,235
'2017-03','504',' 신자초교입구교차로','일일(2시간권)','M','20대',1,148.01,1.33,5750,37
'2017-03','505',' 자양사거리 광진아크로텔 앞','일일(2시간권)','M','20대',10,3428.06,29.89,128780,1097
'2017-03','508',' 성수아카데미타워 앞','일일(2시간권)','M','20대',1,231.4,2.09,8990,113
'2017-03','510',' 서울숲 남문 버스정류소 옆','일일(2시간권)','M','20대',22,4446.7,36.22,156220,2099
'2017-03','511',' 서울숲역 4번 출구 옆','일일(2시간권)','M','20대',43,7193.56,61.56,265390,3790
'2017-03','512',' 뚝섬역 1번 출구 옆','일일(2시간권)','M','20대',5,1458.64,11.92,51340,327
'2017-03','109',' 제일빌딩 앞','일일(2시간권)','M','20대',8,2392.99,19.88,85680,463
'2017-03','513',' 뚝섬역 5번 출구 정류소 옆','일일(2시간권)','M','20대',3,673.87,6.08,26180,279
'2017-03','514',' 성수사거리 버스정류장 앞','일일(2시간권)','M','20대',1,258.94,2.33,10060,82
'2017-03','515',' 광양중학교 앞','일일(2시간권)','M','20대',8,2483.72,20.13,86780,769
'2017-03','516',' 광진메디칼 앞','일일(2시간권)','M','20대',3,1584.91,11.91,51370,355
'2017-03','300',' 정동사거리','일일(2시간권)','M','20대',2,264.64,2.04,8810,143
'2017-03','302',' 경복궁역 4번출구 뒤','일일(2시간권)','M','20대',3,477.17,4.06,17450,141
'2017-03','115',' 사루비아 빌딩 앞','일일(2시간권)','M','20대',2,606.83,4.99,21520,173
'2017-03','305',' 종로구청 옆','일일(2시간권)','M','20대',1,91.63,0.83,3560,32
'2017-03','309',' 광화문역 6번출구 옆','일일(2시간권)','M','20대',1,131.44,1.07,4610,39
'2017-03','311',' 서울광장 옆','일일(2시간권)','M','20대',1,126.13,1.14,4900,105
'2017-03','312',' 시청역 1번출구 뒤','일일(2시간권)','M','20대',2,204.55,1.5,6450,119
'2017-03','313',' 서울역 광장 파출소 옆','일일(2시간권)','M','20대',4,640.09,4.67,20110,260
'2017-03','110',' 사천교','일일(2시간권)','M','20대',3,814.17,7.27,31360,286
'2017-03','314',' 국립현대미술관','일일(2시간권)','M','20대',1,453.72,3.02,13020,86
'2017-03','316',' 종각역 1번출구 앞','일일(2시간권)','M','20대',3,766.69,5.59,24090,181
'2017-03','320',' 을지로입구역 4번출구 앞','일일(2시간권)','M','20대',2,63.12,0.54,2310,117
'2017-03','321',' KEB 하나은행 본점 앞','일일(2시간권)','M','20대',3,412.52,3.49,15030,197
'2017-03','322',' 명동성당 앞','일일(2시간권)','M','20대',3,648.72,5.28,22750,199
'2017-03','116',' 일진아이윌아파트 옆','일일(2시간권)','M','20대',4,1239.99,7.55,32510,314
'2017-03','324',' 신세계백화점 본점 앞','일일(2시간권)','M','20대',3,714.98,6.38,27480,196
'2017-03','326',' 안국역 5번출구 앞','일일(2시간권)','M','20대',1,75.93,0.68,2950,37
'2017-03','327',' 낙원상가 옆','일일(2시간권)','M','20대',3,633.05,5.96,25690,496
'2017-03','328',' 탑골공원 앞','일일(2시간권)','M','20대',4,738.87,6.4,27580,230
'2017-03','331',' 을지로2가 사거리 북측','일일(2시간권)','M','20대',3,117.38,1.09,4710,47
'2017-03','111',' 상수역 2번출구 앞','일일(2시간권)','M','20대',19,7096.18,58.46,251910,1703
'2017-03','334',' 종로3가역 2번출구 뒤','일일(2시간권)','M','20대',1,99.1,0.89,3850,57
'2017-03','335',' 종로3가역 15번출구 앞','일일(2시간권)','M','20대',4,722.01,5.61,24150,321
'2017-03','336',' 티마크 호텔 앞','일일(2시간권)','M','20대',4,711.43,5.54,23910,250
'2017-03','338',' 세운스퀘어 앞','일일(2시간권)','M','20대',2,612.63,5.01,21570,135
'2017-03','339',' 종로4가 사거리','일일(2시간권)','M','20대',3,184.16,1.54,6640,81
'2017-03','340',' 혜화동 로터리','일일(2시간권)','M','20대',3,774.38,7.32,31560,349
'2017-03','341',' 혜화역 3번출구 뒤','일일(2시간권)','M','20대',2,185.61,1.62,6980,56
'2017-03','342',' 대학로 마로니에공원','일일(2시간권)','M','20대',3,413.06,3.88,16730,280
'2017-03','112',' 극동방송국 앞','일일(2시간권)','M','20대',10,2976.61,26.24,113070,865
'2017-03','344',' 성균관대 E하우스 앞','일일(2시간권)','M','20대',2,1119.95,10.09,43510,221
'2017-03','346',' 맥스타일 앞','일일(2시간권)','M','20대',5,1412.69,11.58,49940,438
'2017-03','347',' 동대문역사문화공원역 9번출구 앞','일일(2시간권)','M','20대',3,634,5.03,21670,133
'2017-03','350','KEB 하나은행(내자동 지점) 앞','일일(2시간권)','M','20대',1,256.35,2.73,11770,60
'2017-03','352',' 중앙고입구 삼거리','일일(2시간권)','M','20대',2,613.38,5.53,23830,192
'2017-03','117',' 홍은사거리','일일(2시간권)','M','20대',2,461.92,3.9,16830,107
'2017-03','354',' 포르투갈 대사관 앞','일일(2시간권)','M','20대',1,82.88,0.75,3220,29
'2017-03','358',' 성대입구 사거리','일일(2시간권)','M','20대',7,2656.01,18.08,77920,427
'2017-03','359',' 원남동사거리','일일(2시간권)','M','20대',3,241.18,2.17,9370,190
'2017-03','361',' 동묘앞역 1번출구 뒤','일일(2시간권)','M','20대',3,378.23,3.33,14340,148
'2017-03','362',' 청계8가 사거리','일일(2시간권)','M','20대',1,973.96,6.56,28270,234
'2017-03','113',' 홍대입구역 2번출구 앞','일일(2시간권)','M','20대',12,3529.25,27.03,116550,882
'2017-03','368',' SK 서린빌딩 앞','일일(2시간권)','M','20대',2,523.75,3.68,15860,134
'2017-03','369',' 광화문 시민열린마당','일일(2시간권)','M','20대',1,242.08,2,8610,81
'2017-03','371',' 동대입구역 6번출구 뒤','일일(2시간권)','M','20대',1,213.63,1.71,7390,52
'2017-03','118',' 광흥창역 2번출구 앞','일일(2시간권)','M','20대',2,389.19,3.1,13370,99
'2017-03','378',' 청계7가 사거리','일일(2시간권)','M','20대',1,281.6,2.54,10940,70
'2017-03','379',' 서울역9번출구','일일(2시간권)','M','20대',2,410.74,3.38,14600,126
'2017-03','380',' CJ제일제당 앞','일일(2시간권)','M','20대',2,539.46,4.58,19760,192
'2017-03','382',' 약수역 10번출구 앞','일일(2시간권)','M','20대',1,386.69,3.24,13950,100
'2017-03','383',' 신당역 12번 출구 뒤','일일(2시간권)','M','20대',2,242.47,2.19,9420,154
'2017-03','114',' 홍대입구역 8번출구 앞','일일(2시간권)','M','20대',12,4028.63,33.98,146480,1091
'2017-03','142',' 아현역 4번출구 앞','일일(2시간권)','M','20대',3,727.05,5.68,24470,130
'2017-03','143',' 공덕역 2번출구','일일(2시간권)','M','20대',4,1983.66,15.56,67070,331
'2017-03','144',' 공덕역 8번출구','일일(2시간권)','M','20대',3,308.79,2.14,9240,69
'2017-03','145',' 공덕역 5번출구','일일(2시간권)','M','20대',2,205.83,1.61,6930,53
'2017-03','146',' 마포역 1번출구 뒤','일일(2시간권)','M','20대',8,3581.26,26.97,116230,925
'2017-03','147',' 마포역 4번출구 뒤','일일(2시간권)','M','20대',3,846.14,7.03,30290,235
'2017-03','151',' 망원1동주민센터','일일(2시간권)','M','20대',6,990.73,8.7,37550,554
'2017-03','152',' 마포구민체육센터 앞','일일(2시간권)','M','20대',19,5355.93,43.98,189580,1520
'2017-03','119',' 서강나루 공원','일일(2시간권)','M','20대',4,919.99,8.41,36230,315
'2017-03','153',' 성산2교 사거리','일일(2시간권)','M','20대',3,335.91,2.63,11310,59
'2017-03','154',' 마포구청역 ','일일(2시간권)','M','20대',3,527.48,3.98,17150,108
'2017-03','155',' 가좌역1 번출구 뒤','일일(2시간권)','M','20대',1,435.88,2.84,12230,80
'2017-03','156',' 서울서부지방법원 앞','일일(2시간권)','M','20대',1,0,0,0,83
'2017-03','159',' 이대역 4번 출구','일일(2시간권)','M','20대',3,1468.09,9.75,42070,303
'2017-03','161',' 무악재역1번 출구','일일(2시간권)','M','20대',2,279.52,2.91,12570,80
'2017-03','163',' 명지전문대학교 정문 앞','일일(2시간권)','M','20대',4,976.71,8.43,36350,456
'2017-03','165',' 중앙근린공원','일일(2시간권)','M','20대',2,492.9,4.21,18130,181
'2017-03','166',' 가재울 초등학교','일일(2시간권)','M','20대',2,619.75,4.12,17760,123
'2017-03','168',' 남가좌동 사거리','일일(2시간권)','M','20대',1,228.69,1.28,5500,31
'2017-03','170',' 가재울 뉴타운 주유소 옆','일일(2시간권)','M','20대',1,630.12,5.68,24480,115
'2017-03','172',' 서대문소방서','일일(2시간권)','M','20대',7,2594.04,20.22,87090,502
'2017-03','121',' 마포소방서 앞','일일(2시간권)','M','20대',1,29.58,0.19,830,15
'2017-03','173',' 서대문역 8번출구 앞','일일(2시간권)','M','20대',1,85.83,0.67,2890,22
'2017-03','175',' 홍연2교옆','일일(2시간권)','M','20대',8,3432.94,22.07,95150,563
'2017-03','179',' 가좌역 4번출구 앞','일일(2시간권)','M','20대',2,662.2,5.9,25420,189
'2017-03','180',' 충정로역 7번출구 뒤','일일(2시간권)','M','20대',4,1166.39,9.91,42730,259
'2017-03','518',' 청계천 박물관 앞','일일(2시간권)','M','20대',3,962.1,8,34440,257
'2017-03','519',' 양지사거리','일일(2시간권)','M','20대',3,914.03,8.24,35510,262
'2017-03','521',' 왕십리역 11번 출구 앞','일일(2시간권)','M','20대',3,599.26,5.37,23150,179
'2017-03','522',' 금호역 1번출구 앞','일일(2시간권)','M','20대',1,430.15,3.45,14880,76
'2017-03','523',' 옥수동성당 옆','일일(2시간권)','M','20대',2,544.52,4.95,21360,155
'2017-03','122',' 신성기사식당 앞','일일(2시간권)','M','20대',7,1773.95,15.14,65300,681
'2017-03','525',' 한양대병원사거리','일일(2시간권)','M','20대',21,6172.48,51.92,223860,1864
'2017-03','526',' 용답토속공원 앞','일일(2시간권)','M','20대',1,465.33,3.95,17030,77
'2017-03','533',' 우리은행 금호동 지점 앞','일일(2시간권)','M','20대',5,1709.31,16.75,72220,437
'2017-03','535',' 응봉삼거리','일일(2시간권)','M','20대',2,880.05,7.94,34190,210
'2017-03','537',' 한양대후문역 부근','일일(2시간권)','M','20대',15,4902.71,43.69,188310,1346
'2017-03','123',' 문화촌 공원','일일(2시간권)','M','20대',1,631.18,4.11,17710,89
'2017-03','538',' 답십리역 8번출구 앞','일일(2시간권)','M','20대',1,153.41,1.38,5960,83
'2017-03','539',' 군자교교차로','일일(2시간권)','M','20대',3,1315.15,10.46,45100,364
'2017-03','540',' 군자역 7번출구 베스트샵 앞','일일(2시간권)','M','20대',3,1160.97,9.76,42080,289
'2017-03','542',' 강변역 4번출구 뒤','일일(2시간권)','M','20대',6,1447.36,12.44,53620,540
'2017-03','543',' 구의공원(테크노마트 앞)','일일(2시간권)','M','20대',8,1933.64,15.79,68010,565
'2017-03','544',' 광남중학교','일일(2시간권)','M','20대',6,2619.09,22.24,95900,557
'2017-03','546',' 잠실대교북단 교차로','일일(2시간권)','M','20대',1,769.25,6.26,26980,100
'2017-03','548',' 자양나들목','일일(2시간권)','M','20대',11,1900.97,17.15,73950,699
'2017-03','549',' 아차산역 3번출구','일일(2시간권)','M','20대',1,353.67,2.66,11450,105
'2017-03','124',' 서강대 정문 건너편','일일(2시간권)','M','20대',9,3032.21,21.9,94420,586
'2017-03','600',' 휘경2동 주민센터','일일(2시간권)','M','20대',9,2659.48,20.65,88980,755
'2017-03','601',' 용신동주민센터','일일(2시간권)','M','20대',2,717.92,6.2,26730,209
'2017-03','602',' 장안동 사거리','일일(2시간권)','M','20대',5,1234.78,9.87,42590,434
'2017-03','605',' 신설동역8번출구','일일(2시간권)','M','20대',1,1698.96,11.06,47670,201
'2017-03','607',' 신이문역 2번출구','일일(2시간권)','M','20대',12,4463.97,37.9,163390,1148
'2017-03','609',' 제기2교','일일(2시간권)','M','20대',18,7178.95,57.7,248620,1656
'2017-03','125',' 서강대 남문 옆','일일(2시간권)','M','20대',5,1428.13,11.82,50990,600
'2017-03','612',' 시립동부병원 앞 사거리','일일(2시간권)','M','20대',1,134.13,1.08,4640,34
'2017-03','614',' 용두동 사거리','일일(2시간권)','M','20대',5,3440.54,28.62,123370,564
'2017-03','615',' 용두동 레미안허브리츠아파트 앞','일일(2시간권)','M','20대',1,572.73,4.41,19030,93
'2017-03','617',' 청솔우성아파트 앞','일일(2시간권)','M','20대',2,414.88,3.8,16370,101
'2017-03','228',' 선유도역 3번출구 앞','일일(2시간권)','M','20대',7,2068.93,15.98,68830,632
'2017-03','229',' 양평1 보행육교 앞','일일(2시간권)','M','20대',2,506.25,4.36,18800,112
'2017-03','126',' 서강대 후문 옆','일일(2시간권)','M','20대',7,2422.04,22.11,95250,706
'2017-03','231',' 남부고용노동지청 남측','일일(2시간권)','M','20대',2,645.32,4.72,20370,156
'2017-03','232',' 양평우림 이비즈센타 앞','일일(2시간권)','M','20대',4,1180.42,9.35,40290,286
'2017-03','236',' 문래동자이아파트 앞','일일(2시간권)','M','20대',1,137.21,1.32,5680,106
'2017-03','237',' 보라매 두산위브 건너편','일일(2시간권)','M','20대',3,1178.89,10,43120,316
'2017-03','239',' 유스호스텔 앞','일일(2시간권)','M','20대',3,507.04,4.61,19850,156
'2017-03','240',' 문래역 4번출구 앞','일일(2시간권)','M','20대',1,405.41,3.17,13650,230
'2017-03','127',' 현대벤처빌 앞','일일(2시간권)','M','20대',3,770.64,5.69,24550,206
'2017-03','241',' 신길우성1차아파트 앞 공원','일일(2시간권)','M','20대',2,719.18,6.48,27940,146
'2017-03','242',' 신길선원가와인아파트 앞','일일(2시간권)','M','20대',1,0,0,0,50
'2017-03','243',' 이앤씨드림타워 앞','일일(2시간권)','M','20대',1,581.98,5.25,22610,121
'2017-03','244',' 영등포삼환아파트 앞','일일(2시간권)','M','20대',4,1311.27,13.24,57080,512
'2017-03','247',' 당산역 10번출구 앞','일일(2시간권)','M','20대',15,5496.35,47.83,206170,2189
'2017-03','248',' 초원아파트 앞','일일(2시간권)','M','20대',10,4367.6,34.78,149890,1057
'2017-03','249',' 여의도중학교 옆','일일(2시간권)','M','20대',19,4827.56,41.15,177460,1718
'2017-03','251',' 서울지방병무청 버스정류장','일일(2시간권)','M','20대',2,1011.59,9.12,39300,253
'2017-03','101',' (구)합정동 주민센터','일일(2시간권)','M','20대',1,57.78,0.45,1920,9
'2017-03','128',' 신촌역(2호선) 1번출구 옆','일일(2시간권)','M','20대',5,1212.76,10.78,46440,449
'2017-03','252',' 보라매역4번출구','일일(2시간권)','M','20대',2,527.84,4.58,19750,168
'2017-03','253',' 신풍역 5번출구 인근','일일(2시간권)','M','20대',2,442.67,3.59,15500,157
'2017-03','254',' 도림신협 앞','일일(2시간권)','M','20대',1,268.42,2.13,9160,92
'2017-03','256',' 동아에코빌입구','일일(2시간권)','M','20대',1,708.88,6.39,27540,166
'2017-03','257',' 신길삼거리(우리은행)','일일(2시간권)','M','20대',4,1242.86,9.14,39420,506
'2017-03','258',' 신길역3번출구','일일(2시간권)','M','20대',5,1887.22,15.1,65100,490
'2017-03','259',' 대방역6번출구','일일(2시간권)','M','20대',11,1923.28,16.03,69090,990
'2017-03','700',' KB국민은행 염창역 지점 앞','일일(2시간권)','M','20대',25,9132.01,69.58,299970,2222
'2017-03','701',' 목동사거리 부근','일일(2시간권)','M','20대',1,314.29,2.83,12210,104
'2017-03','129',' 신촌역(2호선) 6번출구 옆','일일(2시간권)','M','20대',2,820.08,6.26,26980,135
'2017-03','703',' 오목교역 7번출구 앞','일일(2시간권)','M','20대',5,2346.17,18.67,80430,725
'2017-03','704',' 남부법원검찰청 교차로','일일(2시간권)','M','20대',3,1091.43,9.03,38940,214
'2017-03','707',' 신정3동주민센터','일일(2시간권)','M','20대',1,377.61,3.4,14670,112
'2017-03','708',' 서울출입국관리사무소 앞','일일(2시간권)','M','20대',3,1376.69,10.04,43290,324
'2017-03','130',' 신촌역(2호선) 7번출구 앞','일일(2시간권)','M','20대',4,1103.39,8.78,37840,263
'2017-03','713',' 양서중학교 옆','일일(2시간권)','M','20대',1,209.81,1.41,6090,35
'2017-03','714',' 한국SGI 양천문화회관 앞','일일(2시간권)','M','20대',1,207.69,1.38,5960,34
'2017-03','800',' 목월공원 앞','일일(2시간권)','M','20대',3,697.29,6.29,27090,188
'2017-03','802',' 한강진역 2번 출구 앞','일일(2시간권)','M','20대',8,2524.55,20.37,87780,731
'2017-03','803',' 한남초교 앞 보도육교','일일(2시간권)','M','20대',1,406.01,2.67,11520,77
'2017-03','805',' 문배어린이공원 앞','일일(2시간권)','M','20대',2,220.59,1.96,8460,67
'2017-03','806',' 전자랜드 본관 앞','일일(2시간권)','M','20대',3,705.87,5.27,22700,190
'2017-03','807',' 서울역 12번 출구 앞','일일(2시간권)','M','20대',3,361.46,2.99,12910,95
'2017-03','808',' 서빙고동 금호맨션 앞','일일(2시간권)','M','20대',6,1587.46,12.68,54620,407
'2017-03','131',' 증산2교','일일(2시간권)','M','20대',5,1478.49,14.44,62250,526
'2017-03','809',' 한남 유수지 복개주차장','일일(2시간권)','M','20대',18,6685.37,52.15,224720,1414
'2017-03','810',' 이태원지하보도','일일(2시간권)','M','20대',1,364.48,3.29,14160,120
'2017-03','811',' 녹사평역1번출구','일일(2시간권)','M','20대',10,2633.67,21.33,91970,825
'2017-03','812',' 용산전쟁기념관','일일(2시간권)','M','20대',1,101.18,0.85,3650,93
'2017-03','813',' 삼각지역 3번출구','일일(2시간권)','M','20대',4,918.68,7.78,33510,264
'2017-03','815',' LIG강촌아파트 103동앞','일일(2시간권)','M','20대',11,2825.12,23.21,100000,935
'2017-03','385',' 종각역 5번출구','일일(2시간권)','M','20대',2,1193.09,9.02,38890,217
'2017-03','387',' 훈련원공원주차장 앞','일일(2시간권)','M','20대',1,115.57,1.04,4490,40
'2017-03','181',' 망원초록길 입구','일일(2시간권)','M','20대',2,492.33,3.65,15730,148
'2017-03','132',' 창천문화공원','일일(2시간권)','M','20대',3,698.35,6.23,26870,378
'2017-03','182',' 망원2빗물펌프장 앞','일일(2시간권)','M','20대',4,816.2,7.19,30960,327
'2017-03','183',' 하늘채코오롱아파트 건너편','일일(2시간권)','M','20대',2,123.51,1.08,4660,24
'2017-03','184',' SK망원동주유소 건너편','일일(2시간권)','M','20대',2,142.35,1.08,4640,30
'2017-03','185',' 마포 신수공원 앞','일일(2시간권)','M','20대',3,1082.53,8.18,35250,277
'2017-03','186',' 월드컵공원','일일(2시간권)','M','20대',17,3076.23,24.03,103570,1121
'2017-03','188',' 홍은동 정원여중 입구','일일(2시간권)','M','20대',8,3258.9,27.9,120300,1004
'2017-03','178',' 증산3교 앞','일일(2시간권)','M','20대',1,280.18,2.49,10720,210
'2017-03','133',' 해담는다리','일일(2시간권)','M','20대',3,755.82,5.74,24770,262
'2017-03','194',' 증산교 앞','일일(2시간권)','M','20대',4,901.19,6.63,28620,243
'2017-03','195',' 모래내고가차도 ','일일(2시간권)','M','20대',4,1301.25,11.12,47930,505
'2017-03','196',' 연희교차로 인근','일일(2시간권)','M','20대',2,119.33,1.02,4420,36
'2017-03','198',' 충정2교','일일(2시간권)','M','20대',4,633.67,5.21,22480,217
'2017-03','556',' 달맞이공원','일일(2시간권)','M','20대',5,1238.46,10.18,43870,334
'2017-03','558',' 성동광진 교육지원청 앞','일일(2시간권)','M','20대',2,381.07,3.09,13340,96
'2017-03','134',' 연세로 명물길','일일(2시간권)','M','20대',3,832.35,7.33,31570,205
'2017-03','559',' 왕십리역 4번 출구 건너편','일일(2시간권)','M','20대',7,1331.31,10.84,46750,430
'2017-03','560',' 비전교회 앞','일일(2시간권)','M','20대',1,238.65,2.26,9720,36
'2017-03','561',' 서울숲역 2번출구 앞','일일(2시간권)','M','20대',19,2965.35,26.23,113010,1728
'2017-03','564',' 금호역 3번출구','일일(2시간권)','M','20대',1,217.96,1.6,6880,39
'2017-03','565',' 옥수역 3번출구','일일(2시간권)','M','20대',18,5843.78,51.78,223140,1847
'2017-03','567',' 성수역 2번출구 앞','일일(2시간권)','M','20대',6,1566.67,13.46,58010,428
'2017-03','568',' 청계8가사거리 부근','일일(2시간권)','M','20대',5,914.9,7.5,32300,324
'2017-03','135',' 명물길 원형무대 앞','일일(2시간권)','M','20대',1,488.23,4.54,19570,82
'2017-03','579',' 마장역 4번출구','일일(2시간권)','M','20대',8,3022.78,22.98,99080,668
'2017-03','580',' 신금호역 3번출구 뒤','일일(2시간권)','M','20대',1,136.22,1,4300,40
'2017-03','581',' 용답초등학교','일일(2시간권)','M','20대',1,315.68,2.53,10920,80
'2017-03','582',' 경일중학교 앞','일일(2시간권)','M','20대',5,968.85,7.76,33420,694
'2017-03','583',' 청계천 생태교실 앞','일일(2시간권)','M','20대',11,3961.23,35.87,154590,810
'2017-03','551',' 구의삼성쉐르빌 앞','일일(2시간권)','M','20대',1,218.39,1.88,8110,115
'2017-03','552',' 대림아크로리버 앞','일일(2시간권)','M','20대',3,1702.8,14.54,62660,346
'2017-03','553',' 중곡 성원APT 앞','일일(2시간권)','M','20대',6,2250.64,19.26,82990,471
'2017-03','136',' 대흥동 주민센터','일일(2시간권)','M','20대',1,404.41,3.76,16210,121
'2017-03','555',' 구의3동주민센터','일일(2시간권)','M','20대',1,190.73,1.72,7410,65
'2017-03','571',' 어린이대공원역6번출구','일일(2시간권)','M','20대',5,1118.2,7.65,33000,258
'2017-03','572',' 국립정신 건강센터 앞','일일(2시간권)','M','20대',3,898.51,7.61,32790,253
'2017-03','573',' 구의문주차장 앞','일일(2시간권)','M','20대',1,397.53,2.99,12870,66
'2017-03','574',' 아차산역4번출구','일일(2시간권)','M','20대',6,1164.45,9.82,42350,391
'2017-03','575',' 중앙농협 중곡지점','일일(2시간권)','M','20대',1,409.42,3.43,14770,72
'2017-03','576',' 광나루역 3번 출구','일일(2시간권)','M','20대',3,928.96,8.38,36090,313
'2017-03','577',' 광진청소년수련관','일일(2시간권)','M','20대',10,2720.55,24.22,104380,786
'2017-03','137',' NH농협 신촌지점 앞','일일(2시간권)','M','20대',4,956.56,6.98,30060,298
'2017-03','622',' 전농사거리 교통섬','일일(2시간권)','M','20대',1,394.83,2.72,11730,67
'2017-03','623',' 서울시립대 정문 앞','일일(2시간권)','M','20대',8,3606.37,29.89,128830,809
'2017-03','624',' 전농동 동아아파트 앞','일일(2시간권)','M','20대',1,614.34,5.62,24240,104
'2017-03','626',' 군자교 서측 녹지대','일일(2시간권)','M','20대',1,528.04,4.3,18520,62
'2017-03','627',' 장안동삼거리 교통섬','일일(2시간권)','M','20대',13,5212.82,46.9,202160,1411
'2017-03','631',' 답십리역 1번출구','일일(2시간권)','M','20대',2,525.1,4.74,20400,171
'2017-03','102',' 망원역 1번출구 앞','일일(2시간권)','M','20대',10,2416.32,20.3,87510,839
'2017-03','138',' 신촌동 제1공영주차장 앞','일일(2시간권)','M','20대',3,301.18,2.71,11650,268
'2017-03','633',' 청량리 기업은행 앞','일일(2시간권)','M','20대',2,813.36,5.63,24290,120
'2017-03','634',' 외국어대 정문 앞','일일(2시간권)','M','20대',38,15411.93,126.36,544620,3664
'2017-03','635',' 시조사 앞 (청량고정문 옆)','일일(2시간권)','M','20대',2,467.44,4.21,18160,241
'2017-03','636',' 세종대왕기념관 교차로','일일(2시간권)','M','20대',3,1496.37,13.4,57780,297
'2017-03','637',' KAIST 경영대학 앞','일일(2시간권)','M','20대',2,487.38,3.39,14610,106
'2017-03','639',' 서울시립대 후문','일일(2시간권)','M','20대',4,749.49,6.41,27630,370
'2017-03','641',' 용두역 4번출구','일일(2시간권)','M','20대',3,1225.71,11.88,51230,351
'2017-03','140',' 이화여대 후문','일일(2시간권)','M','20대',4,1058.29,8.55,36830,336
'2017-03','643',' 동대문구민체육센터 (육교아래)','일일(2시간권)','M','20대',7,2399.92,17.33,74730,597
'2017-03','230',' 영등포구청역 1번출구','일일(2시간권)','M','20대',3,837.12,7.81,33670,178
'2017-03','260',' 여의도 마리나선착장 앞','일일(2시간권)','M','20대',1,274.9,2.48,10680,68
'2017-03','262',' 영문초등학교 사거리','일일(2시간권)','M','20대',1,941.23,6.34,27320,143
'2017-03','141',' 연대 대운동장 옆','일일(2시간권)','M','20대',2,818.02,6.84,29510,196
'2017-03','266',' 영등포청과시장 사거리','일일(2시간권)','M','20대',3,1405.52,10.12,43630,272
'2017-03','267',' 삼성화재 사옥 옆','일일(2시간권)','M','20대',1,97.57,0.65,2800,23
'2017-03','268',' 그랜드컨벤션센터 앞','일일(2시간권)','M','20대',4,937.16,8.22,35430,352
'2017-03','270',' 증권거래소후문교차로','일일(2시간권)','M','20대',2,683.4,6.16,26550,304
'2017-03','272',' 당산육갑문','일일(2시간권)','M','20대',41,12998.8,109.37,471470,4164
'2017-03','716','신정6동 주민센터 인근','일일(2시간권)','M','20대',3,926.68,9.7,41810,298
'2017-03','139',' 연세대 정문 건너편','일일(2시간권)','M','20대',2,145.61,1.26,5390,110
'2017-03','719',' 홍익병원앞 교차로','일일(2시간권)','M','20대',3,1131.53,11.34,48850,460
'2017-03','720',' 서울강월초등학교 앞','일일(2시간권)','M','20대',1,299.87,2.7,11650,52
'2017-03','816',' 신용산역 6번출구 앞','일일(2시간권)','M','20대',9,1104.74,8.48,36560,362
'2017-03','817',' 삼각지역 4번출구 앞','일일(2시간권)','M','20대',4,809.18,6.36,27400,241
'2017-03','818',' 숙명여대 입구 교차로','일일(2시간권)','M','20대',5,1075.54,9.47,40810,301
'2017-03','819',' 선린인터넷 고등학교','일일(2시간권)','M','20대',2,268.02,2.44,10520,208
'2017-03','820',' 청파동입구 교차로','일일(2시간권)','M','20대',4,152.9,1.35,5810,54
'2017-03','822',' 이촌1동 마을공원','일일(2시간권)','M','20대',7,1738.64,14.08,60660,503
'2017-03','823',' 효창동주민센터 앞','일일(2시간권)','M','20대',5,906.59,7.44,32100,355
'2017-03','825',' 서빙고동 주민센터 앞','일일(2시간권)','M','20대',24,6029.2,54.26,233900,1981
'2017-03','199',' 서울 월드컵 경기장','일일(2시간권)','M','20대',24,4937.35,41.63,179510,2031
'2017-03','388',' 동성중학교 앞','일일(2시간권)','M','20대',5,1519.84,12.68,54610,438
'2017-03','584',' 광진광장 교통섬','일일(2시간권)','M','20대',7,3958.78,34.52,148770,1053
'2017-03','585',' 성수2가1동 공영주차장 인근','일일(2시간권)','M','20대',2,343.1,2.56,11010,121
'2017-03','586',' 마장동 주민센터','일일(2시간권)','M','20대',4,3272.65,24.09,103810,395
'2017-03','900',' 은평예술회관','일일(2시간권)','M','20대',5,3299.77,23.58,101630,510
'2017-03','901',' 응암1동사무소','일일(2시간권)','M','20대',1,454.77,4.04,17400,131
'2017-03','906',' 연신내역 5번출구150M 아래','일일(2시간권)','M','20대',3,912.1,8.54,36790,334
'2017-03','907',' CJ 드림시티','일일(2시간권)','M','20대',22,6470.77,55.21,238020,1894
'2017-03','908',' 구산역 4번출구','일일(2시간권)','M','20대',1,237.95,2.4,10360,96
'2017-03','909',' 백련산 힐스테이트 3차','일일(2시간권)','M','20대',2,735.39,6.63,28570,204
'2017-03','911',' 은평평화공원(역촌역4번출구)','일일(2시간권)','M','20대',1,381.21,3.44,14810,120
'2017-03','201',' 진미파라곤 앞','일일(2시간권)','M','20대',2,619.42,4.9,21130,171
'2017-03','912',' 응암오거리','일일(2시간권)','M','20대',1,289.12,2.42,10430,61
'2017-03','913',' 이마트 은평점','일일(2시간권)','M','20대',4,1229.2,10.19,43910,387
'2017-03','914',' 새절역 2번출구','일일(2시간권)','M','20대',8,1824.53,16.78,72320,722
'2017-03','915',' 증산역 4번출구','일일(2시간권)','M','20대',6,3512.77,31.36,135150,776
'2017-03','916',' 평생학습관 앞','일일(2시간권)','M','20대',1,468.86,3.43,14800,109
'2017-03','917',' 녹번역 4번출구','일일(2시간권)','M','20대',2,170.4,1.54,6620,93
'2017-03','919',' 서울혁신파크','일일(2시간권)','M','20대',4,348.16,2.91,12560,84
'2017-03','921',' 신도고등학교','일일(2시간권)','M','20대',1,543.89,4.9,21130,150
'2017-03','202',' 국민일보 앞','일일(2시간권)','M','20대',11,2731.23,23.79,102540,1025
'2017-03','922',' 연신내역 4번출구','일일(2시간권)','M','20대',1,527.47,3.09,13320,115
'2017-03','923',' 국민은행 연서지점','일일(2시간권)','M','20대',1,0,0,0,74
'2017-03','926',' 불광역 8번출구','일일(2시간권)','M','20대',1,246.07,2.22,9560,90
'2017-03','927',' 연신내역 3번출구 인근','일일(2시간권)','M','20대',2,1002.31,9.04,38940,241
'2017-03','930',' 구 서부경찰서 건너편','일일(2시간권)','M','20대',6,1147.23,10.34,44570,252
'2017-03','931',' 역촌파출소','일일(2시간권)','M','20대',3,1315.91,9.34,40260,231
'2017-03','932',' 예일여중','일일(2시간권)','M','20대',4,1372.91,12,51730,503
'2017-03','933',' LG서비스 역촌점','일일(2시간권)','M','20대',3,888.48,6.34,27320,244
'2017-03','587',' KEB하나은행 성수중앙지점','일일(2시간권)','M','20대',1,378.38,3.41,14700,131
'2017-03','588',' 뚝섬 유원지역','일일(2시간권)','M','20대',13,4654.83,39.59,170640,1019
'2017-03','103',' 망원역 2번출구 앞','일일(2시간권)','M','20대',3,914.43,7.91,34140,292
'2017-03','204',' 국회의사당역 5번출구 옆','일일(2시간권)','M','20대',4,890.93,7.19,31010,352
'2017-03','203',' 국회의사당역 3번출구 옆','일일(2시간권)','M','20대',1,139,1.25,5400,89
'2017-03','205',' 산업은행 앞','일일(2시간권)','M','20대',9,1868.17,14.31,61700,613
'2017-03','206',' KBS 앞','일일(2시간권)','M','20대',8,1620.65,14.58,62870,630
'2017-03','209',' 유진투자증권빌딩 앞','일일(2시간권)','M','20대',11,1911.48,16.66,71760,1035
'2017-03','210',' IFC몰','일일(2시간권)','M','20대',21,5795.59,49.19,211940,1612
'2017-03','211',' 여의도역 4번출구 옆','일일(2시간권)','M','20대',17,4132.47,35.29,151990,1491
'2017-03','212',' 여의도역 1번출구 옆','일일(2시간권)','M','20대',16,6412.86,54.42,234540,1682
'2017-03','104',' 합정역 1번출구 앞','일일(2시간권)','M','20대',9,2100.18,18.51,79800,682
'2017-03','214',' 금융감독원 앞','일일(2시간권)','M','20대',9,2221.77,19.72,84980,909
'2017-03','218',' 증권거래소 앞','일일(2시간권)','M','20대',1,127.16,1.15,4940,99
'2017-03','219',' 롯데캐슬엠파이어 옆','일일(2시간권)','M','20대',3,973.37,8.61,37090,376
'2017-03','220',' 미성아파트 A동 앞','일일(2시간권)','M','20대',2,163.45,1.48,6350,75
'2017-03','215',' 여의도고교 앞','일일(2시간권)','M','20대',15,2967.7,27.44,118220,1273
'2017-03','216',' 삼부아파트1동 앞','일일(2시간권)','M','20대',2,403.61,3.64,15680,155
'2017-03','217',' NH농협은행 앞','일일(2시간권)','M','20대',2,249.48,2.09,9000,249
'2017-03','221',' 여의도초교 앞','일일(2시간권)','M','20대',7,1787.8,15.65,67480,591
'2017-03','222',' 시범아파트버스정류장 옆','일일(2시간권)','M','20대',10,2425.5,19.82,85400,796
'2017-03','105',' 합정역 5번출구 앞','일일(2시간권)','M','20대',7,1115.98,9.14,39390,723
'2017-03','224',' 롯데캐슬 앞','일일(2시간권)','M','20대',3,490.21,3.98,17160,241
'2017-03','225',' 앙카라공원 앞','일일(2시간권)','M','20대',10,2321.99,19.55,84290,900
'2017-03','226',' 샛강역 1번출구 앞','일일(2시간권)','M','20대',11,3048.95,27.18,117100,835
'2017-03','207',' 여의나루역 1번출구 앞','일일(2시간권)','M','20대',129,32638.33,280.85,1210600,11901
'2017-03','106',' 합정역 7번출구 앞','일일(2시간권)','M','20대',16,4988.4,42.21,181920,1713
'2017-03','406',' 상암월드컵파크 7단지 앞','일일(2시간권)','M','20대',1,201.8,1.21,5200,78
'2017-03','421',' 마포구청 앞','일일(2시간권)','M','20대',10,2971.21,25.29,109000,950
'2017-03','420',' 서울시 공공자전거 상암센터','일일(2시간권)','M','20대',3,657.03,5.85,25230,283
'2017-03','409',' 누리꿈스퀘어 옆','일일(2시간권)','M','20대',6,1781.54,15.2,65560,459
'2017-03','419',' 홈플러스 앞','일일(2시간권)','M','20대',17,3927.82,31.96,137800,1389
'2017-03','418',' 월드컵경기장역 3번출구 옆','일일(2시간권)','M','20대',6,1558.73,13.91,60030,495
'2017-03','107',' 신한은행 서교동금융센터점 앞','일일(2시간권)','M','20대',2,489.78,4.28,18460,208
'2017-03','413',' 상암월드컵파크 3단지 후문','일일(2시간권)','M','20대',4,962.8,8.29,35760,340
'2017-03','417',' DMC역 2번출구 옆','일일(2시간권)','M','20대',4,931.87,8.49,36610,438
'2017-03','414',' 상암동주민센터 옆','일일(2시간권)','M','20대',1,141.57,1.28,5500,101
'2017-03','415',' DMC역 9번출구 앞','일일(2시간권)','M','20대',4,644.33,5.43,23370,238
'2017-03','416',' 상암월드컵파크 1단지 교차로','일일(2시간권)','M','20대',1,210.55,1.9,8180,86
'2017-03','500',' 어린이대공원역 3번출구 앞','일일(2시간권)','M','20대',20,5248.18,45.09,194420,1912
'2017-03','501',' 광진구의회 앞','일일(2시간권)','M','20대',18,5245.56,45.98,198220,1739
'2017-03','502',' 뚝섬유원지역 1번출구 앞','일일(2시간권)','M','20대',85,22846.41,201.85,870050,7630
'2017-03','504',' 신자초교입구교차로','일일(2시간권)','M','30대',1,485.42,2.63,11350,117
'2017-03','508',' 성수아카데미타워 앞','일일(2시간권)','M','30대',1,258.17,2.33,10030,159
'2017-03','509',' 이마트 버스정류소 옆','일일(2시간권)','M','30대',1,543.31,3.98,17150,70
'2017-03','510',' 서울숲 남문 버스정류소 옆','일일(2시간권)','M','30대',4,714.54,6.5,27960,379
'2017-03','511',' 서울숲역 4번 출구 옆','일일(2시간권)','M','30대',8,1453.42,11.81,50910,704
'2017-03','512',' 뚝섬역 1번 출구 옆','일일(2시간권)','M','30대',4,1861.52,14.89,64170,482
'2017-03','109',' 제일빌딩 앞','일일(2시간권)','M','30대',2,136.93,1.23,5320,40
'2017-03','516',' 광진메디칼 앞','일일(2시간권)','M','30대',3,584.05,5.26,22690,321
'2017-03','301',' 경복궁역 7번출구 앞','일일(2시간권)','M','30대',2,214.29,1.87,8100,164
'2017-03','302',' 경복궁역 4번출구 뒤','일일(2시간권)','M','30대',1,102.17,0.8,3440,27
'2017-03','303',' 광화문역 1번출구 앞','일일(2시간권)','M','30대',1,165.29,1.45,6230,44
'2017-03','115',' 사루비아 빌딩 앞','일일(2시간권)','M','30대',1,81.64,0.5,2170,93
'2017-03','307',' 서울역사박물관 앞','일일(2시간권)','M','30대',1,491.09,3.35,14420,84
'2017-03','308',' 광화문 S타워 앞','일일(2시간권)','M','30대',1,157.53,1.42,6120,40
'2017-03','310',' 청계광장 옆','일일(2시간권)','M','30대',1,270.01,2.43,10490,79
'2017-03','311',' 서울광장 옆','일일(2시간권)','M','30대',1,46.15,0.43,1850,16
'2017-03','312',' 시청역 1번출구 뒤','일일(2시간권)','M','30대',3,0,0,0,196
'2017-03','110',' 사천교','일일(2시간권)','M','30대',2,1144.42,7.15,30810,215
'2017-03','116',' 일진아이윌아파트 옆','일일(2시간권)','M','30대',2,376.2,2.88,12420,99
'2017-03','324',' 신세계백화점 본점 앞','일일(2시간권)','M','30대',2,458.73,3.88,16730,109
'2017-03','111',' 상수역 2번출구 앞','일일(2시간권)','M','30대',4,724.19,5.98,25760,280
'2017-03','335',' 종로3가역 15번출구 앞','일일(2시간권)','M','30대',1,148.31,1.3,5590,64
'2017-03','339',' 종로4가 사거리','일일(2시간권)','M','30대',1,87.85,0.61,2610,26
'2017-03','341',' 혜화역 3번출구 뒤','일일(2시간권)','M','30대',1,803.39,6.28,27050,138
'2017-03','112',' 극동방송국 앞','일일(2시간권)','M','30대',4,868.76,7.83,33790,211
'2017-03','344',' 성균관대 E하우스 앞','일일(2시간권)','M','30대',1,258.09,2.02,8690,84
'2017-03','347',' 동대문역사문화공원역 9번출구 앞','일일(2시간권)','M','30대',1,236.81,2.13,9200,107
'2017-03','350','KEB 하나은행(내자동 지점) 앞','일일(2시간권)','M','30대',1,266.92,1.84,7930,72
'2017-03','351',' 청운초교 앞 삼거리','일일(2시간권)','M','30대',1,234.15,1.8,7780,67
'2017-03','353',' 재동초교 앞 삼거리','일일(2시간권)','M','30대',1,56.13,0.52,2250,21
'2017-03','117',' 홍은사거리','일일(2시간권)','M','30대',3,1518.38,12.82,55290,407
'2017-03','359',' 원남동사거리','일일(2시간권)','M','30대',1,107.81,0.64,2750,67
'2017-03','362',' 청계8가 사거리','일일(2시간권)','M','30대',2,273.87,2.29,9880,101
'2017-03','363',' 신설동역 11번출구 뒤','일일(2시간권)','M','30대',1,553.1,5.14,22170,109
'2017-03','113',' 홍대입구역 2번출구 앞','일일(2시간권)','M','30대',9,1392.11,11.91,51280,567
'2017-03','368',' SK 서린빌딩 앞','일일(2시간권)','M','30대',1,162.23,1.32,5690,71
'2017-03','370',' 시청역(2호선) 9번출구 뒤','일일(2시간권)','M','30대',1,179.31,1.31,5660,70
'2017-03','371',' 동대입구역 6번출구 뒤','일일(2시간권)','M','30대',1,99.36,0.9,3860,68
'2017-03','374',' 청구역 2번출구 앞','일일(2시간권)','M','30대',2,76.54,0.59,2510,15
'2017-03','118',' 광흥창역 2번출구 앞','일일(2시간권)','M','30대',1,178.56,1.16,5010,35
'2017-03','377',' 서울역 4번출구 앞','일일(2시간권)','M','30대',1,228.97,1.92,8260,80
'2017-03','382',' 약수역 10번출구 앞','일일(2시간권)','M','30대',1,60.4,0.57,2460,29
'2017-03','383',' 신당역 12번 출구 뒤','일일(2시간권)','M','30대',1,218.36,1.91,8230,83
'2017-03','114',' 홍대입구역 8번출구 앞','일일(2시간권)','M','30대',1,158.72,1.16,5010,83
'2017-03','144',' 공덕역 8번출구','일일(2시간권)','M','30대',2,487.95,4,17230,155
'2017-03','146',' 마포역 1번출구 뒤','일일(2시간권)','M','30대',3,700.89,5.26,22700,245
'2017-03','147',' 마포역 4번출구 뒤','일일(2시간권)','M','30대',4,2373.6,18.37,79170,549
'2017-03','148',' 용강동 주민센터 앞','일일(2시간권)','M','30대',3,473.43,3.74,16100,149
'2017-03','150',' 서강대역 2번출구 앞','일일(2시간권)','M','30대',2,1113.46,8.7,37490,159
'2017-03','151',' 망원1동주민센터','일일(2시간권)','M','30대',2,605.91,4.72,20360,130
'2017-03','152',' 마포구민체육센터 앞','일일(2시간권)','M','30대',8,2179.42,17.33,74700,675
'2017-03','153',' 성산2교 사거리','일일(2시간권)','M','30대',2,673.87,4.64,20020,138
'2017-03','154',' 마포구청역 ','일일(2시간권)','M','30대',1,39.6,0.29,1250,10
'2017-03','156',' 서울서부지방법원 앞','일일(2시간권)','M','30대',2,562.36,5.15,22210,270
'2017-03','163',' 명지전문대학교 정문 앞','일일(2시간권)','M','30대',1,53.8,0.48,2090,23
'2017-03','165',' 중앙근린공원','일일(2시간권)','M','30대',1,315.39,2.17,9370,206
'2017-03','166',' 가재울 초등학교','일일(2시간권)','M','30대',4,1177.37,9.28,40020,281
'2017-03','167',' 연가초등학교 옆','일일(2시간권)','M','30대',2,477.99,4.31,18570,101
'2017-03','169',' 북가좌 삼거리','일일(2시간권)','M','30대',1,91.14,0.72,3110,59
'2017-03','173',' 서대문역 8번출구 앞','일일(2시간권)','M','30대',2,781.27,5.58,24060,146
'2017-03','518',' 청계천 박물관 앞','일일(2시간권)','M','30대',1,10.23,0.08,340,17
'2017-03','519',' 양지사거리','일일(2시간권)','M','30대',1,414.93,3.74,16120,106
'2017-03','520',' 상왕십리역 4번 출구 앞','일일(2시간권)','M','30대',1,78.8,0.69,2970,24
'2017-03','522',' 금호역 1번출구 앞','일일(2시간권)','M','30대',1,370.4,3.34,14390,108
'2017-03','524',' 래미안금호하이리버 아파트 102동 옆','일일(2시간권)','M','30대',4,1040.74,8.16,35150,326
'2017-03','526',' 용답토속공원 앞','일일(2시간권)','M','30대',1,248.91,2.24,9670,89
'2017-03','529',' 장한평역 8번 출구 앞','일일(2시간권)','M','30대',1,460.47,3.17,13680,85
'2017-03','534',' 금호사거리','일일(2시간권)','M','30대',1,289.83,2.61,11260,65
'2017-03','123',' 문화촌 공원','일일(2시간권)','M','30대',1,572.56,3.95,17010,92
'2017-03','538',' 답십리역 8번출구 앞','일일(2시간권)','M','30대',1,440.75,3.69,15900,86
'2017-03','550',' 서울시설공단 앞','일일(2시간권)','M','30대',1,252.51,2.28,9810,88
'2017-03','539',' 군자교교차로','일일(2시간권)','M','30대',5,1375.65,12.16,52410,353
'2017-03','540',' 군자역 7번출구 베스트샵 앞','일일(2시간권)','M','30대',3,438,3.17,13640,208
'2017-03','542',' 강변역 4번출구 뒤','일일(2시간권)','M','30대',1,344.34,3.67,15810,113
'2017-03','543',' 구의공원(테크노마트 앞)','일일(2시간권)','M','30대',2,763.88,5.97,25720,194
'2017-03','546',' 잠실대교북단 교차로','일일(2시간권)','M','30대',1,958.64,7.02,30260,115
'2017-03','548',' 자양나들목','일일(2시간권)','M','30대',4,1565.41,13.18,56810,428
'2017-03','124',' 서강대 정문 건너편','일일(2시간권)','M','30대',1,455.86,4.11,17710,109
'2017-03','600',' 휘경2동 주민센터','일일(2시간권)','M','30대',1,561.39,5.06,21810,115
'2017-03','605',' 신설동역8번출구','일일(2시간권)','M','30대',1,720.09,5.27,22730,188
'2017-03','607',' 신이문역 2번출구','일일(2시간권)','M','30대',3,1354.01,10.9,47000,334
'2017-03','609',' 제기2교','일일(2시간권)','M','30대',5,801.83,6.49,27950,329
'2017-03','610',' 동대문중 교차로','일일(2시간권)','M','30대',1,283.66,1.89,8140,98
'2017-03','614',' 용두동 사거리','일일(2시간권)','M','30대',2,1029.27,8.8,37910,199
'2017-03','615',' 용두동 레미안허브리츠아파트 앞','일일(2시간권)','M','30대',1,220.33,1.99,8560,64
'2017-03','617',' 청솔우성아파트 앞','일일(2시간권)','M','30대',1,490.5,3.68,15880,110
'2017-03','227',' 양평2나들목 보행통로 입구','일일(2시간권)','M','30대',2,477.36,3.97,17100,146
'2017-03','228',' 선유도역 3번출구 앞','일일(2시간권)','M','30대',4,836.39,6.51,28080,390
'2017-03','229',' 양평1 보행육교 앞','일일(2시간권)','M','30대',3,1551.19,11.48,49490,409
'2017-03','126',' 서강대 후문 옆','일일(2시간권)','M','30대',1,460.15,3.25,14000,135
'2017-03','232',' 양평우림 이비즈센타 앞','일일(2시간권)','M','30대',3,965.32,7.87,33940,211
'2017-03','234',' 영등포구민체육센터 앞','일일(2시간권)','M','30대',3,1328.22,9.57,41280,245
'2017-03','236',' 문래동자이아파트 앞','일일(2시간권)','M','30대',2,781.7,6.54,28200,183
'2017-03','237',' 보라매 두산위브 건너편','일일(2시간권)','M','30대',1,110.94,1,4310,53
'2017-03','239',' 유스호스텔 앞','일일(2시간권)','M','30대',1,221.56,1.73,7460,48
'2017-03','241',' 신길우성1차아파트 앞 공원','일일(2시간권)','M','30대',5,1846.47,14.91,64310,453
'2017-03','242',' 신길선원가와인아파트 앞','일일(2시간권)','M','30대',1,351.96,2.58,11110,108
'2017-03','244',' 영등포삼환아파트 앞','일일(2시간권)','M','30대',2,322.11,2.58,11130,106
'2017-03','247',' 당산역 10번출구 앞','일일(2시간권)','M','30대',2,422.53,2.49,10750,111
'2017-03','248',' 초원아파트 앞','일일(2시간권)','M','30대',1,353.7,2.8,12070,106
'2017-03','249',' 여의도중학교 옆','일일(2시간권)','M','30대',4,637.7,5.25,22630,268
'2017-03','101',' (구)합정동 주민센터','일일(2시간권)','M','30대',1,334.36,3.01,12990,99
'2017-03','128',' 신촌역(2호선) 1번출구 옆','일일(2시간권)','M','30대',2,494.96,4.62,19900,197
'2017-03','252',' 보라매역4번출구','일일(2시간권)','M','30대',1,351.27,2.34,10080,109
'2017-03','257',' 신길삼거리(우리은행)','일일(2시간권)','M','30대',2,645,4.48,19330,218
'2017-03','258',' 신길역3번출구','일일(2시간권)','M','30대',4,1317.89,11.63,50120,388
'2017-03','259',' 대방역6번출구','일일(2시간권)','M','30대',1,367.65,2.45,10550,56
'2017-03','700',' KB국민은행 염창역 지점 앞','일일(2시간권)','M','30대',4,1810.52,13.14,56610,383
'2017-03','701',' 목동사거리 부근','일일(2시간권)','M','30대',1,449.96,3.51,15150,86
'2017-03','703',' 오목교역 7번출구 앞','일일(2시간권)','M','30대',2,799.54,6.81,29340,209
'2017-03','706',' 신정네거리역','일일(2시간권)','M','30대',1,565.96,5.53,23820,144
'2017-03','707',' 신정3동주민센터','일일(2시간권)','M','30대',1,443.76,4,17240,187
'2017-03','710',' 서부화물트럭터미널 사거리','일일(2시간권)','M','30대',1,913.65,6.69,28840,229
'2017-03','712',' 강월초교입구 사거리','일일(2시간권)','M','30대',1,222.91,2.01,8660,74
'2017-03','713',' 양서중학교 옆','일일(2시간권)','M','30대',2,600.49,5.22,22500,167
'2017-03','800',' 목월공원 앞','일일(2시간권)','M','30대',3,1076.71,9.71,41830,377
'2017-03','802',' 한강진역 2번 출구 앞','일일(2시간권)','M','30대',2,287.94,2.3,9910,116
'2017-03','803',' 한남초교 앞 보도육교','일일(2시간권)','M','30대',2,571.68,5.15,22210,212
'2017-03','808',' 서빙고동 금호맨션 앞','일일(2시간권)','M','30대',1,248.61,2,8600,70
'2017-03','131',' 증산2교','일일(2시간권)','M','30대',5,2075.98,16.44,70930,348
'2017-03','809',' 한남 유수지 복개주차장','일일(2시간권)','M','30대',2,727.42,6.55,28260,214
'2017-03','811',' 녹사평역1번출구','일일(2시간권)','M','30대',4,1195.43,7.72,33290,314
'2017-03','813',' 삼각지역 3번출구','일일(2시간권)','M','30대',1,155.2,1.18,5090,77
'2017-03','815',' LIG강촌아파트 103동앞','일일(2시간권)','M','30대',3,1137.63,8.78,37870,252
'2017-03','385',' 종각역 5번출구','일일(2시간권)','M','30대',4,651.68,5.04,21710,291
'2017-03','387',' 훈련원공원주차장 앞','일일(2시간권)','M','30대',1,311.2,2.8,12090,98
'2017-03','182',' 망원2빗물펌프장 앞','일일(2시간권)','M','30대',4,752.72,6.23,26860,209
'2017-03','183',' 하늘채코오롱아파트 건너편','일일(2시간권)','M','30대',7,2222.94,19.84,85480,645
'2017-03','184',' SK망원동주유소 건너편','일일(2시간권)','M','30대',1,225.74,2.03,8770,66
'2017-03','185',' 마포 신수공원 앞','일일(2시간권)','M','30대',3,1059.22,8.61,37100,314
'2017-03','186',' 월드컵공원','일일(2시간권)','M','30대',13,3286.4,27.06,116630,1227
'2017-03','188',' 홍은동 정원여중 입구','일일(2시간권)','M','30대',1,182.75,1.65,7100,93
'2017-03','191',' 정명학원','일일(2시간권)','M','30대',1,521.9,4.13,17810,148
'2017-03','178',' 증산3교 앞','일일(2시간권)','M','30대',1,390.55,3.13,13510,97
'2017-03','194',' 증산교 앞','일일(2시간권)','M','30대',6,1366.36,10.3,44370,441
'2017-03','198',' 충정2교','일일(2시간권)','M','30대',1,133.33,1.2,5180,48
'2017-03','556',' 달맞이공원','일일(2시간권)','M','30대',3,1021.78,8.11,34980,290
'2017-03','558',' 성동광진 교육지원청 앞','일일(2시간권)','M','30대',1,83.2,0.89,3820,27
'2017-03','559',' 왕십리역 4번 출구 건너편','일일(2시간권)','M','30대',1,304.25,2.74,11820,91
'2017-03','561',' 서울숲역 2번출구 앞','일일(2시간권)','M','30대',3,1117.61,9.13,39330,284
'2017-03','563',' 성동세무서 건너편','일일(2시간권)','M','30대',1,0,0,0,59
'2017-03','564',' 금호역 3번출구','일일(2시간권)','M','30대',1,920.08,8.56,36880,102
'2017-03','565',' 옥수역 3번출구','일일(2시간권)','M','30대',5,1863.86,17.87,77020,293
'2017-03','567',' 성수역 2번출구 앞','일일(2시간권)','M','30대',4,445.92,3.77,16280,236
'2017-03','568',' 청계8가사거리 부근','일일(2시간권)','M','30대',2,608.81,4.74,20440,138
'2017-03','135',' 명물길 원형무대 앞','일일(2시간권)','M','30대',1,125.85,1.05,4540,53
'2017-03','578',' 성동세무서 부근','일일(2시간권)','M','30대',2,311.84,2.57,11090,114
'2017-03','583',' 청계천 생태교실 앞','일일(2시간권)','M','30대',5,1825.52,14.22,61250,343
'2017-03','551',' 구의삼성쉐르빌 앞','일일(2시간권)','M','30대',2,331.65,2.9,12500,171
'2017-03','553',' 중곡 성원APT 앞','일일(2시간권)','M','30대',1,214.98,1.61,6960,107
'2017-03','136',' 대흥동 주민센터','일일(2시간권)','M','30대',1,107.81,0.77,3320,111
'2017-03','554',' 아차산역 사거리','일일(2시간권)','M','30대',1,365.35,3.06,13180,124
'2017-03','572',' 국립정신 건강센터 앞','일일(2시간권)','M','30대',1,398.46,3.59,15480,94
'2017-03','574',' 아차산역4번출구','일일(2시간권)','M','30대',1,21.85,0.14,620,11
'2017-03','576',' 광나루역 3번 출구','일일(2시간권)','M','30대',1,373.23,3.36,14500,76
'2017-03','577',' 광진청소년수련관','일일(2시간권)','M','30대',1,161.31,1.41,6080,81
'2017-03','623',' 서울시립대 정문 앞','일일(2시간권)','M','30대',1,63.58,0.57,2470,24
'2017-03','624',' 전농동 동아아파트 앞','일일(2시간권)','M','30대',2,401.76,3.41,14680,137
'2017-03','627',' 장안동삼거리 교통섬','일일(2시간권)','M','30대',1,292.25,2.28,9840,120
'2017-03','631',' 답십리역 1번출구','일일(2시간권)','M','30대',1,466.92,4.21,18140,121
'2017-03','102',' 망원역 1번출구 앞','일일(2시간권)','M','30대',3,530.61,4.7,20220,163
'2017-03','138',' 신촌동 제1공영주차장 앞','일일(2시간권)','M','30대',1,290.86,2.62,11300,67
'2017-03','634',' 외국어대 정문 앞','일일(2시간권)','M','30대',1,130.11,1.03,4440,28
'2017-03','641',' 용두역 4번출구','일일(2시간권)','M','30대',3,989.97,8.21,35400,295
'2017-03','642',' 신답역 사거리','일일(2시간권)','M','30대',1,389.38,2.96,12770,118
'2017-03','140',' 이화여대 후문','일일(2시간권)','M','30대',1,324.98,2.57,11090,46
'2017-03','643',' 동대문구민체육센터 (육교아래)','일일(2시간권)','M','30대',3,1452.25,11.4,49130,369
'2017-03','230',' 영등포구청역 1번출구','일일(2시간권)','M','30대',1,184.09,1.38,5960,82
'2017-03','260',' 여의도 마리나선착장 앞','일일(2시간권)','M','30대',1,252.49,1.85,7970,90
'2017-03','262',' 영문초등학교 사거리','일일(2시간권)','M','30대',2,1499.54,10.87,46850,360
'2017-03','263',' 근로자회관 사거리','일일(2시간권)','M','30대',2,896.35,5.84,25150,165
'2017-03','141',' 연대 대운동장 옆','일일(2시간권)','M','30대',2,563.27,4.71,20320,261
'2017-03','266',' 영등포청과시장 사거리','일일(2시간권)','M','30대',1,251.48,2.27,9770,123
'2017-03','267',' 삼성화재 사옥 옆','일일(2시간권)','M','30대',4,1113.81,9.52,41060,438
'2017-03','268',' 그랜드컨벤션센터 앞','일일(2시간권)','M','30대',1,705.58,6.46,27840,113
'2017-03','270',' 증권거래소후문교차로','일일(2시간권)','M','30대',1,279.02,2.51,10840,96
'2017-03','271',' 샛강생태공원방문자센터 앞','일일(2시간권)','M','30대',2,1029.24,8.61,37130,187
'2017-03','272',' 당산육갑문','일일(2시간권)','M','30대',10,2374.48,21.97,94710,703
'2017-03','816',' 신용산역 6번출구 앞','일일(2시간권)','M','30대',7,2523.39,21.44,92430,649
'2017-03','822',' 이촌1동 마을공원','일일(2시간권)','M','30대',7,2771.62,21.1,90980,717
'2017-03','823',' 효창동주민센터 앞','일일(2시간권)','M','30대',1,264.09,2.38,10260,115
'2017-03','825',' 서빙고동 주민센터 앞','일일(2시간권)','M','30대',6,2221.65,17.12,73780,499
'2017-03','199',' 서울 월드컵 경기장','일일(2시간권)','M','30대',13,2872.88,23.28,100360,1288
'2017-03','388',' 동성중학교 앞','일일(2시간권)','M','30대',1,180.28,1.41,6070,47
'2017-03','584',' 광진광장 교통섬','일일(2시간권)','M','30대',2,458.58,3.82,16450,159
'2017-03','586',' 마장동 주민센터','일일(2시간권)','M','30대',1,15.84,0.12,500,6
'2017-03','200',' 국회의원회관','일일(2시간권)','M','30대',1,179.61,1.55,6670,102
'2017-03','902',' 진관동 은빛초등학교','일일(2시간권)','M','30대',1,354.18,3.19,13760,99
'2017-03','907',' CJ 드림시티','일일(2시간권)','M','30대',9,2450.5,21.96,94640,722
'2017-03','911',' 은평평화공원(역촌역4번출구)','일일(2시간권)','M','30대',3,1861.26,14.01,60410,438
'2017-03','201',' 진미파라곤 앞','일일(2시간권)','M','30대',1,746.1,4.97,21410,110
'2017-03','914',' 새절역 2번출구','일일(2시간권)','M','30대',9,2316.64,20.28,87370,682
'2017-03','915',' 증산역 4번출구','일일(2시간권)','M','30대',5,1667.09,14.36,61900,456
'2017-03','202',' 국민일보 앞','일일(2시간권)','M','30대',1,47.52,0.28,1200,7
'2017-03','924',' 메뚜기다리','일일(2시간권)','M','30대',2,952.58,6.56,28300,260
'2017-03','931',' 역촌파출소','일일(2시간권)','M','30대',3,981.7,7.8,33590,246
'2017-03','932',' 예일여중','일일(2시간권)','M','30대',1,358.56,3.23,13930,84
'2017-03','933',' LG서비스 역촌점','일일(2시간권)','M','30대',1,674.74,3.59,15490,104
'2017-03','588',' 뚝섬 유원지역','일일(2시간권)','M','30대',2,291.25,2.64,11390,72
'2017-03','103',' 망원역 2번출구 앞','일일(2시간권)','M','30대',2,173.76,1.5,6500,144
'2017-03','203',' 국회의사당역 3번출구 옆','일일(2시간권)','M','30대',3,492.81,3.79,16320,146
'2017-03','205',' 산업은행 앞','일일(2시간권)','M','30대',2,724.88,6.18,26620,227
'2017-03','206',' KBS 앞','일일(2시간권)','M','30대',2,420.95,3.22,13910,111
'2017-03','209',' 유진투자증권빌딩 앞','일일(2시간권)','M','30대',2,532.78,3.59,15500,75
'2017-03','210',' IFC몰','일일(2시간권)','M','30대',3,1452.1,9.73,41940,270
'2017-03','211',' 여의도역 4번출구 옆','일일(2시간권)','M','30대',7,3027.38,25.06,108010,786
'2017-03','212',' 여의도역 1번출구 옆','일일(2시간권)','M','30대',12,2888.84,22.65,97710,851
'2017-03','213',' KT앞','일일(2시간권)','M','30대',3,1326.42,11.09,47840,277
'2017-03','104',' 합정역 1번출구 앞','일일(2시간권)','M','30대',3,328.94,2.8,12050,141
'2017-03','214',' 금융감독원 앞','일일(2시간권)','M','30대',1,776.32,7,30160,112
'2017-03','218',' 증권거래소 앞','일일(2시간권)','M','30대',1,328.44,2.96,12760,98
'2017-03','219',' 롯데캐슬엠파이어 옆','일일(2시간권)','M','30대',2,465.38,4.2,18080,167
'2017-03','220',' 미성아파트 A동 앞','일일(2시간권)','M','30대',3,885.56,8.06,34750,410
'2017-03','215',' 여의도고교 앞','일일(2시간권)','M','30대',2,389.14,3.16,13630,162
'2017-03','216',' 삼부아파트1동 앞','일일(2시간권)','M','30대',1,222.39,2,8640,74
'2017-03','221',' 여의도초교 앞','일일(2시간권)','M','30대',7,1291.85,10.99,47380,417
'2017-03','222',' 시범아파트버스정류장 옆','일일(2시간권)','M','30대',3,331.96,2.76,11910,115
'2017-03','224',' 롯데캐슬 앞','일일(2시간권)','M','30대',3,376.83,3.4,14640,233
'2017-03','225',' 앙카라공원 앞','일일(2시간권)','M','30대',9,4487.25,31.34,135140,791
'2017-03','226',' 샛강역 1번출구 앞','일일(2시간권)','M','30대',2,727.31,5.12,22080,159
'2017-03','207',' 여의나루역 1번출구 앞','일일(2시간권)','M','30대',30,9881.84,80.93,348830,2730
'2017-03','402',' 상암월드컵파크 9단지 앞','일일(2시간권)','M','30대',1,595.9,4.21,18130,118
'2017-03','106',' 합정역 7번출구 앞','일일(2시간권)','M','30대',8,3516.36,27.08,116650,859
'2017-03','406',' 상암월드컵파크 7단지 앞','일일(2시간권)','M','30대',1,143.63,1.29,5580,111
'2017-03','421',' 마포구청 앞','일일(2시간권)','M','30대',8,3009.66,24.85,107110,718
'2017-03','420',' 서울시 공공자전거 상암센터','일일(2시간권)','M','30대',8,1709.26,14.42,62140,675
'2017-03','409',' 누리꿈스퀘어 옆','일일(2시간권)','M','30대',3,892.44,6.81,29330,216
'2017-03','419',' 홈플러스 앞','일일(2시간권)','M','30대',19,6751.74,52.73,227320,1491
'2017-03','418',' 월드컵경기장역 3번출구 옆','일일(2시간권)','M','30대',6,825.18,7.08,30480,349
'2017-03','107',' 신한은행 서교동금융센터점 앞','일일(2시간권)','M','30대',7,2050.13,18.31,79000,701
'2017-03','411',' DMC홍보관','일일(2시간권)','M','30대',1,197.73,1.59,6840,87
'2017-03','417',' DMC역 2번출구 옆','일일(2시간권)','M','30대',7,1038.09,8.92,38480,503
'2017-03','500',' 어린이대공원역 3번출구 앞','일일(2시간권)','M','30대',3,281.54,2.39,10310,313
'2017-03','501',' 광진구의회 앞','일일(2시간권)','M','30대',7,1420.66,11.58,49920,497
'2017-03','502',' 뚝섬유원지역 1번출구 앞','일일(2시간권)','M','30대',12,3441.84,27.41,118100,1074
'2017-03','505',' 자양사거리 광진아크로텔 앞','일일(2시간권)','M','40대',1,511.45,4.61,19870,110
'2017-03','509',' 이마트 버스정류소 옆','일일(2시간권)','M','40대',2,208.24,1.87,8090,208
'2017-03','510',' 서울숲 남문 버스정류소 옆','일일(2시간권)','M','40대',2,617.29,5.23,22510,257
'2017-03','511',' 서울숲역 4번 출구 옆','일일(2시간권)','M','40대',7,1211.92,10.46,45060,712
'2017-03','512',' 뚝섬역 1번 출구 옆','일일(2시간권)','M','40대',3,1065.65,8.79,37890,281
'2017-03','515',' 광양중학교 앞','일일(2시간권)','M','40대',3,1078.2,7.86,33880,186
'2017-03','115',' 사루비아 빌딩 앞','일일(2시간권)','M','40대',2,272.33,2.25,9680,119
'2017-03','309',' 광화문역 6번출구 옆','일일(2시간권)','M','40대',1,72.59,0.65,2820,52
'2017-03','310',' 청계광장 옆','일일(2시간권)','M','40대',1,263.58,2.38,10240,76
'2017-03','312',' 시청역 1번출구 뒤','일일(2시간권)','M','40대',1,100.14,1.01,4360,105
'2017-03','320',' 을지로입구역 4번출구 앞','일일(2시간권)','M','40대',2,293.94,2.45,10560,92
'2017-03','321',' KEB 하나은행 본점 앞','일일(2시간권)','M','40대',1,133.27,1.07,4610,29
'2017-03','327',' 낙원상가 옆','일일(2시간권)','M','40대',1,401.69,2.98,12840,84
'2017-03','330',' 청계천 한빛광장','일일(2시간권)','M','40대',1,258.69,2.33,10050,85
'2017-03','336',' 티마크 호텔 앞','일일(2시간권)','M','40대',1,145.95,1.32,5670,76
'2017-03','347',' 동대문역사문화공원역 9번출구 앞','일일(2시간권)','M','40대',1,20.2,0.17,750,5
'2017-03','351',' 청운초교 앞 삼거리','일일(2시간권)','M','40대',1,152.76,1.16,5010,52
'2017-03','362',' 청계8가 사거리','일일(2시간권)','M','40대',1,162.44,1.36,5860,81
'2017-03','113',' 홍대입구역 2번출구 앞','일일(2시간권)','M','40대',3,652.76,4.48,19350,216
'2017-03','367',' 독립문역 3-1번출구 ','일일(2시간권)','M','40대',1,91.38,0.82,3550,62
'2017-03','370',' 시청역(2호선) 9번출구 뒤','일일(2시간권)','M','40대',1,82.11,0.74,3190,94
'2017-03','118',' 광흥창역 2번출구 앞','일일(2시간권)','M','40대',1,187.7,1.83,7900,61
'2017-03','383',' 신당역 12번 출구 뒤','일일(2시간권)','M','40대',1,174.64,1.62,7000,90
'2017-03','384',' 종로학원본원 ','일일(2시간권)','M','40대',1,425.22,3.83,16520,115
'2017-03','143',' 공덕역 2번출구','일일(2시간권)','M','40대',2,735.44,6.74,29060,246
'2017-03','144',' 공덕역 8번출구','일일(2시간권)','M','40대',1,570.87,3.93,16960,108
'2017-03','148',' 용강동 주민센터 앞','일일(2시간권)','M','40대',4,1343.93,10.45,45090,422
'2017-03','152',' 마포구민체육센터 앞','일일(2시간권)','M','40대',7,4070.64,34.11,147050,1009
'2017-03','119',' 서강나루 공원','일일(2시간권)','M','40대',1,223.42,2.01,8680,81
'2017-03','153',' 성산2교 사거리','일일(2시간권)','M','40대',3,910.96,7.81,33660,292
'2017-03','156',' 서울서부지방법원 앞','일일(2시간권)','M','40대',4,1166.92,9.32,40150,458
'2017-03','157',' 애오개역 4번출구 앞','일일(2시간권)','M','40대',1,679.54,4.98,21450,187
'2017-03','164',' 북가좌1동 주민센터 ','일일(2시간권)','M','40대',1,403.84,3.24,13970,163
'2017-03','165',' 중앙근린공원','일일(2시간권)','M','40대',1,349.57,2.73,11770,173
'2017-03','166',' 가재울 초등학교','일일(2시간권)','M','40대',2,594.59,4.95,21330,308
'2017-03','122',' 신성기사식당 앞','일일(2시간권)','M','40대',1,150.53,1.3,5590,50
'2017-03','524',' 래미안금호하이리버 아파트 102동 옆','일일(2시간권)','M','40대',1,457.46,3.35,14440,65
'2017-03','530',' 청계벽산아파트 앞','일일(2시간권)','M','40대',1,169.11,1.52,6570,115
'2017-03','535',' 응봉삼거리','일일(2시간권)','M','40대',1,88.74,0.58,2490,86
'2017-03','536',' 행당역 2번출구 앞','일일(2시간권)','M','40대',1,142.7,1.07,4620,35
'2017-03','123',' 문화촌 공원','일일(2시간권)','M','40대',1,554.91,3.61,15570,161
'2017-03','538',' 답십리역 8번출구 앞','일일(2시간권)','M','40대',2,301.68,2.72,11720,112
'2017-03','539',' 군자교교차로','일일(2시간권)','M','40대',2,919.85,7.4,31880,197
'2017-03','540',' 군자역 7번출구 베스트샵 앞','일일(2시간권)','M','40대',1,95.42,0.71,3050,23
'2017-03','544',' 광남중학교','일일(2시간권)','M','40대',4,1127.71,9.6,41370,285
'2017-03','602',' 장안동 사거리','일일(2시간권)','M','40대',1,61.13,0.53,2270,69
'2017-03','609',' 제기2교','일일(2시간권)','M','40대',2,926.29,7.21,31090,185
'2017-03','610',' 동대문중 교차로','일일(2시간권)','M','40대',1,340.8,3.07,13240,84
'2017-03','612',' 시립동부병원 앞 사거리','일일(2시간권)','M','40대',1,677.88,5.59,24110,204
'2017-03','232',' 양평우림 이비즈센타 앞','일일(2시간권)','M','40대',2,416.69,3.57,15420,116
'2017-03','237',' 보라매 두산위브 건너편','일일(2시간권)','M','40대',2,848.53,6.62,28570,194
'2017-03','238',' 제2구민체육센타 앞','일일(2시간권)','M','40대',1,226.51,2.04,8800,97
'2017-03','245',' 삼성생명 당산사옥 앞','일일(2시간권)','M','40대',1,276.71,2.49,10750,171
'2017-03','247',' 당산역 10번출구 앞','일일(2시간권)','M','40대',1,207.72,1.87,8070,110
'2017-03','248',' 초원아파트 앞','일일(2시간권)','M','40대',1,166.28,1.5,6460,110
'2017-03','250',' 대림아파트 사거리','일일(2시간권)','M','40대',2,1440.85,11.1,47830,370
'2017-03','255',' 도림4거리','일일(2시간권)','M','40대',1,49.6,0.47,2020,25
'2017-03','257',' 신길삼거리(우리은행)','일일(2시간권)','M','40대',1,206.48,1.95,8410,83
'2017-03','259',' 대방역6번출구','일일(2시간권)','M','40대',5,1133.71,9.84,42410,387
'2017-03','700',' KB국민은행 염창역 지점 앞','일일(2시간권)','M','40대',2,570.14,5.14,22150,188
'2017-03','703',' 오목교역 7번출구 앞','일일(2시간권)','M','40대',1,688.58,4.86,20950,103
'2017-03','708',' 서울출입국관리사무소 앞','일일(2시간권)','M','40대',1,379.49,3.18,13690,103
'2017-03','710',' 서부화물트럭터미널 사거리','일일(2시간권)','M','40대',2,416.61,3.17,13680,195
'2017-03','800',' 목월공원 앞','일일(2시간권)','M','40대',1,175.82,1.37,5920,56
'2017-03','802',' 한강진역 2번 출구 앞','일일(2시간권)','M','40대',2,449.86,3.06,13210,93
'2017-03','805',' 문배어린이공원 앞','일일(2시간권)','M','40대',2,367.29,3.08,13250,163
'2017-03','806',' 전자랜드 본관 앞','일일(2시간권)','M','40대',1,232.02,1.51,6510,90
'2017-03','807',' 서울역 12번 출구 앞','일일(2시간권)','M','40대',2,134.16,1.12,4840,178
'2017-03','809',' 한남 유수지 복개주차장','일일(2시간권)','M','40대',2,123.15,0.99,4260,68
'2017-03','815',' LIG강촌아파트 103동앞','일일(2시간권)','M','40대',2,376.58,2.8,12090,140
'2017-03','181',' 망원초록길 입구','일일(2시간권)','M','40대',3,96.78,0.87,3760,271
'2017-03','182',' 망원2빗물펌프장 앞','일일(2시간권)','M','40대',2,663.84,5.98,25790,157
'2017-03','184',' SK망원동주유소 건너편','일일(2시간권)','M','40대',1,461.54,3.61,15540,100
'2017-03','185',' 마포 신수공원 앞','일일(2시간권)','M','40대',2,683.54,5.84,25150,176
'2017-03','186',' 월드컵공원','일일(2시간권)','M','40대',17,3932.49,30.34,130710,1562
'2017-03','178',' 증산3교 앞','일일(2시간권)','M','40대',1,299.78,2.37,10230,116
'2017-03','133',' 해담는다리','일일(2시간권)','M','40대',2,1400.6,9.65,41610,206
'2017-03','194',' 증산교 앞','일일(2시간권)','M','40대',1,723.1,4.24,18260,68
'2017-03','558',' 성동광진 교육지원청 앞','일일(2시간권)','M','40대',1,336.68,3.03,13080,141
'2017-03','561',' 서울숲역 2번출구 앞','일일(2시간권)','M','40대',2,759.09,5.47,23590,247
'2017-03','565',' 옥수역 3번출구','일일(2시간권)','M','40대',4,1700.41,12.06,51990,317
'2017-03','579',' 마장역 4번출구','일일(2시간권)','M','40대',2,158.82,1.43,6170,66
'2017-03','580',' 신금호역 3번출구 뒤','일일(2시간권)','M','40대',1,335.52,2.89,12460,111
'2017-03','583',' 청계천 생태교실 앞','일일(2시간권)','M','40대',5,1457.06,11.9,51300,345
'2017-03','551',' 구의삼성쉐르빌 앞','일일(2시간권)','M','40대',1,217.29,1.37,5900,153
'2017-03','573',' 구의문주차장 앞','일일(2시간권)','M','40대',2,282.66,2.57,11050,122
'2017-03','574',' 아차산역4번출구','일일(2시간권)','M','40대',2,1123.24,7.74,33370,190
'2017-03','576',' 광나루역 3번 출구','일일(2시간권)','M','40대',2,321.42,3.23,13940,217
'2017-03','577',' 광진청소년수련관','일일(2시간권)','M','40대',2,127.57,0.88,3790,34
'2017-03','622',' 전농사거리 교통섬','일일(2시간권)','M','40대',1,235.43,1.55,6680,88
'2017-03','102',' 망원역 1번출구 앞','일일(2시간권)','M','40대',2,357.29,2.79,12030,116
'2017-03','635',' 시조사 앞 (청량고정문 옆)','일일(2시간권)','M','40대',1,459.04,3.74,16100,132
'2017-03','636',' 세종대왕기념관 교차로','일일(2시간권)','M','40대',3,1455.52,11.68,50350,218
'2017-03','641',' 용두역 4번출구','일일(2시간권)','M','40대',1,399.23,3.6,15510,110
'2017-03','643',' 동대문구민체육센터 (육교아래)','일일(2시간권)','M','40대',1,433.53,3.06,13190,111
'2017-03','260',' 여의도 마리나선착장 앞','일일(2시간권)','M','40대',1,679.6,4.68,20190,136
'2017-03','263',' 근로자회관 사거리','일일(2시간권)','M','40대',1,407.48,3.41,14700,113
'2017-03','272',' 당산육갑문','일일(2시간권)','M','40대',4,1776.14,13.86,59700,389
'2017-03','716','신정6동 주민센터 인근','일일(2시간권)','M','40대',2,1556.5,14.03,60470,322
'2017-03','816',' 신용산역 6번출구 앞','일일(2시간권)','M','40대',1,14.41,0.13,560,17
'2017-03','818',' 숙명여대 입구 교차로','일일(2시간권)','M','40대',2,45.47,0.38,1640,164
'2017-03','819',' 선린인터넷 고등학교','일일(2시간권)','M','40대',1,117.53,0.98,4240,83
'2017-03','820',' 청파동입구 교차로','일일(2시간권)','M','40대',1,267.57,1.91,8240,92
'2017-03','822',' 이촌1동 마을공원','일일(2시간권)','M','40대',2,509.08,4.71,20300,157
'2017-03','823',' 효창동주민센터 앞','일일(2시간권)','M','40대',1,523.04,3.83,16510,141
'2017-03','825',' 서빙고동 주민센터 앞','일일(2시간권)','M','40대',8,3435.47,28.44,122630,723
'2017-03','199',' 서울 월드컵 경기장','일일(2시간권)','M','40대',4,1221.23,10.42,44890,451
'2017-03','388',' 동성중학교 앞','일일(2시간권)','M','40대',1,324.42,2.41,10370,58
'2017-03','900',' 은평예술회관','일일(2시간권)','M','40대',1,315.32,2.84,12250,118
'2017-03','901',' 응암1동사무소','일일(2시간권)','M','40대',2,547.23,4.39,18930,107
'2017-03','903',' 은평뉴타운 아이파크','일일(2시간권)','M','40대',1,336.77,2.6,11190,77
'2017-03','907',' CJ 드림시티','일일(2시간권)','M','40대',2,605.07,5.54,23890,159
'2017-03','201',' 진미파라곤 앞','일일(2시간권)','M','40대',1,128.3,1.25,5400,59
'2017-03','917',' 녹번역 4번출구','일일(2시간권)','M','40대',2,692.76,6.11,26300,219
'2017-03','202',' 국민일보 앞','일일(2시간권)','M','40대',3,597.11,4.97,21400,216
'2017-03','923',' 국민은행 연서지점','일일(2시간권)','M','40대',2,837.49,5.51,23760,156
'2017-03','931',' 역촌파출소','일일(2시간권)','M','40대',1,72.27,0.54,2310,51
'2017-03','932',' 예일여중','일일(2시간권)','M','40대',1,289.81,2,8610,115
'2017-03','588',' 뚝섬 유원지역','일일(2시간권)','M','40대',2,876.12,7.46,32170,189
'2017-03','204',' 국회의사당역 5번출구 옆','일일(2시간권)','M','40대',1,746.66,4.86,20950,114
'2017-03','205',' 산업은행 앞','일일(2시간권)','M','40대',4,1125.84,10.97,47260,354
'2017-03','210',' IFC몰','일일(2시간권)','M','40대',1,313,2.29,9880,114
'2017-03','212',' 여의도역 1번출구 옆','일일(2시간권)','M','40대',1,87.52,0.6,2600,38
'2017-03','220',' 미성아파트 A동 앞','일일(2시간권)','M','40대',1,501,3.76,16220,111
'2017-03','215',' 여의도고교 앞','일일(2시간권)','M','40대',1,413.19,4.03,17390,108
'2017-03','216',' 삼부아파트1동 앞','일일(2시간권)','M','40대',1,149.69,1.04,4500,28
'2017-03','217',' NH농협은행 앞','일일(2시간권)','M','40대',1,262.81,2.37,10210,46
'2017-03','221',' 여의도초교 앞','일일(2시간권)','M','40대',1,123.74,1.17,5040,99
'2017-03','222',' 시범아파트버스정류장 옆','일일(2시간권)','M','40대',2,769.28,6.1,26310,255
'2017-03','223',' 진주아파트상가 앞','일일(2시간권)','M','40대',1,65.86,0.46,1980,10
'2017-03','225',' 앙카라공원 앞','일일(2시간권)','M','40대',2,372.04,3.43,14810,126
'2017-03','226',' 샛강역 1번출구 앞','일일(2시간권)','M','40대',2,1010.4,7.89,34020,242
'2017-03','207',' 여의나루역 1번출구 앞','일일(2시간권)','M','40대',7,1022.01,7.88,34020,571
'2017-03','106',' 합정역 7번출구 앞','일일(2시간권)','M','40대',3,994.9,6.58,28350,198
'2017-03','421',' 마포구청 앞','일일(2시간권)','M','40대',2,616.73,5.11,22010,230
'2017-03','420',' 서울시 공공자전거 상암센터','일일(2시간권)','M','40대',1,242.49,1.69,7290,102
'2017-03','409',' 누리꿈스퀘어 옆','일일(2시간권)','M','40대',1,108.88,0.98,4230,21
'2017-03','419',' 홈플러스 앞','일일(2시간권)','M','40대',2,410.25,3.39,14610,275
'2017-03','418',' 월드컵경기장역 3번출구 옆','일일(2시간권)','M','40대',4,422.63,4.05,17480,413
'2017-03','107',' 신한은행 서교동금융센터점 앞','일일(2시간권)','M','40대',1,208.45,1.74,7520,97
'2017-03','411',' DMC홍보관','일일(2시간권)','M','40대',1,30.12,0.27,1170,10
'2017-03','412',' DMC산학협력연구센터 앞','일일(2시간권)','M','40대',1,159.83,1.51,6510,67
'2017-03','501',' 광진구의회 앞','일일(2시간권)','M','40대',2,262.26,2.12,9150,201
'2017-03','502',' 뚝섬유원지역 1번출구 앞','일일(2시간권)','M','40대',8,2231.45,16.63,71610,781
'2017-03','505',' 자양사거리 광진아크로텔 앞','일일(2시간권)','M','50대',1,147.68,1.49,6430,63
'2017-03','510',' 서울숲 남문 버스정류소 옆','일일(2시간권)','M','50대',2,492.66,4.44,19140,175
'2017-03','115',' 사루비아 빌딩 앞','일일(2시간권)','M','50대',1,146.23,1.34,5770,65
'2017-03','308',' 광화문 S타워 앞','일일(2시간권)','M','50대',1,104.23,0.76,3290,21
'2017-03','337',' 창경궁 입구','일일(2시간권)','M','50대',1,327.93,2.96,12740,74
'2017-03','113',' 홍대입구역 2번출구 앞','일일(2시간권)','M','50대',2,343.29,3.1,13370,148
'2017-03','114',' 홍대입구역 8번출구 앞','일일(2시간권)','M','50대',1,56.55,0.47,2040,33
'2017-03','146',' 마포역 1번출구 뒤','일일(2시간권)','M','50대',1,119.75,1,4320,92
'2017-03','147',' 마포역 4번출구 뒤','일일(2시간권)','M','50대',4,439.91,3.69,15870,293
'2017-03','152',' 마포구민체육센터 앞','일일(2시간권)','M','50대',1,185.92,2.18,9390,47
'2017-03','153',' 성산2교 사거리','일일(2시간권)','M','50대',1,419.3,3.78,16290,118
'2017-03','518',' 청계천 박물관 앞','일일(2시간권)','M','50대',1,240.36,1.96,8430,66
'2017-03','542',' 강변역 4번출구 뒤','일일(2시간권)','M','50대',1,238.1,2.15,9250,85
'2017-03','124',' 서강대 정문 건너편','일일(2시간권)','M','50대',3,340.8,3.07,13240,312
'2017-03','600',' 휘경2동 주민센터','일일(2시간권)','M','50대',1,212.68,2.15,9260,58
'2017-03','608',' 전농삼성아파트','일일(2시간권)','M','50대',1,166.8,1.36,5850,55
'2017-03','227',' 양평2나들목 보행통로 입구','일일(2시간권)','M','50대',1,182.24,1.64,7080,85
'2017-03','126',' 서강대 후문 옆','일일(2시간권)','M','50대',1,385.84,3.48,14990,88
'2017-03','127',' 현대벤처빌 앞','일일(2시간권)','M','50대',1,438.87,3.96,17050,116
'2017-03','243',' 이앤씨드림타워 앞','일일(2시간권)','M','50대',2,71.09,0.61,2640,28
'2017-03','128',' 신촌역(2호선) 1번출구 옆','일일(2시간권)','M','50대',1,53.22,0.45,1920,29
'2017-03','257',' 신길삼거리(우리은행)','일일(2시간권)','M','50대',1,506.72,4.24,18280,200
'2017-03','708',' 서울출입국관리사무소 앞','일일(2시간권)','M','50대',1,263.58,2.38,10240,112
'2017-03','800',' 목월공원 앞','일일(2시간권)','M','50대',1,628.83,5.67,24430,96
'2017-03','802',' 한강진역 2번 출구 앞','일일(2시간권)','M','50대',1,434.78,3.49,15040,117
'2017-03','132',' 창천문화공원','일일(2시간권)','M','50대',1,241.8,1.65,7100,62
'2017-03','186',' 월드컵공원','일일(2시간권)','M','50대',2,575.8,5.19,22370,235
'2017-03','558',' 성동광진 교육지원청 앞','일일(2시간권)','M','50대',1,347.49,2.71,11700,96
'2017-03','577',' 광진청소년수련관','일일(2시간권)','M','50대',2,426.73,3.47,14960,139
'2017-03','137',' NH농협 신촌지점 앞','일일(2시간권)','M','50대',1,50.73,0.42,1830,24
'2017-03','102',' 망원역 1번출구 앞','일일(2시간권)','M','50대',1,39.54,0.36,1560,17
'2017-03','633',' 청량리 기업은행 앞','일일(2시간권)','M','50대',1,132.42,0.97,4180,35
'2017-03','643',' 동대문구민체육센터 (육교아래)','일일(2시간권)','M','50대',1,501.34,3.92,16880,117
'2017-03','272',' 당산육갑문','일일(2시간권)','M','50대',1,293.55,2.46,10590,61
'2017-03','822',' 이촌1동 마을공원','일일(2시간권)','M','50대',1,422.63,3.3,14230,102
'2017-03','388',' 동성중학교 앞','일일(2시간권)','M','50대',1,200.14,1.68,7220,90
'2017-03','203',' 국회의사당역 3번출구 옆','일일(2시간권)','M','50대',1,140.34,1.03,4430,52
'2017-03','215',' 여의도고교 앞','일일(2시간권)','M','50대',1,462.55,4.17,17970,138
'2017-03','207',' 여의나루역 1번출구 앞','일일(2시간권)','M','50대',2,502.46,4.75,20510,208
'2017-03','106',' 합정역 7번출구 앞','일일(2시간권)','M','50대',1,109.23,1,4310,63
'2017-03','420',' 서울시 공공자전거 상암센터','일일(2시간권)','M','50대',1,176.94,1.57,6770,112
'2017-03','419',' 홈플러스 앞','일일(2시간권)','M','50대',1,150.68,1.77,7610,166
'2017-03','410',' 상암중학교 옆','일일(2시간권)','M','50대',1,221.36,2,8600,72
'2017-03','418',' 월드컵경기장역 3번출구 옆','일일(2시간권)','M','50대',1,255.55,2.2,9490,71
'2017-03','107',' 신한은행 서교동금융센터점 앞','일일(2시간권)','M','50대',2,275.7,2.48,10710,147
'2017-03','411',' DMC홍보관','일일(2시간권)','M','50대',1,214.67,1.61,6950,87
'2017-03','502',' 뚝섬유원지역 1번출구 앞','일일(2시간권)','M','50대',2,685.67,4.73,20380,198
'2017-03','342',' 대학로 마로니에공원','일일(2시간권)','M','60대',1,303.18,2.22,9570,93
'2017-03','117',' 홍은사거리','일일(2시간권)','M','60대',1,644.94,5.25,22620,109
'2017-03','148',' 용강동 주민센터 앞','일일(2시간권)','M','60대',1,394.8,3.45,14880,111
'2017-03','152',' 마포구민체육센터 앞','일일(2시간권)','M','60대',2,343.04,3.95,17000,135
'2017-03','571',' 어린이대공원역6번출구','일일(2시간권)','M','60대',1,50.7,0.4,1730,17
'2017-03','907',' CJ 드림시티','일일(2시간권)','M','60대',5,2037.9,19.91,85770,460
'2017-03','201',' 진미파라곤 앞','일일(2시간권)','M','60대',1,340.8,3.07,13240,90
'2017-03','914',' 새절역 2번출구','일일(2시간권)','M','60대',1,613.96,5.99,25840,118
'2017-03','207',' 여의나루역 1번출구 앞','일일(2시간권)','M','60대',1,107.34,0.97,4170,82
'2017-03','421',' 마포구청 앞','일일(2시간권)','M','60대',1,461.18,4.5,19410,104
'2017-03','501',' 광진구의회 앞','일일(2시간권)','M','60대',1,86.74,0.69,2960,24
'2017-03','502',' 뚝섬유원지역 1번출구 앞','일일(2시간권)','M','60대',2,1462.61,11.65,50250,228
'2017-03','505',' 자양사거리 광진아크로텔 앞','일일(2시간권)','M','70대~',1,32.31,0.24,1020,10
'2017-03','509',' 이마트 버스정류소 옆','일일(2시간권)','M','70대~',2,403.28,3.66,15790,133
'2017-03','512',' 뚝섬역 1번 출구 옆','일일(2시간권)','M','70대~',3,646.59,5.83,25120,336
'2017-03','312',' 시청역 1번출구 뒤','일일(2시간권)','M','70대~',1,115.32,1.04,4480,96
'2017-03','113',' 홍대입구역 2번출구 앞','일일(2시간권)','M','70대~',1,162.16,1.46,6300,109
'2017-03','114',' 홍대입구역 8번출구 앞','일일(2시간권)','M','70대~',1,253.8,2.29,9860,87
'2017-03','147',' 마포역 4번출구 뒤','일일(2시간권)','M','70대~',1,471.2,3.78,16300,59
'2017-03','154',' 마포구청역 ','일일(2시간권)','M','70대~',1,642.25,4.28,18430,86
'2017-03','158',' 독립문 어린이 공원','일일(2시간권)','M','70대~',1,246.99,1.88,8100,90
'2017-03','521',' 왕십리역 11번 출구 앞','일일(2시간권)','M','70대~',1,329.08,2.57,11080,120
'2017-03','525',' 한양대병원사거리','일일(2시간권)','M','70대~',2,524.6,4.78,20610,235
'2017-03','609',' 제기2교','일일(2시간권)','M','70대~',3,1479.41,9.73,41980,229
'2017-03','237',' 보라매 두산위브 건너편','일일(2시간권)','M','70대~',1,940.5,5.51,23750,105
'2017-03','247',' 당산역 10번출구 앞','일일(2시간권)','M','70대~',1,475.68,4.29,18480,88
'2017-03','249',' 여의도중학교 옆','일일(2시간권)','M','70대~',3,944.92,7.54,32490,254
'2017-03','258',' 신길역3번출구','일일(2시간권)','M','70대~',1,1047,7.05,30390,186
'2017-03','706',' 신정네거리역','일일(2시간권)','M','70대~',1,322.52,2.91,12530,76
'2017-03','815',' LIG강촌아파트 103동앞','일일(2시간권)','M','70대~',1,424.14,3.23,13910,63
'2017-03','385',' 종각역 5번출구','일일(2시간권)','M','70대~',1,280.17,2.61,11230,93
'2017-03','186',' 월드컵공원','일일(2시간권)','M','70대~',1,201.54,1.82,7830,117
'2017-03','133',' 해담는다리','일일(2시간권)','M','70대~',1,630.79,4.35,18740,88
'2017-03','564',' 금호역 3번출구','일일(2시간권)','M','70대~',1,490.09,3.59,15470,93
'2017-03','579',' 마장역 4번출구','일일(2시간권)','M','70대~',1,724.03,4.99,21510,124
'2017-03','583',' 청계천 생태교실 앞','일일(2시간권)','M','70대~',2,878.48,6.43,27730,118
'2017-03','552',' 대림아크로리버 앞','일일(2시간권)','M','70대~',1,642.66,5.23,22540,115
'2017-03','627',' 장안동삼거리 교통섬','일일(2시간권)','M','70대~',1,407.72,3.67,15840,121
'2017-03','102',' 망원역 1번출구 앞','일일(2시간권)','M','70대~',2,821.15,6.36,27440,210
'2017-03','634',' 외국어대 정문 앞','일일(2시간권)','M','70대~',1,479.66,3.75,16150,98
'2017-03','825',' 서빙고동 주민센터 앞','일일(2시간권)','M','70대~',1,315.12,2.46,10610,84
'2017-03','388',' 동성중학교 앞','일일(2시간권)','M','70대~',1,73.76,0.64,2780,19
'2017-03','907',' CJ 드림시티','일일(2시간권)','M','70대~',1,251.14,2.45,10570,74
'2017-03','213',' KT앞','일일(2시간권)','M','70대~',1,306.5,2.39,10320,78
'2017-03','222',' 시범아파트버스정류장 옆','일일(2시간권)','M','70대~',1,341.31,3.08,13260,168
'2017-03','223',' 진주아파트상가 앞','일일(2시간권)','M','70대~',1,37.41,0.33,1410,119
'2017-03','419',' 홈플러스 앞','일일(2시간권)','M','70대~',1,438.09,3.95,17020,143
'2017-03','500',' 어린이대공원역 3번출구 앞','일일(2시간권)','M','70대~',4,1071.56,9.42,40580,366
'2017-03','502',' 뚝섬유원지역 1번출구 앞','일일(2시간권)','M','70대~',3,773.63,6.84,29530,337