'대여일자','대여소번호','대여소','대여구분코드','성별','연령대코드','이용건수','운동량','탄소량','이동거리(M)','이동시간(분)'
'201701','503',' 더샵스타시티 C동 앞','정기','F','~10대',7,389.44,3.51,15130,105
'201701','509',' 이마트 버스정류소 옆','정기','F','~10대',2,239.5,2.33,10080,58
'201701','300',' 정동사거리','정기','F','~10대',2,370.93,2.68,11580,108
'201701','301',' 경복궁역 7번출구 앞','정기','F','~10대',3,140.03,1.26,5440,80
'201701','304',' 광화문역 2번출구 앞','정기','F','~10대',1,28.1,0.3,1290,11
'201701','313',' 서울역 광장 파출소 옆','정기','F','~10대',1,47.46,0.5,2140,12
'201701','110',' 사천교','정기','F','~10대',3,194.93,1.58,6800,63
'201701','315',' 신한은행 안국역지점 옆','정기','F','~10대',1,30.06,0.32,1380,12
'201701','321',' KEB 하나은행 본점 앞','정기','F','~10대',1,11.98,0.13,550,6
'201701','324',' 신세계백화점 본점 앞','정기','F','~10대',2,107.52,0.78,3360,47
'201701','326',' 안국역 5번출구 앞','정기','F','~10대',1,53.06,0.62,2680,19
'201701','328',' 탑골공원 앞','정기','F','~10대',1,38.25,0.37,1610,9
'201701','339',' 종로4가 사거리','정기','F','~10대',5,200.97,2.02,8750,94
'201701','340',' 혜화동 로터리','정기','F','~10대',1,56.03,0.66,2830,19
'201701','347',' 동대문역사문화공원역 9번출구 앞','정기','F','~10대',7,301.11,3.03,13110,104
'201701','349',' 사직동주민센터','정기','F','~10대',4,173.8,1.85,7980,56
'201701','352',' 중앙고입구 삼거리','정기','F','~10대',1,26.61,0.26,1120,5
'201701','353',' 재동초교 앞 삼거리','정기','F','~10대',3,144.73,1.69,7310,52
'201701','117',' 홍은사거리','정기','F','~10대',6,807.43,9.27,39980,224
'201701','355',' 서울사대부속초교 앞','정기','F','~10대',3,50.25,0.48,2070,24
'201701','358',' 성대입구 사거리','정기','F','~10대',12,284.58,3.47,14970,63
'201701','359',' 원남동사거리','정기','F','~10대',12,238.57,2.91,12550,79
'201701','361',' 동묘앞역 1번출구 뒤','정기','F','~10대',3,107.94,1.09,4700,33
'201701','113',' 홍대입구역 2번출구 앞','정기','F','~10대',6,470.53,4.34,18750,203
'201701','369',' 광화문 시민열린마당','정기','F','~10대',1,36.63,0.43,1850,15
'201701','371',' 동대입구역 6번출구 뒤','정기','F','~10대',1,59.88,0.44,1890,20
'201701','381',' 장충체육관','정기','F','~10대',1,15.21,0.11,480,6
'201701','382',' 약수역 10번출구 앞','정기','F','~10대',1,33.58,0.25,1060,11
'201701','114',' 홍대입구역 8번출구 앞','정기','F','~10대',4,139.79,1.64,7060,61
'201701','152',' 마포구민체육센터 앞','정기','F','~10대',2,302.79,2.2,9440,111
'201701','153',' 성산2교 사거리','정기','F','~10대',1,40.41,0.36,1570,10
'201701','158',' 독립문 어린이 공원','정기','F','~10대',4,327.55,3.41,14770,80
'201701','159',' 이대역 4번 출구','정기','F','~10대',1,27.05,0.28,1220,7
'201701','160',' 북아현동 가구거리','정기','F','~10대',1,27.05,0.28,1220,8
'201701','162',' 봉원고가차도 밑','정기','F','~10대',1,68.31,0.8,3450,23
'201701','120',' 신수동 사거리','정기','F','~10대',3,141.31,1.45,6260,41
'201701','164',' 북가좌1동 주민센터 ','정기','F','~10대',1,14.36,0.22,930,11
'201701','170',' 가재울 뉴타운 주유소 옆','정기','F','~10대',5,304.77,2.74,11840,71
'201701','175',' 홍연2교옆','정기','F','~10대',1,44.53,0.4,1730,8
'201701','521',' 왕십리역 11번 출구 앞','정기','F','~10대',2,249.72,2.44,10510,61
'201701','522',' 금호역 1번출구 앞','정기','F','~10대',1,55.76,0.41,1760,24
'201701','526',' 용답토속공원 앞','정기','F','~10대',2,28.97,0.31,1330,8
'201701','529',' 장한평역 8번 출구 앞','정기','F','~10대',12,554.11,5.91,25440,136
'201701','123',' 문화촌 공원','정기','F','~10대',1,814.14,7.23,31150,178
'201701','538',' 답십리역 8번출구 앞','정기','F','~10대',10,522.94,5.56,24010,87
'201701','540',' 군자역 7번출구 베스트샵 앞','정기','F','~10대',2,299.61,2.8,12090,55
'201701','543',' 구의공원(테크노마트 앞)','정기','F','~10대',2,202.8,2.03,8760,54
'201701','549',' 아차산역 3번출구','정기','F','~10대',2,424.79,3.94,16990,151
'201701','124',' 서강대 정문 건너편','정기','F','~10대',1,20.08,0.18,780,6
'201701','604',' 답십리초등학교 옆 공원','정기','F','~10대',1,37.02,0.38,1640,51
'201701','608',' 전농삼성아파트','정기','F','~10대',2,246.94,2.54,10940,95
'201701','227',' 양평2나들목 보행통로 입구','정기','F','~10대',13,1523.57,13.73,59190,357
'201701','228',' 선유도역 3번출구 앞','정기','F','~10대',2,233.72,2.1,9080,47
'201701','126',' 서강대 후문 옆','정기','F','~10대',2,71.83,0.43,1870,61
'201701','240',' 문래역 4번출구 앞','정기','F','~10대',1,41.88,0.52,2250,23
'201701','242',' 신길선원가와인아파트 앞','정기','F','~10대',11,1894.46,17.08,73600,394
'201701','248',' 초원아파트 앞','정기','F','~10대',1,63.36,0.74,3200,19
'201701','128',' 신촌역(2호선) 1번출구 옆','정기','F','~10대',1,35.66,0.37,1580,13
'201701','256',' 동아에코빌입구','정기','F','~10대',3,96.6,1.21,5190,42
'201701','129',' 신촌역(2호선) 6번출구 옆','정기','F','~10대',3,228.66,2.35,10130,67
'201701','710',' 서부화물트럭터미널 사거리','정기','F','~10대',10,182.5,2.23,9600,48
'201701','130',' 신촌역(2호선) 7번출구 앞','정기','F','~10대',4,112.39,1.15,4930,70
'201701','805',' 문배어린이공원 앞','정기','F','~10대',2,166.06,1.68,7230,111
'201701','806',' 전자랜드 본관 앞','정기','F','~10대',1,139.04,1.45,6270,26
'201701','131',' 증산2교','정기','F','~10대',1,21.67,0.22,960,6
'201701','185',' 마포 신수공원 앞','정기','F','~10대',12,660.01,6.79,29240,231
'201701','188',' 홍은동 정원여중 입구','정기','F','~10대',1,187.64,1.69,7290,35
'201701','178',' 증산3교 앞','정기','F','~10대',10,901.32,8.92,38460,308
'201701','194',' 증산교 앞','정기','F','~10대',4,1067.79,16.04,69140,115
'201701','196',' 연희교차로 인근','정기','F','~10대',2,108.29,0.78,3370,59
'201701','134',' 연세로 명물길','정기','F','~10대',2,85.66,0.52,2230,71
'201701','551',' 구의삼성쉐르빌 앞','정기','F','~10대',9,246.62,3.04,13100,146
'201701','554',' 아차산역 사거리','정기','F','~10대',8,145.54,1.71,7350,40
'201701','573',' 구의문주차장 앞','정기','F','~10대',12,351.62,4.18,18050,123
'201701','621',' 동대문중학교 옆','정기','F','~10대',1,200.21,2.06,8870,58
'201701','625',' 답십리초등학교 앞(현대시장 옆)','정기','F','~10대',1,41.08,0.42,1820,12
'201701','631',' 답십리역 1번출구','정기','F','~10대',1,56.63,0.6,2600,37
'201701','642',' 신답역 사거리','정기','F','~10대',2,238.81,2.45,10580,139
'201701','230',' 영등포구청역 1번출구','정기','F','~10대',1,31.27,0.39,1680,155
'201701','262',' 영문초등학교 사거리','정기','F','~10대',2,15.24,0.17,740,5
'201701','263',' 근로자회관 사거리','정기','F','~10대',6,119.43,1.35,5800,108
'201701','264',' 교보생명보험 앞','정기','F','~10대',1,56.95,0.71,3060,23
'201701','141',' 연대 대운동장 옆','정기','F','~10대',1,61.17,0.63,2710,38
'201701','266',' 영등포청과시장 사거리','정기','F','~10대',2,51,0.64,2740,17
'201701','267',' 삼성화재 사옥 옆','정기','F','~10대',1,109.14,0.98,4240,19
'201701','271',' 샛강생태공원방문자센터 앞','정기','F','~10대',4,255.9,2.5,10770,71
'201701','720',' 서울강월초등학교 앞','정기','F','~10대',28,677.64,8.28,35650,158
'201701','817',' 삼각지역 4번출구 앞','정기','F','~10대',1,25.95,0.26,1130,23
'201701','819',' 선린인터넷 고등학교','정기','F','~10대',2,173.64,1.82,7830,34
'201701','388',' 동성중학교 앞','정기','F','~10대',1,27.37,0.33,1440,10
'201701','901',' 응암1동사무소','정기','F','~10대',23,958.82,9.57,41300,391
'201701','906',' 연신내역 5번출구150M 아래','정기','F','~10대',2,60.94,0.44,1900,20
'201701','907',' CJ 드림시티','정기','F','~10대',2,175.04,1.74,7510,75
'201701','908',' 구산역 4번출구','정기','F','~10대',2,234.03,1.7,7310,71
'201701','911',' 은평평화공원(역촌역4번출구)','정기','F','~10대',1,40.18,0.41,1780,34
'201701','914',' 새절역 2번출구','정기','F','~10대',2,155.47,1.4,6040,37
'201701','915',' 증산역 4번출구','정기','F','~10대',11,867.3,6.86,29560,286
'201701','916',' 평생학습관 앞','정기','F','~10대',10,227.61,2.21,9580,106
'201701','917',' 녹번역 4번출구','정기','F','~10대',6,235.16,2.18,9380,85
'201701','919',' 서울혁신파크','정기','F','~10대',2,164.61,1.19,5130,47
'201701','932',' 예일여중','정기','F','~10대',5,517.65,3.49,15030,138
'201701','933',' LG서비스 역촌점','정기','F','~10대',1,95.5,0.86,3710,21
'201701','588',' 뚝섬 유원지역','정기','F','~10대',1,270.01,2.43,10490,58
'201701','211',' 여의도역 4번출구 옆','정기','F','~10대',1,0,0,0,46
'201701','421',' 마포구청 앞','정기','F','~10대',1,10.69,0.1,450,2
'201701','409',' 누리꿈스퀘어 옆','정기','F','~10대',1,60.04,0.62,2660,32
'201701','419',' 홈플러스 앞','정기','F','~10대',4,440.98,3.18,13750,130
'201701','418',' 월드컵경기장역 3번출구 옆','정기','F','~10대',4,266.05,3.05,13140,81
'201701','501',' 광진구의회 앞','정기','F','~10대',5,532.56,4.8,20690,115
'201701','502',' 뚝섬유원지역 1번출구 앞','정기','F','~10대',11,709.9,6.4,27580,161
'201701','108',' 서교동 사거리','정기','F','20대',47,1682.5,17.59,75890,615
'201701','503',' 더샵스타시티 C동 앞','정기','F','20대',44,1766.72,19,81990,902
'201701','504',' 신자초교입구교차로','정기','F','20대',59,2134.99,21.15,91120,620
'201701','505',' 자양사거리 광진아크로텔 앞','정기','F','20대',42,2848.01,23.77,102550,729
'201701','506',' 금호 어울림 아파트 앞','정기','F','20대',12,649.95,5.94,25660,114
'201701','507',' 성수아이에스비즈타워 앞','정기','F','20대',27,1050.64,10.61,45680,355
'201701','508',' 성수아카데미타워 앞','정기','F','20대',15,787.27,7.85,33870,276
'201701','509',' 이마트 버스정류소 옆','정기','F','20대',51,2166.34,22.92,98840,588
'201701','510',' 서울숲 남문 버스정류소 옆','정기','F','20대',10,646.01,7.09,30490,162
'201701','511',' 서울숲역 4번 출구 옆','정기','F','20대',21,798.11,9,38640,289
'201701','512',' 뚝섬역 1번 출구 옆','정기','F','20대',37,1462.08,15.45,66610,481
'201701','109',' 제일빌딩 앞','정기','F','20대',10,330.02,3.71,15900,224
'201701','400',' 상암한화오벨리스크 1차 앞','정기','F','20대',10,456.15,5.34,22990,178
'201701','513',' 뚝섬역 5번 출구 정류소 옆','정기','F','20대',23,1514.54,13.95,60170,374
'201701','514',' 성수사거리 버스정류장 앞','정기','F','20대',40,2108.37,20.96,90560,731
'201701','515',' 광양중학교 앞','정기','F','20대',3,179.27,1.57,6800,41
'201701','516',' 광진메디칼 앞','정기','F','20대',35,1035.99,9.54,40980,226
'201701','300',' 정동사거리','정기','F','20대',18,882.33,9.18,39550,277
'201701','301',' 경복궁역 7번출구 앞','정기','F','20대',23,1560.05,17.35,74890,501
'201701','302',' 경복궁역 4번출구 뒤','정기','F','20대',27,1063,10.07,43210,390
'201701','303',' 광화문역 1번출구 앞','정기','F','20대',5,217.48,2.19,9420,73
'201701','115',' 사루비아 빌딩 앞','정기','F','20대',39,2529.3,24.72,106640,830
'201701','304',' 광화문역 2번출구 앞','정기','F','20대',7,264.77,2.65,11460,92
'201701','305',' 종로구청 옆','정기','F','20대',4,103.45,0.98,4230,25
'201701','306',' 광화문역 7번출구 앞','정기','F','20대',8,418.92,4.3,18520,133
'201701','307',' 서울역사박물관 앞','정기','F','20대',8,402.82,4.15,17850,117
'201701','308',' 광화문 S타워 앞','정기','F','20대',10,368.88,4.02,17290,115
'201701','309',' 광화문역 6번출구 옆','정기','F','20대',16,1236.35,12.98,55970,332
'201701','310',' 청계광장 옆','정기','F','20대',7,701.26,5.88,25360,160
'201701','311',' 서울광장 옆','정기','F','20대',29,1622.12,16.61,71660,527
'201701','312',' 시청역 1번출구 뒤','정기','F','20대',45,2601.7,24.9,107300,632
'201701','313',' 서울역 광장 파출소 옆','정기','F','20대',9,419.67,4.01,17290,145
'201701','110',' 사천교','정기','F','20대',10,645.39,6.17,26650,139
'201701','314',' 국립현대미술관','정기','F','20대',48,1248.24,13.04,56020,733
'201701','315',' 신한은행 안국역지점 옆','정기','F','20대',18,908.52,8.73,37660,277
'201701','316',' 종각역 1번출구 앞','정기','F','20대',88,5078.97,54.62,235390,1672
'201701','318',' 광교사거리 남측','정기','F','20대',5,212.94,2.41,10370,71
'201701','320',' 을지로입구역 4번출구 앞','정기','F','20대',23,784.9,8.24,35440,249
'201701','321',' KEB 하나은행 본점 앞','정기','F','20대',5,248.97,2.58,11060,86
'201701','322',' 명동성당 앞','정기','F','20대',8,258.42,2.19,9450,150
'201701','116',' 일진아이윌아파트 옆','정기','F','20대',55,2770.8,30.6,132240,647
'201701','324',' 신세계백화점 본점 앞','정기','F','20대',25,1610.15,19.01,82040,487
'201701','326',' 안국역 5번출구 앞','정기','F','20대',12,1264.5,14.08,60680,340
'201701','327',' 낙원상가 옆','정기','F','20대',27,588.76,6.3,27200,161
'201701','328',' 탑골공원 앞','정기','F','20대',53,2647.08,26.27,113220,756
'201701','329',' 청계2가 사거리 옆','정기','F','20대',24,2103.93,20.61,88760,432
'201701','330',' 청계천 한빛광장','정기','F','20대',11,939.59,8.68,37400,258
'201701','331',' 을지로2가 사거리 북측','정기','F','20대',15,693.51,7.08,30530,204
'201701','332',' 을지로2가 사거리 남측','정기','F','20대',9,418.68,3.79,16320,160
'201701','111',' 상수역 2번출구 앞','정기','F','20대',23,1606.19,14.37,61900,379
'201701','334',' 종로3가역 2번출구 뒤','정기','F','20대',53,1326.15,12.84,55180,399
'201701','335',' 종로3가역 15번출구 앞','정기','F','20대',29,761.87,7.52,32480,240
'201701','336',' 티마크 호텔 앞','정기','F','20대',15,831.64,8.54,36870,306
'201701','337',' 창경궁 입구','정기','F','20대',7,181.08,2.01,8650,51
'201701','338',' 세운스퀘어 앞','정기','F','20대',64,1863.77,19.45,83730,568
'201701','339',' 종로4가 사거리','정기','F','20대',34,1005.69,10.83,46670,386
'201701','340',' 혜화동 로터리','정기','F','20대',33,1663.43,16.75,72130,548
'201701','341',' 혜화역 3번출구 뒤','정기','F','20대',41,2200.22,22.97,99020,647
'201701','342',' 대학로 마로니에공원','정기','F','20대',57,1939.92,19.9,85890,600
'201701','343',' 예일빌딩(율곡로) 앞','정기','F','20대',52,1481.78,15.64,67410,339
'201701','112',' 극동방송국 앞','정기','F','20대',60,2896.47,30.58,131840,912
'201701','344',' 성균관대 E하우스 앞','정기','F','20대',39,1369.57,13.63,58660,470
'201701','345',' 서울보증보험본사 앞','정기','F','20대',12,338.38,3.8,16310,136
'201701','346',' 맥스타일 앞','정기','F','20대',20,1251.87,11.81,50850,625
'201701','347',' 동대문역사문화공원역 9번출구 앞','정기','F','20대',21,1125.25,13.86,59790,491
'201701','349',' 사직동주민센터','정기','F','20대',48,2325.85,23.29,100460,760
'201701','350','KEB 하나은행(내자동 지점) 앞','정기','F','20대',16,667.11,7.14,30770,209
'201701','351',' 청운초교 앞 삼거리','정기','F','20대',6,392.01,4.39,18950,158
'201701','352',' 중앙고입구 삼거리','정기','F','20대',12,118.15,1.53,6630,25
'201701','353',' 재동초교 앞 삼거리','정기','F','20대',17,639.8,6.06,26220,177
'201701','117',' 홍은사거리','정기','F','20대',18,1826.19,17.8,76880,498
'201701','354',' 포르투갈 대사관 앞','정기','F','20대',12,505.27,5.3,22830,179
'201701','355',' 서울사대부속초교 앞','정기','F','20대',30,809.59,7.73,33410,208
'201701','356',' KT혜화지사 앞','정기','F','20대',22,883.81,8.53,36810,315
'201701','358',' 성대입구 사거리','정기','F','20대',81,2871.72,29.3,126300,780
'201701','359',' 원남동사거리','정기','F','20대',31,829.77,8.57,36970,297
'201701','361',' 동묘앞역 1번출구 뒤','정기','F','20대',32,970.36,9.93,42760,312
'201701','362',' 청계8가 사거리','정기','F','20대',68,2680.43,28.34,122430,1220
'201701','363',' 신설동역 11번출구 뒤','정기','F','20대',12,207.96,2,8590,91
'201701','364',' 창신역 1번출구 앞','정기','F','20대',17,800.58,7.53,32530,219
'201701','113',' 홍대입구역 2번출구 앞','정기','F','20대',116,5428.6,55.4,238500,2230
'201701','367',' 독립문역 3-1번출구 ','정기','F','20대',21,1646.8,15.34,66000,432
'201701','368',' SK 서린빌딩 앞','정기','F','20대',13,587.42,5.18,22260,201
'201701','369',' 광화문 시민열린마당','정기','F','20대',8,341.01,3.42,14750,145
'201701','348',' 독립문역 사거리','정기','F','20대',41,2417.05,23.77,102480,551
'201701','370',' 시청역(2호선) 9번출구 뒤','정기','F','20대',9,484.51,4.37,18800,115
'201701','371',' 동대입구역 6번출구 뒤','정기','F','20대',13,322.18,3.39,14620,133
'201701','372',' 약수역 3번출구 뒤','정기','F','20대',10,1138.85,10.32,44520,207
'201701','374',' 청구역 2번출구 앞','정기','F','20대',32,1652.28,15.95,68520,497
'201701','118',' 광흥창역 2번출구 앞','정기','F','20대',40,1929.84,19.41,83580,465
'201701','375',' 다산 어린이공원','정기','F','20대',4,127.16,1.15,4940,123
'201701','377',' 서울역 4번출구 앞','정기','F','20대',2,180.47,1.8,7780,53
'201701','378',' 청계7가 사거리','정기','F','20대',18,442.36,4.2,18170,91
'201701','379',' 서울역9번출구','정기','F','20대',5,631.2,6.28,27080,207
'201701','380',' CJ제일제당 앞','정기','F','20대',16,776.54,7.64,32940,231
'201701','381',' 장충체육관','정기','F','20대',10,752.63,7.47,32250,257
'201701','382',' 약수역 10번출구 앞','정기','F','20대',2,32.94,0.3,1280,7
'201701','383',' 신당역 12번 출구 뒤','정기','F','20대',55,2015.11,19.67,84840,622
'201701','384',' 종로학원본원 ','정기','F','20대',10,491.95,5.38,23190,171
'201701','114',' 홍대입구역 8번출구 앞','정기','F','20대',55,2630.92,25.61,110390,682
'201701','142',' 아현역 4번출구 앞','정기','F','20대',21,925.08,9.38,40380,270
'201701','143',' 공덕역 2번출구','정기','F','20대',8,301.04,3.06,13250,93
'201701','144',' 공덕역 8번출구','정기','F','20대',17,812.54,8.09,34870,278
'201701','145',' 공덕역 5번출구','정기','F','20대',10,504.52,4.95,21350,157
'201701','146',' 마포역 1번출구 뒤','정기','F','20대',17,1379.8,12.87,55430,455
'201701','147',' 마포역 4번출구 뒤','정기','F','20대',27,3066.83,28.4,122390,715
'201701','148',' 용강동 주민센터 앞','정기','F','20대',14,646.13,6.5,28030,186
'201701','150',' 서강대역 2번출구 앞','정기','F','20대',19,787.19,7.56,32660,234
'201701','151',' 망원1동주민센터','정기','F','20대',34,1743.53,18.41,79320,459
'201701','152',' 마포구민체육센터 앞','정기','F','20대',38,3534.8,40.62,175160,993
'201701','119',' 서강나루 공원','정기','F','20대',27,1197.72,12.1,51990,276
'201701','153',' 성산2교 사거리','정기','F','20대',71,4030.93,40.95,176490,912
'201701','154',' 마포구청역 ','정기','F','20대',44,3639.84,35.87,154690,904
'201701','155',' 가좌역1 번출구 뒤','정기','F','20대',4,253.95,2.53,10870,76
'201701','156',' 서울서부지방법원 앞','정기','F','20대',4,173.62,1.84,7910,59
'201701','157',' 애오개역 4번출구 앞','정기','F','20대',33,1684.23,19.45,83800,540
'201701','158',' 독립문 어린이 공원','정기','F','20대',3,214.71,2.12,9160,55
'201701','159',' 이대역 4번 출구','정기','F','20대',42,2021.15,21.7,93610,591
'201701','160',' 북아현동 가구거리','정기','F','20대',8,296.93,3.18,13720,92
'201701','161',' 무악재역1번 출구','정기','F','20대',5,352.95,3.12,13430,158
'201701','162',' 봉원고가차도 밑','정기','F','20대',65,2639.66,27.29,117760,987
'201701','120',' 신수동 사거리','정기','F','20대',14,1331.37,14.25,61360,274
'201701','163',' 명지전문대학교 정문 앞','정기','F','20대',1,171.43,1.36,5850,37
'201701','164',' 북가좌1동 주민센터 ','정기','F','20대',9,194.05,1.95,8410,45
'201701','165',' 중앙근린공원','정기','F','20대',6,387.1,3.48,15000,91
'201701','166',' 가재울 초등학교','정기','F','20대',5,311.84,3.21,13810,73
'201701','167',' 연가초등학교 옆','정기','F','20대',9,589.52,6.46,27900,239
'201701','168',' 남가좌동 사거리','정기','F','20대',9,535.79,5.41,23350,177
'201701','169',' 북가좌 삼거리','정기','F','20대',16,1116.69,11.57,49880,288
'201701','170',' 가재울 뉴타운 주유소 옆','정기','F','20대',18,926.89,8.02,34610,242
'201701','171',' 임광빌딩 앞','정기','F','20대',21,864.18,8.69,37400,292
'201701','172',' 서대문소방서','정기','F','20대',17,1882.73,21.35,92050,492
'201701','121',' 마포소방서 앞','정기','F','20대',30,893.45,9.25,39970,301
'201701','173',' 서대문역 8번출구 앞','정기','F','20대',5,368.56,3.98,17130,130
'201701','175',' 홍연2교옆','정기','F','20대',15,1894.93,19.29,83150,466
'201701','179',' 가좌역 4번출구 앞','정기','F','20대',4,179.87,1.97,8460,75
'201701','180',' 충정로역 7번출구 뒤','정기','F','20대',32,1292.49,13.05,56230,404
'201701','518',' 청계천 박물관 앞','정기','F','20대',2,74.57,0.71,3080,29
'201701','519',' 양지사거리','정기','F','20대',11,513.5,5.52,23780,199
'201701','520',' 상왕십리역 4번 출구 앞','정기','F','20대',8,272.02,2.8,12090,91
'201701','521',' 왕십리역 11번 출구 앞','정기','F','20대',14,616.4,6.48,27920,174
'201701','122',' 신성기사식당 앞','정기','F','20대',36,1553.35,15.78,68000,377
'201701','525',' 한양대병원사거리','정기','F','20대',45,2895.33,29.35,126480,740
'201701','526',' 용답토속공원 앞','정기','F','20대',4,266.63,2.82,12120,78
'201701','529',' 장한평역 8번 출구 앞','정기','F','20대',39,1571.65,15.3,66160,366
'201701','530',' 청계벽산아파트 앞','정기','F','20대',21,447.31,4.73,20390,175
'201701','535',' 응봉삼거리','정기','F','20대',13,344.05,3.76,16170,133
'201701','536',' 행당역 2번출구 앞','정기','F','20대',48,2478.95,28.54,122940,773
'201701','537',' 한양대후문역 부근','정기','F','20대',23,1768.15,18.14,78280,331
'201701','123',' 문화촌 공원','정기','F','20대',15,2539.8,23.61,101790,492
'201701','538',' 답십리역 8번출구 앞','정기','F','20대',12,524.39,4.95,21430,130
'201701','550',' 서울시설공단 앞','정기','F','20대',22,787.45,8.87,38230,243
'201701','539',' 군자교교차로','정기','F','20대',5,1195.14,8.38,36110,734
'201701','540',' 군자역 7번출구 베스트샵 앞','정기','F','20대',86,4882.76,46.74,201440,1234
'201701','542',' 강변역 4번출구 뒤','정기','F','20대',33,1202.48,10.95,47270,336
'201701','543',' 구의공원(테크노마트 앞)','정기','F','20대',12,527.11,4.88,21000,165
'201701','544',' 광남중학교','정기','F','20대',1,154.82,1.68,7240,56
'201701','546',' 잠실대교북단 교차로','정기','F','20대',9,269.7,2.82,12190,76
'201701','548',' 자양나들목','정기','F','20대',26,1046.33,10.85,46750,150
'201701','549',' 아차산역 3번출구','정기','F','20대',43,1985.84,21.71,93580,986
'201701','124',' 서강대 정문 건너편','정기','F','20대',42,1203.88,13.39,57620,431
'201701','600',' 휘경2동 주민센터','정기','F','20대',9,1091.54,10.07,43410,220
'201701','601',' 용신동주민센터','정기','F','20대',8,465.01,4.63,19930,147
'201701','602',' 장안동 사거리','정기','F','20대',47,3587.78,35.87,154640,891
'201701','605',' 신설동역8번출구','정기','F','20대',10,469.58,4.51,19470,166
'201701','607',' 신이문역 2번출구','정기','F','20대',13,1269.46,11.23,48470,258
'201701','608',' 전농삼성아파트','정기','F','20대',7,362.6,3.34,14400,144
'201701','609',' 제기2교','정기','F','20대',35,5074.5,46.34,199830,1195
'201701','125',' 서강대 남문 옆','정기','F','20대',19,501.33,5.63,24390,212
'201701','610',' 동대문중 교차로','정기','F','20대',37,1629.77,16.09,69270,419
'201701','612',' 시립동부병원 앞 사거리','정기','F','20대',6,162.51,1.74,7450,41
'201701','613',' 신설동역 10번출구 앞','정기','F','20대',32,1141.51,13.51,58210,585
'201701','614',' 용두동 사거리','정기','F','20대',50,2683.55,28.07,121120,770
'201701','615',' 용두동 레미안허브리츠아파트 앞','정기','F','20대',20,1165.75,10.14,43700,257
'201701','616',' 서울시립대 앞','정기','F','20대',17,634.31,6.52,28050,156
'201701','617',' 청솔우성아파트 앞','정기','F','20대',12,660.71,6.88,29660,208
'201701','227',' 양평2나들목 보행통로 입구','정기','F','20대',13,1124.23,10.59,45660,293
'201701','228',' 선유도역 3번출구 앞','정기','F','20대',21,1319.58,14.88,64110,425
'201701','229',' 양평1 보행육교 앞','정기','F','20대',7,442.38,3.25,14020,90
'201701','126',' 서강대 후문 옆','정기','F','20대',53,2288.67,22.78,98100,656
'201701','231',' 남부고용노동지청 남측','정기','F','20대',28,1045.58,10.63,45880,295
'201701','232',' 양평우림 이비즈센타 앞','정기','F','20대',75,2620.27,24.67,106440,749
'201701','233',' YP 센터 앞','정기','F','20대',2,32.34,0.32,1420,8
'201701','234',' 영등포구민체육센터 앞','정기','F','20대',20,628.59,5.89,25410,223
'201701','235',' 신길동 우리은행 옆','정기','F','20대',11,253.31,2.48,10630,222
'201701','236',' 문래동자이아파트 앞','정기','F','20대',1,36.55,0.33,1420,13
'201701','237',' 보라매 두산위브 건너편','정기','F','20대',6,285.59,2.52,10820,98
'201701','238',' 제2구민체육센타 앞','정기','F','20대',27,1088.77,10.73,46380,340
'201701','239',' 유스호스텔 앞','정기','F','20대',20,1174.9,10.51,45410,377
'201701','240',' 문래역 4번출구 앞','정기','F','20대',14,436.96,4.03,17350,157
'201701','127',' 현대벤처빌 앞','정기','F','20대',11,831.99,8.85,38090,257
'201701','241',' 신길우성1차아파트 앞 공원','정기','F','20대',7,482.82,5.75,24800,178
'201701','242',' 신길선원가와인아파트 앞','정기','F','20대',16,939.67,8.83,38110,299
'201701','243',' 이앤씨드림타워 앞','정기','F','20대',19,729.21,7.08,30440,329
'201701','244',' 영등포삼환아파트 앞','정기','F','20대',35,2333.65,24.93,107490,534
'201701','245',' 삼성생명 당산사옥 앞','정기','F','20대',29,1196.67,11.67,50240,263
'201701','247',' 당산역 10번출구 앞','정기','F','20대',42,2281.4,22.5,96890,577
'201701','248',' 초원아파트 앞','정기','F','20대',5,296.18,2.93,12670,114
'201701','250',' 대림아파트 사거리','정기','F','20대',4,211.31,2,8630,106
'201701','251',' 서울지방병무청 버스정류장','정기','F','20대',4,160.96,1.46,6320,41
'201701','101',' (구)합정동 주민센터','정기','F','20대',30,1952.77,18.87,81360,580
'201701','128',' 신촌역(2호선) 1번출구 옆','정기','F','20대',47,1831.86,18.78,80870,599
'201701','252',' 보라매역4번출구','정기','F','20대',3,156.43,1.6,6890,63
'201701','253',' 신풍역 5번출구 인근','정기','F','20대',34,736.85,6.91,29720,196
'201701','254',' 도림신협 앞','정기','F','20대',3,119.68,1.08,4650,67
'201701','255',' 도림4거리','정기','F','20대',1,90.35,0.81,3510,27
'201701','257',' 신길삼거리(우리은행)','정기','F','20대',12,409.49,4.03,17280,187
'201701','258',' 신길역3번출구','정기','F','20대',12,426.5,4.88,21090,189
'201701','259',' 대방역6번출구','정기','F','20대',52,2260.78,21.82,94090,527
'201701','700',' KB국민은행 염창역 지점 앞','정기','F','20대',3,326.94,3.62,15600,96
'201701','701',' 목동사거리 부근','정기','F','20대',1,50.45,0.45,1960,15
'201701','129',' 신촌역(2호선) 6번출구 옆','정기','F','20대',31,989.93,9.4,40550,256
'201701','703',' 오목교역 7번출구 앞','정기','F','20대',30,1220.81,12.12,52260,457
'201701','704',' 남부법원검찰청 교차로','정기','F','20대',2,59.55,0.48,2090,15
'201701','706',' 신정네거리역','정기','F','20대',4,177.17,1.86,8010,51
'201701','707',' 신정3동주민센터','정기','F','20대',1,77.22,0.7,3000,14
'201701','708',' 서울출입국관리사무소 앞','정기','F','20대',14,997.65,10.22,44070,295
'201701','711',' 신일해피트리아파트 앞','정기','F','20대',2,264.44,2.5,10800,135
'201701','712',' 강월초교입구 사거리','정기','F','20대',2,195.92,2.01,8680,65
'201701','130',' 신촌역(2호선) 7번출구 앞','정기','F','20대',32,924.46,9.28,40010,381
'201701','800',' 목월공원 앞','정기','F','20대',16,948.92,9.86,42580,355
'201701','802',' 한강진역 2번 출구 앞','정기','F','20대',11,109.53,1.22,5320,13
'201701','805',' 문배어린이공원 앞','정기','F','20대',3,127.8,1.41,6120,57
'201701','806',' 전자랜드 본관 앞','정기','F','20대',7,379.87,4.29,18520,140
'201701','807',' 서울역 12번 출구 앞','정기','F','20대',3,227.78,2.27,9770,63
'201701','131',' 증산2교','정기','F','20대',3,152.46,1.68,7230,46
'201701','809',' 한남 유수지 복개주차장','정기','F','20대',6,1570.78,12.09,52100,227
'201701','810',' 이태원지하보도','정기','F','20대',1,57.26,0.56,2410,16
'201701','811',' 녹사평역1번출구','정기','F','20대',8,379.72,4.11,17740,105
'201701','812',' 용산전쟁기념관','정기','F','20대',4,134.15,1.47,6370,41
'201701','815',' LIG강촌아파트 103동앞','정기','F','20대',3,558.66,6.3,27130,108
'201701','385',' 종각역 5번출구','정기','F','20대',45,1946.03,18.25,78700,558
'201701','386',' 올림픽기념 국민생활관 앞','정기','F','20대',70,3697.15,37.88,163350,1435
'201701','387',' 훈련원공원주차장 앞','정기','F','20대',4,488.77,4.8,20670,157
'201701','132',' 창천문화공원','정기','F','20대',17,800.44,8.08,34800,228
'201701','182',' 망원2빗물펌프장 앞','정기','F','20대',11,816.57,8.26,35560,176
'201701','183',' 하늘채코오롱아파트 건너편','정기','F','20대',80,3375.72,30.88,132910,1051
'201701','184',' SK망원동주유소 건너편','정기','F','20대',47,1975.07,20.11,86650,686
'201701','185',' 마포 신수공원 앞','정기','F','20대',28,1950.35,20.8,89710,449
'201701','186',' 월드컵공원','정기','F','20대',3,426.09,4.23,18260,212
'201701','177',' 북가좌 초등학교','정기','F','20대',5,512.2,5.88,25380,151
'201701','188',' 홍은동 정원여중 입구','정기','F','20대',14,2361.18,24.65,106180,531
'201701','191',' 정명학원','정기','F','20대',4,379.99,3.86,16640,89
'201701','192',' 연서어린이공원','정기','F','20대',8,636.34,6.64,28600,166
'201701','133',' 해담는다리','정기','F','20대',1,59.88,0.56,2400,17
'201701','194',' 증산교 앞','정기','F','20대',25,1097.04,10.95,47090,350
'201701','195',' 모래내고가차도 ','정기','F','20대',6,136.44,1.3,5620,59
'201701','196',' 연희교차로 인근','정기','F','20대',5,218.17,2.22,9600,66
'201701','198',' 충정2교','정기','F','20대',12,453.12,4.88,20960,111
'201701','557',' 도선동 주민센터 앞','정기','F','20대',19,263.76,3.29,14100,86
'201701','558',' 성동광진 교육지원청 앞','정기','F','20대',49,2105.9,19.54,84280,512
'201701','134',' 연세로 명물길','정기','F','20대',8,362.93,3.64,15690,125
'201701','559',' 왕십리역 4번 출구 건너편','정기','F','20대',28,1108.66,12.36,53220,364
'201701','560',' 비전교회 앞','정기','F','20대',37,1315.08,12.89,55540,259
'201701','561',' 서울숲역 2번출구 앞','정기','F','20대',31,969,11.02,47510,368
'201701','562',' 군자지하보도 앞','정기','F','20대',25,1649.27,16.09,69350,364
'201701','563',' 성동세무서 건너편','정기','F','20대',26,625.72,6.48,27860,172
'201701','564',' 금호역 3번출구','정기','F','20대',5,116.93,1.2,5160,54
'201701','565',' 옥수역 3번출구','정기','F','20대',18,3277.98,32.46,139900,704
'201701','567',' 성수역 2번출구 앞','정기','F','20대',73,2096.15,23.26,100410,655
'201701','568',' 청계8가사거리 부근','정기','F','20대',105,4394.3,46.96,202300,1888
'201701','135',' 명물길 원형무대 앞','정기','F','20대',23,753.8,7.71,33280,292
'201701','578',' 성동세무서 부근','정기','F','20대',41,2009.35,22.96,98950,690
'201701','579',' 마장역 4번출구','정기','F','20대',27,957.09,9.18,39750,289
'201701','580',' 신금호역 3번출구 뒤','정기','F','20대',3,145.43,1.5,6450,52
'201701','581',' 용답초등학교','정기','F','20대',7,1113.16,13.04,56220,209
'201701','582',' 경일중학교 앞','정기','F','20대',4,192.55,1.98,8550,67
'201701','583',' 청계천 생태교실 앞','정기','F','20대',5,899.92,8.14,35100,174
'201701','551',' 구의삼성쉐르빌 앞','정기','F','20대',25,848.2,7.83,33720,205
'201701','552',' 대림아크로리버 앞','정기','F','20대',3,328.41,3.62,15630,82
'201701','553',' 중곡 성원APT 앞','정기','F','20대',6,500.61,5.83,25140,202
'201701','136',' 대흥동 주민센터','정기','F','20대',20,555.47,5.42,23380,64
'201701','554',' 아차산역 사거리','정기','F','20대',48,3790.02,39.76,171320,1745
'201701','555',' 구의3동주민센터','정기','F','20대',10,168.53,1.71,7400,54
'201701','571',' 어린이대공원역6번출구','정기','F','20대',36,1657.37,16,69070,407
'201701','572',' 국립정신 건강센터 앞','정기','F','20대',10,464.02,4.98,21480,125
'201701','573',' 구의문주차장 앞','정기','F','20대',77,3396.12,31.5,135750,960
'201701','574',' 아차산역4번출구','정기','F','20대',16,1724.35,13.69,58980,340
'201701','575',' 중앙농협 중곡지점','정기','F','20대',1,54.05,0.63,2730,47
'201701','576',' 광나루역 3번 출구','정기','F','20대',18,1924.33,16.99,73170,516
'201701','577',' 광진청소년수련관','정기','F','20대',22,2010.24,17.06,73540,510
'201701','137',' NH농협 신촌지점 앞','정기','F','20대',17,700.91,8,34430,241
'201701','622',' 전농사거리 교통섬','정기','F','20대',13,2082.57,23.2,99910,659
'201701','623',' 서울시립대 정문 앞','정기','F','20대',52,1742.53,16.56,71550,453
'201701','624',' 전농동 동아아파트 앞','정기','F','20대',15,828.21,7.38,31750,292
'201701','625',' 답십리초등학교 앞(현대시장 옆)','정기','F','20대',8,1127.15,10.18,43790,218
'201701','626',' 군자교 서측 녹지대','정기','F','20대',25,1623.14,15.72,67750,445
'201701','627',' 장안동삼거리 교통섬','정기','F','20대',6,203.75,2.49,10720,66
'201701','630',' 동대문구 보건소','정기','F','20대',59,2580.03,29.26,126390,990
'201701','631',' 답십리역 1번출구','정기','F','20대',10,396.65,4.11,17680,131
'201701','102',' 망원역 1번출구 앞','정기','F','20대',93,3753.49,36.32,156530,1150
'201701','138',' 신촌동 제1공영주차장 앞','정기','F','20대',14,297.57,3.13,13470,84
'201701','633',' 청량리 기업은행 앞','정기','F','20대',22,1151.21,12.11,52170,348
'201701','634',' 외국어대 정문 앞','정기','F','20대',38,3562.7,32.34,139340,766
'201701','635',' 시조사 앞 (청량고정문 옆)','정기','F','20대',22,1504.12,14.58,62850,359
'201701','636',' 세종대왕기념관 교차로','정기','F','20대',2,52.14,0.49,2110,13
'201701','637',' KAIST 경영대학 앞','정기','F','20대',7,1050.89,9.82,42360,243
'201701','639',' 서울시립대 후문','정기','F','20대',41,1587.36,15.62,67240,513
'201701','640',' KEB하나은행 청량리역지점','정기','F','20대',6,183.06,1.99,8570,46
'201701','641',' 용두역 4번출구','정기','F','20대',49,4284.55,43.66,188090,846
'201701','642',' 신답역 사거리','정기','F','20대',14,606.57,6.95,29940,142
'201701','140',' 이화여대 후문','정기','F','20대',45,1208.51,12.38,53300,405
'201701','643',' 동대문구민체육센터 (육교아래)','정기','F','20대',5,300.12,3.67,15790,99
'201701','230',' 영등포구청역 1번출구','정기','F','20대',97,2950.47,29.22,126110,825
'201701','260',' 여의도 마리나선착장 앞','정기','F','20대',1,60.98,0.51,2200,13
'201701','262',' 영문초등학교 사거리','정기','F','20대',18,767.78,7.63,32940,309
'201701','263',' 근로자회관 사거리','정기','F','20대',4,152.96,1.47,6380,84
'201701','264',' 교보생명보험 앞','정기','F','20대',17,253.26,2.82,12230,74
'201701','265',' 영등포유통상가 사거리','정기','F','20대',14,642.36,5.32,22860,193
'201701','141',' 연대 대운동장 옆','정기','F','20대',8,534.76,5.3,22780,151
'201701','266',' 영등포청과시장 사거리','정기','F','20대',13,574.5,5.53,23830,300
'201701','267',' 삼성화재 사옥 옆','정기','F','20대',15,836.16,7.39,31780,178
'201701','268',' 그랜드컨벤션센터 앞','정기','F','20대',21,593.92,6.33,27250,320
'201701','270',' 증권거래소후문교차로','정기','F','20대',2,43.64,0.44,1900,9
'201701','271',' 샛강생태공원방문자센터 앞','정기','F','20대',1,53.13,0.6,2580,41
'201701','272',' 당산육갑문','정기','F','20대',6,2298.85,17.56,75710,293
'201701','716','신정6동 주민센터 인근','정기','F','20대',15,667.42,6.03,25930,250
'201701','139',' 연세대 정문 건너편','정기','F','20대',11,515.9,5.48,23610,180
'201701','719',' 홍익병원앞 교차로','정기','F','20대',6,302.47,2.44,10460,71
'201701','720',' 서울강월초등학교 앞','정기','F','20대',1,31.78,0.32,1360,7
'201701','816',' 신용산역 6번출구 앞','정기','F','20대',8,488.52,5.05,21780,195
'201701','817',' 삼각지역 4번출구 앞','정기','F','20대',18,2036.29,19.68,84850,592
'201701','818',' 숙명여대 입구 교차로','정기','F','20대',19,749.66,7.62,32930,293
'201701','819',' 선린인터넷 고등학교','정기','F','20대',18,769.36,7.95,34350,271
'201701','820',' 청파동입구 교차로','정기','F','20대',25,409.48,4.5,19410,130
'201701','822',' 이촌1동 마을공원','정기','F','20대',5,512.8,4.39,18930,122
'201701','823',' 효창동주민센터 앞','정기','F','20대',4,231.71,2.19,9480,76
'201701','825',' 서빙고동 주민센터 앞','정기','F','20대',2,46.39,0.49,2130,54
'201701','199',' 서울 월드컵 경기장','정기','F','20대',8,430.55,4.21,18160,113
'201701','388',' 동성중학교 앞','정기','F','20대',8,282.1,3.08,13310,93
'201701','584',' 광진광장 교통섬','정기','F','20대',27,1451.62,13.87,59700,416
'201701','585',' 성수2가1동 공영주차장 인근','정기','F','20대',23,1275.18,14.08,60690,481
'201701','586',' 마장동 주민센터','정기','F','20대',14,595.19,5.8,25050,127
'201701','900',' 은평예술회관','정기','F','20대',6,222.35,2.25,9690,104
'201701','901',' 응암1동사무소','정기','F','20대',44,3105.81,32.55,140340,892
'201701','200',' 국회의원회관','정기','F','20대',9,842.93,9.48,40830,200
'201701','902',' 진관동 은빛초등학교','정기','F','20대',6,683.04,5.05,21720,150
'201701','903',' 은평뉴타운 아이파크','정기','F','20대',15,382.49,4.16,17930,108
'201701','904',' 은평뉴타운 푸르지오','정기','F','20대',31,2532.99,25.78,110960,777
'201701','905',' 구파발역 2번출구','정기','F','20대',48,1893.56,19.61,84750,602
'201701','906',' 연신내역 5번출구150M 아래','정기','F','20대',36,2845.21,31.88,137420,740
'201701','907',' CJ 드림시티','정기','F','20대',69,5478.1,54.1,233170,1201
'201701','908',' 구산역 4번출구','정기','F','20대',23,1127.58,11.57,49890,293
'201701','911',' 은평평화공원(역촌역4번출구)','정기','F','20대',12,570.97,5.91,25550,165
'201701','201',' 진미파라곤 앞','정기','F','20대',12,1141.89,11.5,49540,327
'201701','912',' 응암오거리','정기','F','20대',37,2784.37,28.66,123580,931
'201701','913',' 이마트 은평점','정기','F','20대',39,2752.35,27.07,116710,639
'201701','914',' 새절역 2번출구','정기','F','20대',27,2311.29,23.8,102690,714
'201701','915',' 증산역 4번출구','정기','F','20대',2,184.35,1.48,6350,66
'201701','916',' 평생학습관 앞','정기','F','20대',35,1383.6,13.59,58610,346
'201701','917',' 녹번역 4번출구','정기','F','20대',15,622.1,5.63,24280,150
'201701','919',' 서울혁신파크','정기','F','20대',16,662.32,6.12,26250,217
'201701','921',' 신도고등학교','정기','F','20대',28,3471.46,32.1,138200,952
'201701','202',' 국민일보 앞','정기','F','20대',17,734.1,7.29,31430,307
'201701','922',' 연신내역 4번출구','정기','F','20대',4,232.26,2.68,11580,83
'201701','924',' 메뚜기다리','정기','F','20대',2,60.95,0.62,2680,11
'201701','925',' 불광역 2번출구','정기','F','20대',5,485.36,4.64,20020,131
'201701','926',' 불광역 8번출구','정기','F','20대',19,888.23,8.76,37790,235
'201701','927',' 연신내역 3번출구 인근','정기','F','20대',15,936.89,8.39,36110,282
'201701','928',' 은평역사한옥박물관','정기','F','20대',4,244.53,2.21,9500,31
'201701','930',' 구 서부경찰서 건너편','정기','F','20대',4,277.74,2.5,10790,86
'201701','931',' 역촌파출소','정기','F','20대',15,1275.71,15.27,65760,395
'201701','932',' 예일여중','정기','F','20대',24,1458.34,15.38,66320,497
'201701','933',' LG서비스 역촌점','정기','F','20대',21,2474.79,22.48,96890,618
'201701','587',' KEB하나은행 성수중앙지점','정기','F','20대',15,574.74,6.28,27050,215
'201701','588',' 뚝섬 유원지역','정기','F','20대',10,1403.08,12.66,54510,346
'201701','103',' 망원역 2번출구 앞','정기','F','20대',37,1557.65,15.4,66190,518
'201701','204',' 국회의사당역 5번출구 옆','정기','F','20대',11,521.98,4.98,21510,130
'201701','203',' 국회의사당역 3번출구 옆','정기','F','20대',5,146.04,1.48,6330,39
'201701','205',' 산업은행 앞','정기','F','20대',5,471.4,4.71,20270,132
'201701','206',' KBS 앞','정기','F','20대',25,1110.54,11.18,48180,331
'201701','209',' 유진투자증권빌딩 앞','정기','F','20대',21,657.77,7.51,32300,305
'201701','210',' IFC몰','정기','F','20대',44,1726.02,17.76,76570,519
'201701','211',' 여의도역 4번출구 옆','정기','F','20대',30,1058.25,10.15,43830,320
'201701','212',' 여의도역 1번출구 옆','정기','F','20대',22,677.64,6.83,29370,241
'201701','213',' KT앞','정기','F','20대',45,1947.7,18.31,78930,487
'201701','104',' 합정역 1번출구 앞','정기','F','20대',37,1634.29,15.85,68450,692
'201701','214',' 금융감독원 앞','정기','F','20대',11,350.24,3.72,15950,114
'201701','218',' 증권거래소 앞','정기','F','20대',3,66.91,0.75,3230,32
'201701','219',' 롯데캐슬엠파이어 옆','정기','F','20대',7,189.55,2.1,9040,136
'201701','220',' 미성아파트 A동 앞','정기','F','20대',18,715.76,6.96,30080,242
'201701','215',' 여의도고교 앞','정기','F','20대',1,26.24,0.29,1250,6
'201701','216',' 삼부아파트1동 앞','정기','F','20대',36,2537.68,27.94,120530,550
'201701','217',' NH농협은행 앞','정기','F','20대',6,142.8,1.46,6320,114
'201701','221',' 여의도초교 앞','정기','F','20대',11,319.8,3.2,13790,75
'201701','222',' 시범아파트버스정류장 옆','정기','F','20대',29,1030.46,10.91,46960,630
'201701','223',' 진주아파트상가 앞','정기','F','20대',13,381.31,3.84,16570,163
'201701','105',' 합정역 5번출구 앞','정기','F','20대',29,1337.71,12.65,54450,364
'201701','224',' 롯데캐슬 앞','정기','F','20대',42,1073.44,11.86,51210,436
'201701','225',' 앙카라공원 앞','정기','F','20대',7,265.42,2.81,12120,114
'201701','226',' 샛강역 1번출구 앞','정기','F','20대',18,482.37,4.8,20680,189
'201701','207',' 여의나루역 1번출구 앞','정기','F','20대',6,825.33,8.74,37710,205
'201701','401',' 상암월드컵파크 10단지 앞','정기','F','20대',21,654.14,6.48,28020,186
'201701','402',' 상암월드컵파크 9단지 앞','정기','F','20대',26,760.31,7.54,32540,240
'201701','403',' 부엉이공원 앞','정기','F','20대',23,932.26,9.32,40250,207
'201701','106',' 합정역 7번출구 앞','정기','F','20대',21,1706.9,13.17,56680,373
'201701','405',' DMC빌 앞','정기','F','20대',8,317.7,2.93,12590,66
'201701','406',' 상암월드컵파크 7단지 앞','정기','F','20대',5,587.37,7.02,30270,177
'201701','421',' 마포구청 앞','정기','F','20대',80,4373.88,43.93,189180,1219
'201701','407',' 마포구 육아종합지원센터','정기','F','20대',7,157.19,1.88,8100,48
'201701','408',' LG CNS앞','정기','F','20대',39,1921.4,17.37,74910,582
'201701','420',' 서울시 공공자전거 상암센터','정기','F','20대',3,504.92,5.46,23510,98
'201701','409',' 누리꿈스퀘어 옆','정기','F','20대',30,1360.87,14.15,60980,478
'201701','419',' 홈플러스 앞','정기','F','20대',33,1914.74,17.74,76480,543
'201701','410',' 상암중학교 옆','정기','F','20대',17,1067.58,9.69,41800,287
'201701','418',' 월드컵경기장역 3번출구 옆','정기','F','20대',15,1395.99,13.02,56230,353
'201701','107',' 신한은행 서교동금융센터점 앞','정기','F','20대',50,1712.9,17.85,76910,600
'201701','411',' DMC홍보관','정기','F','20대',34,5165.23,53.84,232070,1035
'201701','412',' DMC산학협력연구센터 앞','정기','F','20대',22,1496.46,14.05,60620,345
'201701','413',' 상암월드컵파크 3단지 후문','정기','F','20대',2,115.84,1.39,5970,49
'201701','417',' DMC역 2번출구 옆','정기','F','20대',36,2994.16,28.76,124060,637
'201701','414',' 상암동주민센터 옆','정기','F','20대',16,893.14,7.89,33900,186
'201701','415',' DMC역 9번출구 앞','정기','F','20대',37,1674.68,17.54,75630,376
'201701','416',' 상암월드컵파크 1단지 교차로','정기','F','20대',15,531.4,4.84,20910,89
'201701','500',' 어린이대공원역 3번출구 앞','정기','F','20대',37,1529.17,14.65,63090,417
'201701','501',' 광진구의회 앞','정기','F','20대',61,3504.19,35.09,151310,986
'201701','502',' 뚝섬유원지역 1번출구 앞','정기','F','20대',73,6655.96,64.01,276180,1686
'201701','108',' 서교동 사거리','정기','F','30대',24,909.26,8.96,38660,328
'201701','503',' 더샵스타시티 C동 앞','정기','F','30대',20,1053.81,10.3,44330,355
'201701','504',' 신자초교입구교차로','정기','F','30대',24,793.91,8.34,35790,202
'201701','505',' 자양사거리 광진아크로텔 앞','정기','F','30대',17,621.45,6.57,28390,281
'201701','506',' 금호 어울림 아파트 앞','정기','F','30대',25,2452.63,22.42,96750,445
'201701','507',' 성수아이에스비즈타워 앞','정기','F','30대',12,125.08,1.65,7020,47
'201701','508',' 성수아카데미타워 앞','정기','F','30대',7,237.07,2.46,10620,210
'201701','509',' 이마트 버스정류소 옆','정기','F','30대',18,642.29,6.02,25990,225
'201701','510',' 서울숲 남문 버스정류소 옆','정기','F','30대',1,10.3,0.09,400,4
'201701','511',' 서울숲역 4번 출구 옆','정기','F','30대',33,1574.27,14.42,62150,490
'201701','512',' 뚝섬역 1번 출구 옆','정기','F','30대',51,2486.39,23.22,100130,722
'201701','109',' 제일빌딩 앞','정기','F','30대',21,700.94,7.13,30680,260
'201701','400',' 상암한화오벨리스크 1차 앞','정기','F','30대',23,1796.29,16.25,70000,534
'201701','513',' 뚝섬역 5번 출구 정류소 옆','정기','F','30대',32,2126.99,20.4,88100,773
'201701','514',' 성수사거리 버스정류장 앞','정기','F','30대',23,1920.4,17.63,76010,533
'201701','515',' 광양중학교 앞','정기','F','30대',4,1123.69,12.16,52420,257
'201701','516',' 광진메디칼 앞','정기','F','30대',5,283.52,2.37,10220,53
'201701','300',' 정동사거리','정기','F','30대',24,1136.06,11.37,49120,319
'201701','301',' 경복궁역 7번출구 앞','정기','F','30대',14,631.95,6.52,28110,283
'201701','302',' 경복궁역 4번출구 뒤','정기','F','30대',29,1486.89,14.52,62590,397
'201701','303',' 광화문역 1번출구 앞','정기','F','30대',11,507.53,5.36,23060,154
'201701','115',' 사루비아 빌딩 앞','정기','F','30대',21,951.6,9.58,41270,326
'201701','304',' 광화문역 2번출구 앞','정기','F','30대',8,272.34,2.8,12000,167
'201701','305',' 종로구청 옆','정기','F','30대',13,837.16,8.52,36730,265
'201701','306',' 광화문역 7번출구 앞','정기','F','30대',7,260.53,2.51,10830,135
'201701','307',' 서울역사박물관 앞','정기','F','30대',31,1329.92,13.55,58330,414
'201701','308',' 광화문 S타워 앞','정기','F','30대',6,323.76,3.2,13820,100
'201701','309',' 광화문역 6번출구 옆','정기','F','30대',5,470.55,4.54,19530,110
'201701','310',' 청계광장 옆','정기','F','30대',19,476.53,4.33,18690,171
'201701','311',' 서울광장 옆','정기','F','30대',28,944.99,8.94,38360,286
'201701','312',' 시청역 1번출구 뒤','정기','F','30대',13,522.46,4.82,20740,195
'201701','313',' 서울역 광장 파출소 옆','정기','F','30대',6,107.48,1.03,4460,37
'201701','110',' 사천교','정기','F','30대',6,349.79,4.1,17650,228
'201701','314',' 국립현대미술관','정기','F','30대',31,1114.3,10.36,44750,285
'201701','315',' 신한은행 안국역지점 옆','정기','F','30대',32,1264.58,13.21,57010,460
'201701','316',' 종각역 1번출구 앞','정기','F','30대',22,1963.55,18.21,78540,405
'201701','318',' 광교사거리 남측','정기','F','30대',8,419.46,3.93,16940,194
'201701','320',' 을지로입구역 4번출구 앞','정기','F','30대',15,492.4,4.52,19520,161
'201701','321',' KEB 하나은행 본점 앞','정기','F','30대',14,526.1,6.09,26210,254
'201701','322',' 명동성당 앞','정기','F','30대',12,607.47,6.1,26220,175
'201701','116',' 일진아이윌아파트 옆','정기','F','30대',27,1148.07,11.36,49010,479
'201701','324',' 신세계백화점 본점 앞','정기','F','30대',23,1070.74,10.93,47140,411
'201701','326',' 안국역 5번출구 앞','정기','F','30대',15,517.87,5.25,22640,218
'201701','327',' 낙원상가 옆','정기','F','30대',4,151.33,1.44,6220,55
'201701','328',' 탑골공원 앞','정기','F','30대',7,430.57,4.1,17680,127
'201701','329',' 청계2가 사거리 옆','정기','F','30대',47,3294.75,33.4,143970,928
'201701','330',' 청계천 한빛광장','정기','F','30대',8,355.51,3.36,14420,148
'201701','331',' 을지로2가 사거리 북측','정기','F','30대',22,1566.82,16.49,71020,426
'201701','332',' 을지로2가 사거리 남측','정기','F','30대',25,610.75,5.86,25200,210
'201701','111',' 상수역 2번출구 앞','정기','F','30대',10,664.66,6.4,27560,169
'201701','334',' 종로3가역 2번출구 뒤','정기','F','30대',17,573.64,5.51,23720,311
'201701','335',' 종로3가역 15번출구 앞','정기','F','30대',7,343.01,3.93,16910,158
'201701','336',' 티마크 호텔 앞','정기','F','30대',25,1564.99,15.87,68420,319
'201701','337',' 창경궁 입구','정기','F','30대',15,637.59,5.67,24440,186
'201701','338',' 세운스퀘어 앞','정기','F','30대',28,1024.71,10.11,43470,308
'201701','339',' 종로4가 사거리','정기','F','30대',29,1019.92,9.86,42450,321
'201701','340',' 혜화동 로터리','정기','F','30대',21,772.05,7.61,32750,282
'201701','341',' 혜화역 3번출구 뒤','정기','F','30대',63,2666.67,26.93,115830,983
'201701','342',' 대학로 마로니에공원','정기','F','30대',26,959.45,9.83,42360,284
'201701','343',' 예일빌딩(율곡로) 앞','정기','F','30대',18,396.17,3.65,15660,140
'201701','112',' 극동방송국 앞','정기','F','30대',4,324.65,2.92,12590,87
'201701','344',' 성균관대 E하우스 앞','정기','F','30대',22,706.38,7.1,30650,214
'201701','345',' 서울보증보험본사 앞','정기','F','30대',12,255.62,2.33,9930,57
'201701','346',' 맥스타일 앞','정기','F','30대',14,951.44,9.85,42560,314
'201701','347',' 동대문역사문화공원역 9번출구 앞','정기','F','30대',3,245.83,2.05,8820,69
'201701','349',' 사직동주민센터','정기','F','30대',14,855.19,8.68,37430,389
'201701','350','KEB 하나은행(내자동 지점) 앞','정기','F','30대',14,591.1,5.86,25280,200
'201701','351',' 청운초교 앞 삼거리','정기','F','30대',20,954.59,11.03,47630,362
'201701','353',' 재동초교 앞 삼거리','정기','F','30대',6,155.37,1.73,7430,55
'201701','117',' 홍은사거리','정기','F','30대',6,812.18,8.29,35720,219
'201701','354',' 포르투갈 대사관 앞','정기','F','30대',28,1098.45,10.42,44920,523
'201701','355',' 서울사대부속초교 앞','정기','F','30대',7,255.1,2.39,10370,75
'201701','356',' KT혜화지사 앞','정기','F','30대',19,739.16,7.39,31800,310
'201701','358',' 성대입구 사거리','정기','F','30대',29,1231.73,11.88,51100,486
'201701','359',' 원남동사거리','정기','F','30대',5,229.52,2.19,9420,64
'201701','361',' 동묘앞역 1번출구 뒤','정기','F','30대',4,256.38,2.56,11000,52
'201701','362',' 청계8가 사거리','정기','F','30대',46,1281.98,11.11,47790,437
'201701','363',' 신설동역 11번출구 뒤','정기','F','30대',3,378.63,3.42,14710,37
'201701','364',' 창신역 1번출구 앞','정기','F','30대',11,913.94,9.15,39490,111
'201701','113',' 홍대입구역 2번출구 앞','정기','F','30대',76,3817,38.09,164470,1011
'201701','367',' 독립문역 3-1번출구 ','정기','F','30대',13,952.05,9.04,38900,219
'201701','368',' SK 서린빌딩 앞','정기','F','30대',3,187.86,1.51,6480,45
'201701','369',' 광화문 시민열린마당','정기','F','30대',11,671.56,6.25,26860,223
'201701','348',' 독립문역 사거리','정기','F','30대',20,1217.12,13.23,57020,325
'201701','370',' 시청역(2호선) 9번출구 뒤','정기','F','30대',1,30.89,0.3,1300,9
'201701','371',' 동대입구역 6번출구 뒤','정기','F','30대',2,169.05,1.7,7360,45
'201701','372',' 약수역 3번출구 뒤','정기','F','30대',1,170.4,1.54,6620,55
'201701','373',' 청구 어린이공원','정기','F','30대',2,18.47,0.2,880,8
'201701','374',' 청구역 2번출구 앞','정기','F','30대',3,256.96,2.78,11970,107
'201701','118',' 광흥창역 2번출구 앞','정기','F','30대',14,439.47,4.8,20660,161
'201701','375',' 다산 어린이공원','정기','F','30대',1,33.83,0.41,1780,15
'201701','377',' 서울역 4번출구 앞','정기','F','30대',1,157.33,1.59,6850,31
'201701','378',' 청계7가 사거리','정기','F','30대',9,332.01,3.43,14830,126
'201701','379',' 서울역9번출구','정기','F','30대',3,225.38,2.21,9530,53
'201701','380',' CJ제일제당 앞','정기','F','30대',6,151.51,1.36,5880,104
'201701','383',' 신당역 12번 출구 뒤','정기','F','30대',4,114.55,1.03,4450,40
'201701','384',' 종로학원본원 ','정기','F','30대',28,3881.17,34.73,149680,699
'201701','114',' 홍대입구역 8번출구 앞','정기','F','30대',19,1091.14,10.4,44790,310
'201701','142',' 아현역 4번출구 앞','정기','F','30대',8,437.89,4.05,17540,187
'201701','143',' 공덕역 2번출구','정기','F','30대',9,757.19,6.69,28850,185
'201701','144',' 공덕역 8번출구','정기','F','30대',17,986.83,9.68,41750,325
'201701','145',' 공덕역 5번출구','정기','F','30대',7,344.78,3.43,14770,111
'201701','146',' 마포역 1번출구 뒤','정기','F','30대',12,1411.81,13.29,57230,357
'201701','147',' 마포역 4번출구 뒤','정기','F','30대',13,1299.67,11.55,49740,297
'201701','148',' 용강동 주민센터 앞','정기','F','30대',5,205.82,1.92,8250,126
'201701','150',' 서강대역 2번출구 앞','정기','F','30대',25,1450.73,14.66,63230,441
'201701','151',' 망원1동주민센터','정기','F','30대',6,348.2,3.34,14410,144
'201701','152',' 마포구민체육센터 앞','정기','F','30대',30,2152.37,20.47,88280,576
'201701','119',' 서강나루 공원','정기','F','30대',14,908.6,9.07,39110,228
'201701','153',' 성산2교 사거리','정기','F','30대',34,1480.83,13.73,59210,444
'201701','154',' 마포구청역 ','정기','F','30대',17,1058.97,11.38,49050,302
'201701','155',' 가좌역1 번출구 뒤','정기','F','30대',18,470.5,4.36,18890,113
'201701','156',' 서울서부지방법원 앞','정기','F','30대',7,605.37,5.36,23140,148
'201701','157',' 애오개역 4번출구 앞','정기','F','30대',21,515.29,5.43,23600,200
'201701','158',' 독립문 어린이 공원','정기','F','30대',20,1255.8,13.07,56310,393
'201701','159',' 이대역 4번 출구','정기','F','30대',5,206.33,2.1,9030,117
'201701','160',' 북아현동 가구거리','정기','F','30대',8,733.74,6.52,28110,143
'201701','161',' 무악재역1번 출구','정기','F','30대',1,38.82,0.4,1720,10
'201701','162',' 봉원고가차도 밑','정기','F','30대',48,2282.12,26.89,115990,500
'201701','120',' 신수동 사거리','정기','F','30대',3,106.64,1.22,5270,40
'201701','164',' 북가좌1동 주민센터 ','정기','F','30대',1,37.84,0.34,1470,15
'201701','165',' 중앙근린공원','정기','F','30대',1,18.17,0.17,740,10
'201701','166',' 가재울 초등학교','정기','F','30대',21,1392.98,14.82,63820,382
'201701','167',' 연가초등학교 옆','정기','F','30대',16,1751.83,17.12,73730,529
'201701','168',' 남가좌동 사거리','정기','F','30대',1,12.83,0.13,540,3
'201701','169',' 북가좌 삼거리','정기','F','30대',7,1156.44,10.26,44230,205
'201701','170',' 가재울 뉴타운 주유소 옆','정기','F','30대',22,1526.14,14.88,64190,358
'201701','171',' 임광빌딩 앞','정기','F','30대',10,527.87,5.58,24040,148
'201701','172',' 서대문소방서','정기','F','30대',5,742.51,7.38,31800,224
'201701','121',' 마포소방서 앞','정기','F','30대',5,289.94,2.74,11840,86
'201701','173',' 서대문역 8번출구 앞','정기','F','30대',14,877.19,9.37,40410,312
'201701','175',' 홍연2교옆','정기','F','30대',16,1163.5,12.31,53000,258
'201701','179',' 가좌역 4번출구 앞','정기','F','30대',5,102.42,1.19,5140,78
'201701','180',' 충정로역 7번출구 뒤','정기','F','30대',10,574.32,5.85,25200,144
'201701','518',' 청계천 박물관 앞','정기','F','30대',2,51.06,0.58,2480,15
'201701','519',' 양지사거리','정기','F','30대',28,2562.23,25.52,109980,491
'201701','520',' 상왕십리역 4번 출구 앞','정기','F','30대',31,1286.61,12.3,53010,351
'201701','521',' 왕십리역 11번 출구 앞','정기','F','30대',3,289.38,2.86,12320,88
'201701','522',' 금호역 1번출구 앞','정기','F','30대',1,201.39,1.51,6520,56
'201701','122',' 신성기사식당 앞','정기','F','30대',3,441.63,4.09,17570,79
'201701','524',' 래미안금호하이리버 아파트 102동 옆','정기','F','30대',21,2494.9,20.79,89620,451
'201701','525',' 한양대병원사거리','정기','F','30대',8,512.95,5.39,23250,149
'201701','526',' 용답토속공원 앞','정기','F','30대',4,384.62,3.34,14350,84
'201701','529',' 장한평역 8번 출구 앞','정기','F','30대',9,687.79,6.32,27280,204
'201701','530',' 청계벽산아파트 앞','정기','F','30대',31,1035.13,9.25,39920,226
'201701','534',' 금호사거리','정기','F','30대',8,68.3,0.81,3450,21
'201701','535',' 응봉삼거리','정기','F','30대',7,373.22,3.89,16820,60
'201701','536',' 행당역 2번출구 앞','정기','F','30대',7,201.8,2.06,8890,191
'201701','537',' 한양대후문역 부근','정기','F','30대',3,248.24,1.96,8440,54
'201701','538',' 답십리역 8번출구 앞','정기','F','30대',3,209.39,2.05,8850,94
'201701','550',' 서울시설공단 앞','정기','F','30대',27,470.83,4.94,21430,92
'201701','539',' 군자교교차로','정기','F','30대',7,880.21,7.45,32120,243
'201701','540',' 군자역 7번출구 베스트샵 앞','정기','F','30대',27,1513.5,13.97,60060,478
'201701','543',' 구의공원(테크노마트 앞)','정기','F','30대',6,855.3,8.94,38480,199
'201701','544',' 광남중학교','정기','F','30대',3,412.69,4.31,18610,98
'201701','546',' 잠실대교북단 교차로','정기','F','30대',8,485.76,5.67,24410,113
'201701','548',' 자양나들목','정기','F','30대',41,1484.29,14.09,60760,313
'201701','549',' 아차산역 3번출구','정기','F','30대',19,971.29,8.83,37980,210
'201701','124',' 서강대 정문 건너편','정기','F','30대',15,653.1,6.16,26500,235
'201701','600',' 휘경2동 주민센터','정기','F','30대',2,173.74,1.56,6750,43
'201701','601',' 용신동주민센터','정기','F','30대',2,104.25,0.94,4050,98
'201701','602',' 장안동 사거리','정기','F','30대',2,114.09,1.14,4910,26
'201701','604',' 답십리초등학교 옆 공원','정기','F','30대',7,273.05,2.67,11510,105
'201701','605',' 신설동역8번출구','정기','F','30대',13,1399.24,11.98,51630,326
'201701','607',' 신이문역 2번출구','정기','F','30대',14,1893.38,17.55,75790,229
'201701','608',' 전농삼성아파트','정기','F','30대',1,43.96,0.52,2220,23
'201701','609',' 제기2교','정기','F','30대',4,498.22,4.5,19390,115
'201701','125',' 서강대 남문 옆','정기','F','30대',8,391.38,3.83,16550,106
'201701','610',' 동대문중 교차로','정기','F','30대',23,1696.2,16.18,69830,416
'201701','612',' 시립동부병원 앞 사거리','정기','F','30대',39,1590.11,14.57,62890,711
'201701','613',' 신설동역 10번출구 앞','정기','F','30대',16,699.82,5.9,25430,235
'201701','614',' 용두동 사거리','정기','F','30대',8,381.4,3.67,15810,136
'201701','615',' 용두동 레미안허브리츠아파트 앞','정기','F','30대',2,197.43,1.78,7670,75
'201701','617',' 청솔우성아파트 앞','정기','F','30대',3,120.46,1.09,4680,37
'201701','227',' 양평2나들목 보행통로 입구','정기','F','30대',2,442.25,3.9,16810,95
'201701','228',' 선유도역 3번출구 앞','정기','F','30대',10,539.49,5.26,22650,220
'201701','229',' 양평1 보행육교 앞','정기','F','30대',4,558.2,4.74,20420,104
'201701','126',' 서강대 후문 옆','정기','F','30대',6,120.96,1.19,5130,32
'201701','231',' 남부고용노동지청 남측','정기','F','30대',2,40.89,0.39,1710,11
'201701','232',' 양평우림 이비즈센타 앞','정기','F','30대',29,2430.89,20.7,89310,641
'201701','233',' YP 센터 앞','정기','F','30대',4,286.23,2.58,11120,79
'201701','234',' 영등포구민체육센터 앞','정기','F','30대',7,314.55,2.85,12220,98
'201701','235',' 신길동 우리은행 옆','정기','F','30대',2,53.82,0.7,3020,36
'201701','236',' 문래동자이아파트 앞','정기','F','30대',8,523.61,4.93,21270,184
'201701','237',' 보라매 두산위브 건너편','정기','F','30대',2,51.22,0.49,2120,14
'201701','238',' 제2구민체육센타 앞','정기','F','30대',20,590.9,6.1,26310,221
'201701','239',' 유스호스텔 앞','정기','F','30대',16,820.84,9.09,39150,246
'201701','240',' 문래역 4번출구 앞','정기','F','30대',29,1109.48,11.19,48240,327
'201701','127',' 현대벤처빌 앞','정기','F','30대',21,1111.5,10.69,45970,353
'201701','242',' 신길선원가와인아파트 앞','정기','F','30대',12,542.06,5.36,23090,280
'201701','243',' 이앤씨드림타워 앞','정기','F','30대',6,181.95,1.68,7270,673
'201701','244',' 영등포삼환아파트 앞','정기','F','30대',34,2344.65,22.88,98560,554
'201701','245',' 삼성생명 당산사옥 앞','정기','F','30대',13,767.18,6.74,29090,243
'201701','247',' 당산역 10번출구 앞','정기','F','30대',19,1020.07,9.88,42660,292
'201701','248',' 초원아파트 앞','정기','F','30대',7,308.41,3.07,13240,82
'201701','249',' 여의도중학교 옆','정기','F','30대',2,244.37,3.04,13130,76
'201701','250',' 대림아파트 사거리','정기','F','30대',3,203.84,2.26,9740,144
'201701','251',' 서울지방병무청 버스정류장','정기','F','30대',1,2.57,0.03,120,7
'201701','101',' (구)합정동 주민센터','정기','F','30대',1,12.83,0.13,540,3
'201701','128',' 신촌역(2호선) 1번출구 옆','정기','F','30대',13,750.99,6.34,27320,177
'201701','252',' 보라매역4번출구','정기','F','30대',3,167.55,1.66,7130,70
'201701','253',' 신풍역 5번출구 인근','정기','F','30대',25,1071.32,12.62,54350,512
'201701','254',' 도림신협 앞','정기','F','30대',6,323.51,3.78,16280,72
'201701','255',' 도림4거리','정기','F','30대',2,105.73,1.24,5340,27
'201701','257',' 신길삼거리(우리은행)','정기','F','30대',29,1559.49,14.22,61410,408
'201701','258',' 신길역3번출구','정기','F','30대',4,280.38,3.43,14760,106
'201701','259',' 대방역6번출구','정기','F','30대',15,2427.63,21.92,94470,437
'201701','700',' KB국민은행 염창역 지점 앞','정기','F','30대',2,247.1,2.23,9600,75
'201701','701',' 목동사거리 부근','정기','F','30대',1,98.53,1,4290,27
'201701','129',' 신촌역(2호선) 6번출구 옆','정기','F','30대',28,1200.73,11.58,49640,306
'201701','702',' 목4동주민센터 옆','정기','F','30대',7,420.89,3.75,16160,293
'201701','703',' 오목교역 7번출구 앞','정기','F','30대',41,3390.22,34.9,150480,1129
'201701','704',' 남부법원검찰청 교차로','정기','F','30대',8,342.83,3.26,14060,105
'201701','706',' 신정네거리역','정기','F','30대',13,638.71,7.28,31370,155
'201701','707',' 신정3동주민센터','정기','F','30대',1,34.82,0.36,1570,7
'201701','708',' 서울출입국관리사무소 앞','정기','F','30대',31,1870.79,16.86,72680,867
'201701','709',' 신정3동 현장민원실 앞','정기','F','30대',5,602.48,7.51,32370,212
'201701','710',' 서부화물트럭터미널 사거리','정기','F','30대',2,95.65,0.99,4290,23
'201701','711',' 신일해피트리아파트 앞','정기','F','30대',17,2030.11,18.31,78870,484
'201701','130',' 신촌역(2호선) 7번출구 앞','정기','F','30대',13,1014.64,9.02,38840,226
'201701','800',' 목월공원 앞','정기','F','30대',10,1553.57,12.08,52120,392
'201701','802',' 한강진역 2번 출구 앞','정기','F','30대',3,601.25,5.23,22530,96
'201701','803',' 한남초교 앞 보도육교','정기','F','30대',1,233.09,2.53,10900,57
'201701','805',' 문배어린이공원 앞','정기','F','30대',17,872.53,8.2,35360,341
'201701','806',' 전자랜드 본관 앞','정기','F','30대',7,482.78,4.46,19170,105
'201701','807',' 서울역 12번 출구 앞','정기','F','30대',12,750.63,7,30190,194
'201701','808',' 서빙고동 금호맨션 앞','정기','F','30대',1,96.01,0.87,3730,23
'201701','131',' 증산2교','정기','F','30대',12,613.65,5.52,23840,137
'201701','811',' 녹사평역1번출구','정기','F','30대',7,836.58,7.24,31240,200
'201701','812',' 용산전쟁기념관','정기','F','30대',1,57.66,0.48,2080,49
'201701','813',' 삼각지역 3번출구','정기','F','30대',2,160.28,1.54,6650,58
'201701','815',' LIG강촌아파트 103동앞','정기','F','30대',2,258.15,2.57,11080,53
'201701','385',' 종각역 5번출구','정기','F','30대',31,1608.99,16.39,70650,504
'201701','386',' 올림픽기념 국민생활관 앞','정기','F','30대',42,1724.03,16.38,70680,461
'201701','387',' 훈련원공원주차장 앞','정기','F','30대',8,440.29,4.41,19050,160
'201701','181',' 망원초록길 입구','정기','F','30대',4,773.96,8.35,35980,140
'201701','132',' 창천문화공원','정기','F','30대',5,185.4,1.76,7600,47
'201701','182',' 망원2빗물펌프장 앞','정기','F','30대',37,1799.3,18.06,77980,404
'201701','183',' 하늘채코오롱아파트 건너편','정기','F','30대',28,1843.34,16.92,72980,847
'201701','184',' SK망원동주유소 건너편','정기','F','30대',12,398.2,4.16,17910,128
'201701','185',' 마포 신수공원 앞','정기','F','30대',6,841.17,9.09,39260,158
'201701','186',' 월드컵공원','정기','F','30대',4,261.98,2.67,11540,96
'201701','177',' 북가좌 초등학교','정기','F','30대',19,1511.81,13.89,59850,690
'201701','188',' 홍은동 정원여중 입구','정기','F','30대',2,945.61,9.05,38980,170
'201701','191',' 정명학원','정기','F','30대',4,486.46,4.65,20080,152
'201701','192',' 연서어린이공원','정기','F','30대',15,632.75,6.5,28030,225
'201701','178',' 증산3교 앞','정기','F','30대',6,486.41,4.71,20280,178
'201701','133',' 해담는다리','정기','F','30대',6,1092.72,9.99,43070,201
'201701','194',' 증산교 앞','정기','F','30대',17,1239.91,12.79,55220,350
'201701','195',' 모래내고가차도 ','정기','F','30대',42,1791.76,20.33,87650,427
'201701','196',' 연희교차로 인근','정기','F','30대',1,14.67,0.13,570,5
'201701','198',' 충정2교','정기','F','30대',10,373.41,3.77,16280,119
'201701','556',' 달맞이공원','정기','F','30대',1,241.85,2.62,11310,45
'201701','557',' 도선동 주민센터 앞','정기','F','30대',21,655.07,7.07,30560,245
'201701','558',' 성동광진 교육지원청 앞','정기','F','30대',8,396.7,4.38,18900,122
'201701','134',' 연세로 명물길','정기','F','30대',8,169.76,1.8,7780,65
'201701','559',' 왕십리역 4번 출구 건너편','정기','F','30대',35,1554.28,16.66,71890,444
'201701','560',' 비전교회 앞','정기','F','30대',3,138.89,1.49,6440,42
'201701','561',' 서울숲역 2번출구 앞','정기','F','30대',5,412.4,3.84,16570,109
'201701','562',' 군자지하보도 앞','정기','F','30대',6,594.47,4.85,20880,141
'201701','563',' 성동세무서 건너편','정기','F','30대',20,862.5,9.27,39840,265
'201701','565',' 옥수역 3번출구','정기','F','30대',4,1028.46,10.45,45060,318
'201701','567',' 성수역 2번출구 앞','정기','F','30대',28,1060.42,10.71,46300,520
'201701','568',' 청계8가사거리 부근','정기','F','30대',28,1483.16,14.74,63460,485
'201701','135',' 명물길 원형무대 앞','정기','F','30대',3,88.09,1.02,4390,25
'201701','569',' 응봉현대아파트 정류소','정기','F','30대',35,2563.48,24.7,106640,519
'201701','578',' 성동세무서 부근','정기','F','30대',32,2834.96,26.8,115710,614
'201701','580',' 신금호역 3번출구 뒤','정기','F','30대',2,161.66,1.34,5750,44
'201701','582',' 경일중학교 앞','정기','F','30대',2,196.77,1.92,8260,63
'201701','583',' 청계천 생태교실 앞','정기','F','30대',4,546.2,5.31,22880,116
'201701','551',' 구의삼성쉐르빌 앞','정기','F','30대',12,633.57,5.93,25570,161
'201701','553',' 중곡 성원APT 앞','정기','F','30대',23,2616.84,23.06,99450,407
'201701','554',' 아차산역 사거리','정기','F','30대',8,201.77,2.04,8680,44
'201701','555',' 구의3동주민센터','정기','F','30대',3,336.86,3.52,15190,107
'201701','571',' 어린이대공원역6번출구','정기','F','30대',22,1195.49,8.99,38790,411
'201701','573',' 구의문주차장 앞','정기','F','30대',1,155.47,1.4,6040,53
'201701','574',' 아차산역4번출구','정기','F','30대',6,303.75,2.91,12550,93
'201701','575',' 중앙농협 중곡지점','정기','F','30대',1,0,0,0,2
'201701','577',' 광진청소년수련관','정기','F','30대',4,298.5,2.72,11710,69
'201701','621',' 동대문중학교 옆','정기','F','30대',1,10.69,0.13,540,2
'201701','137',' NH농협 신촌지점 앞','정기','F','30대',14,1094.46,11.06,47640,342
'201701','622',' 전농사거리 교통섬','정기','F','30대',4,193.87,2.18,9380,53
'201701','623',' 서울시립대 정문 앞','정기','F','30대',10,413.37,4.31,18530,171
'201701','624',' 전농동 동아아파트 앞','정기','F','30대',16,752.62,6.84,29540,287
'201701','625',' 답십리초등학교 앞(현대시장 옆)','정기','F','30대',9,850.3,9.76,42130,250
'201701','626',' 군자교 서측 녹지대','정기','F','30대',2,57.52,0.54,2300,18
'201701','627',' 장안동삼거리 교통섬','정기','F','30대',2,112.02,0.91,3930,74
'201701','628',' 휘봉고등학교 앞','정기','F','30대',8,700.36,6.3,27210,163
'201701','630',' 동대문구 보건소','정기','F','30대',32,1360.58,13.67,58870,375
'201701','631',' 답십리역 1번출구','정기','F','30대',16,728.56,7.29,31350,263
'201701','102',' 망원역 1번출구 앞','정기','F','30대',49,2124.63,21.69,93450,675
'201701','138',' 신촌동 제1공영주차장 앞','정기','F','30대',1,65.64,0.59,2550,23
'201701','633',' 청량리 기업은행 앞','정기','F','30대',41,2550.96,24.87,107320,643
'201701','634',' 외국어대 정문 앞','정기','F','30대',15,914.47,9.71,41800,267
'201701','635',' 시조사 앞 (청량고정문 옆)','정기','F','30대',1,25.92,0.28,1190,5
'201701','636',' 세종대왕기념관 교차로','정기','F','30대',1,19.4,0.23,980,8
'201701','637',' KAIST 경영대학 앞','정기','F','30대',16,790.8,7.55,32520,229
'201701','638',' 서울시립대 정보기술관','정기','F','30대',1,60.75,0.55,2360,17
'201701','639',' 서울시립대 후문','정기','F','30대',4,310.1,2.88,12430,119
'201701','640',' KEB하나은행 청량리역지점','정기','F','30대',8,560.19,5.64,24300,538
'201701','641',' 용두역 4번출구','정기','F','30대',12,2222.81,21.12,91090,387
'201701','642',' 신답역 사거리','정기','F','30대',11,740.59,6.03,26010,128
'201701','140',' 이화여대 후문','정기','F','30대',14,402.73,4.55,19650,149
'201701','643',' 동대문구민체육센터 (육교아래)','정기','F','30대',12,1384.17,13.08,56360,279
'201701','230',' 영등포구청역 1번출구','정기','F','30대',50,1635.88,15.36,66180,644
'201701','260',' 여의도 마리나선착장 앞','정기','F','30대',5,612.52,5.96,25710,141
'201701','262',' 영문초등학교 사거리','정기','F','30대',6,197.95,2,8630,50
'201701','263',' 근로자회관 사거리','정기','F','30대',41,1462.83,14.77,63690,501
'201701','264',' 교보생명보험 앞','정기','F','30대',6,112.09,1.17,5050,36
'201701','265',' 영등포유통상가 사거리','정기','F','30대',25,1299.92,12.16,52390,439
'201701','141',' 연대 대운동장 옆','정기','F','30대',10,298.5,3.44,14790,105
'201701','266',' 영등포청과시장 사거리','정기','F','30대',15,627.4,6,25820,215
'201701','267',' 삼성화재 사옥 옆','정기','F','30대',6,944.27,8.58,36970,187
'201701','268',' 그랜드컨벤션센터 앞','정기','F','30대',7,279.01,3.26,14040,114
'201701','270',' 증권거래소후문교차로','정기','F','30대',1,25.09,0.2,880,5
'201701','271',' 샛강생태공원방문자센터 앞','정기','F','30대',14,891.18,8.67,37470,190
'201701','272',' 당산육갑문','정기','F','30대',5,1048.93,9.38,40440,199
'201701','716','신정6동 주민센터 인근','정기','F','30대',16,764.14,7.33,31630,181
'201701','139',' 연세대 정문 건너편','정기','F','30대',8,264.22,2.94,12650,158
'201701','719',' 홍익병원앞 교차로','정기','F','30대',11,835.78,7.54,32470,199
'201701','816',' 신용산역 6번출구 앞','정기','F','30대',10,838.79,8.22,35440,276
'201701','817',' 삼각지역 4번출구 앞','정기','F','30대',3,225.98,2.37,10230,68
'201701','818',' 숙명여대 입구 교차로','정기','F','30대',16,629.78,6.06,26140,213
'201701','819',' 선린인터넷 고등학교','정기','F','30대',4,327.52,3.13,13530,81
'201701','820',' 청파동입구 교차로','정기','F','30대',5,171.54,1.52,6550,50
'201701','822',' 이촌1동 마을공원','정기','F','30대',2,338.48,3.06,13150,59
'201701','823',' 효창동주민센터 앞','정기','F','30대',1,93.95,0.85,3650,30
'201701','825',' 서빙고동 주민센터 앞','정기','F','30대',6,1024.41,10.19,43910,215
'201701','199',' 서울 월드컵 경기장','정기','F','30대',18,1144.59,10.51,45400,261
'201701','388',' 동성중학교 앞','정기','F','30대',17,671.43,7.42,31910,220
'201701','584',' 광진광장 교통섬','정기','F','30대',16,1348.23,13.24,57160,303
'201701','585',' 성수2가1동 공영주차장 인근','정기','F','30대',30,923.71,9.84,42540,233
'201701','586',' 마장동 주민센터','정기','F','30대',3,176.06,1.59,6840,44
'201701','900',' 은평예술회관','정기','F','30대',28,464.22,5.14,22110,156
'201701','901',' 응암1동사무소','정기','F','30대',4,306.71,2.44,10510,82
'201701','200',' 국회의원회관','정기','F','30대',7,416.72,4.57,19670,98
'201701','902',' 진관동 은빛초등학교','정기','F','30대',1,54.65,0.64,2760,30
'201701','903',' 은평뉴타운 아이파크','정기','F','30대',1,8.93,0.11,470,4
'201701','904',' 은평뉴타운 푸르지오','정기','F','30대',8,541.58,5.2,22490,176
'201701','905',' 구파발역 2번출구','정기','F','30대',7,339.33,3.46,14930,117
'201701','906',' 연신내역 5번출구150M 아래','정기','F','30대',8,471.61,4.61,19850,133
'201701','907',' CJ 드림시티','정기','F','30대',42,2647.9,24.59,106040,689
'201701','908',' 구산역 4번출구','정기','F','30대',13,2633.2,25.19,108600,490
'201701','911',' 은평평화공원(역촌역4번출구)','정기','F','30대',30,1896.86,18.1,77990,402
'201701','201',' 진미파라곤 앞','정기','F','30대',22,1207.09,12.87,55390,313
'201701','912',' 응암오거리','정기','F','30대',1,41.7,0.38,1620,13
'201701','913',' 이마트 은평점','정기','F','30대',18,977.44,9.62,41520,322
'201701','914',' 새절역 2번출구','정기','F','30대',7,320.17,3.04,13140,88
'201701','915',' 증산역 4번출구','정기','F','30대',2,290.15,2.7,11630,57
'201701','917',' 녹번역 4번출구','정기','F','30대',6,112.46,1.3,5570,28
'201701','921',' 신도고등학교','정기','F','30대',6,329.6,3.51,15130,97
'201701','202',' 국민일보 앞','정기','F','30대',25,1186.83,13.64,58830,384
'201701','922',' 연신내역 4번출구','정기','F','30대',1,62.08,0.6,2570,13
'201701','923',' 국민은행 연서지점','정기','F','30대',2,85.46,0.77,3320,16
'201701','925',' 불광역 2번출구','정기','F','30대',1,74.29,0.62,2680,26
'201701','926',' 불광역 8번출구','정기','F','30대',3,193.16,1.95,8430,51
'201701','930',' 구 서부경찰서 건너편','정기','F','30대',1,7.98,0.1,420,2
'201701','931',' 역촌파출소','정기','F','30대',9,600.15,6.31,27190,178
'201701','932',' 예일여중','정기','F','30대',5,100,0.93,3960,37
'201701','933',' LG서비스 역촌점','정기','F','30대',14,521.58,5.59,24120,165
'201701','587',' KEB하나은행 성수중앙지점','정기','F','30대',4,159.61,1.53,6640,52
'201701','588',' 뚝섬 유원지역','정기','F','30대',5,335.02,3.58,15470,112
'201701','103',' 망원역 2번출구 앞','정기','F','30대',10,365.37,4.15,17910,131
'201701','204',' 국회의사당역 5번출구 옆','정기','F','30대',23,1072.56,10.04,43190,267
'201701','203',' 국회의사당역 3번출구 옆','정기','F','30대',8,670.9,5.52,23750,160
'201701','205',' 산업은행 앞','정기','F','30대',4,238.54,2.17,9340,75
'201701','206',' KBS 앞','정기','F','30대',11,676.16,6.07,26240,328
'201701','209',' 유진투자증권빌딩 앞','정기','F','30대',12,170.14,1.53,6610,55
'201701','210',' IFC몰','정기','F','30대',17,941.21,9.74,41910,261
'201701','211',' 여의도역 4번출구 옆','정기','F','30대',16,405.16,3.66,15760,96
'201701','212',' 여의도역 1번출구 옆','정기','F','30대',9,384.73,4.14,17870,169
'201701','213',' KT앞','정기','F','30대',15,763.7,7.92,34170,257
'201701','104',' 합정역 1번출구 앞','정기','F','30대',25,1717.2,17.48,75330,511
'201701','214',' 금융감독원 앞','정기','F','30대',3,46.94,0.5,2190,15
'201701','218',' 증권거래소 앞','정기','F','30대',2,34.5,0.31,1340,8
'201701','219',' 롯데캐슬엠파이어 옆','정기','F','30대',10,281.63,3.08,13230,137
'201701','220',' 미성아파트 A동 앞','정기','F','30대',25,1365.77,14.66,63320,385
'201701','216',' 삼부아파트1동 앞','정기','F','30대',25,643.76,6.15,26470,201
'201701','217',' NH농협은행 앞','정기','F','30대',19,286.8,3.24,13950,193
'201701','221',' 여의도초교 앞','정기','F','30대',32,1069.71,12.04,51720,327
'201701','222',' 시범아파트버스정류장 옆','정기','F','30대',27,1122.33,11.51,49600,318
'201701','223',' 진주아파트상가 앞','정기','F','30대',3,219.91,2.23,9660,43
'201701','105',' 합정역 5번출구 앞','정기','F','30대',27,1435.91,14.19,61080,374
'201701','224',' 롯데캐슬 앞','정기','F','30대',36,1557.92,14.73,63600,434
'201701','225',' 앙카라공원 앞','정기','F','30대',36,753.02,7.95,34150,291
'201701','226',' 샛강역 1번출구 앞','정기','F','30대',14,1568.58,14.19,61140,465
'201701','207',' 여의나루역 1번출구 앞','정기','F','30대',40,1122.75,11.18,48350,299
'201701','401',' 상암월드컵파크 10단지 앞','정기','F','30대',27,1599.05,14.24,61350,430
'201701','402',' 상암월드컵파크 9단지 앞','정기','F','30대',20,870.99,7.44,32120,201
'201701','403',' 부엉이공원 앞','정기','F','30대',4,306.39,2.65,11430,59
'201701','106',' 합정역 7번출구 앞','정기','F','30대',59,3973.22,35.25,151870,987
'201701','405',' DMC빌 앞','정기','F','30대',10,308.67,3.31,14310,103
'201701','406',' 상암월드컵파크 7단지 앞','정기','F','30대',2,120.94,1.18,5090,42
'201701','421',' 마포구청 앞','정기','F','30대',47,2092.15,21,90380,643
'201701','407',' 마포구 육아종합지원센터','정기','F','30대',15,513.17,5.35,23120,631
'201701','408',' LG CNS앞','정기','F','30대',11,854.96,6.96,30070,211
'201701','420',' 서울시 공공자전거 상암센터','정기','F','30대',3,264.95,2.37,10210,83
'201701','409',' 누리꿈스퀘어 옆','정기','F','30대',42,1457.21,14.28,61530,575
'201701','419',' 홈플러스 앞','정기','F','30대',52,3023.87,28.92,124660,845
'201701','418',' 월드컵경기장역 3번출구 옆','정기','F','30대',11,793.08,7.87,33860,253
'201701','107',' 신한은행 서교동금융센터점 앞','정기','F','30대',47,3156.4,30.87,133080,831
'201701','411',' DMC홍보관','정기','F','30대',23,1708.95,16.26,70060,334
'201701','412',' DMC산학협력연구센터 앞','정기','F','30대',42,3019.13,31.19,134470,803
'201701','413',' 상암월드컵파크 3단지 후문','정기','F','30대',2,75.85,0.78,3380,18
'201701','417',' DMC역 2번출구 옆','정기','F','30대',17,838.04,7.73,33310,196
'201701','414',' 상암동주민센터 옆','정기','F','30대',20,1034.38,9.06,39070,244
'201701','415',' DMC역 9번출구 앞','정기','F','30대',16,783.6,7.46,32220,204
'201701','416',' 상암월드컵파크 1단지 교차로','정기','F','30대',19,548.33,6.05,26130,124
'201701','500',' 어린이대공원역 3번출구 앞','정기','F','30대',2,151.73,1.31,5650,57
'201701','501',' 광진구의회 앞','정기','F','30대',25,1377.18,13.88,59870,405
'201701','502',' 뚝섬유원지역 1번출구 앞','정기','F','30대',33,1665.39,17.09,73760,527
'201701','108',' 서교동 사거리','정기','F','40대',5,314.88,3.44,14820,154
'201701','503',' 더샵스타시티 C동 앞','정기','F','40대',24,1486.81,12.49,53870,443
'201701','504',' 신자초교입구교차로','정기','F','40대',17,973.85,8.86,38150,392
'201701','505',' 자양사거리 광진아크로텔 앞','정기','F','40대',4,157.96,1.41,6090,43
'201701','507',' 성수아이에스비즈타워 앞','정기','F','40대',4,335.33,2.69,11600,51
'201701','509',' 이마트 버스정류소 옆','정기','F','40대',4,125.51,1.11,4750,24
'201701','510',' 서울숲 남문 버스정류소 옆','정기','F','40대',1,9.65,0.1,420,4
'201701','511',' 서울숲역 4번 출구 옆','정기','F','40대',1,107.03,1.08,4660,41
'201701','512',' 뚝섬역 1번 출구 옆','정기','F','40대',6,245.76,2.49,10710,96
'201701','109',' 제일빌딩 앞','정기','F','40대',1,201.89,1.36,5860,37
'201701','400',' 상암한화오벨리스크 1차 앞','정기','F','40대',8,439.7,4.04,17410,210
'201701','513',' 뚝섬역 5번 출구 정류소 옆','정기','F','40대',2,75.93,0.68,2950,72
'201701','514',' 성수사거리 버스정류장 앞','정기','F','40대',20,1736.79,14.83,63960,401
'201701','300',' 정동사거리','정기','F','40대',7,212.76,2.01,8640,71
'201701','301',' 경복궁역 7번출구 앞','정기','F','40대',8,297.91,2.68,11570,75
'201701','302',' 경복궁역 4번출구 뒤','정기','F','40대',4,207.5,2.06,8880,67
'201701','303',' 광화문역 1번출구 앞','정기','F','40대',10,494.47,4.48,19270,152
'201701','115',' 사루비아 빌딩 앞','정기','F','40대',1,106.68,1.04,4490,27
'201701','304',' 광화문역 2번출구 앞','정기','F','40대',2,114.64,1.17,5050,44
'201701','305',' 종로구청 옆','정기','F','40대',13,529.22,5.25,22670,198
'201701','306',' 광화문역 7번출구 앞','정기','F','40대',3,330.02,3.4,14690,84
'201701','307',' 서울역사박물관 앞','정기','F','40대',9,501.68,4.88,21060,196
'201701','308',' 광화문 S타워 앞','정기','F','40대',3,69.96,0.66,2820,16
'201701','309',' 광화문역 6번출구 옆','정기','F','40대',8,375.17,3.45,14890,110
'201701','310',' 청계광장 옆','정기','F','40대',1,201.69,2.23,9610,48
'201701','311',' 서울광장 옆','정기','F','40대',8,904.44,7.12,30690,138
'201701','312',' 시청역 1번출구 뒤','정기','F','40대',5,106.44,1.15,5010,33
'201701','313',' 서울역 광장 파출소 옆','정기','F','40대',2,77.07,0.56,2390,15
'201701','110',' 사천교','정기','F','40대',15,787.26,7.44,32020,232
'201701','314',' 국립현대미술관','정기','F','40대',12,527.59,4.7,20220,350
'201701','315',' 신한은행 안국역지점 옆','정기','F','40대',9,234.97,2.32,10040,64
'201701','316',' 종각역 1번출구 앞','정기','F','40대',17,1250.92,11.22,48380,332
'201701','318',' 광교사거리 남측','정기','F','40대',2,144.91,1.3,5630,64
'201701','320',' 을지로입구역 4번출구 앞','정기','F','40대',11,600.88,5.57,23990,238
'201701','321',' KEB 하나은행 본점 앞','정기','F','40대',1,23.17,0.21,900,8
'201701','322',' 명동성당 앞','정기','F','40대',11,538.3,4.66,20050,153
'201701','116',' 일진아이윌아파트 옆','정기','F','40대',6,235.42,2.6,11210,106
'201701','324',' 신세계백화점 본점 앞','정기','F','40대',4,141.56,1.28,5500,72
'201701','326',' 안국역 5번출구 앞','정기','F','40대',36,1518.77,14.29,61560,467
'201701','327',' 낙원상가 옆','정기','F','40대',9,529.7,4.92,21220,149
'201701','328',' 탑골공원 앞','정기','F','40대',20,2763.68,26.89,115930,678
'201701','329',' 청계2가 사거리 옆','정기','F','40대',2,206.32,2.2,9450,63
'201701','330',' 청계천 한빛광장','정기','F','40대',4,328.37,3.65,15710,86
'201701','331',' 을지로2가 사거리 북측','정기','F','40대',1,31.66,0.29,1230,6
'201701','332',' 을지로2가 사거리 남측','정기','F','40대',6,303.77,3.34,14380,119
'201701','111',' 상수역 2번출구 앞','정기','F','40대',5,388.42,3.49,15090,105
'201701','334',' 종로3가역 2번출구 뒤','정기','F','40대',4,179.68,1.82,7870,82
'201701','335',' 종로3가역 15번출구 앞','정기','F','40대',12,194.61,1.82,7850,62
'201701','336',' 티마크 호텔 앞','정기','F','40대',1,0,0,0,45
'201701','337',' 창경궁 입구','정기','F','40대',13,368.54,3.36,14380,104
'201701','338',' 세운스퀘어 앞','정기','F','40대',10,560.68,5.04,21720,197
'201701','339',' 종로4가 사거리','정기','F','40대',14,756.53,6.48,27910,284
'201701','340',' 혜화동 로터리','정기','F','40대',12,1700.88,13.38,57740,450
'201701','341',' 혜화역 3번출구 뒤','정기','F','40대',5,370.16,3,12910,89
'201701','342',' 대학로 마로니에공원','정기','F','40대',3,165.28,1.46,6260,49
'201701','112',' 극동방송국 앞','정기','F','40대',3,386.44,2.96,12800,54
'201701','344',' 성균관대 E하우스 앞','정기','F','40대',23,1126.97,10.07,43400,509
'201701','345',' 서울보증보험본사 앞','정기','F','40대',35,1593.59,14.35,61910,487
'201701','346',' 맥스타일 앞','정기','F','40대',5,551.07,4.23,18280,143
'201701','347',' 동대문역사문화공원역 9번출구 앞','정기','F','40대',4,263.77,2.45,10570,98
'201701','349',' 사직동주민센터','정기','F','40대',3,83.52,0.91,3910,33
'201701','350','KEB 하나은행(내자동 지점) 앞','정기','F','40대',11,613.45,5.85,25190,225
'201701','352',' 중앙고입구 삼거리','정기','F','40대',17,808.22,6.32,27170,124
'201701','353',' 재동초교 앞 삼거리','정기','F','40대',5,233.83,2.14,9190,64
'201701','117',' 홍은사거리','정기','F','40대',6,554.92,5.46,23530,135
'201701','354',' 포르투갈 대사관 앞','정기','F','40대',28,1568.9,15.37,66340,558
'201701','355',' 서울사대부속초교 앞','정기','F','40대',2,47.13,0.51,2180,15
'201701','356',' KT혜화지사 앞','정기','F','40대',9,447.82,3.81,16400,195
'201701','358',' 성대입구 사거리','정기','F','40대',6,240.93,2.26,9730,76
'201701','359',' 원남동사거리','정기','F','40대',9,344.39,3.42,14740,103
'201701','361',' 동묘앞역 1번출구 뒤','정기','F','40대',11,676.94,5.79,24960,282
'201701','362',' 청계8가 사거리','정기','F','40대',6,413.25,3.4,14630,113
'201701','363',' 신설동역 11번출구 뒤','정기','F','40대',1,19.68,0.16,710,5
'201701','364',' 창신역 1번출구 앞','정기','F','40대',19,933.83,8.61,37120,581
'201701','113',' 홍대입구역 2번출구 앞','정기','F','40대',74,4128.37,42.66,183900,1167
'201701','367',' 독립문역 3-1번출구 ','정기','F','40대',6,650.31,5.7,24510,123
'201701','368',' SK 서린빌딩 앞','정기','F','40대',1,46.85,0.42,1820,16
'201701','369',' 광화문 시민열린마당','정기','F','40대',1,60.26,0.74,3170,19
'201701','370',' 시청역(2호선) 9번출구 뒤','정기','F','40대',8,412.71,4,17270,101
'201701','371',' 동대입구역 6번출구 뒤','정기','F','40대',2,100.13,0.9,3890,34
'201701','373',' 청구 어린이공원','정기','F','40대',1,33.93,0.47,2040,11
'201701','118',' 광흥창역 2번출구 앞','정기','F','40대',12,439.76,4.25,18310,117
'201701','375',' 다산 어린이공원','정기','F','40대',6,199.28,2.39,10270,77
'201701','377',' 서울역 4번출구 앞','정기','F','40대',1,118.15,1.06,4590,44
'201701','378',' 청계7가 사거리','정기','F','40대',6,343.53,3.36,14530,140
'201701','379',' 서울역9번출구','정기','F','40대',2,100.07,0.94,4070,31
'201701','380',' CJ제일제당 앞','정기','F','40대',21,800.42,8.52,36800,354
'201701','381',' 장충체육관','정기','F','40대',1,114.54,1.03,4450,31
'201701','383',' 신당역 12번 출구 뒤','정기','F','40대',8,280.32,2.52,10890,79
'201701','384',' 종로학원본원 ','정기','F','40대',2,18.05,0.17,760,5
'201701','114',' 홍대입구역 8번출구 앞','정기','F','40대',13,784.25,6.94,29920,331
'201701','142',' 아현역 4번출구 앞','정기','F','40대',3,110.31,1.23,5330,47
'201701','143',' 공덕역 2번출구','정기','F','40대',2,67.38,0.84,3620,33
'201701','144',' 공덕역 8번출구','정기','F','40대',7,521.92,4.93,21230,151
'201701','145',' 공덕역 5번출구','정기','F','40대',25,762.08,7.44,32120,209
'201701','146',' 마포역 1번출구 뒤','정기','F','40대',5,353.16,3.19,13720,78
'201701','147',' 마포역 4번출구 뒤','정기','F','40대',1,69.24,0.62,2690,19
'201701','148',' 용강동 주민센터 앞','정기','F','40대',10,1752.16,17.19,74000,415
'201701','150',' 서강대역 2번출구 앞','정기','F','40대',2,69.52,0.72,3080,24
'201701','151',' 망원1동주민센터','정기','F','40대',16,684.76,6.64,28630,215
'201701','152',' 마포구민체육센터 앞','정기','F','40대',21,1622.06,15.74,67920,414
'201701','119',' 서강나루 공원','정기','F','40대',1,166.4,1.77,7640,51
'201701','153',' 성산2교 사거리','정기','F','40대',8,218.72,2.38,10280,76
'201701','154',' 마포구청역 ','정기','F','40대',16,722.34,8.09,34840,334
'201701','155',' 가좌역1 번출구 뒤','정기','F','40대',1,15.21,0.15,640,3
'201701','156',' 서울서부지방법원 앞','정기','F','40대',15,266.03,2.44,10490,56
'201701','157',' 애오개역 4번출구 앞','정기','F','40대',4,134.25,1.47,6330,32
'201701','158',' 독립문 어린이 공원','정기','F','40대',6,295.91,3.17,13680,110
'201701','159',' 이대역 4번 출구','정기','F','40대',1,241.72,1.77,7630,43
'201701','160',' 북아현동 가구거리','정기','F','40대',2,125.28,1.23,5280,28
'201701','161',' 무악재역1번 출구','정기','F','40대',3,294.82,2.53,10930,68
'201701','162',' 봉원고가차도 밑','정기','F','40대',3,73.75,0.89,3880,17
'201701','120',' 신수동 사거리','정기','F','40대',2,131.54,1.31,5630,15
'201701','163',' 명지전문대학교 정문 앞','정기','F','40대',3,232.14,2.27,9770,93
'201701','164',' 북가좌1동 주민센터 ','정기','F','40대',6,395.12,3.86,16630,184
'201701','165',' 중앙근린공원','정기','F','40대',14,412.09,4.58,19760,109
'201701','166',' 가재울 초등학교','정기','F','40대',14,927.18,8.61,37100,189
'201701','167',' 연가초등학교 옆','정기','F','40대',3,105.63,1.18,5080,30
'201701','168',' 남가좌동 사거리','정기','F','40대',3,459.56,4.89,21100,144
'201701','169',' 북가좌 삼거리','정기','F','40대',5,238.19,2.39,10280,156
'201701','170',' 가재울 뉴타운 주유소 옆','정기','F','40대',19,4468.98,39.39,169790,684
'201701','171',' 임광빌딩 앞','정기','F','40대',25,1707.72,19.2,82760,491
'201701','172',' 서대문소방서','정기','F','40대',9,449.37,4.04,17440,271
'201701','173',' 서대문역 8번출구 앞','정기','F','40대',8,315.45,2.15,9280,50
'201701','175',' 홍연2교옆','정기','F','40대',2,356.48,3.41,14670,76
'201701','179',' 가좌역 4번출구 앞','정기','F','40대',2,128.95,1.02,4430,45
'201701','180',' 충정로역 7번출구 뒤','정기','F','40대',8,373.51,3.65,15720,156
'201701','518',' 청계천 박물관 앞','정기','F','40대',9,395.98,4.43,19140,153
'201701','519',' 양지사거리','정기','F','40대',18,585.12,5.35,23110,144
'201701','520',' 상왕십리역 4번 출구 앞','정기','F','40대',19,684.98,5.91,25440,127
'201701','521',' 왕십리역 11번 출구 앞','정기','F','40대',5,213.54,1.94,8350,130
'201701','122',' 신성기사식당 앞','정기','F','40대',14,3374.56,30.43,131150,517
'201701','525',' 한양대병원사거리','정기','F','40대',1,123.24,0.9,3890,28
'201701','526',' 용답토속공원 앞','정기','F','40대',3,62.55,0.56,2430,8
'201701','529',' 장한평역 8번 출구 앞','정기','F','40대',5,251.88,2.2,9470,59
'201701','530',' 청계벽산아파트 앞','정기','F','40대',12,736.54,6.95,29870,160
'201701','533',' 우리은행 금호동 지점 앞','정기','F','40대',4,354.92,3.3,14270,89
'201701','534',' 금호사거리','정기','F','40대',1,11.64,0.1,420,1
'201701','535',' 응봉삼거리','정기','F','40대',3,209.29,1.94,8340,41
'201701','536',' 행당역 2번출구 앞','정기','F','40대',9,466.53,5.35,23100,254
'201701','123',' 문화촌 공원','정기','F','40대',2,852.47,8.54,36820,209
'201701','550',' 서울시설공단 앞','정기','F','40대',4,137.97,1.58,6840,61
'201701','539',' 군자교교차로','정기','F','40대',12,564.38,5.24,22620,182
'201701','540',' 군자역 7번출구 베스트샵 앞','정기','F','40대',16,988.93,10.98,47280,379
'201701','542',' 강변역 4번출구 뒤','정기','F','40대',2,16.63,0.14,600,8
'201701','543',' 구의공원(테크노마트 앞)','정기','F','40대',1,14.97,0.13,540,3
'201701','544',' 광남중학교','정기','F','40대',1,353.41,3.19,13730,58
'201701','548',' 자양나들목','정기','F','40대',15,239.13,2.71,11610,36
'201701','124',' 서강대 정문 건너편','정기','F','40대',2,28.74,0.29,1230,9
'201701','601',' 용신동주민센터','정기','F','40대',8,1497.63,15.91,68590,273
'201701','602',' 장안동 사거리','정기','F','40대',5,209.4,1.94,8340,57
'201701','605',' 신설동역8번출구','정기','F','40대',3,435.56,4.99,21530,97
'201701','607',' 신이문역 2번출구','정기','F','40대',1,58.21,0.57,2450,14
'201701','609',' 제기2교','정기','F','40대',2,43.5,0.39,1690,14
'201701','125',' 서강대 남문 옆','정기','F','40대',7,122.26,1.42,6080,37
'201701','610',' 동대문중 교차로','정기','F','40대',6,271.44,2.61,11220,100
'201701','612',' 시립동부병원 앞 사거리','정기','F','40대',15,517.85,5.63,24180,220
'201701','613',' 신설동역 10번출구 앞','정기','F','40대',9,290.19,2.83,12150,90
'201701','614',' 용두동 사거리','정기','F','40대',1,28.06,0.25,1090,6
'201701','615',' 용두동 레미안허브리츠아파트 앞','정기','F','40대',5,463.3,4.66,20070,119
'201701','616',' 서울시립대 앞','정기','F','40대',2,35,0.32,1360,6
'201701','617',' 청솔우성아파트 앞','정기','F','40대',10,125.88,1.15,4890,77
'201701','228',' 선유도역 3번출구 앞','정기','F','40대',4,550.94,6.09,26250,181
'201701','229',' 양평1 보행육교 앞','정기','F','40대',24,5249.86,48.01,206860,1175
'201701','126',' 서강대 후문 옆','정기','F','40대',13,527.82,5.37,23150,147
'201701','232',' 양평우림 이비즈센타 앞','정기','F','40대',9,443.25,4.25,18330,201
'201701','234',' 영등포구민체육센터 앞','정기','F','40대',2,40.63,0.4,1710,13
'201701','235',' 신길동 우리은행 옆','정기','F','40대',1,98.6,0.96,4150,45
'201701','236',' 문래동자이아파트 앞','정기','F','40대',1,41.8,0.47,2030,10
'201701','238',' 제2구민체육센타 앞','정기','F','40대',2,72.15,0.75,3260,16
'201701','239',' 유스호스텔 앞','정기','F','40대',7,202.03,2.42,10440,46
'201701','240',' 문래역 4번출구 앞','정기','F','40대',2,67.46,0.56,2420,24
'201701','127',' 현대벤처빌 앞','정기','F','40대',4,152.08,1.64,7080,65
'201701','241',' 신길우성1차아파트 앞 공원','정기','F','40대',1,6.65,0.06,280,7
'201701','243',' 이앤씨드림타워 앞','정기','F','40대',2,97.8,1.17,5040,99
'201701','244',' 영등포삼환아파트 앞','정기','F','40대',1,230.95,1.69,7290,48
'201701','245',' 삼성생명 당산사옥 앞','정기','F','40대',1,26.85,0.26,1130,11
'201701','248',' 초원아파트 앞','정기','F','40대',1,59.16,0.58,2490,13
'201701','101',' (구)합정동 주민센터','정기','F','40대',5,307.59,2.77,11950,105
'201701','128',' 신촌역(2호선) 1번출구 옆','정기','F','40대',1,63.58,0.57,2470,22
'201701','252',' 보라매역4번출구','정기','F','40대',21,1889.57,20.91,90030,540
'201701','253',' 신풍역 5번출구 인근','정기','F','40대',18,506.8,4.95,21330,120
'201701','255',' 도림4거리','정기','F','40대',7,203.85,2,8580,64
'201701','257',' 신길삼거리(우리은행)','정기','F','40대',3,205.92,1.86,8000,56
'201701','259',' 대방역6번출구','정기','F','40대',29,782.07,7.85,33760,214
'201701','129',' 신촌역(2호선) 6번출구 옆','정기','F','40대',4,255.72,2.51,10820,77
'201701','703',' 오목교역 7번출구 앞','정기','F','40대',8,459.48,4.18,17970,133
'201701','704',' 남부법원검찰청 교차로','정기','F','40대',1,54.57,0.49,2120,15
'201701','706',' 신정네거리역','정기','F','40대',1,24.97,0.23,970,9
'201701','707',' 신정3동주민센터','정기','F','40대',2,44.45,0.57,2440,27
'201701','708',' 서울출입국관리사무소 앞','정기','F','40대',3,201.42,2.19,9420,90
'201701','709',' 신정3동 현장민원실 앞','정기','F','40대',1,476.91,3.58,15440,71
'201701','130',' 신촌역(2호선) 7번출구 앞','정기','F','40대',11,393.5,4.09,17610,131
'201701','802',' 한강진역 2번 출구 앞','정기','F','40대',2,200.73,1.84,7920,60
'201701','805',' 문배어린이공원 앞','정기','F','40대',1,147.31,1.08,4650,35
'201701','806',' 전자랜드 본관 앞','정기','F','40대',1,96.53,0.87,3750,38
'201701','807',' 서울역 12번 출구 앞','정기','F','40대',1,70.79,0.64,2750,15
'201701','131',' 증산2교','정기','F','40대',13,743.3,8.6,37110,265
'201701','809',' 한남 유수지 복개주차장','정기','F','40대',2,126.08,1.14,4910,63
'201701','810',' 이태원지하보도','정기','F','40대',10,698.61,5.91,25450,167
'201701','813',' 삼각지역 3번출구','정기','F','40대',3,1017.54,7.5,32330,155
'201701','815',' LIG강촌아파트 103동앞','정기','F','40대',2,204.27,1.87,8060,52
'201701','385',' 종각역 5번출구','정기','F','40대',5,174.7,1.59,6840,48
'201701','386',' 올림픽기념 국민생활관 앞','정기','F','40대',7,403.61,3.65,15680,168
'201701','132',' 창천문화공원','정기','F','40대',1,87.26,0.79,3390,87
'201701','182',' 망원2빗물펌프장 앞','정기','F','40대',4,339.56,3.62,15590,125
'201701','183',' 하늘채코오롱아파트 건너편','정기','F','40대',31,1210.78,12.33,53250,300
'201701','184',' SK망원동주유소 건너편','정기','F','40대',11,679.9,6.17,26610,216
'201701','185',' 마포 신수공원 앞','정기','F','40대',8,874.75,7.61,32810,144
'201701','186',' 월드컵공원','정기','F','40대',7,650.35,6.36,27420,278
'201701','177',' 북가좌 초등학교','정기','F','40대',1,40.87,0.4,1720,82
'201701','191',' 정명학원','정기','F','40대',6,345.41,2.9,12510,97
'201701','178',' 증산3교 앞','정기','F','40대',2,269.39,2.3,9930,91
'201701','133',' 해담는다리','정기','F','40대',8,531.44,4.65,20000,259
'201701','194',' 증산교 앞','정기','F','40대',2,62.36,0.65,2770,25
'201701','195',' 모래내고가차도 ','정기','F','40대',36,1475.79,12.58,54150,309
'201701','198',' 충정2교','정기','F','40대',2,70.02,0.64,2720,15
'201701','557',' 도선동 주민센터 앞','정기','F','40대',12,555.07,4.87,21030,152
'201701','558',' 성동광진 교육지원청 앞','정기','F','40대',18,772.84,7.11,30630,220
'201701','134',' 연세로 명물길','정기','F','40대',3,85.81,0.85,3700,54
'201701','559',' 왕십리역 4번 출구 건너편','정기','F','40대',9,701.28,6.68,28850,198
'201701','562',' 군자지하보도 앞','정기','F','40대',4,365.91,3.06,13200,71
'201701','563',' 성동세무서 건너편','정기','F','40대',10,537.99,4.32,18610,101
'201701','564',' 금호역 3번출구','정기','F','40대',3,64.15,0.63,2700,22
'201701','565',' 옥수역 3번출구','정기','F','40대',9,2181.65,19.81,85370,372
'201701','567',' 성수역 2번출구 앞','정기','F','40대',1,45.82,0.47,2030,32
'201701','568',' 청계8가사거리 부근','정기','F','40대',21,835.04,7.02,30150,242
'201701','135',' 명물길 원형무대 앞','정기','F','40대',1,103.47,0.93,4020,33
'201701','569',' 응봉현대아파트 정류소','정기','F','40대',1,48.85,0.39,1690,11
'201701','578',' 성동세무서 부근','정기','F','40대',2,175.02,1.76,7620,84
'201701','579',' 마장역 4번출구','정기','F','40대',33,907.99,8.52,36750,279
'201701','582',' 경일중학교 앞','정기','F','40대',1,29.7,0.29,1250,36
'201701','583',' 청계천 생태교실 앞','정기','F','40대',1,51.08,0.4,1720,13
'201701','551',' 구의삼성쉐르빌 앞','정기','F','40대',21,1673.83,13.99,60250,301
'201701','552',' 대림아크로리버 앞','정기','F','40대',1,96.47,0.81,3480,19
'201701','553',' 중곡 성원APT 앞','정기','F','40대',10,3540.52,31.92,137550,596
'201701','136',' 대흥동 주민센터','정기','F','40대',13,1154.93,10.57,45570,325
'201701','554',' 아차산역 사거리','정기','F','40대',13,966.07,7.77,33450,226
'201701','571',' 어린이대공원역6번출구','정기','F','40대',1,62.96,0.61,2650,17
'201701','572',' 국립정신 건강센터 앞','정기','F','40대',11,624.81,5.68,24460,173
'201701','573',' 구의문주차장 앞','정기','F','40대',7,267.77,2.24,9660,63
'201701','574',' 아차산역4번출구','정기','F','40대',1,69.7,0.74,3200,26
'201701','575',' 중앙농협 중곡지점','정기','F','40대',2,98.37,0.97,4160,20
'201701','576',' 광나루역 3번 출구','정기','F','40대',2,37.44,0.32,1370,10
'201701','577',' 광진청소년수련관','정기','F','40대',2,122.66,1.08,4660,29
'201701','621',' 동대문중학교 옆','정기','F','40대',1,38.59,0.39,1680,8
'201701','622',' 전농사거리 교통섬','정기','F','40대',13,605.46,5.64,24290,239
'201701','623',' 서울시립대 정문 앞','정기','F','40대',1,170.83,1.67,7190,55
'201701','624',' 전농동 동아아파트 앞','정기','F','40대',2,128.75,1.41,6070,41
'201701','626',' 군자교 서측 녹지대','정기','F','40대',2,117.13,1.15,4930,33
'201701','627',' 장안동삼거리 교통섬','정기','F','40대',3,255.34,2.3,9920,85
'201701','630',' 동대문구 보건소','정기','F','40대',19,1503.38,13.89,59860,482
'201701','631',' 답십리역 1번출구','정기','F','40대',10,308.73,3.32,14360,78
'201701','102',' 망원역 1번출구 앞','정기','F','40대',23,746.76,6.1,26290,180
'201701','633',' 청량리 기업은행 앞','정기','F','40대',2,89.3,0.86,3730,27
'201701','634',' 외국어대 정문 앞','정기','F','40대',3,434.28,3.64,15670,101
'201701','635',' 시조사 앞 (청량고정문 옆)','정기','F','40대',2,91.96,0.82,3510,19
'201701','636',' 세종대왕기념관 교차로','정기','F','40대',10,406.32,3.71,16010,133
'201701','637',' KAIST 경영대학 앞','정기','F','40대',1,87.52,0.79,3400,26
'201701','639',' 서울시립대 후문','정기','F','40대',1,20.91,0.22,960,20
'201701','640',' KEB하나은행 청량리역지점','정기','F','40대',1,27.03,0.24,1050,52
'201701','641',' 용두역 4번출구','정기','F','40대',4,357.85,3.09,13310,73
'201701','642',' 신답역 사거리','정기','F','40대',2,108.42,0.94,4040,34
'201701','643',' 동대문구민체육센터 (육교아래)','정기','F','40대',7,498.07,5.21,22460,117
'201701','230',' 영등포구청역 1번출구','정기','F','40대',4,156.77,1.7,7330,67
'201701','262',' 영문초등학교 사거리','정기','F','40대',2,45.93,0.46,2000,15
'201701','264',' 교보생명보험 앞','정기','F','40대',1,28.85,0.36,1550,7
'201701','266',' 영등포청과시장 사거리','정기','F','40대',16,1464.79,16.16,69790,429
'201701','267',' 삼성화재 사옥 옆','정기','F','40대',7,461.05,4.57,19680,68
'201701','270',' 증권거래소후문교차로','정기','F','40대',1,30.12,0.27,1170,3
'201701','271',' 샛강생태공원방문자센터 앞','정기','F','40대',9,254.86,2.34,10120,104
'201701','716','신정6동 주민센터 인근','정기','F','40대',6,167.62,1.99,8590,136
'201701','139',' 연세대 정문 건너편','정기','F','40대',3,144.2,1.35,5780,34
'201701','719',' 홍익병원앞 교차로','정기','F','40대',1,80.39,0.94,4060,64
'201701','720',' 서울강월초등학교 앞','정기','F','40대',6,756.46,6.87,29670,290
'201701','816',' 신용산역 6번출구 앞','정기','F','40대',1,62.85,0.58,2480,26
'201701','818',' 숙명여대 입구 교차로','정기','F','40대',5,1325.09,10.07,43440,196
'201701','819',' 선린인터넷 고등학교','정기','F','40대',6,1801.08,13.54,58310,257
'201701','822',' 이촌1동 마을공원','정기','F','40대',1,74.01,0.62,2670,18
'201701','825',' 서빙고동 주민센터 앞','정기','F','40대',8,1451.06,14.33,61800,287
'201701','199',' 서울 월드컵 경기장','정기','F','40대',12,362.99,3.28,14170,86
'201701','388',' 동성중학교 앞','정기','F','40대',1,37.54,0.37,1580,8
'201701','586',' 마장동 주민센터','정기','F','40대',1,86.87,1.06,4570,33
'201701','900',' 은평예술회관','정기','F','40대',10,567.06,5.1,22030,135
'201701','901',' 응암1동사무소','정기','F','40대',12,1263.95,14.08,60710,337
'201701','200',' 국회의원회관','정기','F','40대',2,150.58,1.36,5850,36
'201701','903',' 은평뉴타운 아이파크','정기','F','40대',2,111.3,1,4310,49
'201701','904',' 은평뉴타운 푸르지오','정기','F','40대',8,788.16,7.43,32040,236
'201701','905',' 구파발역 2번출구','정기','F','40대',4,488.05,4.57,19700,124
'201701','906',' 연신내역 5번출구150M 아래','정기','F','40대',10,574.21,4.75,20500,241
'201701','907',' CJ 드림시티','정기','F','40대',14,904.86,9.12,39310,262
'201701','908',' 구산역 4번출구','정기','F','40대',7,204.68,1.79,7740,87
'201701','909',' 백련산 힐스테이트 3차','정기','F','40대',14,812.11,7.31,31550,125
'201701','911',' 은평평화공원(역촌역4번출구)','정기','F','40대',13,526.21,5.5,23770,233
'201701','201',' 진미파라곤 앞','정기','F','40대',2,165.85,1.62,6980,54
'201701','912',' 응암오거리','정기','F','40대',12,941.17,8.56,36890,326
'201701','913',' 이마트 은평점','정기','F','40대',43,3026.66,26.53,114270,1145
'201701','914',' 새절역 2번출구','정기','F','40대',9,1465.17,10.85,46740,367
'201701','915',' 증산역 4번출구','정기','F','40대',3,175.41,1.74,7510,56
'201701','916',' 평생학습관 앞','정기','F','40대',3,77.36,0.66,2870,52
'201701','917',' 녹번역 4번출구','정기','F','40대',5,610.83,5.35,23050,158
'201701','919',' 서울혁신파크','정기','F','40대',6,608.99,5.72,24650,151
'201701','921',' 신도고등학교','정기','F','40대',3,182.02,1.68,7240,60
'201701','202',' 국민일보 앞','정기','F','40대',18,541.28,4.95,21440,124
'201701','922',' 연신내역 4번출구','정기','F','40대',2,204.6,1.67,7170,111
'201701','923',' 국민은행 연서지점','정기','F','40대',19,1276.39,11.82,50900,290
'201701','925',' 불광역 2번출구','정기','F','40대',2,292.34,2.66,11450,88
'201701','926',' 불광역 8번출구','정기','F','40대',12,980.15,9.53,41070,216
'201701','927',' 연신내역 3번출구 인근','정기','F','40대',7,699.34,6.09,26260,193
'201701','928',' 은평역사한옥박물관','정기','F','40대',1,145.36,1.49,6440,31
'201701','930',' 구 서부경찰서 건너편','정기','F','40대',1,35.2,0.29,1270,23
'201701','931',' 역촌파출소','정기','F','40대',1,106.72,1.14,4900,47
'201701','932',' 예일여중','정기','F','40대',14,851.86,6.48,27940,175
'201701','933',' LG서비스 역촌점','정기','F','40대',9,592.18,6.67,28820,165
'201701','587',' KEB하나은행 성수중앙지점','정기','F','40대',15,1062.93,11.5,49560,321
'201701','588',' 뚝섬 유원지역','정기','F','40대',1,159.07,1.43,6180,32
'201701','103',' 망원역 2번출구 앞','정기','F','40대',41,1995.11,18.79,80920,654
'201701','204',' 국회의사당역 5번출구 옆','정기','F','40대',1,55.34,0.5,2150,13
'201701','203',' 국회의사당역 3번출구 옆','정기','F','40대',2,81.42,0.76,3280,18
'201701','205',' 산업은행 앞','정기','F','40대',2,96.88,1.05,4530,30
'201701','206',' KBS 앞','정기','F','40대',28,6329.4,55.51,239210,943
'201701','209',' 유진투자증권빌딩 앞','정기','F','40대',9,1024.69,8.87,38170,161
'201701','210',' IFC몰','정기','F','40대',5,233.31,2.31,9920,214
'201701','211',' 여의도역 4번출구 옆','정기','F','40대',8,147.65,1.42,6120,41
'201701','212',' 여의도역 1번출구 옆','정기','F','40대',14,409.46,3.75,16140,75
'201701','213',' KT앞','정기','F','40대',16,594.34,5.52,23870,120
'201701','104',' 합정역 1번출구 앞','정기','F','40대',5,155.16,1.43,6180,106
'201701','214',' 금융감독원 앞','정기','F','40대',1,63.84,0.72,3100,30
'201701','218',' 증권거래소 앞','정기','F','40대',26,846.17,8.53,36840,379
'201701','219',' 롯데캐슬엠파이어 옆','정기','F','40대',5,284.52,2.66,11430,75
'201701','220',' 미성아파트 A동 앞','정기','F','40대',20,1429.72,12.38,53400,359
'201701','215',' 여의도고교 앞','정기','F','40대',1,13.9,0.18,780,4
'201701','216',' 삼부아파트1동 앞','정기','F','40대',31,887.07,8.97,38520,270
'201701','217',' NH농협은행 앞','정기','F','40대',9,239.17,2.43,10530,70
'201701','221',' 여의도초교 앞','정기','F','40대',1,238.1,2.15,9250,49
'201701','222',' 시범아파트버스정류장 옆','정기','F','40대',21,496.9,4.74,20510,169
'201701','223',' 진주아파트상가 앞','정기','F','40대',2,18.05,0.17,750,5
'201701','105',' 합정역 5번출구 앞','정기','F','40대',7,384.03,4.18,17980,308
'201701','224',' 롯데캐슬 앞','정기','F','40대',20,413.12,4.35,18700,217
'201701','225',' 앙카라공원 앞','정기','F','40대',20,2039.11,21.97,94570,467
'201701','226',' 샛강역 1번출구 앞','정기','F','40대',9,675.97,6.59,28420,140
'201701','207',' 여의나루역 1번출구 앞','정기','F','40대',20,450.21,4.53,19560,119
'201701','401',' 상암월드컵파크 10단지 앞','정기','F','40대',3,71.87,0.81,3490,65
'201701','402',' 상암월드컵파크 9단지 앞','정기','F','40대',11,409.24,4.07,17520,170
'201701','403',' 부엉이공원 앞','정기','F','40대',17,1369.07,13.02,56070,295
'201701','106',' 합정역 7번출구 앞','정기','F','40대',9,831.68,7.23,31120,240
'201701','405',' DMC빌 앞','정기','F','40대',21,814.23,8.93,38430,277
'201701','406',' 상암월드컵파크 7단지 앞','정기','F','40대',31,992.91,9.33,40250,256
'201701','421',' 마포구청 앞','정기','F','40대',34,2039.57,19.73,84930,500
'201701','407',' 마포구 육아종합지원센터','정기','F','40대',7,356.31,3.07,13250,135
'201701','408',' LG CNS앞','정기','F','40대',7,416.82,4.72,20300,163
'201701','420',' 서울시 공공자전거 상암센터','정기','F','40대',2,109.36,1.02,4390,31
'201701','409',' 누리꿈스퀘어 옆','정기','F','40대',28,842.53,8.69,37440,417
'201701','419',' 홈플러스 앞','정기','F','40대',35,4883.31,53.25,229610,1231
'201701','410',' 상암중학교 옆','정기','F','40대',5,536.85,5.27,22730,206
'201701','418',' 월드컵경기장역 3번출구 옆','정기','F','40대',8,416.08,4.61,19890,114
'201701','107',' 신한은행 서교동금융센터점 앞','정기','F','40대',38,3498.84,34.19,147610,821
'201701','411',' DMC홍보관','정기','F','40대',12,268.71,2.52,10850,68
'201701','412',' DMC산학협력연구센터 앞','정기','F','40대',28,864.24,8.63,37410,246
'201701','413',' 상암월드컵파크 3단지 후문','정기','F','40대',54,2790.13,25.28,108790,589
'201701','417',' DMC역 2번출구 옆','정기','F','40대',1,21.07,0.18,760,4
'201701','414',' 상암동주민센터 옆','정기','F','40대',20,785.28,7.5,32290,264
'201701','415',' DMC역 9번출구 앞','정기','F','40대',7,298.75,3.28,14150,106
'201701','416',' 상암월드컵파크 1단지 교차로','정기','F','40대',37,1856.13,16.86,72800,373
'201701','500',' 어린이대공원역 3번출구 앞','정기','F','40대',2,65.16,0.53,2300,12
'201701','501',' 광진구의회 앞','정기','F','40대',8,366.12,3.55,15260,201
'201701','502',' 뚝섬유원지역 1번출구 앞','정기','F','40대',18,697.17,6.6,28410,191
'201701','503',' 더샵스타시티 C동 앞','정기','F','50대',15,938.26,8.28,35730,347
'201701','505',' 자양사거리 광진아크로텔 앞','정기','F','50대',2,125.66,1.13,4890,50
'201701','510',' 서울숲 남문 버스정류소 옆','정기','F','50대',1,104.98,1.12,4820,45
'201701','511',' 서울숲역 4번 출구 옆','정기','F','50대',5,466.11,4.85,20930,157
'201701','512',' 뚝섬역 1번 출구 옆','정기','F','50대',4,446.25,4.52,19430,106
'201701','109',' 제일빌딩 앞','정기','F','50대',3,216.93,2.12,9130,80
'201701','400',' 상암한화오벨리스크 1차 앞','정기','F','50대',16,978.49,8.65,37300,249
'201701','514',' 성수사거리 버스정류장 앞','정기','F','50대',1,51.56,0.5,2170,15
'201701','516',' 광진메디칼 앞','정기','F','50대',5,320.05,3.13,13470,121
'201701','300',' 정동사거리','정기','F','50대',2,99.39,1.16,5020,35
'201701','301',' 경복궁역 7번출구 앞','정기','F','50대',6,116.8,1.38,5900,29
'201701','302',' 경복궁역 4번출구 뒤','정기','F','50대',35,1697.91,15.46,66620,526
'201701','303',' 광화문역 1번출구 앞','정기','F','50대',20,779.68,8.98,38610,240
'201701','115',' 사루비아 빌딩 앞','정기','F','50대',4,435.01,4.39,18940,128
'201701','304',' 광화문역 2번출구 앞','정기','F','50대',1,15.84,0.19,800,8
'201701','305',' 종로구청 옆','정기','F','50대',1,11.29,0.13,570,5
'201701','306',' 광화문역 7번출구 앞','정기','F','50대',7,127.52,1.51,6440,36
'201701','307',' 서울역사박물관 앞','정기','F','50대',4,286.95,2.83,12180,79
'201701','308',' 광화문 S타워 앞','정기','F','50대',18,1586.7,15.49,66780,257
'201701','309',' 광화문역 6번출구 옆','정기','F','50대',1,10.49,0.12,530,5
'201701','313',' 서울역 광장 파출소 옆','정기','F','50대',1,12.38,0.14,590,4
'201701','315',' 신한은행 안국역지점 옆','정기','F','50대',1,70.79,0.64,2750,22
'201701','316',' 종각역 1번출구 앞','정기','F','50대',6,407.54,3.67,15840,110
'201701','318',' 광교사거리 남측','정기','F','50대',1,72.2,0.8,3440,21
'201701','320',' 을지로입구역 4번출구 앞','정기','F','50대',2,85.08,0.97,4170,32
'201701','321',' KEB 하나은행 본점 앞','정기','F','50대',21,836.73,9.33,40270,201
'201701','324',' 신세계백화점 본점 앞','정기','F','50대',1,28.12,0.31,1340,22
'201701','327',' 낙원상가 옆','정기','F','50대',4,259.71,2.34,10090,65
'201701','328',' 탑골공원 앞','정기','F','50대',3,242.91,2.63,11320,109
'201701','332',' 을지로2가 사거리 남측','정기','F','50대',4,130,1.24,5320,45
'201701','111',' 상수역 2번출구 앞','정기','F','50대',1,99.32,0.97,4180,28
'201701','338',' 세운스퀘어 앞','정기','F','50대',1,80.78,0.95,4080,34
'201701','339',' 종로4가 사거리','정기','F','50대',5,183.7,1.83,7870,73
'201701','340',' 혜화동 로터리','정기','F','50대',7,491.45,4.42,19090,133
'201701','341',' 혜화역 3번출구 뒤','정기','F','50대',9,326.89,3.29,14230,115
'201701','342',' 대학로 마로니에공원','정기','F','50대',11,181.24,1.79,7770,33
'201701','343',' 예일빌딩(율곡로) 앞','정기','F','50대',4,156.26,1.38,5970,121
'201701','112',' 극동방송국 앞','정기','F','50대',8,342.54,2.1,9010,31
'201701','344',' 성균관대 E하우스 앞','정기','F','50대',4,104.66,0.93,4020,36
'201701','345',' 서울보증보험본사 앞','정기','F','50대',12,217.65,1.97,8480,80
'201701','346',' 맥스타일 앞','정기','F','50대',1,28.12,0.25,1060,11
'201701','347',' 동대문역사문화공원역 9번출구 앞','정기','F','50대',24,2074.85,20.06,86550,358
'201701','349',' 사직동주민센터','정기','F','50대',2,117.26,0.98,4230,69
'201701','351',' 청운초교 앞 삼거리','정기','F','50대',23,844.18,7.62,32850,228
'201701','353',' 재동초교 앞 삼거리','정기','F','50대',1,75.14,0.83,3580,21
'201701','355',' 서울사대부속초교 앞','정기','F','50대',28,450.53,4,17350,251
'201701','356',' KT혜화지사 앞','정기','F','50대',4,242.84,2.77,11950,112
'201701','358',' 성대입구 사거리','정기','F','50대',19,1237.18,11.85,51070,202
'201701','359',' 원남동사거리','정기','F','50대',3,130.46,1.46,6300,51
'201701','361',' 동묘앞역 1번출구 뒤','정기','F','50대',24,1473.83,17.13,73830,567
'201701','362',' 청계8가 사거리','정기','F','50대',17,581.88,4.96,21380,105
'201701','113',' 홍대입구역 2번출구 앞','정기','F','50대',8,473.41,4.38,18880,94
'201701','371',' 동대입구역 6번출구 뒤','정기','F','50대',3,94.19,0.6,2600,24
'201701','372',' 약수역 3번출구 뒤','정기','F','50대',2,82.35,0.72,3100,26
'201701','118',' 광흥창역 2번출구 앞','정기','F','50대',1,105.61,0.88,3810,20
'201701','378',' 청계7가 사거리','정기','F','50대',5,238.3,2.51,10770,62
'201701','382',' 약수역 10번출구 앞','정기','F','50대',2,26.36,0.3,1280,7
'201701','384',' 종로학원본원 ','정기','F','50대',2,91.08,1,4340,29
'201701','143',' 공덕역 2번출구','정기','F','50대',2,160.42,0.97,4220,15
'201701','145',' 공덕역 5번출구','정기','F','50대',5,813.62,5.21,22460,160
'201701','150',' 서강대역 2번출구 앞','정기','F','50대',2,45.33,0.31,1360,8
'201701','151',' 망원1동주민센터','정기','F','50대',1,288.54,2.56,11040,55
'201701','119',' 서강나루 공원','정기','F','50대',16,584.38,4.61,19890,111
'201701','153',' 성산2교 사거리','정기','F','50대',2,110.11,1.11,4800,24
'201701','154',' 마포구청역 ','정기','F','50대',1,23.17,0.18,780,8
'201701','155',' 가좌역1 번출구 뒤','정기','F','50대',1,140.54,1.18,5070,27
'201701','156',' 서울서부지방법원 앞','정기','F','50대',10,861.14,6.79,29220,338
'201701','158',' 독립문 어린이 공원','정기','F','50대',1,120.99,1.24,5360,42
'201701','120',' 신수동 사거리','정기','F','50대',2,18.29,0.15,660,6
'201701','164',' 북가좌1동 주민센터 ','정기','F','50대',8,626.27,5.63,24330,133
'201701','165',' 중앙근린공원','정기','F','50대',5,121.5,1.1,4720,34
'201701','166',' 가재울 초등학교','정기','F','50대',1,55.39,0.62,2690,15
'201701','168',' 남가좌동 사거리','정기','F','50대',4,401.49,3.51,15100,117
'201701','170',' 가재울 뉴타운 주유소 옆','정기','F','50대',7,196.91,1.78,7650,56
'201701','171',' 임광빌딩 앞','정기','F','50대',4,146.45,1.59,6860,40
'201701','172',' 서대문소방서','정기','F','50대',4,443.76,4.55,19660,143
'201701','121',' 마포소방서 앞','정기','F','50대',3,68.51,0.63,2700,26
'201701','173',' 서대문역 8번출구 앞','정기','F','50대',1,20.31,0.21,900,10
'201701','175',' 홍연2교옆','정기','F','50대',2,207.99,1.84,7940,39
'201701','180',' 충정로역 7번출구 뒤','정기','F','50대',22,918.13,10.53,45400,304
'201701','518',' 청계천 박물관 앞','정기','F','50대',1,42.37,0.5,2140,11
'201701','519',' 양지사거리','정기','F','50대',1,0,0,0,19
'201701','520',' 상왕십리역 4번 출구 앞','정기','F','50대',2,40.63,0.42,1800,9
'201701','521',' 왕십리역 11번 출구 앞','정기','F','50대',17,477.17,4.47,19390,261
'201701','522',' 금호역 1번출구 앞','정기','F','50대',1,31.7,0.32,1380,8
'201701','525',' 한양대병원사거리','정기','F','50대',1,30.67,0.28,1210,10
'201701','536',' 행당역 2번출구 앞','정기','F','50대',20,724.89,6.54,28170,229
'201701','550',' 서울시설공단 앞','정기','F','50대',1,38.27,0.35,1510,11
'201701','540',' 군자역 7번출구 베스트샵 앞','정기','F','50대',2,62.49,0.61,2630,16
'201701','542',' 강변역 4번출구 뒤','정기','F','50대',8,354.62,3.12,13440,106
'201701','543',' 구의공원(테크노마트 앞)','정기','F','50대',1,38.97,0.38,1640,16
'201701','549',' 아차산역 3번출구','정기','F','50대',5,181.92,1.84,7920,48
'201701','124',' 서강대 정문 건너편','정기','F','50대',3,62.29,0.57,2420,23
'201701','600',' 휘경2동 주민센터','정기','F','50대',1,113.81,1.11,4790,18
'201701','601',' 용신동주민센터','정기','F','50대',2,282.33,2.58,11140,50
'201701','602',' 장안동 사거리','정기','F','50대',23,1403.84,12.98,55950,403
'201701','604',' 답십리초등학교 옆 공원','정기','F','50대',20,510.09,5.45,23470,616
'201701','125',' 서강대 남문 옆','정기','F','50대',2,145.88,1.28,5550,83
'201701','610',' 동대문중 교차로','정기','F','50대',1,44.65,0.48,2050,41
'201701','612',' 시립동부병원 앞 사거리','정기','F','50대',1,49.17,0.45,1940,17
'201701','613',' 신설동역 10번출구 앞','정기','F','50대',1,19.8,0.23,1000,52
'201701','615',' 용두동 레미안허브리츠아파트 앞','정기','F','50대',1,173.1,1.58,6830,27
'201701','228',' 선유도역 3번출구 앞','정기','F','50대',8,656.66,6.64,28590,180
'201701','229',' 양평1 보행육교 앞','정기','F','50대',2,357.83,3.76,16190,95
'201701','126',' 서강대 후문 옆','정기','F','50대',10,541.19,4.58,19740,216
'201701','231',' 남부고용노동지청 남측','정기','F','50대',12,680.73,5.31,22920,119
'201701','233',' YP 센터 앞','정기','F','50대',1,71.33,0.73,3160,23
'201701','238',' 제2구민체육센타 앞','정기','F','50대',7,201.64,1.71,7400,190
'201701','239',' 유스호스텔 앞','정기','F','50대',22,762.66,6.9,29630,429
'201701','127',' 현대벤처빌 앞','정기','F','50대',2,39.38,0.35,1530,11
'201701','241',' 신길우성1차아파트 앞 공원','정기','F','50대',1,6.87,0.07,310,1
'201701','243',' 이앤씨드림타워 앞','정기','F','50대',7,281.64,2.34,10160,207
'201701','244',' 영등포삼환아파트 앞','정기','F','50대',9,441.29,3.48,14950,100
'201701','245',' 삼성생명 당산사옥 앞','정기','F','50대',2,40.85,0.38,1660,15
'201701','247',' 당산역 10번출구 앞','정기','F','50대',29,964.52,8.64,37040,374
'201701','248',' 초원아파트 앞','정기','F','50대',9,558,5.65,24350,131
'201701','249',' 여의도중학교 옆','정기','F','50대',15,1112.98,10.36,44730,192
'201701','128',' 신촌역(2호선) 1번출구 옆','정기','F','50대',4,164.07,1.44,6200,54
'201701','259',' 대방역6번출구','정기','F','50대',1,28.57,0.26,1110,5
'201701','700',' KB국민은행 염창역 지점 앞','정기','F','50대',1,19.82,0.21,910,6
'201701','129',' 신촌역(2호선) 6번출구 옆','정기','F','50대',6,263.06,1.61,6920,37
'201701','704',' 남부법원검찰청 교차로','정기','F','50대',1,52.91,0.39,1670,27
'201701','130',' 신촌역(2호선) 7번출구 앞','정기','F','50대',1,49.42,0.3,1300,4
'201701','800',' 목월공원 앞','정기','F','50대',31,1408.41,13.64,58550,543
'201701','802',' 한강진역 2번 출구 앞','정기','F','50대',2,176.72,1.96,8420,60
'201701','803',' 한남초교 앞 보도육교','정기','F','50대',12,3837.84,34.6,149100,478
'201701','806',' 전자랜드 본관 앞','정기','F','50대',2,72.39,0.67,2880,21
'201701','808',' 서빙고동 금호맨션 앞','정기','F','50대',1,89.34,0.87,3760,30
'201701','131',' 증산2교','정기','F','50대',3,183.5,1.75,7530,50
'201701','811',' 녹사평역1번출구','정기','F','50대',5,349.08,3.36,14480,114
'201701','812',' 용산전쟁기념관','정기','F','50대',2,192.69,1.88,8110,81
'201701','813',' 삼각지역 3번출구','정기','F','50대',9,865.61,7.75,33460,201
'201701','815',' LIG강촌아파트 103동앞','정기','F','50대',3,173.99,1.92,8290,56
'201701','385',' 종각역 5번출구','정기','F','50대',4,105.8,1.04,4470,37
'201701','387',' 훈련원공원주차장 앞','정기','F','50대',25,990.6,11.21,48470,232
'201701','181',' 망원초록길 입구','정기','F','50대',6,1150.99,12.27,52870,276
'201701','182',' 망원2빗물펌프장 앞','정기','F','50대',4,950.14,8.5,36620,178
'201701','184',' SK망원동주유소 건너편','정기','F','50대',4,391.57,4.68,20210,121
'201701','185',' 마포 신수공원 앞','정기','F','50대',21,1278.17,10.7,46110,265
'201701','186',' 월드컵공원','정기','F','50대',1,65.38,0.59,2540,14
'201701','188',' 홍은동 정원여중 입구','정기','F','50대',1,135.47,1.44,6220,31
'201701','178',' 증산3교 앞','정기','F','50대',1,38.16,0.34,1460,8
'201701','133',' 해담는다리','정기','F','50대',1,88.66,0.9,3860,21
'201701','194',' 증산교 앞','정기','F','50대',9,915.75,7.91,34050,237
'201701','195',' 모래내고가차도 ','정기','F','50대',3,101.41,0.91,3940,32
'201701','196',' 연희교차로 인근','정기','F','50대',5,557.21,5.62,24260,131
'201701','198',' 충정2교','정기','F','50대',2,69.07,0.76,3270,21
'201701','558',' 성동광진 교육지원청 앞','정기','F','50대',8,340.55,3.2,13780,128
'201701','559',' 왕십리역 4번 출구 건너편','정기','F','50대',2,171.17,1.65,7140,65
'201701','560',' 비전교회 앞','정기','F','50대',18,398.91,3.87,16790,122
'201701','562',' 군자지하보도 앞','정기','F','50대',9,395.82,3.87,16660,65
'201701','565',' 옥수역 3번출구','정기','F','50대',6,1452.69,14.67,63280,295
'201701','567',' 성수역 2번출구 앞','정기','F','50대',3,165.18,1.56,6730,43
'201701','568',' 청계8가사거리 부근','정기','F','50대',2,41.58,0.42,1780,8
'201701','135',' 명물길 원형무대 앞','정기','F','50대',1,24.84,0.15,640,3
'201701','569',' 응봉현대아파트 정류소','정기','F','50대',12,256.33,2.61,11160,95
'201701','578',' 성동세무서 부근','정기','F','50대',3,62.96,0.61,2650,66
'201701','579',' 마장역 4번출구','정기','F','50대',8,354.02,2.81,12140,101
'201701','583',' 청계천 생태교실 앞','정기','F','50대',2,208.5,2.44,10530,55
'201701','551',' 구의삼성쉐르빌 앞','정기','F','50대',1,12.47,0.1,450,3
'201701','136',' 대흥동 주민센터','정기','F','50대',23,618.14,6.63,28380,123
'201701','554',' 아차산역 사거리','정기','F','50대',8,395.29,4.01,17210,114
'201701','555',' 구의3동주민센터','정기','F','50대',8,514.76,4.31,18570,195
'201701','573',' 구의문주차장 앞','정기','F','50대',24,1626.66,13.86,59690,536
'201701','574',' 아차산역4번출구','정기','F','50대',1,0,0,0,5
'201701','577',' 광진청소년수련관','정기','F','50대',1,343.47,3.66,15770,67
'201701','137',' NH농협 신촌지점 앞','정기','F','50대',1,68.19,0.57,2460,9
'201701','623',' 서울시립대 정문 앞','정기','F','50대',3,153.99,1.62,6970,99
'201701','624',' 전농동 동아아파트 앞','정기','F','50대',10,422.19,3.54,15230,77
'201701','625',' 답십리초등학교 앞(현대시장 옆)','정기','F','50대',29,1169.02,11.25,48430,367
'201701','626',' 군자교 서측 녹지대','정기','F','50대',1,60.11,0.59,2530,59
'201701','627',' 장안동삼거리 교통섬','정기','F','50대',8,963.59,8.97,38660,264
'201701','630',' 동대문구 보건소','정기','F','50대',3,144.74,1.69,7310,99
'201701','102',' 망원역 1번출구 앞','정기','F','50대',2,74.08,0.68,2940,27
'201701','633',' 청량리 기업은행 앞','정기','F','50대',1,44.1,0.54,2320,24
'201701','635',' 시조사 앞 (청량고정문 옆)','정기','F','50대',5,329.32,3.39,14590,101
'201701','642',' 신답역 사거리','정기','F','50대',1,20.51,0.17,740,3
'201701','230',' 영등포구청역 1번출구','정기','F','50대',3,80.66,0.69,2970,22
'201701','263',' 근로자회관 사거리','정기','F','50대',5,182.49,1.65,7090,123
'201701','264',' 교보생명보험 앞','정기','F','50대',3,151.1,1.14,4910,32
'201701','266',' 영등포청과시장 사거리','정기','F','50대',3,98.59,0.89,3830,72
'201701','272',' 당산육갑문','정기','F','50대',7,1116.53,10.2,43990,287
'201701','139',' 연세대 정문 건너편','정기','F','50대',7,685.73,6.17,26640,176
'201701','719',' 홍익병원앞 교차로','정기','F','50대',5,205.92,1.85,8000,94
'201701','816',' 신용산역 6번출구 앞','정기','F','50대',12,457.82,4.66,20080,150
'201701','818',' 숙명여대 입구 교차로','정기','F','50대',5,259.45,2.53,10920,85
'201701','819',' 선린인터넷 고등학교','정기','F','50대',1,12.1,0.11,470,5
'201701','199',' 서울 월드컵 경기장','정기','F','50대',15,1236.15,10.67,46000,299
'201701','584',' 광진광장 교통섬','정기','F','50대',5,104.3,1.01,4390,42
'201701','586',' 마장동 주민센터','정기','F','50대',23,1592.31,18.68,80420,498
'201701','901',' 응암1동사무소','정기','F','50대',19,472.6,6.12,26520,86
'201701','903',' 은평뉴타운 아이파크','정기','F','50대',1,62.03,0.56,2410,14
'201701','905',' 구파발역 2번출구','정기','F','50대',1,52.72,0.59,2560,22
'201701','907',' CJ 드림시티','정기','F','50대',8,759.8,7.27,31400,175
'201701','909',' 백련산 힐스테이트 3차','정기','F','50대',1,104.25,0.94,4050,26
'201701','911',' 은평평화공원(역촌역4번출구)','정기','F','50대',20,291.22,3.29,14190,86
'201701','201',' 진미파라곤 앞','정기','F','50대',7,193.73,2.14,9230,66
'201701','912',' 응암오거리','정기','F','50대',5,321.76,2.91,12500,92
'201701','913',' 이마트 은평점','정기','F','50대',13,601.82,5.89,25430,179
'201701','914',' 새절역 2번출구','정기','F','50대',6,1001.31,10.67,46010,239
'201701','921',' 신도고등학교','정기','F','50대',3,142.64,1.43,6150,62
'201701','923',' 국민은행 연서지점','정기','F','50대',7,1574.82,15.37,66280,311
'201701','928',' 은평역사한옥박물관','정기','F','50대',14,933.44,8.81,37960,252
'201701','932',' 예일여중','정기','F','50대',1,81.08,0.82,3530,18
'201701','203',' 국회의사당역 3번출구 옆','정기','F','50대',1,108.03,0.79,3410,24
'201701','209',' 유진투자증권빌딩 앞','정기','F','50대',3,70.52,0.63,2740,38
'201701','210',' IFC몰','정기','F','50대',3,52.83,0.39,1710,6
'201701','211',' 여의도역 4번출구 옆','정기','F','50대',5,1006.12,8.23,35490,175
'201701','212',' 여의도역 1번출구 옆','정기','F','50대',4,75.84,0.71,3040,16
'201701','213',' KT앞','정기','F','50대',24,1487.14,11.99,51680,477
'201701','104',' 합정역 1번출구 앞','정기','F','50대',3,143.89,1.2,5190,32
'201701','219',' 롯데캐슬엠파이어 옆','정기','F','50대',9,438.54,3.96,17100,115
'201701','220',' 미성아파트 A동 앞','정기','F','50대',11,252.02,2.29,9910,185
'201701','215',' 여의도고교 앞','정기','F','50대',3,448.23,4.32,18590,94
'201701','216',' 삼부아파트1동 앞','정기','F','50대',5,241.23,2.21,9540,49
'201701','217',' NH농협은행 앞','정기','F','50대',2,21.7,0.21,870,6
'201701','221',' 여의도초교 앞','정기','F','50대',15,1815.39,19.11,82300,509
'201701','222',' 시범아파트버스정류장 옆','정기','F','50대',22,728.86,6.17,26630,206
'201701','223',' 진주아파트상가 앞','정기','F','50대',20,557.06,4.19,18000,113
'201701','224',' 롯데캐슬 앞','정기','F','50대',14,358.62,3.28,14180,75
'201701','225',' 앙카라공원 앞','정기','F','50대',3,148.69,1.26,5410,174
'201701','226',' 샛강역 1번출구 앞','정기','F','50대',8,157.3,1.54,6630,51
'201701','207',' 여의나루역 1번출구 앞','정기','F','50대',15,698.87,5.34,23040,264
'201701','401',' 상암월드컵파크 10단지 앞','정기','F','50대',2,207.73,1.87,8070,44
'201701','402',' 상암월드컵파크 9단지 앞','정기','F','50대',28,811.46,8.46,36430,351
'201701','403',' 부엉이공원 앞','정기','F','50대',7,357.02,3.09,13310,76
'201701','106',' 합정역 7번출구 앞','정기','F','50대',2,263.4,2.33,10030,57
'201701','405',' DMC빌 앞','정기','F','50대',1,133.44,1.09,4680,26
'201701','406',' 상암월드컵파크 7단지 앞','정기','F','50대',27,1105.19,11.29,48700,388
'201701','421',' 마포구청 앞','정기','F','50대',16,968.06,8.49,36570,292
'201701','407',' 마포구 육아종합지원센터','정기','F','50대',3,162.33,1.7,7320,57
'201701','408',' LG CNS앞','정기','F','50대',8,214.3,2.25,9720,67
'201701','420',' 서울시 공공자전거 상암센터','정기','F','50대',3,248.22,2.42,10400,66
'201701','409',' 누리꿈스퀘어 옆','정기','F','50대',15,693.52,7.48,32300,220
'201701','419',' 홈플러스 앞','정기','F','50대',8,645.74,5.8,25000,151
'201701','410',' 상암중학교 옆','정기','F','50대',2,86.36,0.87,3760,42
'201701','418',' 월드컵경기장역 3번출구 옆','정기','F','50대',15,2210.74,20.99,90410,497
'201701','107',' 신한은행 서교동금융센터점 앞','정기','F','50대',2,17.5,0.16,680,14
'201701','411',' DMC홍보관','정기','F','50대',3,479.3,3.99,17170,76
'201701','412',' DMC산학협력연구센터 앞','정기','F','50대',16,1104.44,11.22,48340,548
'201701','417',' DMC역 2번출구 옆','정기','F','50대',4,139.85,1.34,5830,36
'201701','414',' 상암동주민센터 옆','정기','F','50대',3,84.49,0.88,3810,34
'201701','415',' DMC역 9번출구 앞','정기','F','50대',12,469.23,4.2,17920,84
'201701','416',' 상암월드컵파크 1단지 교차로','정기','F','50대',15,1020.71,9.21,39730,233
'201701','500',' 어린이대공원역 3번출구 앞','정기','F','50대',3,164.77,1.46,6290,85
'201701','501',' 광진구의회 앞','정기','F','50대',9,686.63,5.74,24770,252
'201701','502',' 뚝섬유원지역 1번출구 앞','정기','F','50대',1,64.86,0.54,2340,32
'201701','514',' 성수사거리 버스정류장 앞','정기','F','60대',1,196.65,1.77,7640,44
'201701','300',' 정동사거리','정기','F','60대',6,559.58,5.17,22290,172
'201701','301',' 경복궁역 7번출구 앞','정기','F','60대',1,38.1,0.34,1480,9
'201701','302',' 경복궁역 4번출구 뒤','정기','F','60대',11,616.16,5.03,21670,142
'201701','303',' 광화문역 1번출구 앞','정기','F','60대',5,98.29,0.68,2920,22
'201701','115',' 사루비아 빌딩 앞','정기','F','60대',1,126.9,1.14,4930,31
'201701','306',' 광화문역 7번출구 앞','정기','F','60대',2,389.97,3.52,15150,99
'201701','308',' 광화문 S타워 앞','정기','F','60대',3,189.74,1.76,7590,54
'201701','313',' 서울역 광장 파출소 옆','정기','F','60대',1,61.06,0.6,2570,11
'201701','316',' 종각역 1번출구 앞','정기','F','60대',1,27.28,0.25,1060,4
'201701','318',' 광교사거리 남측','정기','F','60대',1,85.3,0.83,3590,40
'201701','116',' 일진아이윌아파트 옆','정기','F','60대',1,32.79,0.32,1380,13
'201701','326',' 안국역 5번출구 앞','정기','F','60대',4,148.9,1.16,5050,23
'201701','327',' 낙원상가 옆','정기','F','60대',1,11.76,0.08,330,4
'201701','328',' 탑골공원 앞','정기','F','60대',1,18.79,0.17,730,3
'201701','329',' 청계2가 사거리 옆','정기','F','60대',1,81.6,0.74,3170,23
'201701','330',' 청계천 한빛광장','정기','F','60대',2,339.26,3.06,13180,95
'201701','111',' 상수역 2번출구 앞','정기','F','60대',1,86.96,0.71,3050,11
'201701','334',' 종로3가역 2번출구 뒤','정기','F','60대',2,34.13,0.29,1250,5
'201701','335',' 종로3가역 15번출구 앞','정기','F','60대',1,26.77,0.24,1040,10
'201701','338',' 세운스퀘어 앞','정기','F','60대',1,80.05,0.72,3110,23
'201701','341',' 혜화역 3번출구 뒤','정기','F','60대',1,15.08,0.16,680,6
'201701','342',' 대학로 마로니에공원','정기','F','60대',4,287.23,2.61,11220,112
'201701','112',' 극동방송국 앞','정기','F','60대',1,88.1,0.72,3090,13
'201701','345',' 서울보증보험본사 앞','정기','F','60대',1,11.09,0.12,500,5
'201701','349',' 사직동주민센터','정기','F','60대',2,284.43,2.56,11050,50
'201701','351',' 청운초교 앞 삼거리','정기','F','60대',19,3575.53,32.22,138910,867
'201701','117',' 홍은사거리','정기','F','60대',1,22.14,0.2,860,4
'201701','355',' 서울사대부속초교 앞','정기','F','60대',2,280.82,2.53,10910,57
'201701','363',' 신설동역 11번출구 뒤','정기','F','60대',1,158.82,1.43,6170,35
'201701','364',' 창신역 1번출구 앞','정기','F','60대',1,177.06,1.44,6210,29
'201701','367',' 독립문역 3-1번출구 ','정기','F','60대',1,41.06,0.33,1440,10
'201701','372',' 약수역 3번출구 뒤','정기','F','60대',1,188.93,1.7,7340,46
'201701','381',' 장충체육관','정기','F','60대',1,10.48,0.11,490,2
'201701','384',' 종로학원본원 ','정기','F','60대',2,58.22,0.57,2450,22
'201701','142',' 아현역 4번출구 앞','정기','F','60대',2,99.58,0.91,3920,37
'201701','144',' 공덕역 8번출구','정기','F','60대',2,100.65,0.82,3530,15
'201701','145',' 공덕역 5번출구','정기','F','60대',6,253.46,1.74,7530,53
'201701','146',' 마포역 1번출구 뒤','정기','F','60대',2,57.88,0.47,2030,10
'201701','147',' 마포역 4번출구 뒤','정기','F','60대',1,76.07,0.52,2260,10
'201701','119',' 서강나루 공원','정기','F','60대',1,47.04,0.38,1650,8
'201701','156',' 서울서부지방법원 앞','정기','F','60대',1,22.24,0.18,780,3
'201701','157',' 애오개역 4번출구 앞','정기','F','60대',1,32.31,0.22,960,52
'201701','160',' 북아현동 가구거리','정기','F','60대',1,38.49,0.38,1620,14
'201701','165',' 중앙근린공원','정기','F','60대',1,35.64,0.29,1250,13
'201701','171',' 임광빌딩 앞','정기','F','60대',1,60.83,0.59,2560,6
'201701','173',' 서대문역 8번출구 앞','정기','F','60대',1,82.4,0.67,2890,9
'201701','175',' 홍연2교옆','정기','F','60대',1,78.98,0.64,2770,11
'201701','179',' 가좌역 4번출구 앞','정기','F','60대',1,163.19,1.47,6340,28
'201701','180',' 충정로역 7번출구 뒤','정기','F','60대',1,10.45,0.1,440,3
'201701','518',' 청계천 박물관 앞','정기','F','60대',3,268.83,2.43,10510,79
'201701','538',' 답십리역 8번출구 앞','정기','F','60대',1,184.56,1.66,7170,48
'201701','539',' 군자교교차로','정기','F','60대',2,212.1,1.91,8240,72
'201701','601',' 용신동주민센터','정기','F','60대',3,425.5,4.98,21490,165
'201701','609',' 제기2교','정기','F','60대',1,214.93,1.94,8350,56
'201701','125',' 서강대 남문 옆','정기','F','60대',1,37.35,0.3,1310,4
'201701','614',' 용두동 사거리','정기','F','60대',2,248.65,2.24,9660,87
'201701','247',' 당산역 10번출구 앞','정기','F','60대',2,45.76,0.5,2140,9
'201701','250',' 대림아파트 사거리','정기','F','60대',1,169.65,1.38,5950,27
'201701','253',' 신풍역 5번출구 인근','정기','F','60대',1,53.03,0.43,1860,8
'201701','800',' 목월공원 앞','정기','F','60대',1,67.86,0.55,2380,9
'201701','805',' 문배어린이공원 앞','정기','F','60대',13,840.81,7.98,34370,237
'201701','806',' 전자랜드 본관 앞','정기','F','60대',2,138.66,1.31,5660,31
'201701','812',' 용산전쟁기념관','정기','F','60대',2,86.05,0.81,3510,21
'201701','813',' 삼각지역 3번출구','정기','F','60대',5,258.27,2.53,10870,55
'201701','815',' LIG강촌아파트 103동앞','정기','F','60대',1,97.51,0.79,3420,16
'201701','385',' 종각역 5번출구','정기','F','60대',3,508.62,4.58,19760,127
'201701','183',' 하늘채코오롱아파트 건너편','정기','F','60대',1,60.59,0.59,2550,27
'201701','186',' 월드컵공원','정기','F','60대',4,636.51,6.98,30050,191
'201701','188',' 홍은동 정원여중 입구','정기','F','60대',8,221.42,1.96,8400,46
'201701','133',' 해담는다리','정기','F','60대',3,241.34,1.66,7170,48
'201701','194',' 증산교 앞','정기','F','60대',10,1661.95,16.35,70510,394
'201701','558',' 성동광진 교육지원청 앞','정기','F','60대',3,94.97,0.84,3610,42
'201701','562',' 군자지하보도 앞','정기','F','60대',2,213.64,1.93,8300,73
'201701','564',' 금호역 3번출구','정기','F','60대',1,15.4,0.13,540,2
'201701','565',' 옥수역 3번출구','정기','F','60대',2,429.34,3.87,16680,85
'201701','567',' 성수역 2번출구 앞','정기','F','60대',16,747.84,8.78,37770,308
'201701','581',' 용답초등학교','정기','F','60대',7,464.8,4.24,18340,139
'201701','574',' 아차산역4번출구','정기','F','60대',1,67.64,0.71,3050,20
'201701','137',' NH농협 신촌지점 앞','정기','F','60대',1,30.41,0.3,1280,10
'201701','631',' 답십리역 1번출구','정기','F','60대',1,95.58,1,4310,25
'201701','138',' 신촌동 제1공영주차장 앞','정기','F','60대',1,64.39,0.63,2710,22
'201701','633',' 청량리 기업은행 앞','정기','F','60대',27,4681.86,42.23,181890,1157
'201701','636',' 세종대왕기념관 교차로','정기','F','60대',1,32.95,0.3,1280,6
'201701','637',' KAIST 경영대학 앞','정기','F','60대',5,232.7,2.1,9040,71
'201701','641',' 용두역 4번출구','정기','F','60대',2,200.52,1.81,7790,62
'201701','816',' 신용산역 6번출구 앞','정기','F','60대',5,346.39,3.16,13640,653
'201701','817',' 삼각지역 4번출구 앞','정기','F','60대',2,117.75,0.96,4130,25
'201701','818',' 숙명여대 입구 교차로','정기','F','60대',1,13.97,0.11,490,2
'201701','819',' 선린인터넷 고등학교','정기','F','60대',5,135.95,1.2,5190,24
'201701','820',' 청파동입구 교차로','정기','F','60대',1,22.52,0.18,790,2
'201701','823',' 효창동주민센터 앞','정기','F','60대',2,86.49,0.84,3640,40
'201701','825',' 서빙고동 주민센터 앞','정기','F','60대',2,245.05,2.21,9520,47
'201701','900',' 은평예술회관','정기','F','60대',1,181.98,1.64,7070,7
'201701','904',' 은평뉴타운 푸르지오','정기','F','60대',1,53.02,0.48,2060,9
'201701','907',' CJ 드림시티','정기','F','60대',3,305.43,2.17,9380,50
'201701','911',' 은평평화공원(역촌역4번출구)','정기','F','60대',2,58.18,0.52,2260,14
'201701','201',' 진미파라곤 앞','정기','F','60대',1,141.42,1.15,4960,36
'201701','912',' 응암오거리','정기','F','60대',2,103.99,0.94,4040,23
'201701','913',' 이마트 은평점','정기','F','60대',1,78.09,0.54,2320,17
'201701','914',' 새절역 2번출구','정기','F','60대',5,521.32,4.42,19080,113
'201701','915',' 증산역 4번출구','정기','F','60대',3,241.01,1.66,7160,61
'201701','931',' 역촌파출소','정기','F','60대',1,45.56,0.41,1770,11
'201701','218',' 증권거래소 앞','정기','F','60대',1,32.43,0.29,1260,7
'201701','421',' 마포구청 앞','정기','F','60대',1,85.54,0.7,3000,12
'201701','408',' LG CNS앞','정기','F','60대',2,126.9,1.14,4930,92
'201701','409',' 누리꿈스퀘어 옆','정기','F','60대',1,141.57,1.66,7150,41
'201701','419',' 홈플러스 앞','정기','F','60대',2,40.37,0.34,1470,12
'201701','418',' 월드컵경기장역 3번출구 옆','정기','F','60대',6,767.81,5.76,24820,186
'201701','501',' 광진구의회 앞','정기','F','60대',22,719.24,8.44,36270,243
'201701','502',' 뚝섬유원지역 1번출구 앞','정기','F','60대',3,126.79,1.46,6310,42
'201701','505',' 자양사거리 광진아크로텔 앞','정기','F','70대~',2,67.72,0.52,2280,9
'201701','109',' 제일빌딩 앞','정기','F','70대~',2,174.36,1.46,6290,24
'201701','300',' 정동사거리','정기','F','70대~',4,266.19,2.29,9860,63
'201701','302',' 경복궁역 4번출구 뒤','정기','F','70대~',1,33.67,0.25,1090,7
'201701','303',' 광화문역 1번출구 앞','정기','F','70대~',1,20.39,0.18,780,4
'201701','304',' 광화문역 2번출구 앞','정기','F','70대~',3,65.56,0.57,2480,13
'201701','306',' 광화문역 7번출구 앞','정기','F','70대~',1,27.18,0.2,880,6
'201701','308',' 광화문 S타워 앞','정기','F','70대~',1,47.83,0.42,1830,28
'201701','310',' 청계광장 옆','정기','F','70대~',1,45.74,0.38,1650,10
'201701','311',' 서울광장 옆','정기','F','70대~',10,635.99,5.3,22830,176
'201701','313',' 서울역 광장 파출소 옆','정기','F','70대~',3,257.98,2.24,9670,51
'201701','314',' 국립현대미술관','정기','F','70대~',8,590.51,5.16,22230,140
'201701','315',' 신한은행 안국역지점 옆','정기','F','70대~',2,136.85,1.14,4900,27
'201701','321',' KEB 하나은행 본점 앞','정기','F','70대~',1,157.6,1.4,6030,47
'201701','116',' 일진아이윌아파트 옆','정기','F','70대~',1,50.37,0.49,2120,15
'201701','324',' 신세계백화점 본점 앞','정기','F','70대~',1,149.5,1.33,5720,40
'201701','326',' 안국역 5번출구 앞','정기','F','70대~',13,512.97,4.54,19550,196
'201701','327',' 낙원상가 옆','정기','F','70대~',5,66.15,0.6,2570,18
'201701','328',' 탑골공원 앞','정기','F','70대~',5,218.54,1.84,7960,61
'201701','329',' 청계2가 사거리 옆','정기','F','70대~',1,38.53,0.32,1390,10
'201701','331',' 을지로2가 사거리 북측','정기','F','70대~',2,194.04,1.63,7000,52
'201701','334',' 종로3가역 2번출구 뒤','정기','F','70대~',5,200.42,1.7,7310,52
'201701','339',' 종로4가 사거리','정기','F','70대~',6,122.05,1.09,4610,30
'201701','342',' 대학로 마로니에공원','정기','F','70대~',6,113.46,0.87,3820,15
'201701','345',' 서울보증보험본사 앞','정기','F','70대~',13,192.28,1.75,7470,101
'201701','346',' 맥스타일 앞','정기','F','70대~',1,118.66,1.05,4540,34
'201701','350','KEB 하나은행(내자동 지점) 앞','정기','F','70대~',1,29.03,0.22,940,7
'201701','352',' 중앙고입구 삼거리','정기','F','70대~',14,1372.67,10.59,45610,251
'201701','353',' 재동초교 앞 삼거리','정기','F','70대~',7,471.15,4.19,18070,185
'201701','358',' 성대입구 사거리','정기','F','70대~',2,38.61,0.3,1300,6
'201701','361',' 동묘앞역 1번출구 뒤','정기','F','70대~',4,266.67,2.24,9620,61
'201701','363',' 신설동역 11번출구 뒤','정기','F','70대~',3,110.6,0.93,3990,44
'201701','113',' 홍대입구역 2번출구 앞','정기','F','70대~',3,162.28,1.51,6490,51
'201701','367',' 독립문역 3-1번출구 ','정기','F','70대~',6,454.32,3.8,16390,126
'201701','384',' 종로학원본원 ','정기','F','70대~',1,0,0,0,25
'201701','114',' 홍대입구역 8번출구 앞','정기','F','70대~',1,45.05,0.41,1750,12
'201701','142',' 아현역 4번출구 앞','정기','F','70대~',2,96.19,0.8,3470,11
'201701','150',' 서강대역 2번출구 앞','정기','F','70대~',1,81.85,0.74,3180,32
'201701','153',' 성산2교 사거리','정기','F','70대~',25,920.99,8.32,35780,376
'201701','163',' 명지전문대학교 정문 앞','정기','F','70대~',5,360.83,2.65,11390,122
'201701','165',' 중앙근린공원','정기','F','70대~',4,213.12,1.93,8280,44
'201701','168',' 남가좌동 사거리','정기','F','70대~',1,46.07,0.42,1790,10
'201701','170',' 가재울 뉴타운 주유소 옆','정기','F','70대~',24,985.32,8.87,38280,248
'201701','171',' 임광빌딩 앞','정기','F','70대~',1,60.71,0.51,2190,32
'201701','173',' 서대문역 8번출구 앞','정기','F','70대~',1,46.85,0.39,1690,10
'201701','175',' 홍연2교옆','정기','F','70대~',1,27.88,0.2,880,7
'201701','179',' 가좌역 4번출구 앞','정기','F','70대~',17,537.46,4.84,20880,197
'201701','180',' 충정로역 7번출구 뒤','정기','F','70대~',1,56.27,0.47,2030,11
'201701','521',' 왕십리역 11번 출구 앞','정기','F','70대~',1,20.26,0.22,930,5
'201701','525',' 한양대병원사거리','정기','F','70대~',1,94.47,0.85,3670,19
'201701','529',' 장한평역 8번 출구 앞','정기','F','70대~',1,122.92,0.9,3880,23
'201701','537',' 한양대후문역 부근','정기','F','70대~',1,139.71,1.02,4410,30
'201701','538',' 답십리역 8번출구 앞','정기','F','70대~',4,128.29,1.37,5890,100
'201701','540',' 군자역 7번출구 베스트샵 앞','정기','F','70대~',2,61.26,0.56,2380,10
'201701','543',' 구의공원(테크노마트 앞)','정기','F','70대~',2,46.63,0.36,1570,7
'201701','610',' 동대문중 교차로','정기','F','70대~',1,21.27,0.16,680,3
'201701','613',' 신설동역 10번출구 앞','정기','F','70대~',1,26.06,0.22,940,7
'201701','240',' 문래역 4번출구 앞','정기','F','70대~',1,44.48,0.33,1440,15
'201701','800',' 목월공원 앞','정기','F','70대~',3,255.01,2.2,9470,43
'201701','811',' 녹사평역1번출구','정기','F','70대~',1,46.29,0.39,1670,7
'201701','177',' 북가좌 초등학교','정기','F','70대~',1,70.96,0.52,2240,12
'201701','191',' 정명학원','정기','F','70대~',1,54.81,0.4,1730,12
'201701','195',' 모래내고가차도 ','정기','F','70대~',1,37.58,0.34,1460,5
'201701','580',' 신금호역 3번출구 뒤','정기','F','70대~',1,26.14,0.28,1200,5
'201701','553',' 중곡 성원APT 앞','정기','F','70대~',2,179.4,1.61,6970,58
'201701','622',' 전농사거리 교통섬','정기','F','70대~',1,43.72,0.32,1380,7
'201701','627',' 장안동삼거리 교통섬','정기','F','70대~',1,45.62,0.33,1440,9
'201701','102',' 망원역 1번출구 앞','정기','F','70대~',1,44.53,0.4,1730,12
'201701','262',' 영문초등학교 사거리','정기','F','70대~',2,37.37,0.28,1210,7
'201701','818',' 숙명여대 입구 교차로','정기','F','70대~',16,1067.69,9.61,41480,610
'201701','819',' 선린인터넷 고등학교','정기','F','70대~',1,0,0,0,23
'201701','901',' 응암1동사무소','정기','F','70대~',1,36.37,0.39,1670,6
'201701','905',' 구파발역 2번출구','정기','F','70대~',1,35.72,0.38,1640,10
'201701','912',' 응암오거리','정기','F','70대~',5,319.83,2.72,11680,54
'201701','204',' 국회의사당역 5번출구 옆','정기','F','70대~',1,27.44,0.29,1260,7
'201701','209',' 유진투자증권빌딩 앞','정기','F','70대~',1,81.54,0.61,2640,23
'201701','211',' 여의도역 4번출구 옆','정기','F','70대~',2,50.31,0.53,2310,14
'201701','219',' 롯데캐슬엠파이어 옆','정기','F','70대~',1,10.24,0.11,470,2
'201701','222',' 시범아파트버스정류장 옆','정기','F','70대~',1,39.2,0.42,1800,16
'201701','224',' 롯데캐슬 앞','정기','F','70대~',2,127.23,1.06,4590,28
'201701','106',' 합정역 7번출구 앞','정기','F','70대~',1,105.61,0.88,3810,15
'201701','421',' 마포구청 앞','정기','F','70대~',1,33.72,0.3,1310,10
'201701','408',' LG CNS앞','정기','F','70대~',1,137.6,1.1,4760,35
'201701','409',' 누리꿈스퀘어 옆','정기','F','70대~',2,216.81,1.74,7500,49
'201701','107',' 신한은행 서교동금융센터점 앞','정기','F','70대~',20,564.24,5.07,21920,173
'201701','415',' DMC역 9번출구 앞','정기','F','70대~',3,155.91,1.34,5790,36
'201701','500',' 어린이대공원역 3번출구 앞','정기','F','70대~',1,96.62,0.71,3050,18
'201701','108',' 서교동 사거리','정기','M','~10대',1,129.83,0.78,3380,29
'201701','503',' 더샵스타시티 C동 앞','정기','M','~10대',4,163.99,1.18,5050,24
'201701','505',' 자양사거리 광진아크로텔 앞','정기','M','~10대',4,161.39,1.16,4970,23
'201701','506',' 금호 어울림 아파트 앞','정기','M','~10대',6,248.96,1.87,8060,43
'201701','507',' 성수아이에스비즈타워 앞','정기','M','~10대',1,11.58,0.1,450,1
'201701','508',' 성수아카데미타워 앞','정기','M','~10대',8,179.88,1.24,5330,37
'201701','509',' 이마트 버스정류소 옆','정기','M','~10대',1,108.37,0.98,4210,23
'201701','511',' 서울숲역 4번 출구 옆','정기','M','~10대',1,59.2,0.53,2300,17
'201701','512',' 뚝섬역 1번 출구 옆','정기','M','~10대',3,155.37,1.44,6230,30
'201701','109',' 제일빌딩 앞','정기','M','~10대',1,62.96,0.49,2120,12
'201701','400',' 상암한화오벨리스크 1차 앞','정기','M','~10대',18,3180.29,24.84,107080,621
'201701','514',' 성수사거리 버스정류장 앞','정기','M','~10대',10,779.61,5.84,25240,59
'201701','302',' 경복궁역 4번출구 뒤','정기','M','~10대',2,61.3,0.44,1880,16
'201701','115',' 사루비아 빌딩 앞','정기','M','~10대',1,0,0,0,7
'201701','304',' 광화문역 2번출구 앞','정기','M','~10대',1,95.65,0.58,2490,12
'201701','305',' 종로구청 옆','정기','M','~10대',6,172.91,1.44,6200,33
'201701','306',' 광화문역 7번출구 앞','정기','M','~10대',1,76.65,0.57,2450,21
'201701','307',' 서울역사박물관 앞','정기','M','~10대',1,42.55,0.32,1360,10
'201701','308',' 광화문 S타워 앞','정기','M','~10대',1,51.31,0.38,1640,9
'201701','310',' 청계광장 옆','정기','M','~10대',2,311.01,2.25,9700,112
'201701','314',' 국립현대미술관','정기','M','~10대',20,845.8,6.83,29410,174
'201701','318',' 광교사거리 남측','정기','M','~10대',1,159.69,1.2,5170,26
'201701','116',' 일진아이윌아파트 옆','정기','M','~10대',2,352.04,2.95,12700,51
'201701','334',' 종로3가역 2번출구 뒤','정기','M','~10대',1,53.7,0.44,1910,9
'201701','340',' 혜화동 로터리','정기','M','~10대',6,561.06,3.73,16100,88
'201701','343',' 예일빌딩(율곡로) 앞','정기','M','~10대',1,61.29,0.51,2180,16
'201701','344',' 성균관대 E하우스 앞','정기','M','~10대',1,74.84,0.49,2100,16
'201701','346',' 맥스타일 앞','정기','M','~10대',1,96.94,0.63,2720,17
'201701','347',' 동대문역사문화공원역 9번출구 앞','정기','M','~10대',3,281.22,1.88,8070,62
'201701','349',' 사직동주민센터','정기','M','~10대',5,272.39,2.06,8880,50
'201701','353',' 재동초교 앞 삼거리','정기','M','~10대',2,136.95,1.02,4380,29
'201701','117',' 홍은사거리','정기','M','~10대',1,55.37,0.41,1770,37
'201701','355',' 서울사대부속초교 앞','정기','M','~10대',1,69,0.46,1980,16
'201701','356',' KT혜화지사 앞','정기','M','~10대',1,30.48,0.24,1040,7
'201701','358',' 성대입구 사거리','정기','M','~10대',2,285.74,2.09,8970,101
'201701','361',' 동묘앞역 1번출구 뒤','정기','M','~10대',1,63.08,0.41,1770,15
'201701','362',' 청계8가 사거리','정기','M','~10대',1,42.97,0.36,1550,11
'201701','113',' 홍대입구역 2번출구 앞','정기','M','~10대',3,107.56,1,4280,20
'201701','367',' 독립문역 3-1번출구 ','정기','M','~10대',2,81.02,0.6,2590,13
'201701','348',' 독립문역 사거리','정기','M','~10대',2,178.36,1.43,6150,41
'201701','370',' 시청역(2호선) 9번출구 뒤','정기','M','~10대',1,33.64,0.32,1370,22
'201701','118',' 광흥창역 2번출구 앞','정기','M','~10대',3,139.47,1.36,5870,34
'201701','384',' 종로학원본원 ','정기','M','~10대',2,217.68,1.75,7530,40
'201701','114',' 홍대입구역 8번출구 앞','정기','M','~10대',6,968.54,6.7,28870,227
'201701','142',' 아현역 4번출구 앞','정기','M','~10대',1,46.33,0.42,1800,9
'201701','143',' 공덕역 2번출구','정기','M','~10대',2,241.82,1.98,8510,66
'201701','144',' 공덕역 8번출구','정기','M','~10대',9,674.07,4.94,21310,133
'201701','145',' 공덕역 5번출구','정기','M','~10대',6,1152.83,8.82,38090,243
'201701','146',' 마포역 1번출구 뒤','정기','M','~10대',1,61.6,0.42,1830,10
'201701','150',' 서강대역 2번출구 앞','정기','M','~10대',1,107.55,0.65,2800,15
'201701','156',' 서울서부지방법원 앞','정기','M','~10대',2,132.53,0.8,3450,34
'201701','157',' 애오개역 4번출구 앞','정기','M','~10대',1,43.79,0.26,1140,6
'201701','161',' 무악재역1번 출구','정기','M','~10대',10,697.94,5.17,22310,138
'201701','120',' 신수동 사거리','정기','M','~10대',2,57.02,0.45,1920,15
'201701','163',' 명지전문대학교 정문 앞','정기','M','~10대',4,310.75,2.72,11730,70
'201701','165',' 중앙근린공원','정기','M','~10대',3,96.93,0.86,3730,44
'201701','166',' 가재울 초등학교','정기','M','~10대',1,19.67,0.17,720,4
'201701','167',' 연가초등학교 옆','정기','M','~10대',5,108.63,1.09,4730,25
'201701','168',' 남가좌동 사거리','정기','M','~10대',2,37.59,0.34,1480,4
'201701','169',' 북가좌 삼거리','정기','M','~10대',1,25.05,0.27,1150,4
'201701','173',' 서대문역 8번출구 앞','정기','M','~10대',7,552.16,4.1,17650,114
'201701','175',' 홍연2교옆','정기','M','~10대',2,217.41,2.55,10980,62
'201701','521',' 왕십리역 11번 출구 앞','정기','M','~10대',1,60.41,0.61,2630,12
'201701','122',' 신성기사식당 앞','정기','M','~10대',6,500.12,3.8,16340,127
'201701','525',' 한양대병원사거리','정기','M','~10대',3,147.83,1.32,5650,36
'201701','529',' 장한평역 8번 출구 앞','정기','M','~10대',3,111.2,1,4320,18
'201701','530',' 청계벽산아파트 앞','정기','M','~10대',1,19.15,0.14,620,3
'201701','536',' 행당역 2번출구 앞','정기','M','~10대',2,73.44,0.52,2250,41
'201701','538',' 답십리역 8번출구 앞','정기','M','~10대',3,110.68,1,4300,14
'201701','540',' 군자역 7번출구 베스트샵 앞','정기','M','~10대',2,112.23,1.01,4360,39
'201701','544',' 광남중학교','정기','M','~10대',2,137.3,0.92,3940,16
'201701','124',' 서강대 정문 건너편','정기','M','~10대',3,120.28,0.95,4050,39
'201701','604',' 답십리초등학교 옆 공원','정기','M','~10대',1,26.51,0.24,1030,6
'201701','125',' 서강대 남문 옆','정기','M','~10대',2,91.42,0.55,2380,17
'201701','614',' 용두동 사거리','정기','M','~10대',3,96.19,0.81,3470,18
'201701','617',' 청솔우성아파트 앞','정기','M','~10대',1,30.37,0.27,1180,10
'201701','126',' 서강대 후문 옆','정기','M','~10대',5,357.77,2.82,12160,98
'201701','232',' 양평우림 이비즈센타 앞','정기','M','~10대',1,32.01,0.22,940,10
'201701','234',' 영등포구민체육센터 앞','정기','M','~10대',1,36.87,0.31,1330,6
'201701','235',' 신길동 우리은행 옆','정기','M','~10대',1,23.84,0.2,860,3
'201701','127',' 현대벤처빌 앞','정기','M','~10대',2,114.64,0.9,3860,19
'201701','249',' 여의도중학교 옆','정기','M','~10대',1,149.81,0.9,3900,20
'201701','251',' 서울지방병무청 버스정류장','정기','M','~10대',7,414.93,3.73,16120,83
'201701','128',' 신촌역(2호선) 1번출구 옆','정기','M','~10대',3,226.92,1.76,7640,46
'201701','252',' 보라매역4번출구','정기','M','~10대',1,37.42,0.31,1350,7
'201701','254',' 도림신협 앞','정기','M','~10대',2,25.5,0.22,920,3
'201701','256',' 동아에코빌입구','정기','M','~10대',1,39.92,0.29,1260,7
'201701','257',' 신길삼거리(우리은행)','정기','M','~10대',2,114.76,1.07,4600,32
'201701','258',' 신길역3번출구','정기','M','~10대',1,60.62,0.56,2430,14
'201701','259',' 대방역6번출구','정기','M','~10대',4,140.92,1.17,5070,25
'201701','129',' 신촌역(2호선) 6번출구 옆','정기','M','~10대',6,436.06,3.61,15580,102
'201701','706',' 신정네거리역','정기','M','~10대',1,50.18,0.41,1760,7
'201701','708',' 서울출입국관리사무소 앞','정기','M','~10대',4,105.78,0.87,3710,66
'201701','130',' 신촌역(2호선) 7번출구 앞','정기','M','~10대',5,549.39,3.75,16160,114
'201701','800',' 목월공원 앞','정기','M','~10대',1,111.85,1.13,4870,35
'201701','806',' 전자랜드 본관 앞','정기','M','~10대',5,530.32,4.19,18020,162
'201701','811',' 녹사평역1번출구','정기','M','~10대',1,380.75,2.97,12820,21
'201701','132',' 창천문화공원','정기','M','~10대',1,175.54,1.06,4570,46
'201701','182',' 망원2빗물펌프장 앞','정기','M','~10대',2,136.03,1.07,4580,24
'201701','183',' 하늘채코오롱아파트 건너편','정기','M','~10대',3,109.12,1,4290,29
'201701','178',' 증산3교 앞','정기','M','~10대',2,75.68,0.68,2940,12
'201701','558',' 성동광진 교육지원청 앞','정기','M','~10대',7,404.23,3.97,17100,56
'201701','134',' 연세로 명물길','정기','M','~10대',11,1099.49,8.58,37020,230
'201701','561',' 서울숲역 2번출구 앞','정기','M','~10대',1,68.44,0.69,2980,15
'201701','567',' 성수역 2번출구 앞','정기','M','~10대',5,182.85,1.59,6840,153
'201701','575',' 중앙농협 중곡지점','정기','M','~10대',1,45.3,0.41,1760,26
'201701','623',' 서울시립대 정문 앞','정기','M','~10대',3,73.49,0.54,2320,9
'201701','625',' 답십리초등학교 앞(현대시장 옆)','정기','M','~10대',3,148,1.34,5750,26
'201701','102',' 망원역 1번출구 앞','정기','M','~10대',1,124.74,0.97,4200,51
'201701','634',' 외국어대 정문 앞','정기','M','~10대',2,94.19,1.06,4550,39
'201701','639',' 서울시립대 후문','정기','M','~10대',1,24.71,0.18,780,3
'201701','641',' 용두역 4번출구','정기','M','~10대',3,112.54,0.95,4060,25
'201701','262',' 영문초등학교 사거리','정기','M','~10대',2,510.93,4.83,20810,102
'201701','716','신정6동 주민센터 인근','정기','M','~10대',4,99.22,0.81,3480,45
'201701','816',' 신용산역 6번출구 앞','정기','M','~10대',1,96.41,0.58,2510,25
'201701','819',' 선린인터넷 고등학교','정기','M','~10대',3,281.39,2.12,9110,66
'201701','823',' 효창동주민센터 앞','정기','M','~10대',6,770.17,4.65,20050,144
'201701','825',' 서빙고동 주민센터 앞','정기','M','~10대',1,71.81,0.65,2790,25
'201701','388',' 동성중학교 앞','정기','M','~10대',1,15.96,0.14,620,4
'201701','585',' 성수2가1동 공영주차장 인근','정기','M','~10대',2,124.17,0.93,4020,27
'201701','900',' 은평예술회관','정기','M','~10대',11,436.77,2.75,11860,67
'201701','901',' 응암1동사무소','정기','M','~10대',1,51.48,0.46,2000,17
'201701','904',' 은평뉴타운 푸르지오','정기','M','~10대',9,716.6,6.46,27840,108
'201701','905',' 구파발역 2번출구','정기','M','~10대',5,362.68,3.27,14090,70
'201701','907',' CJ 드림시티','정기','M','~10대',2,387.09,2.67,11500,52
'201701','908',' 구산역 4번출구','정기','M','~10대',3,241.06,1.7,7310,39
'201701','909',' 백련산 힐스테이트 3차','정기','M','~10대',23,2008.38,14.68,63230,235
'201701','911',' 은평평화공원(역촌역4번출구)','정기','M','~10대',5,180.44,1.22,5210,30
'201701','912',' 응암오거리','정기','M','~10대',4,444.36,2.97,12770,63
'201701','913',' 이마트 은평점','정기','M','~10대',3,149.65,1.28,5540,46
'201701','916',' 평생학습관 앞','정기','M','~10대',1,33.15,0.21,900,5
'201701','917',' 녹번역 4번출구','정기','M','~10대',1,33.88,0.21,920,3
'201701','202',' 국민일보 앞','정기','M','~10대',1,292.91,2.77,11930,54
'201701','925',' 불광역 2번출구','정기','M','~10대',1,82.8,0.57,2460,13
'201701','926',' 불광역 8번출구','정기','M','~10대',1,142.86,1.29,5550,36
'201701','927',' 연신내역 3번출구 인근','정기','M','~10대',1,107.08,0.78,3380,17
'201701','931',' 역촌파출소','정기','M','~10대',1,50.97,0.46,1980,13
'201701','932',' 예일여중','정기','M','~10대',5,327.66,2.96,12730,70
'201701','933',' LG서비스 역촌점','정기','M','~10대',8,881.98,6.7,28880,138
'201701','209',' 유진투자증권빌딩 앞','정기','M','~10대',3,82.99,0.67,2900,19
'201701','210',' IFC몰','정기','M','~10대',1,382.83,2.99,12890,59
'201701','211',' 여의도역 4번출구 옆','정기','M','~10대',15,538.37,4.63,20030,142
'201701','213',' KT앞','정기','M','~10대',2,101.16,0.91,3930,24
'201701','104',' 합정역 1번출구 앞','정기','M','~10대',1,67.12,0.52,2260,15
'201701','214',' 금융감독원 앞','정기','M','~10대',3,134.63,1.22,5230,29
'201701','218',' 증권거래소 앞','정기','M','~10대',3,59.71,0.54,2320,23
'201701','220',' 미성아파트 A동 앞','정기','M','~10대',2,47.11,0.41,1790,10
'201701','215',' 여의도고교 앞','정기','M','~10대',1,20.96,0.18,790,5
'201701','216',' 삼부아파트1동 앞','정기','M','~10대',13,267.48,2.48,10670,73
'201701','217',' NH농협은행 앞','정기','M','~10대',4,127.86,1.19,5090,41
'201701','221',' 여의도초교 앞','정기','M','~10대',12,719.86,4.82,20810,82
'201701','223',' 진주아파트상가 앞','정기','M','~10대',9,354.16,3.14,13530,96
'201701','105',' 합정역 5번출구 앞','정기','M','~10대',1,62.37,0.52,2250,8
'201701','224',' 롯데캐슬 앞','정기','M','~10대',7,362.87,2.54,10970,88
'201701','225',' 앙카라공원 앞','정기','M','~10대',5,88.57,0.65,2820,16
'201701','226',' 샛강역 1번출구 앞','정기','M','~10대',1,16.47,0.15,640,3
'201701','207',' 여의나루역 1번출구 앞','정기','M','~10대',5,114.86,1.05,4560,21
'201701','403',' 부엉이공원 앞','정기','M','~10대',2,22.58,0.18,760,2
'201701','106',' 합정역 7번출구 앞','정기','M','~10대',1,250.03,2.09,9020,42
'201701','409',' 누리꿈스퀘어 옆','정기','M','~10대',1,46.04,0.36,1550,7
'201701','418',' 월드컵경기장역 3번출구 옆','정기','M','~10대',2,120.78,1.42,6100,30
'201701','411',' DMC홍보관','정기','M','~10대',1,25.54,0.3,1290,7
'201701','416',' 상암월드컵파크 1단지 교차로','정기','M','~10대',1,209.98,1.64,7070,40
'201701','108',' 서교동 사거리','정기','M','20대',71,4765.39,37.06,159690,1165
'201701','503',' 더샵스타시티 C동 앞','정기','M','20대',74,3054.11,25.56,110110,1045
'201701','504',' 신자초교입구교차로','정기','M','20대',58,1992.66,15.35,66300,506
'201701','505',' 자양사거리 광진아크로텔 앞','정기','M','20대',73,4189.64,36.18,156010,1057
'201701','506',' 금호 어울림 아파트 앞','정기','M','20대',13,504.96,4.35,18690,106
'201701','507',' 성수아이에스비즈타워 앞','정기','M','20대',45,2134.89,17.7,76280,529
'201701','508',' 성수아카데미타워 앞','정기','M','20대',32,1535.89,12.74,54690,330
'201701','509',' 이마트 버스정류소 옆','정기','M','20대',57,3327.97,27.54,118660,919
'201701','510',' 서울숲 남문 버스정류소 옆','정기','M','20대',3,194.63,1.53,6600,100
'201701','511',' 서울숲역 4번 출구 옆','정기','M','20대',35,2043.96,15.4,66400,462
'201701','512',' 뚝섬역 1번 출구 옆','정기','M','20대',83,4944.43,40.79,175880,1244
'201701','109',' 제일빌딩 앞','정기','M','20대',49,4150.78,33.35,143800,967
'201701','400',' 상암한화오벨리스크 1차 앞','정기','M','20대',8,826.49,6.03,25940,206
'201701','513',' 뚝섬역 5번 출구 정류소 옆','정기','M','20대',69,3867.29,31.02,133710,869
'201701','514',' 성수사거리 버스정류장 앞','정기','M','20대',68,4711.43,38.5,166130,987
'201701','515',' 광양중학교 앞','정기','M','20대',27,1726.18,13.53,58180,349
'201701','516',' 광진메디칼 앞','정기','M','20대',29,2418.12,20.46,88350,402
'201701','300',' 정동사거리','정기','M','20대',41,4210.57,30.5,131450,824
'201701','301',' 경복궁역 7번출구 앞','정기','M','20대',39,2410.77,18.3,78920,428
'201701','302',' 경복궁역 4번출구 뒤','정기','M','20대',43,2366.43,18.9,81580,528
'201701','303',' 광화문역 1번출구 앞','정기','M','20대',62,2470.94,18.74,80770,487
'201701','115',' 사루비아 빌딩 앞','정기','M','20대',120,5539.67,45.98,198070,1177
'201701','304',' 광화문역 2번출구 앞','정기','M','20대',39,2715.21,20.08,86740,530
'201701','305',' 종로구청 옆','정기','M','20대',80,6244.14,44.53,191890,1317
'201701','306',' 광화문역 7번출구 앞','정기','M','20대',39,3615.48,28,120780,780
'201701','307',' 서울역사박물관 앞','정기','M','20대',91,5838.69,50.66,218420,1302
'201701','308',' 광화문 S타워 앞','정기','M','20대',17,739.08,6.19,26760,226
'201701','309',' 광화문역 6번출구 옆','정기','M','20대',17,1357,10.7,46210,371
'201701','310',' 청계광장 옆','정기','M','20대',35,1974.38,15.42,66670,542
'201701','311',' 서울광장 옆','정기','M','20대',41,3173.88,25.66,110650,678
'201701','312',' 시청역 1번출구 뒤','정기','M','20대',87,5314.73,45.53,196040,1642
'201701','313',' 서울역 광장 파출소 옆','정기','M','20대',20,1532.36,11.71,50620,276
'201701','110',' 사천교','정기','M','20대',37,1846.24,15.23,65790,372
'201701','314',' 국립현대미술관','정기','M','20대',101,5995.46,46.3,199420,1341
'201701','315',' 신한은행 안국역지점 옆','정기','M','20대',46,2433.25,19.23,82910,681
'201701','316',' 종각역 1번출구 앞','정기','M','20대',85,4259.97,33.35,143620,1036
'201701','318',' 광교사거리 남측','정기','M','20대',18,1008.97,8.42,36430,250
'201701','320',' 을지로입구역 4번출구 앞','정기','M','20대',26,1435.14,12.16,52500,432
'201701','321',' KEB 하나은행 본점 앞','정기','M','20대',24,1603.39,12.29,52890,403
'201701','322',' 명동성당 앞','정기','M','20대',34,3817.13,28.27,121840,822
'201701','116',' 일진아이윌아파트 옆','정기','M','20대',136,7068.03,58.11,250430,942
'201701','324',' 신세계백화점 본점 앞','정기','M','20대',53,4584.89,37.19,160150,942
'201701','326',' 안국역 5번출구 앞','정기','M','20대',62,5469.49,44.38,191300,1101
'201701','327',' 낙원상가 옆','정기','M','20대',95,3307.04,25.35,109160,681
'201701','328',' 탑골공원 앞','정기','M','20대',199,9489.56,78.62,339150,2466
'201701','329',' 청계2가 사거리 옆','정기','M','20대',76,5653.68,44.4,191220,1162
'201701','330',' 청계천 한빛광장','정기','M','20대',47,3205,27.14,117100,894
'201701','331',' 을지로2가 사거리 북측','정기','M','20대',29,2250.03,17.97,77600,535
'201701','332',' 을지로2가 사거리 남측','정기','M','20대',36,1924.21,15.88,68370,438
'201701','111',' 상수역 2번출구 앞','정기','M','20대',76,6518.95,50.98,219700,1549
'201701','334',' 종로3가역 2번출구 뒤','정기','M','20대',124,4539.14,34.34,147850,1008
'201701','335',' 종로3가역 15번출구 앞','정기','M','20대',72,4737.57,34.78,150090,891
'201701','336',' 티마크 호텔 앞','정기','M','20대',39,3828.65,31.13,134150,866
'201701','337',' 창경궁 입구','정기','M','20대',14,1035.38,8.66,37340,250
'201701','338',' 세운스퀘어 앞','정기','M','20대',205,8920.95,70.9,305610,2376
'201701','339',' 종로4가 사거리','정기','M','20대',107,5824.06,47.11,202950,1377
'201701','340',' 혜화동 로터리','정기','M','20대',69,7471.03,62.91,271270,1527
'201701','341',' 혜화역 3번출구 뒤','정기','M','20대',85,6052.66,51.02,219830,2474
'201701','342',' 대학로 마로니에공원','정기','M','20대',74,5547.89,44.94,193730,1058
'201701','343',' 예일빌딩(율곡로) 앞','정기','M','20대',77,3303.06,21.97,94720,632
'201701','112',' 극동방송국 앞','정기','M','20대',113,9283.33,74.74,322090,1867
'201701','344',' 성균관대 E하우스 앞','정기','M','20대',122,6834.15,51.34,221090,1667
'201701','345',' 서울보증보험본사 앞','정기','M','20대',21,650.76,5.29,22750,141
'201701','346',' 맥스타일 앞','정기','M','20대',104,5717.17,45.44,195810,1701
'201701','347',' 동대문역사문화공원역 9번출구 앞','정기','M','20대',76,3362.89,27.05,116440,885
'201701','349',' 사직동주민센터','정기','M','20대',57,2931.82,24.91,107400,803
'201701','350','KEB 하나은행(내자동 지점) 앞','정기','M','20대',49,2863.55,23.08,99600,693
'201701','351',' 청운초교 앞 삼거리','정기','M','20대',32,2367.44,16.89,72780,395
'201701','352',' 중앙고입구 삼거리','정기','M','20대',27,2630.34,22.99,99160,662
'201701','353',' 재동초교 앞 삼거리','정기','M','20대',21,845.99,7.66,33120,194
'201701','117',' 홍은사거리','정기','M','20대',22,4114.48,28.58,123300,517
'201701','354',' 포르투갈 대사관 앞','정기','M','20대',68,3885.79,33.48,144360,859
'201701','355',' 서울사대부속초교 앞','정기','M','20대',61,2798.3,22.32,96280,530
'201701','356',' KT혜화지사 앞','정기','M','20대',61,2654.9,23.71,102270,716
'201701','358',' 성대입구 사거리','정기','M','20대',258,14908.61,124.4,536540,3289
'201701','359',' 원남동사거리','정기','M','20대',43,2383.17,19.08,82300,808
'201701','361',' 동묘앞역 1번출구 뒤','정기','M','20대',62,3450.21,28.04,120780,1119
'201701','362',' 청계8가 사거리','정기','M','20대',25,1206.35,10.38,44670,292
'201701','363',' 신설동역 11번출구 뒤','정기','M','20대',47,3271.39,28.12,121290,733
'201701','364',' 창신역 1번출구 앞','정기','M','20대',56,4605.12,37.6,161910,824
'201701','113',' 홍대입구역 2번출구 앞','정기','M','20대',240,13082.09,104.39,449790,2911
'201701','367',' 독립문역 3-1번출구 ','정기','M','20대',23,1923.7,15.5,66870,456
'201701','368',' SK 서린빌딩 앞','정기','M','20대',66,2422.78,19.8,85140,517
'201701','369',' 광화문 시민열린마당','정기','M','20대',51,2592.05,22.7,97770,829
'201701','348',' 독립문역 사거리','정기','M','20대',21,1656.5,12.18,52560,314
'201701','370',' 시청역(2호선) 9번출구 뒤','정기','M','20대',20,1381.27,12.44,53590,301
'201701','371',' 동대입구역 6번출구 뒤','정기','M','20대',64,3072.8,24.48,105320,719
'201701','372',' 약수역 3번출구 뒤','정기','M','20대',41,2900.86,25.42,109620,770
'201701','373',' 청구 어린이공원','정기','M','20대',1,31.15,0.28,1210,7
'201701','374',' 청구역 2번출구 앞','정기','M','20대',54,3960.61,27.86,119890,1328
'201701','118',' 광흥창역 2번출구 앞','정기','M','20대',116,4743.67,37.46,161580,1265
'201701','375',' 다산 어린이공원','정기','M','20대',78,7295.09,54.94,236740,1295
'201701','377',' 서울역 4번출구 앞','정기','M','20대',9,896.98,8.07,34760,165
'201701','378',' 청계7가 사거리','정기','M','20대',33,1740.18,14.24,61410,403
'201701','379',' 서울역9번출구','정기','M','20대',9,1108.33,8.26,35550,226
'201701','380',' CJ제일제당 앞','정기','M','20대',30,1232.72,9.57,41130,224
'201701','381',' 장충체육관','정기','M','20대',16,487.33,3.97,17120,72
'201701','382',' 약수역 10번출구 앞','정기','M','20대',27,1456.48,11.21,48360,320
'201701','383',' 신당역 12번 출구 뒤','정기','M','20대',78,6995.93,56.19,242390,1441
'201701','384',' 종로학원본원 ','정기','M','20대',9,547.23,4.61,19840,111
'201701','114',' 홍대입구역 8번출구 앞','정기','M','20대',130,8753.77,70.72,304860,1697
'201701','142',' 아현역 4번출구 앞','정기','M','20대',28,1760.81,15.41,66370,384
'201701','143',' 공덕역 2번출구','정기','M','20대',31,1838.03,14.7,63350,400
'201701','144',' 공덕역 8번출구','정기','M','20대',73,3568.16,28.72,123710,896
'201701','145',' 공덕역 5번출구','정기','M','20대',36,1408.68,12.2,52580,571
'201701','146',' 마포역 1번출구 뒤','정기','M','20대',48,4016.08,31.33,135110,872
'201701','147',' 마포역 4번출구 뒤','정기','M','20대',46,2589.87,23.63,101850,654
'201701','148',' 용강동 주민센터 앞','정기','M','20대',51,2525.49,21.76,93760,560
'201701','150',' 서강대역 2번출구 앞','정기','M','20대',49,2311.92,19.35,83230,530
'201701','151',' 망원1동주민센터','정기','M','20대',18,1519.63,11.62,50070,279
'201701','152',' 마포구민체육센터 앞','정기','M','20대',28,3649.02,28.88,124510,640
'201701','119',' 서강나루 공원','정기','M','20대',87,5980.62,49.58,213840,1376
'201701','153',' 성산2교 사거리','정기','M','20대',35,2541.41,21.9,94250,476
'201701','154',' 마포구청역 ','정기','M','20대',49,2545.77,18.43,79400,535
'201701','155',' 가좌역1 번출구 뒤','정기','M','20대',12,1162.05,9.73,41880,215
'201701','156',' 서울서부지방법원 앞','정기','M','20대',55,2916.39,22.09,95200,835
'201701','157',' 애오개역 4번출구 앞','정기','M','20대',63,5776.05,41.77,180180,925
'201701','158',' 독립문 어린이 공원','정기','M','20대',24,1631.06,12.78,55060,305
'201701','159',' 이대역 4번 출구','정기','M','20대',52,2986.99,24.55,105760,510
'201701','160',' 북아현동 가구거리','정기','M','20대',44,2603.47,24.07,103670,542
'201701','161',' 무악재역1번 출구','정기','M','20대',4,507.8,3.8,16350,90
'201701','162',' 봉원고가차도 밑','정기','M','20대',118,8162.93,60.87,262400,1170
'201701','120',' 신수동 사거리','정기','M','20대',43,1867.82,17.38,75060,402
'201701','163',' 명지전문대학교 정문 앞','정기','M','20대',27,2493.23,20.14,86760,555
'201701','164',' 북가좌1동 주민센터 ','정기','M','20대',47,3497.78,32.54,140130,635
'201701','165',' 중앙근린공원','정기','M','20대',12,748.41,6.02,25980,154
'201701','166',' 가재울 초등학교','정기','M','20대',25,1650.57,13.72,59100,294
'201701','167',' 연가초등학교 옆','정기','M','20대',15,1958.59,13,55970,310
'201701','168',' 남가좌동 사거리','정기','M','20대',8,686.66,6.42,27700,100
'201701','169',' 북가좌 삼거리','정기','M','20대',13,1593.5,12.21,52670,289
'201701','170',' 가재울 뉴타운 주유소 옆','정기','M','20대',18,1710.64,13.83,59520,480
'201701','171',' 임광빌딩 앞','정기','M','20대',47,3722.38,32.3,139360,692
'201701','172',' 서대문소방서','정기','M','20대',112,7427.51,61.24,263480,1206
'201701','121',' 마포소방서 앞','정기','M','20대',55,3154.79,26.13,112490,726
'201701','173',' 서대문역 8번출구 앞','정기','M','20대',40,2233.8,18.87,81410,473
'201701','175',' 홍연2교옆','정기','M','20대',56,5334.8,46.95,202330,899
'201701','179',' 가좌역 4번출구 앞','정기','M','20대',25,1270.23,10.32,44420,253
'201701','180',' 충정로역 7번출구 뒤','정기','M','20대',28,1865.95,14.91,64370,514
'201701','518',' 청계천 박물관 앞','정기','M','20대',5,410.96,3.16,13620,98
'201701','519',' 양지사거리','정기','M','20대',39,2350.39,18.32,79040,469
'201701','520',' 상왕십리역 4번 출구 앞','정기','M','20대',54,3012.9,24.9,107380,841
'201701','521',' 왕십리역 11번 출구 앞','정기','M','20대',49,5611.57,43.17,186120,997
'201701','522',' 금호역 1번출구 앞','정기','M','20대',4,146.69,1.28,5530,46
'201701','122',' 신성기사식당 앞','정기','M','20대',89,3806.2,30.22,130320,1146
'201701','524',' 래미안금호하이리버 아파트 102동 옆','정기','M','20대',1,35.52,0.32,1380,8
'201701','525',' 한양대병원사거리','정기','M','20대',61,3886.06,31.62,136330,852
'201701','526',' 용답토속공원 앞','정기','M','20대',29,2403.07,17.15,74000,451
'201701','529',' 장한평역 8번 출구 앞','정기','M','20대',60,5060.83,42.53,183210,1161
'201701','530',' 청계벽산아파트 앞','정기','M','20대',25,3167.81,24.78,106870,538
'201701','533',' 우리은행 금호동 지점 앞','정기','M','20대',2,505.5,3.95,17020,79
'201701','534',' 금호사거리','정기','M','20대',24,1079.33,8.48,36520,194
'201701','535',' 응봉삼거리','정기','M','20대',54,5095.5,39.69,171190,822
'201701','536',' 행당역 2번출구 앞','정기','M','20대',19,1173.77,9.46,40830,241
'201701','537',' 한양대후문역 부근','정기','M','20대',92,5432.57,43.14,186020,1036
'201701','123',' 문화촌 공원','정기','M','20대',15,3561.83,22.5,97040,478
'201701','538',' 답십리역 8번출구 앞','정기','M','20대',37,2218.21,16.82,72550,673
'201701','550',' 서울시설공단 앞','정기','M','20대',9,660.59,5.2,22490,143
'201701','539',' 군자교교차로','정기','M','20대',4,521.51,3.78,16260,60
'201701','540',' 군자역 7번출구 베스트샵 앞','정기','M','20대',84,3934.74,31.89,137480,1270
'201701','542',' 강변역 4번출구 뒤','정기','M','20대',11,610.75,4.44,19200,137
'201701','543',' 구의공원(테크노마트 앞)','정기','M','20대',12,919.71,6.42,27760,176
'201701','544',' 광남중학교','정기','M','20대',8,1287.19,7.74,33420,123
'201701','546',' 잠실대교북단 교차로','정기','M','20대',65,3624.09,30.66,132020,652
'201701','548',' 자양나들목','정기','M','20대',79,5891.85,41.74,180030,1080
'201701','549',' 아차산역 3번출구','정기','M','20대',44,2869.49,23.73,102270,559
'201701','124',' 서강대 정문 건너편','정기','M','20대',170,9559.97,80.4,346470,2088
'201701','600',' 휘경2동 주민센터','정기','M','20대',46,3971.63,40.29,173470,968
'201701','601',' 용신동주민센터','정기','M','20대',13,825.83,6.65,28700,215
'201701','602',' 장안동 사거리','정기','M','20대',126,6564.07,61.22,264290,2255
'201701','604',' 답십리초등학교 옆 공원','정기','M','20대',14,2058.02,17,73240,396
'201701','605',' 신설동역8번출구','정기','M','20대',2,50.37,0.42,1840,12
'201701','606',' 휘경공고앞','정기','M','20대',12,672.49,5.64,24260,127
'201701','607',' 신이문역 2번출구','정기','M','20대',6,1265.24,9.37,40350,170
'201701','608',' 전농삼성아파트','정기','M','20대',42,1707.17,15.14,65220,467
'201701','609',' 제기2교','정기','M','20대',49,2640.51,20.35,87770,828
'201701','125',' 서강대 남문 옆','정기','M','20대',149,5825.47,50.32,217010,1834
'201701','610',' 동대문중 교차로','정기','M','20대',15,735.86,6.5,27930,164
'201701','612',' 시립동부병원 앞 사거리','정기','M','20대',13,175.25,1.67,7190,50
'201701','613',' 신설동역 10번출구 앞','정기','M','20대',23,994.44,7.96,34270,281
'201701','614',' 용두동 사거리','정기','M','20대',55,4395.09,31.59,136220,854
'201701','615',' 용두동 레미안허브리츠아파트 앞','정기','M','20대',30,2307.17,20.36,87620,685
'201701','616',' 서울시립대 앞','정기','M','20대',25,1253.17,11.16,48080,387
'201701','617',' 청솔우성아파트 앞','정기','M','20대',29,1449.1,10.79,46560,248
'201701','227',' 양평2나들목 보행통로 입구','정기','M','20대',19,1497.58,12.47,53750,322
'201701','228',' 선유도역 3번출구 앞','정기','M','20대',17,2091.51,17.63,76030,384
'201701','229',' 양평1 보행육교 앞','정기','M','20대',11,711.88,6.48,27980,180
'201701','126',' 서강대 후문 옆','정기','M','20대',193,8027.56,70.44,303940,1960
'201701','231',' 남부고용노동지청 남측','정기','M','20대',19,697.54,5.36,23090,174
'201701','232',' 양평우림 이비즈센타 앞','정기','M','20대',93,3717.05,29.88,129080,730
'201701','233',' YP 센터 앞','정기','M','20대',3,115.95,0.91,3910,24
'201701','234',' 영등포구민체육센터 앞','정기','M','20대',16,1298.75,8.77,37830,260
'201701','235',' 신길동 우리은행 옆','정기','M','20대',11,319.45,2.36,10130,54
'201701','236',' 문래동자이아파트 앞','정기','M','20대',18,1031.03,8.7,37540,313
'201701','237',' 보라매 두산위브 건너편','정기','M','20대',21,1139.52,9.2,39650,342
'201701','238',' 제2구민체육센타 앞','정기','M','20대',55,2357.18,19.13,82360,474
'201701','239',' 유스호스텔 앞','정기','M','20대',41,1470,12.08,52090,344
'201701','240',' 문래역 4번출구 앞','정기','M','20대',30,1273.14,11.5,49680,383
'201701','127',' 현대벤처빌 앞','정기','M','20대',69,3283.55,25.72,110770,508
'201701','241',' 신길우성1차아파트 앞 공원','정기','M','20대',21,1300.61,9.99,43060,305
'201701','242',' 신길선원가와인아파트 앞','정기','M','20대',27,997.7,7.82,33850,199
'201701','243',' 이앤씨드림타워 앞','정기','M','20대',17,1486.82,9.12,39210,311
'201701','244',' 영등포삼환아파트 앞','정기','M','20대',41,1575.81,14.57,62870,312
'201701','245',' 삼성생명 당산사옥 앞','정기','M','20대',56,3467.19,30.5,131290,1378
'201701','247',' 당산역 10번출구 앞','정기','M','20대',67,3822.57,31.82,137130,820
'201701','248',' 초원아파트 앞','정기','M','20대',13,1170.33,9.89,42600,270
'201701','249',' 여의도중학교 옆','정기','M','20대',6,1608.74,14.5,62500,279
'201701','250',' 대림아파트 사거리','정기','M','20대',14,994.32,8.12,35050,208
'201701','251',' 서울지방병무청 버스정류장','정기','M','20대',25,1185.07,9.08,39100,222
'201701','101',' (구)합정동 주민센터','정기','M','20대',16,751.47,5.07,21900,119
'201701','128',' 신촌역(2호선) 1번출구 옆','정기','M','20대',129,7846.72,63.89,275470,1724
'201701','252',' 보라매역4번출구','정기','M','20대',41,2234.31,18.46,79560,494
'201701','253',' 신풍역 5번출구 인근','정기','M','20대',62,3430.64,27.25,117510,564
'201701','255',' 도림4거리','정기','M','20대',2,133.33,1.2,5180,53
'201701','256',' 동아에코빌입구','정기','M','20대',9,901.44,7.23,31170,183
'201701','257',' 신길삼거리(우리은행)','정기','M','20대',40,1708.24,13.05,56270,355
'201701','258',' 신길역3번출구','정기','M','20대',61,5556.84,37.39,161050,940
'201701','259',' 대방역6번출구','정기','M','20대',24,2909.2,23.64,101860,690
'201701','700',' KB국민은행 염창역 지점 앞','정기','M','20대',37,3877.82,31.41,135230,855
'201701','701',' 목동사거리 부근','정기','M','20대',13,1030.16,11.58,49990,259
'201701','129',' 신촌역(2호선) 6번출구 옆','정기','M','20대',69,4217.62,35.79,154260,845
'201701','702',' 목4동주민센터 옆','정기','M','20대',3,240.18,1.64,7090,38
'201701','703',' 오목교역 7번출구 앞','정기','M','20대',50,3857.16,28.39,122390,957
'201701','704',' 남부법원검찰청 교차로','정기','M','20대',43,3791.43,24.63,106090,652
'201701','706',' 신정네거리역','정기','M','20대',26,2146.52,14.99,64510,305
'201701','707',' 신정3동주민센터','정기','M','20대',11,650.97,4.89,21050,104
'201701','708',' 서울출입국관리사무소 앞','정기','M','20대',67,3072.82,26.18,112690,903
'201701','710',' 서부화물트럭터미널 사거리','정기','M','20대',18,1067.74,12.75,54990,316
'201701','711',' 신일해피트리아파트 앞','정기','M','20대',17,403.64,3.67,15680,57
'201701','712',' 강월초교입구 사거리','정기','M','20대',5,419.75,3.37,14550,152
'201701','130',' 신촌역(2호선) 7번출구 앞','정기','M','20대',97,5731,46.6,200850,1054
'201701','713',' 양서중학교 옆','정기','M','20대',2,220.26,1.78,7660,43
'201701','714',' 한국SGI 양천문화회관 앞','정기','M','20대',1,102.15,0.78,3350,19
'201701','800',' 목월공원 앞','정기','M','20대',40,2066.02,17.37,74810,493
'201701','802',' 한강진역 2번 출구 앞','정기','M','20대',24,3355.23,26.87,115800,849
'201701','803',' 한남초교 앞 보도육교','정기','M','20대',1,238.17,1.66,7160,53
'201701','805',' 문배어린이공원 앞','정기','M','20대',40,2294.29,17.34,74840,528
'201701','806',' 전자랜드 본관 앞','정기','M','20대',19,2045.34,16.14,69520,520
'201701','807',' 서울역 12번 출구 앞','정기','M','20대',21,934.31,7.54,32470,253
'201701','808',' 서빙고동 금호맨션 앞','정기','M','20대',4,910.7,6.77,29180,150
'201701','131',' 증산2교','정기','M','20대',27,2464.11,18.98,81790,504
'201701','809',' 한남 유수지 복개주차장','정기','M','20대',22,2191.31,16.06,69320,739
'201701','810',' 이태원지하보도','정기','M','20대',28,1804.08,13.44,58050,312
'201701','811',' 녹사평역1번출구','정기','M','20대',52,4007.8,36.04,155390,794
'201701','812',' 용산전쟁기념관','정기','M','20대',13,1465.75,12.97,55910,308
'201701','813',' 삼각지역 3번출구','정기','M','20대',17,642.6,5.31,22910,197
'201701','815',' LIG강촌아파트 103동앞','정기','M','20대',5,1222.61,10.39,44800,301
'201701','385',' 종각역 5번출구','정기','M','20대',122,7159.56,58.2,250970,1697
'201701','386',' 올림픽기념 국민생활관 앞','정기','M','20대',20,649.95,5.32,23100,92
'201701','387',' 훈련원공원주차장 앞','정기','M','20대',27,1720.47,13.8,59490,272
'201701','181',' 망원초록길 입구','정기','M','20대',5,858.79,6.36,27420,154
'201701','132',' 창천문화공원','정기','M','20대',63,4897.47,40.63,174990,966
'201701','182',' 망원2빗물펌프장 앞','정기','M','20대',22,2474,21.77,93820,617
'201701','183',' 하늘채코오롱아파트 건너편','정기','M','20대',74,3465.27,30.91,133060,663
'201701','184',' SK망원동주유소 건너편','정기','M','20대',64,3297.76,28.17,121500,752
'201701','185',' 마포 신수공원 앞','정기','M','20대',31,3134.3,22.2,95640,569
'201701','186',' 월드컵공원','정기','M','20대',5,822.25,5.56,23990,217
'201701','177',' 북가좌 초등학교','정기','M','20대',27,1207.45,10.06,43340,311
'201701','188',' 홍은동 정원여중 입구','정기','M','20대',3,253.86,2.32,9970,39
'201701','191',' 정명학원','정기','M','20대',9,622.91,4.8,20700,120
'201701','192',' 연서어린이공원','정기','M','20대',28,1686.98,13.9,59990,346
'201701','178',' 증산3교 앞','정기','M','20대',1,144.85,0.95,4110,25
'201701','133',' 해담는다리','정기','M','20대',16,1370.37,11.56,49780,324
'201701','194',' 증산교 앞','정기','M','20대',23,1907.75,16.17,69700,444
'201701','195',' 모래내고가차도 ','정기','M','20대',42,2378.43,18.3,78920,385
'201701','196',' 연희교차로 인근','정기','M','20대',16,766.41,6.51,28050,173
'201701','198',' 충정2교','정기','M','20대',8,737.65,5.62,24230,201
'201701','556',' 달맞이공원','정기','M','20대',3,813.27,6.25,26910,141
'201701','557',' 도선동 주민센터 앞','정기','M','20대',4,178.26,1.47,6320,37
'201701','558',' 성동광진 교육지원청 앞','정기','M','20대',19,1223.38,9.46,40790,283
'201701','134',' 연세로 명물길','정기','M','20대',34,1684.6,13.63,58830,388
'201701','559',' 왕십리역 4번 출구 건너편','정기','M','20대',48,3609.53,29.08,125280,886
'201701','560',' 비전교회 앞','정기','M','20대',43,2768.2,21.05,90580,509
'201701','561',' 서울숲역 2번출구 앞','정기','M','20대',54,2151.55,18.15,78270,646
'201701','562',' 군자지하보도 앞','정기','M','20대',23,1560.9,12.27,52980,333
'201701','563',' 성동세무서 건너편','정기','M','20대',20,1213.97,10.83,46650,168
'201701','564',' 금호역 3번출구','정기','M','20대',2,356.67,2.53,10880,58
'201701','565',' 옥수역 3번출구','정기','M','20대',20,4966.05,39.14,168620,701
'201701','567',' 성수역 2번출구 앞','정기','M','20대',103,5845.39,46.1,198770,1273
'201701','568',' 청계8가사거리 부근','정기','M','20대',64,4676.17,39.71,171320,911
'201701','135',' 명물길 원형무대 앞','정기','M','20대',31,2082.85,18.22,78580,416
'201701','569',' 응봉현대아파트 정류소','정기','M','20대',3,767.38,6.18,26600,45
'201701','578',' 성동세무서 부근','정기','M','20대',10,1029.19,8.15,35010,120
'201701','579',' 마장역 4번출구','정기','M','20대',61,3371.02,27.01,116480,652
'201701','580',' 신금호역 3번출구 뒤','정기','M','20대',36,1007.99,7.65,32940,129
'201701','581',' 용답초등학교','정기','M','20대',38,1444.05,12.69,54740,422
'201701','582',' 경일중학교 앞','정기','M','20대',41,2113.3,17.33,74640,548
'201701','583',' 청계천 생태교실 앞','정기','M','20대',18,3084.59,22,94820,457
'201701','551',' 구의삼성쉐르빌 앞','정기','M','20대',75,4549.28,33.39,143820,825
'201701','552',' 대림아크로리버 앞','정기','M','20대',10,478.2,4.13,17770,99
'201701','553',' 중곡 성원APT 앞','정기','M','20대',14,1093.73,9.25,39900,262
'201701','136',' 대흥동 주민센터','정기','M','20대',33,1433.55,11.69,50340,300
'201701','554',' 아차산역 사거리','정기','M','20대',6,975.32,7.58,32670,133
'201701','555',' 구의3동주민센터','정기','M','20대',3,273.4,2.55,10990,94
'201701','571',' 어린이대공원역6번출구','정기','M','20대',80,4095.29,34.16,147220,858
'201701','572',' 국립정신 건강센터 앞','정기','M','20대',18,2521,16.08,69330,381
'201701','573',' 구의문주차장 앞','정기','M','20대',101,5444.3,43.91,189490,1151
'201701','574',' 아차산역4번출구','정기','M','20대',27,2754.97,21.09,90880,515
'201701','575',' 중앙농협 중곡지점','정기','M','20대',5,714.61,4.19,18110,160
'201701','576',' 광나루역 3번 출구','정기','M','20대',25,1481.49,12.53,53780,371
'201701','577',' 광진청소년수련관','정기','M','20대',22,1140.97,9.54,41030,245
'201701','621',' 동대문중학교 옆','정기','M','20대',7,424.76,3.26,14030,84
'201701','137',' NH농협 신촌지점 앞','정기','M','20대',36,3235.26,25.1,108090,667
'201701','622',' 전농사거리 교통섬','정기','M','20대',29,1531.66,12.1,52190,402
'201701','623',' 서울시립대 정문 앞','정기','M','20대',230,8530.57,66.66,287100,2036
'201701','624',' 전농동 동아아파트 앞','정기','M','20대',59,3062.33,26.19,112930,535
'201701','625',' 답십리초등학교 앞(현대시장 옆)','정기','M','20대',25,1960.77,14.7,63260,404
'201701','626',' 군자교 서측 녹지대','정기','M','20대',6,1055.61,7.2,31040,165
'201701','627',' 장안동삼거리 교통섬','정기','M','20대',56,1408.69,12,51990,240
'201701','628',' 휘봉고등학교 앞','정기','M','20대',20,1290.16,10.21,43910,283
'201701','630',' 동대문구 보건소','정기','M','20대',42,2925.78,30.66,132140,746
'201701','631',' 답십리역 1번출구','정기','M','20대',55,3740.11,29.36,126560,730
'201701','102',' 망원역 1번출구 앞','정기','M','20대',90,4568.18,34.35,148090,1173
'201701','138',' 신촌동 제1공영주차장 앞','정기','M','20대',153,6575.13,54.86,236380,1406
'201701','633',' 청량리 기업은행 앞','정기','M','20대',54,5412.09,49.86,214770,1036
'201701','634',' 외국어대 정문 앞','정기','M','20대',61,5065.67,39.46,170020,1046
'201701','635',' 시조사 앞 (청량고정문 옆)','정기','M','20대',63,3626.29,29.19,125730,704
'201701','636',' 세종대왕기념관 교차로','정기','M','20대',22,2101.75,17.97,77330,365
'201701','637',' KAIST 경영대학 앞','정기','M','20대',34,1456.82,11.37,49140,295
'201701','638',' 서울시립대 정보기술관','정기','M','20대',36,1611.53,11.79,50750,419
'201701','639',' 서울시립대 후문','정기','M','20대',224,10327.49,81.82,352400,2386
'201701','640',' KEB하나은행 청량리역지점','정기','M','20대',23,1672.51,16.12,69510,538
'201701','641',' 용두역 4번출구','정기','M','20대',19,1261.83,10.91,47050,260
'201701','642',' 신답역 사거리','정기','M','20대',31,1610.03,11.8,50920,439
'201701','140',' 이화여대 후문','정기','M','20대',29,2335.52,18.2,78380,485
'201701','643',' 동대문구민체육센터 (육교아래)','정기','M','20대',10,1895.27,12.54,54080,196
'201701','230',' 영등포구청역 1번출구','정기','M','20대',113,3886.74,32.47,140000,1259
'201701','260',' 여의도 마리나선착장 앞','정기','M','20대',2,294.05,2.23,9600,50
'201701','262',' 영문초등학교 사거리','정기','M','20대',76,2310.77,19.32,83400,646
'201701','263',' 근로자회관 사거리','정기','M','20대',49,1867.52,16.84,72680,536
'201701','264',' 교보생명보험 앞','정기','M','20대',8,411.04,2.86,12390,77
'201701','265',' 영등포유통상가 사거리','정기','M','20대',60,4168.82,28.54,123050,733
'201701','141',' 연대 대운동장 옆','정기','M','20대',75,4901.71,39.64,170820,915
'201701','266',' 영등포청과시장 사거리','정기','M','20대',93,4509.81,38.31,164950,1148
'201701','267',' 삼성화재 사옥 옆','정기','M','20대',8,725.87,5.62,24220,172
'201701','268',' 그랜드컨벤션센터 앞','정기','M','20대',7,571.26,4.73,20380,124
'201701','270',' 증권거래소후문교차로','정기','M','20대',2,406.43,2.75,11860,51
'201701','271',' 샛강생태공원방문자센터 앞','정기','M','20대',12,297.08,2.74,11860,82
'201701','272',' 당산육갑문','정기','M','20대',14,1652.64,13.64,58870,323
'201701','716','신정6동 주민센터 인근','정기','M','20대',37,2290.04,19.36,83490,548
'201701','139',' 연세대 정문 건너편','정기','M','20대',43,2104.3,18.1,77980,473
'201701','719',' 홍익병원앞 교차로','정기','M','20대',4,753.04,5.38,23160,108
'201701','720',' 서울강월초등학교 앞','정기','M','20대',4,272.78,2.43,10470,35
'201701','816',' 신용산역 6번출구 앞','정기','M','20대',38,3399.79,25.43,109670,627
'201701','817',' 삼각지역 4번출구 앞','정기','M','20대',14,668.83,5.93,25540,176
'201701','818',' 숙명여대 입구 교차로','정기','M','20대',48,4995.96,36.1,155580,777
'201701','819',' 선린인터넷 고등학교','정기','M','20대',38,2350.31,19.58,84580,585
'201701','820',' 청파동입구 교차로','정기','M','20대',6,608.01,5.31,22870,158
'201701','822',' 이촌1동 마을공원','정기','M','20대',17,2665.12,21.53,92860,557
'201701','823',' 효창동주민센터 앞','정기','M','20대',19,1566.67,13.38,57710,384
'201701','825',' 서빙고동 주민센터 앞','정기','M','20대',23,6541.97,49.45,213160,1053
'201701','199',' 서울 월드컵 경기장','정기','M','20대',17,909.24,6.85,29540,173
'201701','388',' 동성중학교 앞','정기','M','20대',27,2199.39,16.47,71080,472
'201701','584',' 광진광장 교통섬','정기','M','20대',25,1199.93,10.92,46940,280
'201701','585',' 성수2가1동 공영주차장 인근','정기','M','20대',10,1427.66,6.55,28240,472
'201701','586',' 마장동 주민센터','정기','M','20대',22,732.09,6.12,26390,191
'201701','900',' 은평예술회관','정기','M','20대',22,1569.74,11.91,51370,361
'201701','901',' 응암1동사무소','정기','M','20대',29,1551.79,10.67,45920,268
'201701','200',' 국회의원회관','정기','M','20대',11,500.48,4.16,18010,118
'201701','902',' 진관동 은빛초등학교','정기','M','20대',1,24.71,0.22,960,5
'201701','903',' 은평뉴타운 아이파크','정기','M','20대',6,242.47,2.18,9420,43
'201701','904',' 은평뉴타운 푸르지오','정기','M','20대',11,548.69,4.79,20640,88
'201701','905',' 구파발역 2번출구','정기','M','20대',40,2312.2,19.34,83460,430
'201701','906',' 연신내역 5번출구150M 아래','정기','M','20대',65,4403.26,32.21,138720,901
'201701','907',' CJ 드림시티','정기','M','20대',27,2725.69,20.76,89560,648
'201701','908',' 구산역 4번출구','정기','M','20대',10,685.87,5.29,22690,197
'201701','911',' 은평평화공원(역촌역4번출구)','정기','M','20대',15,1062.49,8.22,35460,228
'201701','201',' 진미파라곤 앞','정기','M','20대',18,1800.15,14.52,62660,352
'201701','912',' 응암오거리','정기','M','20대',59,3393.04,27.31,117910,650
'201701','913',' 이마트 은평점','정기','M','20대',51,3774.31,26.67,114850,544
'201701','914',' 새절역 2번출구','정기','M','20대',28,1616.19,15.13,65230,511
'201701','915',' 증산역 4번출구','정기','M','20대',24,2713.74,22.18,95660,622
'201701','916',' 평생학습관 앞','정기','M','20대',30,1569.76,12.74,54820,304
'201701','917',' 녹번역 4번출구','정기','M','20대',25,2289.23,14.78,63690,382
'201701','919',' 서울혁신파크','정기','M','20대',5,272.71,1.71,7380,47
'201701','921',' 신도고등학교','정기','M','20대',2,173.65,1.52,6540,28
'201701','202',' 국민일보 앞','정기','M','20대',15,983.37,8.01,34470,269
'201701','922',' 연신내역 4번출구','정기','M','20대',17,977.13,8.06,34710,249
'201701','923',' 국민은행 연서지점','정기','M','20대',26,2508.03,18.34,79110,394
'201701','924',' 메뚜기다리','정기','M','20대',13,724.06,6.47,27840,94
'201701','925',' 불광역 2번출구','정기','M','20대',15,2148.09,15.23,65690,361
'201701','926',' 불광역 8번출구','정기','M','20대',49,2345.46,19.81,85360,530
'201701','927',' 연신내역 3번출구 인근','정기','M','20대',17,999.76,7.46,32190,220
'201701','928',' 은평역사한옥박물관','정기','M','20대',1,103.12,0.72,3100,21
'201701','931',' 역촌파출소','정기','M','20대',28,1735.2,13.8,59450,409
'201701','932',' 예일여중','정기','M','20대',13,1622.29,11.61,50080,265
'201701','933',' LG서비스 역촌점','정기','M','20대',69,7562.45,52.92,228190,1226
'201701','587',' KEB하나은행 성수중앙지점','정기','M','20대',5,355,3.04,13070,91
'201701','588',' 뚝섬 유원지역','정기','M','20대',10,575,4.56,19670,160
'201701','103',' 망원역 2번출구 앞','정기','M','20대',47,3347.33,29.05,125280,738
'201701','204',' 국회의사당역 5번출구 옆','정기','M','20대',21,1313.38,10.61,45750,262
'201701','203',' 국회의사당역 3번출구 옆','정기','M','20대',64,4518.8,33.46,144110,969
'201701','205',' 산업은행 앞','정기','M','20대',12,855.48,7.03,30270,211
'201701','206',' KBS 앞','정기','M','20대',29,1927.59,15.32,66040,430
'201701','209',' 유진투자증권빌딩 앞','정기','M','20대',44,2125.12,16.41,71070,419
'201701','210',' IFC몰','정기','M','20대',46,3250.57,24.97,107680,672
'201701','211',' 여의도역 4번출구 옆','정기','M','20대',71,3574.27,28.16,121500,771
'201701','212',' 여의도역 1번출구 옆','정기','M','20대',59,2083.87,17.15,73970,519
'201701','213',' KT앞','정기','M','20대',37,1347.4,12.09,52020,235
'201701','104',' 합정역 1번출구 앞','정기','M','20대',53,3006.97,25.1,108210,742
'201701','214',' 금융감독원 앞','정기','M','20대',12,266.72,2.15,9310,99
'201701','218',' 증권거래소 앞','정기','M','20대',4,154.78,1.34,5800,38
'201701','219',' 롯데캐슬엠파이어 옆','정기','M','20대',7,223.2,1.83,7940,44
'201701','220',' 미성아파트 A동 앞','정기','M','20대',21,712.58,5.9,25400,146
'201701','215',' 여의도고교 앞','정기','M','20대',3,580.58,5.15,22170,120
'201701','216',' 삼부아파트1동 앞','정기','M','20대',57,1629.83,11.62,50030,604
'201701','217',' NH농협은행 앞','정기','M','20대',36,1242.46,10.72,46110,819
'201701','221',' 여의도초교 앞','정기','M','20대',52,2109.5,16.18,69560,452
'201701','222',' 시범아파트버스정류장 옆','정기','M','20대',59,4428.09,32.87,141700,761
'201701','223',' 진주아파트상가 앞','정기','M','20대',12,629.35,4.53,19460,111
'201701','105',' 합정역 5번출구 앞','정기','M','20대',44,3049.12,24.15,104090,743
'201701','224',' 롯데캐슬 앞','정기','M','20대',116,2997.11,24.18,104480,751
'201701','225',' 앙카라공원 앞','정기','M','20대',10,388.46,3.01,12950,98
'201701','226',' 샛강역 1번출구 앞','정기','M','20대',32,1535.69,13.13,56610,383
'201701','207',' 여의나루역 1번출구 앞','정기','M','20대',68,4721.88,37.79,162780,1085
'201701','401',' 상암월드컵파크 10단지 앞','정기','M','20대',3,413.73,2.71,11700,59
'201701','402',' 상암월드컵파크 9단지 앞','정기','M','20대',28,1218.07,11.01,47450,266
'201701','403',' 부엉이공원 앞','정기','M','20대',15,1101.63,8.99,38840,250
'201701','106',' 합정역 7번출구 앞','정기','M','20대',77,4303.94,35.74,154280,1093
'201701','405',' DMC빌 앞','정기','M','20대',17,1439.49,9.93,42820,328
'201701','406',' 상암월드컵파크 7단지 앞','정기','M','20대',1,127.88,1.12,4820,39
'201701','421',' 마포구청 앞','정기','M','20대',63,4879.96,36.21,156150,992
'201701','407',' 마포구 육아종합지원센터','정기','M','20대',19,564.31,5.08,21850,136
'201701','408',' LG CNS앞','정기','M','20대',12,545.6,4.66,20090,133
'201701','420',' 서울시 공공자전거 상암센터','정기','M','20대',5,761.3,4.58,19730,96
'201701','409',' 누리꿈스퀘어 옆','정기','M','20대',42,3586.83,30.81,132750,503
'201701','419',' 홈플러스 앞','정기','M','20대',51,2382.86,20.04,86290,548
'201701','410',' 상암중학교 옆','정기','M','20대',21,487.43,4.14,17790,137
'201701','418',' 월드컵경기장역 3번출구 옆','정기','M','20대',25,1866.79,15.95,68700,439
'201701','107',' 신한은행 서교동금융센터점 앞','정기','M','20대',51,2955.16,24.82,107030,597
'201701','411',' DMC홍보관','정기','M','20대',33,1509.14,12.73,54840,368
'201701','412',' DMC산학협력연구센터 앞','정기','M','20대',113,6095.96,46.19,199140,1413
'201701','413',' 상암월드컵파크 3단지 후문','정기','M','20대',2,238.35,2.15,9260,53
'201701','417',' DMC역 2번출구 옆','정기','M','20대',37,1678.66,13.9,59930,339
'201701','414',' 상암동주민센터 옆','정기','M','20대',26,1181.21,9.46,40820,302
'201701','415',' DMC역 9번출구 앞','정기','M','20대',57,3593.95,24.98,107690,542
'201701','416',' 상암월드컵파크 1단지 교차로','정기','M','20대',43,4632.72,29.28,126320,632
'201701','500',' 어린이대공원역 3번출구 앞','정기','M','20대',116,8354.37,67.48,291180,2067
'201701','501',' 광진구의회 앞','정기','M','20대',71,3848.88,30.74,132490,986
'201701','502',' 뚝섬유원지역 1번출구 앞','정기','M','20대',71,5022.13,34.36,148190,1294
'201701','108',' 서교동 사거리','정기','M','30대',60,3912.35,30.78,132590,809
'201701','503',' 더샵스타시티 C동 앞','정기','M','30대',10,713.35,6.01,25950,174
'201701','504',' 신자초교입구교차로','정기','M','30대',22,897.62,7.24,31340,131
'201701','505',' 자양사거리 광진아크로텔 앞','정기','M','30대',71,3803.08,30.13,129770,820
'201701','506',' 금호 어울림 아파트 앞','정기','M','30대',3,156.47,1.38,5920,74
'201701','507',' 성수아이에스비즈타워 앞','정기','M','30대',63,5645.2,42.35,182570,1201
'201701','508',' 성수아카데미타워 앞','정기','M','30대',41,1166.97,9.53,41030,242
'201701','509',' 이마트 버스정류소 옆','정기','M','30대',121,5724.31,42.23,181740,1083
'201701','510',' 서울숲 남문 버스정류소 옆','정기','M','30대',1,110.78,0.87,3730,46
'201701','511',' 서울숲역 4번 출구 옆','정기','M','30대',24,2442.64,16.21,69810,613
'201701','512',' 뚝섬역 1번 출구 옆','정기','M','30대',41,3215.16,26.89,115790,640
'201701','109',' 제일빌딩 앞','정기','M','30대',31,2026.32,17.82,76750,370
'201701','400',' 상암한화오벨리스크 1차 앞','정기','M','30대',3,443.99,3.39,14610,77
'201701','513',' 뚝섬역 5번 출구 정류소 옆','정기','M','30대',11,643.23,4.98,21500,194
'201701','514',' 성수사거리 버스정류장 앞','정기','M','30대',59,3657.66,28.79,124190,1076
'201701','515',' 광양중학교 앞','정기','M','30대',2,184.25,1.6,6860,43
'201701','516',' 광진메디칼 앞','정기','M','30대',53,2534.79,20.82,89640,517
'201701','300',' 정동사거리','정기','M','30대',107,3997.61,33.02,142480,712
'201701','301',' 경복궁역 7번출구 앞','정기','M','30대',67,3012.33,24.39,105270,514
'201701','302',' 경복궁역 4번출구 뒤','정기','M','30대',102,3040.81,24.97,107500,850
'201701','303',' 광화문역 1번출구 앞','정기','M','30대',50,3239.07,28.19,121500,623
'201701','115',' 사루비아 빌딩 앞','정기','M','30대',66,4204.53,35.79,154260,1068
'201701','304',' 광화문역 2번출구 앞','정기','M','30대',47,2113.07,16.03,69200,580
'201701','305',' 종로구청 옆','정기','M','30대',80,3722.44,29.47,127060,932
'201701','306',' 광화문역 7번출구 앞','정기','M','30대',59,2792.42,23.22,100000,635
'201701','307',' 서울역사박물관 앞','정기','M','30대',68,3683.37,30.11,129780,749
'201701','308',' 광화문 S타워 앞','정기','M','30대',56,2361.03,18.66,80280,502
'201701','309',' 광화문역 6번출구 옆','정기','M','30대',40,1972.33,15.5,66970,420
'201701','310',' 청계광장 옆','정기','M','30대',49,2111.13,16.23,70070,428
'201701','311',' 서울광장 옆','정기','M','30대',117,4733.53,35.61,153310,1052
'201701','312',' 시청역 1번출구 뒤','정기','M','30대',74,4136.01,33.58,144630,1027
'201701','313',' 서울역 광장 파출소 옆','정기','M','30대',50,3334.43,27.15,117020,638
'201701','110',' 사천교','정기','M','30대',19,704.39,5.91,25530,139
'201701','314',' 국립현대미술관','정기','M','30대',95,3729.89,30.37,131010,743
'201701','315',' 신한은행 안국역지점 옆','정기','M','30대',40,1740.08,13.84,59650,487
'201701','316',' 종각역 1번출구 앞','정기','M','30대',61,2811,22.75,97990,615
'201701','318',' 광교사거리 남측','정기','M','30대',60,3173.48,25.2,108620,663
'201701','320',' 을지로입구역 4번출구 앞','정기','M','30대',90,6698.38,52.76,227510,2198
'201701','321',' KEB 하나은행 본점 앞','정기','M','30대',49,4614.79,41.47,178620,935
'201701','322',' 명동성당 앞','정기','M','30대',20,3174.03,23.78,102510,247
'201701','116',' 일진아이윌아파트 옆','정기','M','30대',60,3937.78,33.89,146030,1004
'201701','324',' 신세계백화점 본점 앞','정기','M','30대',86,5582.77,43.67,188210,1574
'201701','326',' 안국역 5번출구 앞','정기','M','30대',138,5684.03,43.21,186420,1178
'201701','327',' 낙원상가 옆','정기','M','30대',55,2244.5,20.27,87160,519
'201701','328',' 탑골공원 앞','정기','M','30대',112,5325.84,41.81,179950,1309
'201701','329',' 청계2가 사거리 옆','정기','M','30대',74,4872.5,41.14,177400,978
'201701','330',' 청계천 한빛광장','정기','M','30대',90,9600.53,72.45,312080,1591
'201701','331',' 을지로2가 사거리 북측','정기','M','30대',23,2232.24,18.05,77880,392
'201701','332',' 을지로2가 사거리 남측','정기','M','30대',28,1882.12,13.44,57960,358
'201701','111',' 상수역 2번출구 앞','정기','M','30대',57,2483.12,21.09,90870,516
'201701','334',' 종로3가역 2번출구 뒤','정기','M','30대',123,6114.21,49.74,214340,1215
'201701','335',' 종로3가역 15번출구 앞','정기','M','30대',34,2322.22,17.82,76850,1194
'201701','336',' 티마크 호텔 앞','정기','M','30대',150,11463.48,87.59,377630,2309
'201701','337',' 창경궁 입구','정기','M','30대',19,1162.04,9.16,39540,315
'201701','338',' 세운스퀘어 앞','정기','M','30대',78,5590.04,40.63,174990,1218
'201701','339',' 종로4가 사거리','정기','M','30대',162,8392.48,66.18,284930,2371
'201701','340',' 혜화동 로터리','정기','M','30대',59,2739.63,20.78,89710,589
'201701','341',' 혜화역 3번출구 뒤','정기','M','30대',75,3168.13,24.55,105470,659
'201701','342',' 대학로 마로니에공원','정기','M','30대',97,4153.44,34.53,149160,751
'201701','343',' 예일빌딩(율곡로) 앞','정기','M','30대',38,2536.44,19.77,85040,662
'201701','112',' 극동방송국 앞','정기','M','30대',31,1459.94,12.9,55560,462
'201701','344',' 성균관대 E하우스 앞','정기','M','30대',43,1605.08,13.39,57760,386
'201701','345',' 서울보증보험본사 앞','정기','M','30대',96,4636.28,36.23,156200,1757
'201701','346',' 맥스타일 앞','정기','M','30대',101,8841.56,68.94,297360,1585
'201701','347',' 동대문역사문화공원역 9번출구 앞','정기','M','30대',77,4270.37,32.4,139890,736
'201701','349',' 사직동주민센터','정기','M','30대',74,3325.86,28.64,123390,692
'201701','350','KEB 하나은행(내자동 지점) 앞','정기','M','30대',36,1280.55,10.75,46400,253
'201701','351',' 청운초교 앞 삼거리','정기','M','30대',34,1905.86,17.01,73370,458
'201701','352',' 중앙고입구 삼거리','정기','M','30대',28,2329.59,19.26,83040,397
'201701','353',' 재동초교 앞 삼거리','정기','M','30대',34,1547.44,12.72,54730,454
'201701','117',' 홍은사거리','정기','M','30대',9,1467.43,10.42,44970,224
'201701','354',' 포르투갈 대사관 앞','정기','M','30대',97,5034.88,43.09,185790,1006
'201701','355',' 서울사대부속초교 앞','정기','M','30대',60,2527.28,20.97,90290,653
'201701','356',' KT혜화지사 앞','정기','M','30대',46,2101.2,15.85,68300,442
'201701','358',' 성대입구 사거리','정기','M','30대',115,5355.38,42.36,182390,1105
'201701','359',' 원남동사거리','정기','M','30대',32,1198.1,9.22,39680,306
'201701','361',' 동묘앞역 1번출구 뒤','정기','M','30대',30,1747.05,13.73,59180,517
'201701','362',' 청계8가 사거리','정기','M','30대',44,2551.17,20.46,88020,693
'201701','363',' 신설동역 11번출구 뒤','정기','M','30대',32,3221.77,23.41,100850,926
'201701','364',' 창신역 1번출구 앞','정기','M','30대',39,2564.45,18.72,80740,418
'201701','113',' 홍대입구역 2번출구 앞','정기','M','30대',215,12745.52,101.05,435880,3060
'201701','367',' 독립문역 3-1번출구 ','정기','M','30대',10,701.96,5.01,21540,167
'201701','368',' SK 서린빌딩 앞','정기','M','30대',50,5394.35,42.36,182630,991
'201701','369',' 광화문 시민열린마당','정기','M','30대',94,3611.98,27.88,120060,584
'201701','348',' 독립문역 사거리','정기','M','30대',4,311.54,2.36,10140,52
'201701','370',' 시청역(2호선) 9번출구 뒤','정기','M','30대',40,2263.27,17.55,75700,708
'201701','371',' 동대입구역 6번출구 뒤','정기','M','30대',24,1154.72,7.87,34030,271
'201701','372',' 약수역 3번출구 뒤','정기','M','30대',17,978.92,6.94,30000,183
'201701','373',' 청구 어린이공원','정기','M','30대',8,654.06,4.17,17960,95
'201701','374',' 청구역 2번출구 앞','정기','M','30대',4,250.47,1.63,7050,61
'201701','118',' 광흥창역 2번출구 앞','정기','M','30대',60,2662.41,21.95,94520,632
'201701','375',' 다산 어린이공원','정기','M','30대',55,4294.33,36.37,156810,962
'201701','377',' 서울역 4번출구 앞','정기','M','30대',13,541.79,3.88,16780,151
'201701','378',' 청계7가 사거리','정기','M','30대',64,3263.61,24.8,106960,746
'201701','379',' 서울역9번출구','정기','M','30대',29,2650.4,20.35,87720,465
'201701','380',' CJ제일제당 앞','정기','M','30대',68,4210.68,35.03,150930,1014
'201701','381',' 장충체육관','정기','M','30대',3,347.53,3.21,13860,61
'201701','382',' 약수역 10번출구 앞','정기','M','30대',35,3458.08,29.72,128010,551
'201701','383',' 신당역 12번 출구 뒤','정기','M','30대',110,14886.49,101.93,439460,1557
'201701','384',' 종로학원본원 ','정기','M','30대',9,563.99,4.14,17730,155
'201701','114',' 홍대입구역 8번출구 앞','정기','M','30대',124,8557.26,69.64,300240,1972
'201701','142',' 아현역 4번출구 앞','정기','M','30대',16,987.73,6.28,27100,302
'201701','143',' 공덕역 2번출구','정기','M','30대',73,4110.64,33.93,146270,1119
'201701','144',' 공덕역 8번출구','정기','M','30대',89,8891.27,65.95,284080,1671
'201701','145',' 공덕역 5번출구','정기','M','30대',27,1348.24,10.33,44590,352
'201701','146',' 마포역 1번출구 뒤','정기','M','30대',57,9017.91,71.01,306120,1411
'201701','147',' 마포역 4번출구 뒤','정기','M','30대',24,2011.82,14.41,62130,405
'201701','148',' 용강동 주민센터 앞','정기','M','30대',26,2151.39,16.84,72540,441
'201701','150',' 서강대역 2번출구 앞','정기','M','30대',24,1026.41,8.98,38830,428
'201701','151',' 망원1동주민센터','정기','M','30대',13,843.31,7.11,30590,198
'201701','152',' 마포구민체육센터 앞','정기','M','30대',37,3400.44,28.01,120730,602
'201701','119',' 서강나루 공원','정기','M','30대',52,3650.91,28.47,122700,760
'201701','153',' 성산2교 사거리','정기','M','30대',75,4496.53,37.04,159700,1247
'201701','154',' 마포구청역 ','정기','M','30대',52,3640.31,28.97,124830,677
'201701','155',' 가좌역1 번출구 뒤','정기','M','30대',20,1634.58,14.16,61140,285
'201701','156',' 서울서부지방법원 앞','정기','M','30대',22,934.16,7.5,32340,205
'201701','157',' 애오개역 4번출구 앞','정기','M','30대',87,5133.42,38.27,165030,1047
'201701','158',' 독립문 어린이 공원','정기','M','30대',6,297.94,2.17,9350,71
'201701','159',' 이대역 4번 출구','정기','M','30대',29,1955,15.53,67150,281
'201701','160',' 북아현동 가구거리','정기','M','30대',39,1245.89,9.46,40910,219
'201701','161',' 무악재역1번 출구','정기','M','30대',8,1174.62,7.83,33700,184
'201701','162',' 봉원고가차도 밑','정기','M','30대',56,3946.74,34.51,148770,680
'201701','120',' 신수동 사거리','정기','M','30대',9,566.79,4.15,17860,137
'201701','163',' 명지전문대학교 정문 앞','정기','M','30대',6,448.61,3.09,13290,52
'201701','164',' 북가좌1동 주민센터 ','정기','M','30대',34,2136.04,16.87,72960,315
'201701','165',' 중앙근린공원','정기','M','30대',48,2850,21.39,92210,422
'201701','166',' 가재울 초등학교','정기','M','30대',43,3704.72,30.81,132690,747
'201701','167',' 연가초등학교 옆','정기','M','30대',27,2857.8,21.75,93730,508
'201701','168',' 남가좌동 사거리','정기','M','30대',9,270.78,2.05,8810,48
'201701','169',' 북가좌 삼거리','정기','M','30대',25,1738.62,14.86,64110,339
'201701','170',' 가재울 뉴타운 주유소 옆','정기','M','30대',19,1171.65,9.43,40590,269
'201701','171',' 임광빌딩 앞','정기','M','30대',44,1816.97,13.58,58430,331
'201701','172',' 서대문소방서','정기','M','30대',36,1922.7,15.73,67870,348
'201701','121',' 마포소방서 앞','정기','M','30대',81,3547.84,28.75,124370,731
'201701','173',' 서대문역 8번출구 앞','정기','M','30대',43,1462.92,11.85,51000,268
'201701','175',' 홍연2교옆','정기','M','30대',40,3343.87,25.93,111820,552
'201701','179',' 가좌역 4번출구 앞','정기','M','30대',54,2769.67,20.74,89400,479
'201701','180',' 충정로역 7번출구 뒤','정기','M','30대',56,2605.87,18.92,81570,527
'201701','518',' 청계천 박물관 앞','정기','M','30대',12,857.7,6.88,29680,149
'201701','519',' 양지사거리','정기','M','30대',11,708.12,5.67,24410,128
'201701','520',' 상왕십리역 4번 출구 앞','정기','M','30대',25,1364.44,9.96,42900,230
'201701','521',' 왕십리역 11번 출구 앞','정기','M','30대',36,4088.61,29.39,126770,738
'201701','522',' 금호역 1번출구 앞','정기','M','30대',34,2684.41,24.23,104550,546
'201701','523',' 옥수동성당 옆','정기','M','30대',1,131.29,0.81,3490,19
'201701','122',' 신성기사식당 앞','정기','M','30대',17,643.74,5.09,22000,138
'201701','524',' 래미안금호하이리버 아파트 102동 옆','정기','M','30대',3,206.8,1.7,7330,58
'201701','525',' 한양대병원사거리','정기','M','30대',14,1937.43,14.12,60850,330
'201701','526',' 용답토속공원 앞','정기','M','30대',76,4850.49,34.83,150140,727
'201701','529',' 장한평역 8번 출구 앞','정기','M','30대',74,4567.78,33.04,142080,718
'201701','530',' 청계벽산아파트 앞','정기','M','30대',23,1640.37,11.95,51620,322
'201701','533',' 우리은행 금호동 지점 앞','정기','M','30대',1,88.75,0.71,3070,18
'201701','534',' 금호사거리','정기','M','30대',6,174.35,1.37,5870,38
'201701','535',' 응봉삼거리','정기','M','30대',23,1469.51,10.97,47420,247
'201701','536',' 행당역 2번출구 앞','정기','M','30대',34,1215.34,10.37,44850,376
'201701','537',' 한양대후문역 부근','정기','M','30대',21,1908.72,14.15,61060,311
'201701','123',' 문화촌 공원','정기','M','30대',2,218.18,1.59,6830,67
'201701','538',' 답십리역 8번출구 앞','정기','M','30대',16,893.25,7.14,30640,180
'201701','550',' 서울시설공단 앞','정기','M','30대',15,743.56,7.2,30980,164
'201701','539',' 군자교교차로','정기','M','30대',8,712.79,5.34,23020,129
'201701','540',' 군자역 7번출구 베스트샵 앞','정기','M','30대',42,2072.53,16.74,72140,563
'201701','542',' 강변역 4번출구 뒤','정기','M','30대',5,128.32,1.02,4410,32
'201701','543',' 구의공원(테크노마트 앞)','정기','M','30대',11,1267.55,8.69,37470,357
'201701','544',' 광남중학교','정기','M','30대',3,93.26,0.7,3030,10
'201701','546',' 잠실대교북단 교차로','정기','M','30대',10,498.63,3.87,16700,100
'201701','548',' 자양나들목','정기','M','30대',7,793.78,6.77,29230,131
'201701','549',' 아차산역 3번출구','정기','M','30대',51,2205.54,19.1,82360,407
'201701','124',' 서강대 정문 건너편','정기','M','30대',25,911.48,7.58,32760,178
'201701','600',' 휘경2동 주민센터','정기','M','30대',5,513.35,4.08,17570,90
'201701','601',' 용신동주민센터','정기','M','30대',5,322.88,2.74,11790,83
'201701','602',' 장안동 사거리','정기','M','30대',41,2858.73,18.6,80020,661
'201701','604',' 답십리초등학교 옆 공원','정기','M','30대',2,163.78,1.2,5170,31
'201701','605',' 신설동역8번출구','정기','M','30대',3,255.49,1.9,8190,46
'201701','606',' 휘경공고앞','정기','M','30대',1,147.75,1.24,5330,35
'201701','607',' 신이문역 2번출구','정기','M','30대',2,177.55,1.3,5590,21
'201701','608',' 전농삼성아파트','정기','M','30대',19,1539.73,9.41,40470,491
'201701','609',' 제기2교','정기','M','30대',33,2035.69,18.25,78590,449
'201701','125',' 서강대 남문 옆','정기','M','30대',61,2436.6,20,86420,498
'201701','610',' 동대문중 교차로','정기','M','30대',5,126.83,0.97,4190,89
'201701','612',' 시립동부병원 앞 사거리','정기','M','30대',18,747.86,5.99,25920,155
'201701','613',' 신설동역 10번출구 앞','정기','M','30대',63,4196.3,30.98,133390,808
'201701','614',' 용두동 사거리','정기','M','30대',46,4088.38,31.73,136890,1014
'201701','615',' 용두동 레미안허브리츠아파트 앞','정기','M','30대',36,2578.04,19.37,83530,602
'201701','616',' 서울시립대 앞','정기','M','30대',29,1291.72,10.1,43580,216
'201701','617',' 청솔우성아파트 앞','정기','M','30대',16,1814.92,11.2,48230,295
'201701','227',' 양평2나들목 보행통로 입구','정기','M','30대',12,753.72,6.55,28250,162
'201701','228',' 선유도역 3번출구 앞','정기','M','30대',36,2621.77,17.67,76090,487
'201701','229',' 양평1 보행육교 앞','정기','M','30대',43,5059.1,34.96,150520,977
'201701','126',' 서강대 후문 옆','정기','M','30대',155,7073.29,51.94,224020,1145
'201701','231',' 남부고용노동지청 남측','정기','M','30대',14,591.59,4.55,19710,228
'201701','232',' 양평우림 이비즈센타 앞','정기','M','30대',75,4494.97,31.87,137370,836
'201701','233',' YP 센터 앞','정기','M','30대',11,967.45,7.68,33150,262
'201701','234',' 영등포구민체육센터 앞','정기','M','30대',13,486.55,3.87,16700,92
'201701','235',' 신길동 우리은행 옆','정기','M','30대',41,2710.78,24.03,103460,603
'201701','236',' 문래동자이아파트 앞','정기','M','30대',10,785.9,5.6,24110,234
'201701','237',' 보라매 두산위브 건너편','정기','M','30대',52,2859.74,23.6,101540,609
'201701','238',' 제2구민체육센타 앞','정기','M','30대',86,3966.44,30.13,129980,844
'201701','239',' 유스호스텔 앞','정기','M','30대',58,3858,27.09,116840,822
'201701','240',' 문래역 4번출구 앞','정기','M','30대',66,1751.11,15.34,65990,495
'201701','127',' 현대벤처빌 앞','정기','M','30대',14,790.74,5.89,25400,198
'201701','241',' 신길우성1차아파트 앞 공원','정기','M','30대',34,2021.79,18.46,79470,452
'201701','242',' 신길선원가와인아파트 앞','정기','M','30대',23,1464.36,12.65,54550,371
'201701','243',' 이앤씨드림타워 앞','정기','M','30대',16,686.52,5.81,25070,248
'201701','244',' 영등포삼환아파트 앞','정기','M','30대',53,3282.93,26.31,113520,683
'201701','245',' 삼성생명 당산사옥 앞','정기','M','30대',12,681.79,5.7,24600,260
'201701','247',' 당산역 10번출구 앞','정기','M','30대',71,5518.78,39.28,169200,804
'201701','248',' 초원아파트 앞','정기','M','30대',13,1449.89,12.07,52130,279
'201701','250',' 대림아파트 사거리','정기','M','30대',6,206.26,1.52,6530,67
'201701','251',' 서울지방병무청 버스정류장','정기','M','30대',15,1229.91,8.02,34560,218
'201701','101',' (구)합정동 주민센터','정기','M','30대',28,1174.26,8.67,37340,250
'201701','128',' 신촌역(2호선) 1번출구 옆','정기','M','30대',65,2899.08,23.6,101870,743
'201701','252',' 보라매역4번출구','정기','M','30대',19,2134.84,13.66,58820,422
'201701','253',' 신풍역 5번출구 인근','정기','M','30대',13,800.46,5.46,23550,156
'201701','254',' 도림신협 앞','정기','M','30대',36,2298.3,17.79,76730,683
'201701','255',' 도림4거리','정기','M','30대',47,2970.87,24.63,105960,729
'201701','256',' 동아에코빌입구','정기','M','30대',4,677.77,4.09,17660,98
'201701','257',' 신길삼거리(우리은행)','정기','M','30대',39,2522.59,19.3,83270,658
'201701','258',' 신길역3번출구','정기','M','30대',41,3234.98,25.49,109880,819
'201701','259',' 대방역6번출구','정기','M','30대',57,5285.15,43.48,187410,958
'201701','700',' KB국민은행 염창역 지점 앞','정기','M','30대',8,1573.26,13.19,56810,287
'201701','701',' 목동사거리 부근','정기','M','30대',1,15.52,0.13,560,12
'201701','129',' 신촌역(2호선) 6번출구 옆','정기','M','30대',51,2277.6,19.15,82370,486
'201701','702',' 목4동주민센터 옆','정기','M','30대',4,875.27,5.35,23070,138
'201701','703',' 오목교역 7번출구 앞','정기','M','30대',29,2224.4,17.69,76220,530
'201701','704',' 남부법원검찰청 교차로','정기','M','30대',10,564.71,4.5,19410,138
'201701','706',' 신정네거리역','정기','M','30대',9,607.88,4.45,19220,136
'201701','707',' 신정3동주민센터','정기','M','30대',24,2316.88,20.08,86520,343
'201701','708',' 서울출입국관리사무소 앞','정기','M','30대',18,4350.63,27.15,117000,561
'201701','709',' 신정3동 현장민원실 앞','정기','M','30대',2,378.89,2.77,11960,82
'201701','710',' 서부화물트럭터미널 사거리','정기','M','30대',7,604.59,5.37,23170,79
'201701','711',' 신일해피트리아파트 앞','정기','M','30대',14,1835.77,16.54,71320,222
'201701','712',' 강월초교입구 사거리','정기','M','30대',2,92.01,0.84,3640,19
'201701','130',' 신촌역(2호선) 7번출구 앞','정기','M','30대',36,1643.58,13.27,57410,535
'201701','800',' 목월공원 앞','정기','M','30대',19,1126.89,8.5,36700,237
'201701','802',' 한강진역 2번 출구 앞','정기','M','30대',36,1618.96,12.16,52660,273
'201701','805',' 문배어린이공원 앞','정기','M','30대',44,3137.61,25.05,108020,772
'201701','806',' 전자랜드 본관 앞','정기','M','30대',36,6952.84,57.43,247420,1264
'201701','807',' 서울역 12번 출구 앞','정기','M','30대',33,2707.4,18.88,81350,428
'201701','808',' 서빙고동 금호맨션 앞','정기','M','30대',2,402.36,3.09,13310,78
'201701','131',' 증산2교','정기','M','30대',11,834.27,6.67,28790,194
'201701','809',' 한남 유수지 복개주차장','정기','M','30대',6,1451.21,12.52,53960,242
'201701','810',' 이태원지하보도','정기','M','30대',17,1077.66,8.55,36910,202
'201701','811',' 녹사평역1번출구','정기','M','30대',52,3950.12,29.2,125970,650
'201701','812',' 용산전쟁기념관','정기','M','30대',8,172.06,1.28,5560,26
'201701','813',' 삼각지역 3번출구','정기','M','30대',2,205.56,1.65,7090,32
'201701','815',' LIG강촌아파트 103동앞','정기','M','30대',6,1234.32,9.24,39810,124
'201701','385',' 종각역 5번출구','정기','M','30대',40,2453.19,19.18,82660,632
'201701','386',' 올림픽기념 국민생활관 앞','정기','M','30대',27,1909.32,15.27,65800,312
'201701','387',' 훈련원공원주차장 앞','정기','M','30대',6,339.14,2.29,9820,80
'201701','132',' 창천문화공원','정기','M','30대',33,2659.33,21.16,91150,620
'201701','182',' 망원2빗물펌프장 앞','정기','M','30대',9,698.81,4.68,20170,166
'201701','183',' 하늘채코오롱아파트 건너편','정기','M','30대',117,6940.7,54.56,235130,1288
'201701','184',' SK망원동주유소 건너편','정기','M','30대',60,3361.98,27.71,119410,700
'201701','185',' 마포 신수공원 앞','정기','M','30대',46,1986.75,16.87,72610,304
'201701','186',' 월드컵공원','정기','M','30대',9,763.2,5.12,22110,136
'201701','177',' 북가좌 초등학교','정기','M','30대',4,256.76,1.9,8200,42
'201701','188',' 홍은동 정원여중 입구','정기','M','30대',8,644.58,5.18,22290,131
'201701','191',' 정명학원','정기','M','30대',25,2590.44,20.88,89970,618
'201701','192',' 연서어린이공원','정기','M','30대',16,964.92,7.77,33490,203
'201701','178',' 증산3교 앞','정기','M','30대',12,827.57,6.37,27420,147
'201701','133',' 해담는다리','정기','M','30대',46,5248.34,39.03,168210,895
'201701','194',' 증산교 앞','정기','M','30대',49,2803.04,23.64,101780,774
'201701','195',' 모래내고가차도 ','정기','M','30대',27,1836.29,14.35,61880,292
'201701','196',' 연희교차로 인근','정기','M','30대',58,4036.18,29.98,129270,825
'201701','198',' 충정2교','정기','M','30대',11,836.54,7.12,30690,93
'201701','556',' 달맞이공원','정기','M','30대',2,401.86,3.7,15940,87
'201701','557',' 도선동 주민센터 앞','정기','M','30대',73,3564.23,28.27,121890,649
'201701','558',' 성동광진 교육지원청 앞','정기','M','30대',28,1622.05,12.36,53290,302
'201701','134',' 연세로 명물길','정기','M','30대',12,524.85,4.31,18580,109
'201701','559',' 왕십리역 4번 출구 건너편','정기','M','30대',21,1290.68,9.72,41990,337
'201701','560',' 비전교회 앞','정기','M','30대',23,1271.12,11.12,47980,265
'201701','561',' 서울숲역 2번출구 앞','정기','M','30대',82,3149.33,24.49,105180,633
'201701','562',' 군자지하보도 앞','정기','M','30대',62,3141.1,26.67,115170,663
'201701','563',' 성동세무서 건너편','정기','M','30대',42,3002.55,24.46,105390,611
'201701','564',' 금호역 3번출구','정기','M','30대',2,308.62,2.79,11990,50
'201701','565',' 옥수역 3번출구','정기','M','30대',13,2599.14,16.04,69120,348
'201701','567',' 성수역 2번출구 앞','정기','M','30대',133,7229.28,58.61,252500,2275
'201701','568',' 청계8가사거리 부근','정기','M','30대',62,2477.21,18.85,81180,496
'201701','135',' 명물길 원형무대 앞','정기','M','30대',17,1084.13,8.16,35200,274
'201701','569',' 응봉현대아파트 정류소','정기','M','30대',1,105.02,0.9,3900,17
'201701','578',' 성동세무서 부근','정기','M','30대',52,3075.63,20.59,88810,625
'201701','579',' 마장역 4번출구','정기','M','30대',6,228.4,1.71,7400,54
'201701','580',' 신금호역 3번출구 뒤','정기','M','30대',5,1344.04,10.4,44820,181
'201701','581',' 용답초등학교','정기','M','30대',14,918.03,7.52,32370,118
'201701','582',' 경일중학교 앞','정기','M','30대',63,2684.66,20.57,88730,491
'201701','583',' 청계천 생태교실 앞','정기','M','30대',5,1551.22,13.4,57780,142
'201701','551',' 구의삼성쉐르빌 앞','정기','M','30대',23,2143.96,14.86,63860,238
'201701','552',' 대림아크로리버 앞','정기','M','30대',3,244.91,2.12,9110,56
'201701','553',' 중곡 성원APT 앞','정기','M','30대',21,3289.48,23.25,100200,484
'201701','136',' 대흥동 주민센터','정기','M','30대',25,898.2,7.83,33650,161
'201701','554',' 아차산역 사거리','정기','M','30대',22,1543.57,12.82,55170,220
'201701','555',' 구의3동주민센터','정기','M','30대',1,54.15,0.37,1590,8
'201701','571',' 어린이대공원역6번출구','정기','M','30대',24,817.57,6.67,28580,208
'201701','572',' 국립정신 건강센터 앞','정기','M','30대',7,655.84,5.62,24200,154
'201701','573',' 구의문주차장 앞','정기','M','30대',51,3458.6,24.72,106500,604
'201701','574',' 아차산역4번출구','정기','M','30대',24,2153.01,14.75,63510,355
'201701','575',' 중앙농협 중곡지점','정기','M','30대',2,152.11,1.1,4760,28
'201701','576',' 광나루역 3번 출구','정기','M','30대',37,3001.18,24.12,103870,600
'201701','577',' 광진청소년수련관','정기','M','30대',14,2364.47,18.32,78970,424
'201701','621',' 동대문중학교 옆','정기','M','30대',6,241.02,1.8,7740,41
'201701','137',' NH농협 신촌지점 앞','정기','M','30대',11,733.02,6.03,25990,123
'201701','622',' 전농사거리 교통섬','정기','M','30대',33,1976.97,14.85,64000,374
'201701','623',' 서울시립대 정문 앞','정기','M','30대',32,2186.2,16.29,70210,441
'201701','624',' 전농동 동아아파트 앞','정기','M','30대',29,2270.29,18.12,78230,424
'201701','625',' 답십리초등학교 앞(현대시장 옆)','정기','M','30대',11,532.93,4.25,18300,123
'201701','626',' 군자교 서측 녹지대','정기','M','30대',16,1874.02,15.18,65400,394
'201701','627',' 장안동삼거리 교통섬','정기','M','30대',15,691.64,4.7,20280,120
'201701','628',' 휘봉고등학교 앞','정기','M','30대',17,2665.52,23.81,102620,382
'201701','630',' 동대문구 보건소','정기','M','30대',23,1959.87,14.14,60970,424
'201701','631',' 답십리역 1번출구','정기','M','30대',31,2655.75,18.95,81580,531
'201701','102',' 망원역 1번출구 앞','정기','M','30대',94,4192.64,33.74,145380,1126
'201701','138',' 신촌동 제1공영주차장 앞','정기','M','30대',10,427.7,3.68,15870,204
'201701','633',' 청량리 기업은행 앞','정기','M','30대',29,2215.05,17.59,75770,513
'201701','634',' 외국어대 정문 앞','정기','M','30대',32,3862.84,28.31,122120,778
'201701','635',' 시조사 앞 (청량고정문 옆)','정기','M','30대',51,6830.5,51.65,222680,1369
'201701','636',' 세종대왕기념관 교차로','정기','M','30대',22,1412.19,12.57,54240,300
'201701','637',' KAIST 경영대학 앞','정기','M','30대',14,903.9,7.82,33710,200
'201701','638',' 서울시립대 정보기술관','정기','M','30대',22,1039.91,8.57,36880,210
'201701','639',' 서울시립대 후문','정기','M','30대',12,728.64,6.21,26760,161
'201701','640',' KEB하나은행 청량리역지점','정기','M','30대',5,399.95,2.91,12540,83
'201701','641',' 용두역 4번출구','정기','M','30대',29,1854.1,15.85,68340,478
'201701','642',' 신답역 사거리','정기','M','30대',8,443.62,3.5,15010,101
'201701','140',' 이화여대 후문','정기','M','30대',27,1290.58,11.13,48010,248
'201701','230',' 영등포구청역 1번출구','정기','M','30대',64,2203.27,16.64,71840,618
'201701','260',' 여의도 마리나선착장 앞','정기','M','30대',9,763.17,5.99,25900,96
'201701','262',' 영문초등학교 사거리','정기','M','30대',69,3227.18,23.93,103160,867
'201701','263',' 근로자회관 사거리','정기','M','30대',10,356.39,2.9,12450,116
'201701','264',' 교보생명보험 앞','정기','M','30대',32,1828.68,14.27,61670,393
'201701','265',' 영등포유통상가 사거리','정기','M','30대',18,331.14,2.96,12810,65
'201701','141',' 연대 대운동장 옆','정기','M','30대',25,1413.18,10.22,44120,306
'201701','266',' 영등포청과시장 사거리','정기','M','30대',75,3163.34,23.92,103080,789
'201701','267',' 삼성화재 사옥 옆','정기','M','30대',16,565.56,4.55,19600,231
'201701','268',' 그랜드컨벤션센터 앞','정기','M','30대',22,1475.78,12.77,55050,535
'201701','270',' 증권거래소후문교차로','정기','M','30대',15,499.26,3.59,15360,98
'201701','271',' 샛강생태공원방문자센터 앞','정기','M','30대',21,435.46,3.11,13450,55
'201701','272',' 당산육갑문','정기','M','30대',12,2307.27,17.21,74210,323
'201701','716','신정6동 주민센터 인근','정기','M','30대',6,514.28,4.63,19980,185
'201701','139',' 연세대 정문 건너편','정기','M','30대',28,2653.29,17.28,74480,319
'201701','719',' 홍익병원앞 교차로','정기','M','30대',16,1475,11.82,50970,311
'201701','816',' 신용산역 6번출구 앞','정기','M','30대',47,2900.51,21.11,91120,814
'201701','817',' 삼각지역 4번출구 앞','정기','M','30대',28,705.74,5.23,22740,226
'201701','818',' 숙명여대 입구 교차로','정기','M','30대',26,1272.37,9.98,43100,238
'201701','819',' 선린인터넷 고등학교','정기','M','30대',21,1268.5,10.38,44750,305
'201701','820',' 청파동입구 교차로','정기','M','30대',48,3951.56,31.19,134310,796
'201701','822',' 이촌1동 마을공원','정기','M','30대',6,607.55,5.01,21620,125
'201701','823',' 효창동주민센터 앞','정기','M','30대',11,494.53,4.31,18560,249
'201701','825',' 서빙고동 주민센터 앞','정기','M','30대',9,2450.27,19.17,82600,364
'201701','199',' 서울 월드컵 경기장','정기','M','30대',14,1264.98,10.5,45270,259
'201701','388',' 동성중학교 앞','정기','M','30대',48,3341.25,24.57,105790,491
'201701','584',' 광진광장 교통섬','정기','M','30대',36,2317.58,17.12,73890,390
'201701','585',' 성수2가1동 공영주차장 인근','정기','M','30대',4,381.57,2.87,12370,59
'201701','586',' 마장동 주민센터','정기','M','30대',4,162.61,1.34,5810,48
'201701','900',' 은평예술회관','정기','M','30대',30,1227.21,9.04,38940,221
'201701','901',' 응암1동사무소','정기','M','30대',12,847.5,6.03,26070,211
'201701','200',' 국회의원회관','정기','M','30대',24,1189.64,9.76,42040,300
'201701','903',' 은평뉴타운 아이파크','정기','M','30대',23,1116.2,9.11,39270,169
'201701','904',' 은평뉴타운 푸르지오','정기','M','30대',8,602.62,5.25,22630,141
'201701','905',' 구파발역 2번출구','정기','M','30대',21,1078.25,10.39,44810,230
'201701','906',' 연신내역 5번출구150M 아래','정기','M','30대',27,1460.92,11.4,49050,302
'201701','907',' CJ 드림시티','정기','M','30대',36,2537.83,19.83,85480,720
'201701','908',' 구산역 4번출구','정기','M','30대',15,845.8,5.41,23230,237
'201701','909',' 백련산 힐스테이트 3차','정기','M','30대',12,758.85,5.86,25300,283
'201701','911',' 은평평화공원(역촌역4번출구)','정기','M','30대',26,962.54,7.39,31900,212
'201701','201',' 진미파라곤 앞','정기','M','30대',71,6497.3,50.61,218200,1361
'201701','912',' 응암오거리','정기','M','30대',17,2118.49,16.03,69080,281
'201701','913',' 이마트 은평점','정기','M','30대',35,2146.21,15.77,67870,521
'201701','914',' 새절역 2번출구','정기','M','30대',28,2303.27,18.61,80140,498
'201701','915',' 증산역 4번출구','정기','M','30대',24,2093.16,15.83,68200,595
'201701','916',' 평생학습관 앞','정기','M','30대',24,2099.97,13.52,58380,303
'201701','917',' 녹번역 4번출구','정기','M','30대',29,2122.73,15.24,65650,484
'201701','919',' 서울혁신파크','정기','M','30대',23,1679.76,13.83,59610,388
'201701','921',' 신도고등학교','정기','M','30대',19,1291.16,11.1,47780,546
'201701','202',' 국민일보 앞','정기','M','30대',75,2803.63,24.15,104020,489
'201701','922',' 연신내역 4번출구','정기','M','30대',24,1526.63,12.26,52850,321
'201701','923',' 국민은행 연서지점','정기','M','30대',19,848.2,7.15,30820,271
'201701','925',' 불광역 2번출구','정기','M','30대',11,518.86,4.29,18420,107
'201701','926',' 불광역 8번출구','정기','M','30대',33,2194.67,16.64,71650,504
'201701','927',' 연신내역 3번출구 인근','정기','M','30대',14,930.5,7.64,32930,149
'201701','930',' 구 서부경찰서 건너편','정기','M','30대',2,232.76,1.72,7440,44
'201701','931',' 역촌파출소','정기','M','30대',38,3617.08,30.49,131290,686
'201701','932',' 예일여중','정기','M','30대',8,322.97,2.31,9990,92
'201701','933',' LG서비스 역촌점','정기','M','30대',18,1660.68,14.3,61600,206
'201701','587',' KEB하나은행 성수중앙지점','정기','M','30대',33,1953.53,15.74,67800,487
'201701','588',' 뚝섬 유원지역','정기','M','30대',1,21.46,0.2,860,4
'201701','103',' 망원역 2번출구 앞','정기','M','30대',78,4832.46,41.97,180930,1383
'201701','204',' 국회의사당역 5번출구 옆','정기','M','30대',39,2445.14,20.25,87260,547
'201701','203',' 국회의사당역 3번출구 옆','정기','M','30대',63,7104.13,44.78,193340,1036
'201701','205',' 산업은행 앞','정기','M','30대',27,2645.37,19.87,85570,521
'201701','206',' KBS 앞','정기','M','30대',54,2148.92,16.88,72640,598
'201701','209',' 유진투자증권빌딩 앞','정기','M','30대',96,3918.8,31.6,136390,761
'201701','210',' IFC몰','정기','M','30대',90,5743.93,44.43,191510,1114
'201701','211',' 여의도역 4번출구 옆','정기','M','30대',166,4870.69,40.4,174040,984
'201701','212',' 여의도역 1번출구 옆','정기','M','30대',134,4434.48,35.18,152010,1037
'201701','213',' KT앞','정기','M','30대',160,7370.85,57.9,249570,1660
'201701','104',' 합정역 1번출구 앞','정기','M','30대',55,3572.99,30.62,132020,916
'201701','214',' 금융감독원 앞','정기','M','30대',70,3595.7,26.99,116400,663
'201701','218',' 증권거래소 앞','정기','M','30대',81,2149.08,18.16,78250,589
'201701','219',' 롯데캐슬엠파이어 옆','정기','M','30대',46,3312.13,23.01,99240,480
'201701','220',' 미성아파트 A동 앞','정기','M','30대',47,2028.7,15.16,65250,348
'201701','215',' 여의도고교 앞','정기','M','30대',3,216.07,1.64,7060,59
'201701','216',' 삼부아파트1동 앞','정기','M','30대',37,947.12,8.84,38220,182
'201701','217',' NH농협은행 앞','정기','M','30대',51,2251.33,16.5,71060,398
'201701','221',' 여의도초교 앞','정기','M','30대',92,4928.6,40.08,172580,915
'201701','222',' 시범아파트버스정류장 옆','정기','M','30대',69,3512.8,29.35,126350,629
'201701','223',' 진주아파트상가 앞','정기','M','30대',86,4114.17,27.79,120380,722
'201701','105',' 합정역 5번출구 앞','정기','M','30대',48,4899.19,38.87,167560,912
'201701','224',' 롯데캐슬 앞','정기','M','30대',52,1929.45,15.48,66870,414
'201701','225',' 앙카라공원 앞','정기','M','30대',79,1827.16,14.73,63410,306
'201701','226',' 샛강역 1번출구 앞','정기','M','30대',19,645.67,5.33,22910,172
'201701','207',' 여의나루역 1번출구 앞','정기','M','30대',120,8889.28,68.42,294960,1371
'201701','401',' 상암월드컵파크 10단지 앞','정기','M','30대',3,113.84,1.11,4750,32
'201701','402',' 상암월드컵파크 9단지 앞','정기','M','30대',11,632.34,4.07,17540,88
'201701','403',' 부엉이공원 앞','정기','M','30대',26,1274.14,10,43150,226
'201701','106',' 합정역 7번출구 앞','정기','M','30대',73,5868.21,50.38,217120,1091
'201701','405',' DMC빌 앞','정기','M','30대',28,1842.69,16.57,71390,484
'201701','406',' 상암월드컵파크 7단지 앞','정기','M','30대',8,600.53,4.2,18150,87
'201701','421',' 마포구청 앞','정기','M','30대',30,2351.06,17.72,76470,410
'201701','407',' 마포구 육아종합지원센터','정기','M','30대',31,1364.24,12.31,53000,519
'201701','408',' LG CNS앞','정기','M','30대',55,4131.29,34.47,148480,852
'201701','420',' 서울시 공공자전거 상암센터','정기','M','30대',8,1310.03,8.39,36130,232
'201701','409',' 누리꿈스퀘어 옆','정기','M','30대',122,7569.2,60.73,261970,1686
'201701','419',' 홈플러스 앞','정기','M','30대',89,8141.87,63.84,275200,1597
'201701','410',' 상암중학교 옆','정기','M','30대',16,628.02,4.82,20750,69
'201701','418',' 월드컵경기장역 3번출구 옆','정기','M','30대',33,4380.6,33.94,146490,812
'201701','107',' 신한은행 서교동금융센터점 앞','정기','M','30대',82,4165.53,36.06,155620,2166
'201701','411',' DMC홍보관','정기','M','30대',17,976.51,7.9,34070,273
'201701','412',' DMC산학협력연구센터 앞','정기','M','30대',137,5216.44,41.98,180890,1112
'201701','413',' 상암월드컵파크 3단지 후문','정기','M','30대',11,333.43,2.83,12140,67
'201701','417',' DMC역 2번출구 옆','정기','M','30대',84,4956.7,41.04,176760,902
'201701','414',' 상암동주민센터 옆','정기','M','30대',50,1877.49,16.01,68870,467
'201701','415',' DMC역 9번출구 앞','정기','M','30대',220,13646.31,96.93,417780,2390
'201701','416',' 상암월드컵파크 1단지 교차로','정기','M','30대',5,148.58,1.24,5430,68
'201701','500',' 어린이대공원역 3번출구 앞','정기','M','30대',38,2198.44,16.49,71310,385
'201701','501',' 광진구의회 앞','정기','M','30대',24,2201.06,18.46,79680,449
'201701','502',' 뚝섬유원지역 1번출구 앞','정기','M','30대',33,1581.01,11.68,50190,298
'201701','108',' 서교동 사거리','정기','M','40대',10,861.64,7.07,30460,209
'201701','503',' 더샵스타시티 C동 앞','정기','M','40대',20,1686.31,12.93,55730,518
'201701','504',' 신자초교입구교차로','정기','M','40대',46,6783.68,41.18,177580,1025
'201701','505',' 자양사거리 광진아크로텔 앞','정기','M','40대',54,4086.46,34.72,149510,911
'201701','506',' 금호 어울림 아파트 앞','정기','M','40대',8,358.69,3,12940,57
'201701','507',' 성수아이에스비즈타워 앞','정기','M','40대',3,248.05,1.81,7830,35
'201701','508',' 성수아카데미타워 앞','정기','M','40대',20,569.3,4.62,19870,94
'201701','509',' 이마트 버스정류소 옆','정기','M','40대',23,1910.84,13.22,56990,468
'201701','510',' 서울숲 남문 버스정류소 옆','정기','M','40대',2,322.75,3.29,14150,95
'201701','511',' 서울숲역 4번 출구 옆','정기','M','40대',10,1028.9,7.63,32890,157
'201701','512',' 뚝섬역 1번 출구 옆','정기','M','40대',30,3621.54,28.76,123840,698
'201701','109',' 제일빌딩 앞','정기','M','40대',27,1539.78,12.38,53430,355
'201701','400',' 상암한화오벨리스크 1차 앞','정기','M','40대',6,326.64,3.05,13160,133
'201701','513',' 뚝섬역 5번 출구 정류소 옆','정기','M','40대',23,1291.62,9.66,41690,360
'201701','514',' 성수사거리 버스정류장 앞','정기','M','40대',15,868.03,7.06,30520,178
'201701','515',' 광양중학교 앞','정기','M','40대',22,1474.49,11.93,51440,356
'201701','516',' 광진메디칼 앞','정기','M','40대',17,1778.04,14.77,63690,352
'201701','300',' 정동사거리','정기','M','40대',156,8026.55,66.92,288180,1771
'201701','301',' 경복궁역 7번출구 앞','정기','M','40대',42,1462.95,10.71,46270,266
'201701','302',' 경복궁역 4번출구 뒤','정기','M','40대',46,1840.58,15.04,64690,408
'201701','303',' 광화문역 1번출구 앞','정기','M','40대',55,2080.48,16.41,70740,461
'201701','115',' 사루비아 빌딩 앞','정기','M','40대',16,794.81,6.82,29290,187
'201701','304',' 광화문역 2번출구 앞','정기','M','40대',31,1084.19,8.18,35470,217
'201701','305',' 종로구청 옆','정기','M','40대',66,2644.99,19.96,86100,595
'201701','306',' 광화문역 7번출구 앞','정기','M','40대',39,1805.37,14.7,63330,484
'201701','307',' 서울역사박물관 앞','정기','M','40대',49,2321.29,18.65,80330,553
'201701','308',' 광화문 S타워 앞','정기','M','40대',26,1276.4,10.29,44360,256
'201701','309',' 광화문역 6번출구 옆','정기','M','40대',64,2880.54,23.69,102220,634
'201701','310',' 청계광장 옆','정기','M','40대',37,2365.53,18.34,79070,491
'201701','311',' 서울광장 옆','정기','M','40대',129,6919.82,53.17,229180,1480
'201701','312',' 시청역 1번출구 뒤','정기','M','40대',111,5140.75,45.84,197280,1218
'201701','313',' 서울역 광장 파출소 옆','정기','M','40대',60,3605.31,27.99,120660,722
'201701','110',' 사천교','정기','M','40대',2,89.9,0.83,3560,20
'201701','314',' 국립현대미술관','정기','M','40대',55,3732.61,32.73,141120,974
'201701','315',' 신한은행 안국역지점 옆','정기','M','40대',39,2311.75,17.88,77000,544
'201701','316',' 종각역 1번출구 앞','정기','M','40대',36,1770.88,13.42,57840,333
'201701','318',' 광교사거리 남측','정기','M','40대',33,1725.35,13.72,59140,329
'201701','320',' 을지로입구역 4번출구 앞','정기','M','40대',46,4165.05,31.34,135020,628
'201701','321',' KEB 하나은행 본점 앞','정기','M','40대',20,1032.45,7.97,34360,234
'201701','322',' 명동성당 앞','정기','M','40대',19,987.53,7.87,33880,170
'201701','116',' 일진아이윌아파트 옆','정기','M','40대',29,2306.45,19.02,81990,422
'201701','324',' 신세계백화점 본점 앞','정기','M','40대',28,2144.16,16.97,73190,390
'201701','326',' 안국역 5번출구 앞','정기','M','40대',55,2454.09,19.18,82680,497
'201701','327',' 낙원상가 옆','정기','M','40대',23,715.94,6.31,27070,186
'201701','328',' 탑골공원 앞','정기','M','40대',43,2268.28,18.58,80040,536
'201701','329',' 청계2가 사거리 옆','정기','M','40대',37,1309.37,10.21,44070,254
'201701','330',' 청계천 한빛광장','정기','M','40대',27,1012.05,7.4,31990,271
'201701','331',' 을지로2가 사거리 북측','정기','M','40대',29,1176.93,9.85,42400,263
'201701','332',' 을지로2가 사거리 남측','정기','M','40대',58,2838.65,23.84,102470,575
'201701','111',' 상수역 2번출구 앞','정기','M','40대',29,1839.46,15.72,67660,381
'201701','334',' 종로3가역 2번출구 뒤','정기','M','40대',38,2171.54,16.55,71200,552
'201701','335',' 종로3가역 15번출구 앞','정기','M','40대',14,1078.71,8.86,38260,190
'201701','336',' 티마크 호텔 앞','정기','M','40대',78,5461.52,43.75,188750,1186
'201701','337',' 창경궁 입구','정기','M','40대',27,1459.41,10.86,46840,243
'201701','338',' 세운스퀘어 앞','정기','M','40대',13,641.15,4.79,20620,195
'201701','339',' 종로4가 사거리','정기','M','40대',57,3089.01,23.57,101570,676
'201701','340',' 혜화동 로터리','정기','M','40대',56,5263.5,39,168250,1021
'201701','341',' 혜화역 3번출구 뒤','정기','M','40대',40,1759.69,15.49,66810,489
'201701','342',' 대학로 마로니에공원','정기','M','40대',58,3281.4,27.7,119500,803
'201701','343',' 예일빌딩(율곡로) 앞','정기','M','40대',4,223.61,1.73,7480,90
'201701','112',' 극동방송국 앞','정기','M','40대',7,406.36,3.2,13830,124
'201701','344',' 성균관대 E하우스 앞','정기','M','40대',9,1191.85,8.29,35670,130
'201701','345',' 서울보증보험본사 앞','정기','M','40대',45,5228.57,37.42,161200,887
'201701','346',' 맥스타일 앞','정기','M','40대',42,2884.71,22.92,98900,631
'201701','347',' 동대문역사문화공원역 9번출구 앞','정기','M','40대',43,4585.72,35.77,154220,893
'201701','349',' 사직동주민센터','정기','M','40대',47,3766.81,28.57,123110,553
'201701','350','KEB 하나은행(내자동 지점) 앞','정기','M','40대',71,4950.59,37.63,162330,1034
'201701','351',' 청운초교 앞 삼거리','정기','M','40대',20,3203.37,23.87,102850,492
'201701','352',' 중앙고입구 삼거리','정기','M','40대',29,1526.56,11.29,48590,238
'201701','353',' 재동초교 앞 삼거리','정기','M','40대',16,1114,8.59,36980,1053
'201701','117',' 홍은사거리','정기','M','40대',23,2532.69,21.02,90490,452
'201701','354',' 포르투갈 대사관 앞','정기','M','40대',44,3352.18,24.93,107360,608
'201701','355',' 서울사대부속초교 앞','정기','M','40대',15,663.06,5.03,21680,181
'201701','356',' KT혜화지사 앞','정기','M','40대',29,1590.85,12,51830,310
'201701','358',' 성대입구 사거리','정기','M','40대',32,2170.55,16.35,70710,460
'201701','359',' 원남동사거리','정기','M','40대',42,2417.19,19.1,82510,475
'201701','361',' 동묘앞역 1번출구 뒤','정기','M','40대',15,792.23,6.1,26280,246
'201701','362',' 청계8가 사거리','정기','M','40대',49,2857.32,22.76,98210,588
'201701','363',' 신설동역 11번출구 뒤','정기','M','40대',7,250.64,1.93,8310,44
'201701','364',' 창신역 1번출구 앞','정기','M','40대',5,385.74,3.25,14030,78
'201701','113',' 홍대입구역 2번출구 앞','정기','M','40대',113,4905.45,41.32,178010,1314
'201701','367',' 독립문역 3-1번출구 ','정기','M','40대',11,1208.66,9.44,40720,250
'201701','368',' SK 서린빌딩 앞','정기','M','40대',42,2044.11,16.69,71870,472
'201701','369',' 광화문 시민열린마당','정기','M','40대',31,2271.54,16.71,72080,523
'201701','348',' 독립문역 사거리','정기','M','40대',29,1771.31,15.7,67730,380
'201701','370',' 시청역(2호선) 9번출구 뒤','정기','M','40대',46,3268.9,23.68,102070,699
'201701','371',' 동대입구역 6번출구 뒤','정기','M','40대',14,1009.71,8.66,37290,248
'201701','372',' 약수역 3번출구 뒤','정기','M','40대',3,185.51,1.63,7030,61
'201701','374',' 청구역 2번출구 앞','정기','M','40대',33,3226.54,28.39,122430,1411
'201701','118',' 광흥창역 2번출구 앞','정기','M','40대',30,1705.16,15.86,68470,475
'201701','375',' 다산 어린이공원','정기','M','40대',27,2630.6,20.18,87100,882
'201701','377',' 서울역 4번출구 앞','정기','M','40대',23,1458.87,13.17,56790,382
'201701','378',' 청계7가 사거리','정기','M','40대',48,4185.6,30.71,132450,947
'201701','379',' 서울역9번출구','정기','M','40대',8,1218.07,9.35,40280,153
'201701','380',' CJ제일제당 앞','정기','M','40대',18,1256.34,9.65,41580,267
'201701','381',' 장충체육관','정기','M','40대',7,423.02,3.16,13590,99
'201701','382',' 약수역 10번출구 앞','정기','M','40대',5,362.95,2.97,12730,76
'201701','383',' 신당역 12번 출구 뒤','정기','M','40대',23,1817.24,15.75,67870,1105
'201701','384',' 종로학원본원 ','정기','M','40대',20,661.63,4.84,21010,134
'201701','114',' 홍대입구역 8번출구 앞','정기','M','40대',29,2517.17,19.98,86160,650
'201701','142',' 아현역 4번출구 앞','정기','M','40대',60,3695.65,29.68,127990,696
'201701','143',' 공덕역 2번출구','정기','M','40대',27,2777.91,20.3,87470,529
'201701','144',' 공덕역 8번출구','정기','M','40대',34,2317.66,17.48,75360,456
'201701','145',' 공덕역 5번출구','정기','M','40대',29,946.44,7.05,30440,204
'201701','146',' 마포역 1번출구 뒤','정기','M','40대',40,3970.56,30.17,130100,801
'201701','147',' 마포역 4번출구 뒤','정기','M','40대',30,2612.17,19.88,85560,473
'201701','148',' 용강동 주민센터 앞','정기','M','40대',35,3806.07,29.3,126220,755
'201701','150',' 서강대역 2번출구 앞','정기','M','40대',22,1612.3,12.8,55240,329
'201701','151',' 망원1동주민센터','정기','M','40대',3,355.57,2.8,12090,81
'201701','152',' 마포구민체육센터 앞','정기','M','40대',22,2459.57,20.32,87580,458
'201701','119',' 서강나루 공원','정기','M','40대',32,1115.25,8.95,38680,236
'201701','153',' 성산2교 사거리','정기','M','40대',16,632.03,5.95,25610,186
'201701','154',' 마포구청역 ','정기','M','40대',9,698.43,6.21,26760,199
'201701','155',' 가좌역1 번출구 뒤','정기','M','40대',38,3664.02,29.46,127060,574
'201701','156',' 서울서부지방법원 앞','정기','M','40대',23,947.32,7.91,34100,193
'201701','157',' 애오개역 4번출구 앞','정기','M','40대',29,1991.12,16.75,72310,490
'201701','158',' 독립문 어린이 공원','정기','M','40대',31,1767.92,15.95,68690,442
'201701','159',' 이대역 4번 출구','정기','M','40대',27,2732.34,23.78,102380,631
'201701','160',' 북아현동 가구거리','정기','M','40대',26,2268.5,16.96,73060,451
'201701','161',' 무악재역1번 출구','정기','M','40대',7,1091.46,8.42,36230,183
'201701','162',' 봉원고가차도 밑','정기','M','40대',17,1299.72,11.89,51200,224
'201701','120',' 신수동 사거리','정기','M','40대',5,342.66,3.04,13090,78
'201701','163',' 명지전문대학교 정문 앞','정기','M','40대',6,441.92,3.93,16900,76
'201701','164',' 북가좌1동 주민센터 ','정기','M','40대',4,318.07,2.73,11730,87
'201701','165',' 중앙근린공원','정기','M','40대',25,3088.78,28.42,122590,365
'201701','166',' 가재울 초등학교','정기','M','40대',45,1777.22,13.99,60480,375
'201701','167',' 연가초등학교 옆','정기','M','40대',3,177.07,1.61,6950,40
'201701','168',' 남가좌동 사거리','정기','M','40대',9,623.48,5.26,22650,121
'201701','169',' 북가좌 삼거리','정기','M','40대',11,460.8,3.61,15580,91
'201701','170',' 가재울 뉴타운 주유소 옆','정기','M','40대',38,2130,18.02,77700,477
'201701','171',' 임광빌딩 앞','정기','M','40대',32,3140.88,24.48,105490,592
'201701','172',' 서대문소방서','정기','M','40대',6,372.25,3,12970,137
'201701','121',' 마포소방서 앞','정기','M','40대',12,500.95,3.87,16710,100
'201701','173',' 서대문역 8번출구 앞','정기','M','40대',47,3352.39,26.16,112740,599
'201701','175',' 홍연2교옆','정기','M','40대',40,4109.19,36.03,155220,909
'201701','179',' 가좌역 4번출구 앞','정기','M','40대',29,1226.56,9.48,40860,201
'201701','180',' 충정로역 7번출구 뒤','정기','M','40대',8,733.57,5.31,22850,97
'201701','518',' 청계천 박물관 앞','정기','M','40대',9,630.98,5.35,23080,127
'201701','519',' 양지사거리','정기','M','40대',4,394.69,3.22,13840,89
'201701','520',' 상왕십리역 4번 출구 앞','정기','M','40대',14,1284.38,10.26,44170,230
'201701','521',' 왕십리역 11번 출구 앞','정기','M','40대',4,307.09,2.29,9860,57
'201701','122',' 신성기사식당 앞','정기','M','40대',10,908.37,7.27,31310,169
'201701','524',' 래미안금호하이리버 아파트 102동 옆','정기','M','40대',7,301.88,2.34,10100,84
'201701','525',' 한양대병원사거리','정기','M','40대',15,2749.53,18.69,80490,427
'201701','526',' 용답토속공원 앞','정기','M','40대',44,1868.36,17.66,75920,399
'201701','529',' 장한평역 8번 출구 앞','정기','M','40대',83,2913.88,25.39,109230,594
'201701','530',' 청계벽산아파트 앞','정기','M','40대',12,659.41,5.68,24530,134
'201701','533',' 우리은행 금호동 지점 앞','정기','M','40대',2,420.04,3.28,14160,69
'201701','534',' 금호사거리','정기','M','40대',4,328.83,2.48,10680,55
'201701','535',' 응봉삼거리','정기','M','40대',4,649.61,4.41,19040,108
'201701','536',' 행당역 2번출구 앞','정기','M','40대',5,398.12,2.94,12710,69
'201701','537',' 한양대후문역 부근','정기','M','40대',24,3281.08,25.36,109300,701
'201701','123',' 문화촌 공원','정기','M','40대',26,3791.6,30.85,132990,681
'201701','538',' 답십리역 8번출구 앞','정기','M','40대',49,2302.32,20.48,88190,554
'201701','550',' 서울시설공단 앞','정기','M','40대',34,3976.25,32.96,142050,573
'201701','539',' 군자교교차로','정기','M','40대',16,877.76,7.78,33500,185
'201701','540',' 군자역 7번출구 베스트샵 앞','정기','M','40대',36,5522.85,38.69,166750,923
'201701','542',' 강변역 4번출구 뒤','정기','M','40대',20,2312.82,14.3,61730,327
'201701','543',' 구의공원(테크노마트 앞)','정기','M','40대',13,680.67,5.17,22290,131
'201701','544',' 광남중학교','정기','M','40대',10,568.28,3.92,16850,96
'201701','546',' 잠실대교북단 교차로','정기','M','40대',17,777.79,6.11,26360,275
'201701','548',' 자양나들목','정기','M','40대',18,909.42,7.71,33340,168
'201701','549',' 아차산역 3번출구','정기','M','40대',54,1763.4,14.96,64110,335
'201701','124',' 서강대 정문 건너편','정기','M','40대',13,946.13,7.62,32880,249
'201701','600',' 휘경2동 주민센터','정기','M','40대',52,6886.07,45.38,195570,1190
'201701','601',' 용신동주민센터','정기','M','40대',36,1968.99,16.89,72880,511
'201701','602',' 장안동 사거리','정기','M','40대',26,3065.72,25.8,111220,377
'201701','604',' 답십리초등학교 옆 공원','정기','M','40대',21,684.92,5.08,21730,182
'201701','605',' 신설동역8번출구','정기','M','40대',24,4912.08,40.79,175850,482
'201701','606',' 휘경공고앞','정기','M','40대',1,203.07,1.49,6410,24
'201701','607',' 신이문역 2번출구','정기','M','40대',12,1498.84,12.74,54860,317
'201701','608',' 전농삼성아파트','정기','M','40대',2,67.24,0.51,2200,15
'201701','609',' 제기2교','정기','M','40대',16,1853.7,15.95,68770,343
'201701','125',' 서강대 남문 옆','정기','M','40대',12,555.59,4.9,21160,175
'201701','610',' 동대문중 교차로','정기','M','40대',43,2683.58,21.15,91090,497
'201701','612',' 시립동부병원 앞 사거리','정기','M','40대',38,2017.32,16.25,69940,334
'201701','613',' 신설동역 10번출구 앞','정기','M','40대',32,1887.14,16.54,71220,403
'201701','614',' 용두동 사거리','정기','M','40대',32,1860.61,14.76,63560,432
'201701','615',' 용두동 레미안허브리츠아파트 앞','정기','M','40대',25,1899.27,15.54,67000,424
'201701','616',' 서울시립대 앞','정기','M','40대',16,825.29,6.26,26970,121
'201701','617',' 청솔우성아파트 앞','정기','M','40대',42,2722.01,22.26,95870,469
'201701','227',' 양평2나들목 보행통로 입구','정기','M','40대',15,1184.67,8.83,38040,206
'201701','228',' 선유도역 3번출구 앞','정기','M','40대',56,1732.98,13.57,58550,505
'201701','229',' 양평1 보행육교 앞','정기','M','40대',67,4983.31,35.23,151900,1185
'201701','126',' 서강대 후문 옆','정기','M','40대',4,792.91,6.55,28200,95
'201701','231',' 남부고용노동지청 남측','정기','M','40대',7,471,3.76,16180,92
'201701','232',' 양평우림 이비즈센타 앞','정기','M','40대',24,1767.86,15.62,67260,376
'201701','233',' YP 센터 앞','정기','M','40대',1,48.55,0.42,1830,8
'201701','234',' 영등포구민체육센터 앞','정기','M','40대',4,82.41,0.64,2730,23
'201701','235',' 신길동 우리은행 옆','정기','M','40대',18,880.68,7.45,32170,166
'201701','236',' 문래동자이아파트 앞','정기','M','40대',20,831.29,6.54,28190,146
'201701','237',' 보라매 두산위브 건너편','정기','M','40대',20,1476.52,11.24,48510,265
'201701','238',' 제2구민체육센타 앞','정기','M','40대',41,2941.52,19.45,83950,596
'201701','239',' 유스호스텔 앞','정기','M','40대',20,1232.8,9.58,41380,243
'201701','240',' 문래역 4번출구 앞','정기','M','40대',23,1606.34,12.7,54830,379
'201701','127',' 현대벤처빌 앞','정기','M','40대',11,628.79,5,21560,118
'201701','241',' 신길우성1차아파트 앞 공원','정기','M','40대',4,412.83,3.61,15560,76
'201701','242',' 신길선원가와인아파트 앞','정기','M','40대',20,1409.62,12.72,54790,359
'201701','243',' 이앤씨드림타워 앞','정기','M','40대',20,1880.37,16.24,69940,368
'201701','244',' 영등포삼환아파트 앞','정기','M','40대',22,2243.03,18.21,78620,408
'201701','245',' 삼성생명 당산사옥 앞','정기','M','40대',13,614.12,4.88,20960,245
'201701','247',' 당산역 10번출구 앞','정기','M','40대',30,1229.18,10.27,44190,283
'201701','248',' 초원아파트 앞','정기','M','40대',11,716.71,5.87,25250,133
'201701','249',' 여의도중학교 옆','정기','M','40대',3,634.3,4.35,18750,95
'201701','250',' 대림아파트 사거리','정기','M','40대',32,1858.8,13.95,60130,327
'201701','251',' 서울지방병무청 버스정류장','정기','M','40대',9,305.56,2.23,9660,56
'201701','101',' (구)합정동 주민센터','정기','M','40대',1,44.09,0.3,1310,6
'201701','128',' 신촌역(2호선) 1번출구 옆','정기','M','40대',19,2308.38,20.14,86800,491
'201701','252',' 보라매역4번출구','정기','M','40대',5,592.28,4.24,18300,163
'201701','253',' 신풍역 5번출구 인근','정기','M','40대',9,620.09,4.83,20790,91
'201701','254',' 도림신협 앞','정기','M','40대',2,111.97,1.01,4350,51
'201701','255',' 도림4거리','정기','M','40대',1,75.08,0.55,2370,25
'201701','256',' 동아에코빌입구','정기','M','40대',3,130.25,1.17,5060,140
'201701','257',' 신길삼거리(우리은행)','정기','M','40대',22,2671.51,23.09,99490,633
'201701','258',' 신길역3번출구','정기','M','40대',6,421.32,3.43,14750,83
'201701','259',' 대방역6번출구','정기','M','40대',112,6882.46,54.99,237120,1293
'201701','700',' KB국민은행 염창역 지점 앞','정기','M','40대',2,193.53,1.41,6040,60
'201701','129',' 신촌역(2호선) 6번출구 옆','정기','M','40대',11,625.68,5.21,22390,199
'201701','702',' 목4동주민센터 옆','정기','M','40대',4,161.11,1.2,5150,37
'201701','703',' 오목교역 7번출구 앞','정기','M','40대',46,3482.44,28.72,123810,743
'201701','704',' 남부법원검찰청 교차로','정기','M','40대',17,2123.85,17.61,75930,414
'201701','706',' 신정네거리역','정기','M','40대',5,512.02,3.1,13390,89
'201701','707',' 신정3동주민센터','정기','M','40대',13,878.59,6.29,27150,117
'201701','708',' 서울출입국관리사무소 앞','정기','M','40대',31,2382.05,18.43,79490,796
'201701','709',' 신정3동 현장민원실 앞','정기','M','40대',24,1925.65,17.39,74930,335
'201701','710',' 서부화물트럭터미널 사거리','정기','M','40대',1,98.21,0.58,2480,20
'201701','712',' 강월초교입구 사거리','정기','M','40대',3,245.76,1.87,8050,53
'201701','130',' 신촌역(2호선) 7번출구 앞','정기','M','40대',20,943.13,7.47,32190,191
'201701','714',' 한국SGI 양천문화회관 앞','정기','M','40대',3,754.3,5.52,23810,130
'201701','800',' 목월공원 앞','정기','M','40대',9,1265.72,10.45,45050,251
'201701','802',' 한강진역 2번 출구 앞','정기','M','40대',2,266.06,2.01,8640,40
'201701','803',' 한남초교 앞 보도육교','정기','M','40대',8,1204.13,9.44,40680,320
'201701','805',' 문배어린이공원 앞','정기','M','40대',10,699.17,5.11,22070,177
'201701','806',' 전자랜드 본관 앞','정기','M','40대',11,627.5,5.15,22180,113
'201701','807',' 서울역 12번 출구 앞','정기','M','40대',2,90.81,0.56,2440,31
'201701','808',' 서빙고동 금호맨션 앞','정기','M','40대',2,235.54,2.14,9240,53
'201701','131',' 증산2교','정기','M','40대',6,636.94,4.91,21170,105
'201701','809',' 한남 유수지 복개주차장','정기','M','40대',34,9914.18,69.62,300130,1536
'201701','810',' 이태원지하보도','정기','M','40대',4,1274.05,10.96,47220,216
'201701','811',' 녹사평역1번출구','정기','M','40대',27,1899.68,14.75,63600,339
'201701','812',' 용산전쟁기념관','정기','M','40대',5,246.01,1.7,7340,48
'201701','813',' 삼각지역 3번출구','정기','M','40대',13,1352.54,9.41,40540,214
'201701','815',' LIG강촌아파트 103동앞','정기','M','40대',5,569.37,5.79,24970,130
'201701','385',' 종각역 5번출구','정기','M','40대',40,2619.15,21.88,94280,527
'201701','386',' 올림픽기념 국민생활관 앞','정기','M','40대',51,4778.05,36.32,156630,839
'201701','387',' 훈련원공원주차장 앞','정기','M','40대',3,180.09,1.29,5550,67
'201701','181',' 망원초록길 입구','정기','M','40대',1,139.95,1.37,5890,36
'201701','132',' 창천문화공원','정기','M','40대',9,362.38,3.2,13760,144
'201701','182',' 망원2빗물펌프장 앞','정기','M','40대',7,1264.72,10.03,43240,238
'201701','183',' 하늘채코오롱아파트 건너편','정기','M','40대',47,1996.88,17.27,74310,407
'201701','184',' SK망원동주유소 건너편','정기','M','40대',6,324.35,2.91,12530,77
'201701','185',' 마포 신수공원 앞','정기','M','40대',44,3292.85,25.83,111410,541
'201701','186',' 월드컵공원','정기','M','40대',18,2675.04,21.92,94540,521
'201701','177',' 북가좌 초등학교','정기','M','40대',1,45.46,0.38,1640,8
'201701','188',' 홍은동 정원여중 입구','정기','M','40대',16,1934.61,15.93,68720,342
'201701','191',' 정명학원','정기','M','40대',1,26.51,0.24,1030,4
'201701','192',' 연서어린이공원','정기','M','40대',2,89.85,0.8,3450,29
'201701','178',' 증산3교 앞','정기','M','40대',15,455.79,3.62,15640,83
'201701','133',' 해담는다리','정기','M','40대',4,191.24,1.71,7430,40
'201701','194',' 증산교 앞','정기','M','40대',15,574.23,4.77,20610,98
'201701','195',' 모래내고가차도 ','정기','M','40대',23,1135.73,10.83,46690,335
'201701','196',' 연희교차로 인근','정기','M','40대',1,29.7,0.29,1250,8
'201701','198',' 충정2교','정기','M','40대',26,1370.65,11.46,49460,293
'201701','557',' 도선동 주민센터 앞','정기','M','40대',6,234.91,1.95,8410,64
'201701','558',' 성동광진 교육지원청 앞','정기','M','40대',17,630.52,5.01,21600,124
'201701','134',' 연세로 명물길','정기','M','40대',6,269.12,1.96,8460,52
'201701','559',' 왕십리역 4번 출구 건너편','정기','M','40대',11,919.91,8,34490,209
'201701','560',' 비전교회 앞','정기','M','40대',2,120.5,1.09,4700,22
'201701','561',' 서울숲역 2번출구 앞','정기','M','40대',7,328.58,2.5,10750,58
'201701','562',' 군자지하보도 앞','정기','M','40대',6,601.32,5.2,22390,104
'201701','563',' 성동세무서 건너편','정기','M','40대',49,3201.3,25.82,111390,539
'201701','564',' 금호역 3번출구','정기','M','40대',2,84.67,0.77,3330,21
'201701','565',' 옥수역 3번출구','정기','M','40대',39,7836.69,54.53,234940,1422
'201701','567',' 성수역 2번출구 앞','정기','M','40대',66,4216.52,30.86,132710,419
'201701','568',' 청계8가사거리 부근','정기','M','40대',60,2944.31,21.93,94460,654
'201701','135',' 명물길 원형무대 앞','정기','M','40대',3,262.86,2.24,9700,37
'201701','569',' 응봉현대아파트 정류소','정기','M','40대',13,414.88,3.68,15840,140
'201701','578',' 성동세무서 부근','정기','M','40대',35,3615.23,28.06,120930,664
'201701','579',' 마장역 4번출구','정기','M','40대',17,806.76,5.7,24580,133
'201701','580',' 신금호역 3번출구 뒤','정기','M','40대',1,16.79,0.12,530,2
'201701','581',' 용답초등학교','정기','M','40대',37,3078.53,23.95,103270,505
'201701','582',' 경일중학교 앞','정기','M','40대',9,245.4,1.81,7790,37
'201701','583',' 청계천 생태교실 앞','정기','M','40대',43,5042.67,41.05,176810,1334
'201701','551',' 구의삼성쉐르빌 앞','정기','M','40대',2,148.07,1.28,5510,42
'201701','552',' 대림아크로리버 앞','정기','M','40대',19,2602.3,19.6,84510,450
'201701','553',' 중곡 성원APT 앞','정기','M','40대',11,451.71,4.01,17230,77
'201701','554',' 아차산역 사거리','정기','M','40대',62,4433.42,37.08,159840,876
'201701','555',' 구의3동주민센터','정기','M','40대',5,337.06,2.49,10720,81
'201701','571',' 어린이대공원역6번출구','정기','M','40대',12,476.74,3.79,16290,112
'201701','572',' 국립정신 건강센터 앞','정기','M','40대',14,740.43,6.45,27850,154
'201701','573',' 구의문주차장 앞','정기','M','40대',21,1612.33,12.45,53590,336
'201701','574',' 아차산역4번출구','정기','M','40대',27,1813.48,12.8,55040,384
'201701','575',' 중앙농협 중곡지점','정기','M','40대',6,519.46,4.42,19080,151
'201701','576',' 광나루역 3번 출구','정기','M','40대',10,1321.76,9.72,41870,270
'201701','577',' 광진청소년수련관','정기','M','40대',30,2722.66,22.83,98400,833
'201701','621',' 동대문중학교 옆','정기','M','40대',8,379.64,3.04,13100,79
'201701','137',' NH농협 신촌지점 앞','정기','M','40대',7,293.44,2.81,12060,122
'201701','622',' 전농사거리 교통섬','정기','M','40대',57,1423.86,12.48,54190,349
'201701','623',' 서울시립대 정문 앞','정기','M','40대',66,2094.35,18.27,79290,412
'201701','624',' 전농동 동아아파트 앞','정기','M','40대',6,141.31,1.27,5450,27
'201701','625',' 답십리초등학교 앞(현대시장 옆)','정기','M','40대',15,969.56,7.28,31310,142
'201701','626',' 군자교 서측 녹지대','정기','M','40대',24,1959.67,16.38,70570,363
'201701','627',' 장안동삼거리 교통섬','정기','M','40대',2,46.33,0.38,1630,8
'201701','628',' 휘봉고등학교 앞','정기','M','40대',1,17.42,0.12,500,1
'201701','630',' 동대문구 보건소','정기','M','40대',8,806.05,6.23,26800,204
'201701','631',' 답십리역 1번출구','정기','M','40대',50,4513.96,33.49,144400,764
'201701','102',' 망원역 1번출구 앞','정기','M','40대',44,4290.05,40.28,173600,1092
'201701','138',' 신촌동 제1공영주차장 앞','정기','M','40대',4,193.11,1.71,7350,34
'201701','633',' 청량리 기업은행 앞','정기','M','40대',30,1852.71,16.05,69200,406
'201701','634',' 외국어대 정문 앞','정기','M','40대',33,2766.56,23.83,102640,676
'201701','635',' 시조사 앞 (청량고정문 옆)','정기','M','40대',13,3255.79,25.76,110990,446
'201701','636',' 세종대왕기념관 교차로','정기','M','40대',33,1567.5,13.86,59770,409
'201701','637',' KAIST 경영대학 앞','정기','M','40대',3,171.12,1.41,6110,67
'201701','638',' 서울시립대 정보기술관','정기','M','40대',29,1838.29,13.86,59800,352
'201701','639',' 서울시립대 후문','정기','M','40대',26,1632.55,12.51,53850,266
'201701','640',' KEB하나은행 청량리역지점','정기','M','40대',9,286.98,2.37,10280,81
'201701','641',' 용두역 4번출구','정기','M','40대',10,640.9,5.11,22060,186
'201701','642',' 신답역 사거리','정기','M','40대',35,1470.99,11.75,50590,281
'201701','140',' 이화여대 후문','정기','M','40대',2,52.63,0.56,2400,18
'201701','643',' 동대문구민체육센터 (육교아래)','정기','M','40대',16,1217.92,8.77,37810,231
'201701','230',' 영등포구청역 1번출구','정기','M','40대',30,666.53,5.79,24960,153
'201701','260',' 여의도 마리나선착장 앞','정기','M','40대',22,2164.14,17.73,76390,391
'201701','262',' 영문초등학교 사거리','정기','M','40대',21,596.12,5.02,21630,196
'201701','263',' 근로자회관 사거리','정기','M','40대',8,812.79,6.84,29510,170
'201701','264',' 교보생명보험 앞','정기','M','40대',18,451.48,4.12,17770,176
'201701','265',' 영등포유통상가 사거리','정기','M','40대',3,333.33,2.67,11500,62
'201701','141',' 연대 대운동장 옆','정기','M','40대',1,46.65,0.44,1900,25
'201701','266',' 영등포청과시장 사거리','정기','M','40대',16,1357.72,10.25,44180,270
'201701','267',' 삼성화재 사옥 옆','정기','M','40대',7,228.23,1.64,7110,39
'201701','268',' 그랜드컨벤션센터 앞','정기','M','40대',22,1510.72,11.97,51650,300
'201701','270',' 증권거래소후문교차로','정기','M','40대',20,1281.31,10.75,46310,233
'201701','271',' 샛강생태공원방문자센터 앞','정기','M','40대',38,1397.03,11,47560,219
'201701','272',' 당산육갑문','정기','M','40대',45,5042.93,38.38,165340,750
'201701','716','신정6동 주민센터 인근','정기','M','40대',24,1855.57,14.42,62250,453
'201701','139',' 연세대 정문 건너편','정기','M','40대',6,383.83,3.37,14530,100
'201701','719',' 홍익병원앞 교차로','정기','M','40대',1,147.19,0.96,4130,63
'201701','720',' 서울강월초등학교 앞','정기','M','40대',5,415.65,3.81,16400,114
'201701','816',' 신용산역 6번출구 앞','정기','M','40대',17,1902.56,13.33,57480,440
'201701','817',' 삼각지역 4번출구 앞','정기','M','40대',4,357.57,3.28,14130,87
'201701','819',' 선린인터넷 고등학교','정기','M','40대',22,2010.97,14.6,63050,420
'201701','820',' 청파동입구 교차로','정기','M','40대',10,708.44,5.6,24120,142
'201701','822',' 이촌1동 마을공원','정기','M','40대',21,2405.66,20.47,88300,401
'201701','823',' 효창동주민센터 앞','정기','M','40대',7,669.39,4.2,18050,165
'201701','825',' 서빙고동 주민센터 앞','정기','M','40대',49,8994.68,65.33,281580,1761
'201701','199',' 서울 월드컵 경기장','정기','M','40대',11,672.94,4.84,20860,133
'201701','388',' 동성중학교 앞','정기','M','40대',12,703.37,5.68,24520,156
'201701','584',' 광진광장 교통섬','정기','M','40대',3,159.07,1.24,5300,33
'201701','585',' 성수2가1동 공영주차장 인근','정기','M','40대',22,5533.23,46.04,198390,823
'201701','586',' 마장동 주민센터','정기','M','40대',5,477.79,4.07,17500,126
'201701','900',' 은평예술회관','정기','M','40대',27,1042.57,7.61,32820,227
'201701','901',' 응암1동사무소','정기','M','40대',2,131.28,0.94,4060,25
'201701','200',' 국회의원회관','정기','M','40대',77,7614.84,60.42,260440,1273
'201701','902',' 진관동 은빛초등학교','정기','M','40대',5,391.03,2.47,10680,67
'201701','903',' 은평뉴타운 아이파크','정기','M','40대',14,589.34,4.77,20600,97
'201701','904',' 은평뉴타운 푸르지오','정기','M','40대',25,1807.16,15.39,66280,329
'201701','905',' 구파발역 2번출구','정기','M','40대',41,1945.87,16.15,69630,323
'201701','906',' 연신내역 5번출구150M 아래','정기','M','40대',17,959.3,7.66,33080,166
'201701','907',' CJ 드림시티','정기','M','40대',22,1942.14,14.63,63000,429
'201701','908',' 구산역 4번출구','정기','M','40대',9,642.02,5.06,21770,107
'201701','909',' 백련산 힐스테이트 3차','정기','M','40대',11,823.84,6.83,29430,159
'201701','911',' 은평평화공원(역촌역4번출구)','정기','M','40대',12,522.24,4.23,18270,97
'201701','201',' 진미파라곤 앞','정기','M','40대',50,4307.48,34.75,150000,887
'201701','912',' 응암오거리','정기','M','40대',11,710.08,6.18,26610,148
'201701','913',' 이마트 은평점','정기','M','40대',18,702.05,5.49,23670,171
'201701','914',' 새절역 2번출구','정기','M','40대',10,954.05,8.08,34780,190
'201701','915',' 증산역 4번출구','정기','M','40대',9,1322.56,11.1,47830,136
'201701','917',' 녹번역 4번출구','정기','M','40대',30,1296.61,9.3,39890,243
'201701','919',' 서울혁신파크','정기','M','40대',7,539,3.45,14900,82
'201701','921',' 신도고등학교','정기','M','40대',5,508.82,4.01,17270,94
'201701','202',' 국민일보 앞','정기','M','40대',94,4116.75,31.9,137550,815
'201701','922',' 연신내역 4번출구','정기','M','40대',3,390.92,3.33,14310,67
'201701','923',' 국민은행 연서지점','정기','M','40대',15,1833.91,14.82,63890,384
'201701','924',' 메뚜기다리','정기','M','40대',7,527.77,4.36,18760,101
'201701','925',' 불광역 2번출구','정기','M','40대',11,685.09,5.66,24360,128
'201701','926',' 불광역 8번출구','정기','M','40대',23,1790.28,14.39,62040,398
'201701','927',' 연신내역 3번출구 인근','정기','M','40대',12,1552.36,12.25,52810,343
'201701','930',' 구 서부경찰서 건너편','정기','M','40대',2,289,2.48,10710,62
'201701','931',' 역촌파출소','정기','M','40대',6,592.17,4.79,20600,92
'201701','932',' 예일여중','정기','M','40대',11,966.96,7.63,32850,160
'201701','933',' LG서비스 역촌점','정기','M','40대',11,636.82,5.02,21650,155
'201701','587',' KEB하나은행 성수중앙지점','정기','M','40대',5,289.24,2.08,8940,126
'201701','588',' 뚝섬 유원지역','정기','M','40대',5,294.34,2.35,10150,80
'201701','103',' 망원역 2번출구 앞','정기','M','40대',9,733.16,6.11,26310,165
'201701','204',' 국회의사당역 5번출구 옆','정기','M','40대',39,1902.19,14.78,63910,326
'201701','203',' 국회의사당역 3번출구 옆','정기','M','40대',83,8151.12,61.95,266980,1484
'201701','205',' 산업은행 앞','정기','M','40대',20,2081.04,16.1,69500,455
'201701','206',' KBS 앞','정기','M','40대',71,3992.98,35.32,152220,838
'201701','209',' 유진투자증권빌딩 앞','정기','M','40대',33,772.27,5.77,24890,173
'201701','210',' IFC몰','정기','M','40대',90,5732.78,41.88,180450,1234
'201701','211',' 여의도역 4번출구 옆','정기','M','40대',129,5187.83,38.21,164650,920
'201701','212',' 여의도역 1번출구 옆','정기','M','40대',23,1093.32,7.8,33710,162
'201701','213',' KT앞','정기','M','40대',116,6391.06,49.69,214240,1265
'201701','104',' 합정역 1번출구 앞','정기','M','40대',31,2457.5,19.5,84160,611
'201701','214',' 금융감독원 앞','정기','M','40대',57,2977.17,23.59,101700,461
'201701','218',' 증권거래소 앞','정기','M','40대',29,1242.58,9.86,42520,228
'201701','219',' 롯데캐슬엠파이어 옆','정기','M','40대',41,1998.92,16.5,71080,411
'201701','220',' 미성아파트 A동 앞','정기','M','40대',23,1137.6,8.34,36010,206
'201701','215',' 여의도고교 앞','정기','M','40대',22,831.54,6.18,26600,135
'201701','216',' 삼부아파트1동 앞','정기','M','40대',146,17683.09,129.85,559570,2720
'201701','217',' NH농협은행 앞','정기','M','40대',90,7288.7,63.46,273620,1221
'201701','221',' 여의도초교 앞','정기','M','40대',87,4220.06,32.64,140590,869
'201701','222',' 시범아파트버스정류장 옆','정기','M','40대',61,3055.02,24.31,104900,658
'201701','223',' 진주아파트상가 앞','정기','M','40대',80,2561.65,18.8,81320,431
'201701','105',' 합정역 5번출구 앞','정기','M','40대',9,777.14,6.28,27030,136
'201701','224',' 롯데캐슬 앞','정기','M','40대',97,3014.25,25.18,108630,673
'201701','225',' 앙카라공원 앞','정기','M','40대',51,1694.31,13.38,57490,333
'201701','226',' 샛강역 1번출구 앞','정기','M','40대',43,2882.42,21.28,91610,577
'201701','207',' 여의나루역 1번출구 앞','정기','M','40대',123,9257.61,68.67,296420,1432
'201701','401',' 상암월드컵파크 10단지 앞','정기','M','40대',16,1441.83,11.05,47600,217
'201701','402',' 상암월드컵파크 9단지 앞','정기','M','40대',61,2793.59,21.33,91980,658
'201701','403',' 부엉이공원 앞','정기','M','40대',24,1852.97,14.36,61960,355
'201701','106',' 합정역 7번출구 앞','정기','M','40대',42,3446.14,27.3,117730,680
'201701','405',' DMC빌 앞','정기','M','40대',43,1863.31,15.18,65560,499
'201701','406',' 상암월드컵파크 7단지 앞','정기','M','40대',36,2452.45,19.97,85950,493
'201701','421',' 마포구청 앞','정기','M','40대',73,8921.71,78.81,339750,1498
'201701','407',' 마포구 육아종합지원센터','정기','M','40대',10,437.12,3.33,14270,146
'201701','408',' LG CNS앞','정기','M','40대',77,3679.49,31.14,134180,839
'201701','420',' 서울시 공공자전거 상암센터','정기','M','40대',5,350.83,2.7,11670,104
'201701','409',' 누리꿈스퀘어 옆','정기','M','40대',87,4715.69,39.21,169180,1142
'201701','419',' 홈플러스 앞','정기','M','40대',19,2056.57,16.4,70710,314
'201701','410',' 상암중학교 옆','정기','M','40대',45,1855.52,15.76,67920,417
'201701','418',' 월드컵경기장역 3번출구 옆','정기','M','40대',26,2296.03,19.7,85170,373
'201701','107',' 신한은행 서교동금융센터점 앞','정기','M','40대',103,3304.93,26.89,115340,1351
'201701','411',' DMC홍보관','정기','M','40대',33,1427.43,11.52,49880,310
'201701','412',' DMC산학협력연구센터 앞','정기','M','40대',33,4298.8,36.58,157710,696
'201701','413',' 상암월드컵파크 3단지 후문','정기','M','40대',54,5184.12,41.09,177030,899
'201701','417',' DMC역 2번출구 옆','정기','M','40대',67,8023.13,63.91,275620,1272
'201701','414',' 상암동주민센터 옆','정기','M','40대',31,2629.46,23.04,99330,559
'201701','415',' DMC역 9번출구 앞','정기','M','40대',117,5160.08,41.59,179430,1047
'201701','416',' 상암월드컵파크 1단지 교차로','정기','M','40대',39,1022.72,9.17,39450,209
'201701','500',' 어린이대공원역 3번출구 앞','정기','M','40대',43,2382.31,20.43,88020,506
'201701','501',' 광진구의회 앞','정기','M','40대',24,2065.99,17.07,73690,461
'201701','502',' 뚝섬유원지역 1번출구 앞','정기','M','40대',39,2532.48,19.88,85820,413
'201701','108',' 서교동 사거리','정기','M','50대',3,318.54,2.57,11070,55
'201701','503',' 더샵스타시티 C동 앞','정기','M','50대',4,123.08,1.02,4440,25
'201701','505',' 자양사거리 광진아크로텔 앞','정기','M','50대',3,241.51,1.98,8520,45
'201701','506',' 금호 어울림 아파트 앞','정기','M','50대',1,13.03,0.11,470,3
'201701','507',' 성수아이에스비즈타워 앞','정기','M','50대',4,1025.73,8.97,38660,181
'201701','508',' 성수아카데미타워 앞','정기','M','50대',23,1199.35,10.66,46030,319
'201701','509',' 이마트 버스정류소 옆','정기','M','50대',6,388.49,3.31,14220,79
'201701','510',' 서울숲 남문 버스정류소 옆','정기','M','50대',1,23.68,0.21,920,7
'201701','511',' 서울숲역 4번 출구 옆','정기','M','50대',13,1961.07,15.41,66380,377
'201701','512',' 뚝섬역 1번 출구 옆','정기','M','50대',14,1500.15,13.5,58150,392
'201701','513',' 뚝섬역 5번 출구 정류소 옆','정기','M','50대',13,509.49,4.47,19250,99
'201701','514',' 성수사거리 버스정류장 앞','정기','M','50대',25,950.89,8.31,35860,237
'201701','516',' 광진메디칼 앞','정기','M','50대',10,438.11,3.67,15910,81
'201701','300',' 정동사거리','정기','M','50대',54,2582.69,20.04,86240,500
'201701','301',' 경복궁역 7번출구 앞','정기','M','50대',11,404.22,3.21,13870,221
'201701','302',' 경복궁역 4번출구 뒤','정기','M','50대',38,1303.3,10.31,44350,289
'201701','303',' 광화문역 1번출구 앞','정기','M','50대',49,1822.24,13.76,59270,404
'201701','115',' 사루비아 빌딩 앞','정기','M','50대',12,651.39,5.93,25530,203
'201701','304',' 광화문역 2번출구 앞','정기','M','50대',23,1394.49,10.91,46880,304
'201701','305',' 종로구청 옆','정기','M','50대',33,1482.8,11.11,47830,311
'201701','306',' 광화문역 7번출구 앞','정기','M','50대',22,810.9,7.07,30450,191
'201701','307',' 서울역사박물관 앞','정기','M','50대',9,555,4.44,19080,116
'201701','308',' 광화문 S타워 앞','정기','M','50대',2,104.21,0.9,3870,20
'201701','309',' 광화문역 6번출구 옆','정기','M','50대',7,753.85,5.85,25220,170
'201701','310',' 청계광장 옆','정기','M','50대',35,1432.13,11.09,47820,391
'201701','311',' 서울광장 옆','정기','M','50대',22,1565.39,12.83,55320,442
'201701','312',' 시청역 1번출구 뒤','정기','M','50대',17,717.98,6.08,26170,164
'201701','313',' 서울역 광장 파출소 옆','정기','M','50대',6,460.36,3.53,15190,77
'201701','110',' 사천교','정기','M','50대',1,0,0,0,11
'201701','314',' 국립현대미술관','정기','M','50대',15,799.71,6.83,29330,129
'201701','315',' 신한은행 안국역지점 옆','정기','M','50대',3,161.8,1.31,5640,36
'201701','316',' 종각역 1번출구 앞','정기','M','50대',20,1189.83,10.17,43780,302
'201701','318',' 광교사거리 남측','정기','M','50대',15,515.41,4.38,18950,126
'201701','320',' 을지로입구역 4번출구 앞','정기','M','50대',9,332.87,3.06,13180,84
'201701','321',' KEB 하나은행 본점 앞','정기','M','50대',1,27.24,0.2,860,6
'201701','322',' 명동성당 앞','정기','M','50대',9,638.47,4.82,20800,129
'201701','116',' 일진아이윌아파트 옆','정기','M','50대',8,308.59,2.36,10180,58
'201701','324',' 신세계백화점 본점 앞','정기','M','50대',2,172.31,1.36,5880,23
'201701','326',' 안국역 5번출구 앞','정기','M','50대',36,2969.21,26.91,116030,679
'201701','327',' 낙원상가 옆','정기','M','50대',15,825.65,6.99,30130,174
'201701','328',' 탑골공원 앞','정기','M','50대',19,1039.92,8.59,37100,297
'201701','329',' 청계2가 사거리 옆','정기','M','50대',9,396.34,3.48,14990,172
'201701','330',' 청계천 한빛광장','정기','M','50대',6,335.45,2.92,12560,66
'201701','331',' 을지로2가 사거리 북측','정기','M','50대',3,387.44,3.6,15530,134
'201701','332',' 을지로2가 사거리 남측','정기','M','50대',5,249.96,2.05,8850,92
'201701','111',' 상수역 2번출구 앞','정기','M','50대',3,300.9,2.71,11690,51
'201701','334',' 종로3가역 2번출구 뒤','정기','M','50대',47,3682.04,32.79,141120,877
'201701','335',' 종로3가역 15번출구 앞','정기','M','50대',35,3381.16,29.07,125300,695
'201701','336',' 티마크 호텔 앞','정기','M','50대',13,711.3,5.61,24250,144
'201701','337',' 창경궁 입구','정기','M','50대',2,156.48,1.17,5030,27
'201701','338',' 세운스퀘어 앞','정기','M','50대',22,1223.62,10.72,46240,412
'201701','339',' 종로4가 사거리','정기','M','50대',15,1070.72,9.14,39390,342
'201701','340',' 혜화동 로터리','정기','M','50대',46,3464.23,25.49,109770,973
'201701','341',' 혜화역 3번출구 뒤','정기','M','50대',4,186.23,1.49,6450,31
'201701','342',' 대학로 마로니에공원','정기','M','50대',28,757.62,5.67,24450,310
'201701','343',' 예일빌딩(율곡로) 앞','정기','M','50대',14,370.83,2.83,12080,108
'201701','112',' 극동방송국 앞','정기','M','50대',10,819.22,6.56,28200,168
'201701','344',' 성균관대 E하우스 앞','정기','M','50대',1,53.54,0.39,1690,9
'201701','345',' 서울보증보험본사 앞','정기','M','50대',1,57.31,0.47,2010,11
'201701','346',' 맥스타일 앞','정기','M','50대',5,360.69,3.24,13940,183
'201701','347',' 동대문역사문화공원역 9번출구 앞','정기','M','50대',1,110.4,0.79,3400,29
'201701','349',' 사직동주민센터','정기','M','50대',24,1263.41,9.34,40300,1329
'201701','350','KEB 하나은행(내자동 지점) 앞','정기','M','50대',14,934.9,6.74,29040,186
'201701','351',' 청운초교 앞 삼거리','정기','M','50대',56,3895.9,33.56,144520,843
'201701','352',' 중앙고입구 삼거리','정기','M','50대',3,282.08,2.46,10590,65
'201701','353',' 재동초교 앞 삼거리','정기','M','50대',10,506.07,4.41,19000,166
'201701','117',' 홍은사거리','정기','M','50대',11,928.15,7.59,32750,169
'201701','354',' 포르투갈 대사관 앞','정기','M','50대',26,1817.14,16.1,69370,410
'201701','355',' 서울사대부속초교 앞','정기','M','50대',9,421.35,3.03,13080,182
'201701','356',' KT혜화지사 앞','정기','M','50대',10,483.11,3.57,15400,67
'201701','358',' 성대입구 사거리','정기','M','50대',62,4117.6,34.59,149130,1094
'201701','359',' 원남동사거리','정기','M','50대',1,88.03,0.57,2470,18
'201701','361',' 동묘앞역 1번출구 뒤','정기','M','50대',13,703.47,6.23,26790,311
'201701','362',' 청계8가 사거리','정기','M','50대',23,1027.49,9.95,42750,225
'201701','363',' 신설동역 11번출구 뒤','정기','M','50대',1,29.72,0.26,1120,35
'201701','364',' 창신역 1번출구 앞','정기','M','50대',7,401.24,3.88,16700,76
'201701','113',' 홍대입구역 2번출구 앞','정기','M','50대',40,2185.7,15.87,68400,477
'201701','367',' 독립문역 3-1번출구 ','정기','M','50대',29,1944.13,14.65,63160,392
'201701','368',' SK 서린빌딩 앞','정기','M','50대',6,232.79,1.93,8330,65
'201701','369',' 광화문 시민열린마당','정기','M','50대',4,183.89,1.56,6730,55
'201701','348',' 독립문역 사거리','정기','M','50대',10,412.93,3.51,15190,97
'201701','370',' 시청역(2호선) 9번출구 뒤','정기','M','50대',24,960.32,7.64,32900,362
'201701','371',' 동대입구역 6번출구 뒤','정기','M','50대',1,17.96,0.15,630,3
'201701','372',' 약수역 3번출구 뒤','정기','M','50대',1,97.3,0.88,3780,16
'201701','374',' 청구역 2번출구 앞','정기','M','50대',3,290.26,2.54,10940,159
'201701','118',' 광흥창역 2번출구 앞','정기','M','50대',4,293.26,2.54,10980,64
'201701','377',' 서울역 4번출구 앞','정기','M','50대',6,277.05,2.13,9130,55
'201701','378',' 청계7가 사거리','정기','M','50대',10,859.03,7.48,32200,375
'201701','379',' 서울역9번출구','정기','M','50대',5,206.48,1.54,6660,49
'201701','380',' CJ제일제당 앞','정기','M','50대',8,573.16,4.91,21200,126
'201701','382',' 약수역 10번출구 앞','정기','M','50대',2,160.49,1.35,5830,70
'201701','383',' 신당역 12번 출구 뒤','정기','M','50대',6,458.24,3.66,15780,170
'201701','384',' 종로학원본원 ','정기','M','50대',3,232.01,1.95,8370,39
'201701','114',' 홍대입구역 8번출구 앞','정기','M','50대',6,306.9,2.51,10830,93
'201701','142',' 아현역 4번출구 앞','정기','M','50대',8,284.06,2.37,10240,74
'201701','143',' 공덕역 2번출구','정기','M','50대',19,885.38,7.25,31290,246
'201701','144',' 공덕역 8번출구','정기','M','50대',13,1887.67,14.24,61410,314
'201701','145',' 공덕역 5번출구','정기','M','50대',7,294.51,2.53,10870,68
'201701','146',' 마포역 1번출구 뒤','정기','M','50대',25,3189.47,32.52,140180,692
'201701','147',' 마포역 4번출구 뒤','정기','M','50대',16,2849.71,23.53,101390,514
'201701','148',' 용강동 주민센터 앞','정기','M','50대',14,449.21,3.32,14280,84
'201701','150',' 서강대역 2번출구 앞','정기','M','50대',20,2243.57,19.32,83310,492
'201701','151',' 망원1동주민센터','정기','M','50대',4,533.11,5.58,24040,117
'201701','152',' 마포구민체육센터 앞','정기','M','50대',8,931.05,8.55,36850,218
'201701','119',' 서강나루 공원','정기','M','50대',3,318.22,2.53,10910,79
'201701','153',' 성산2교 사거리','정기','M','50대',2,177.12,2.09,9030,63
'201701','154',' 마포구청역 ','정기','M','50대',4,211.72,1.67,7180,37
'201701','155',' 가좌역1 번출구 뒤','정기','M','50대',1,59.32,0.5,2140,7
'201701','156',' 서울서부지방법원 앞','정기','M','50대',13,957.35,7.62,32910,163
'201701','157',' 애오개역 4번출구 앞','정기','M','50대',9,615.03,4.91,21100,162
'201701','158',' 독립문 어린이 공원','정기','M','50대',25,1465.14,11.73,50490,327
'201701','159',' 이대역 4번 출구','정기','M','50대',4,346.92,2.98,12830,107
'201701','160',' 북아현동 가구거리','정기','M','50대',8,765,6.32,27190,173
'201701','161',' 무악재역1번 출구','정기','M','50대',7,670.16,5.45,23530,110
'201701','120',' 신수동 사거리','정기','M','50대',1,33.26,0.32,1400,9
'201701','163',' 명지전문대학교 정문 앞','정기','M','50대',4,198.68,1.58,6850,127
'201701','164',' 북가좌1동 주민센터 ','정기','M','50대',1,87.76,0.62,2670,13
'201701','165',' 중앙근린공원','정기','M','50대',8,581.93,5.21,22430,112
'201701','166',' 가재울 초등학교','정기','M','50대',43,2328.07,20.02,86180,633
'201701','167',' 연가초등학교 옆','정기','M','50대',9,953.03,8.44,36370,117
'201701','168',' 남가좌동 사거리','정기','M','50대',5,282.25,2.23,9610,46
'201701','169',' 북가좌 삼거리','정기','M','50대',13,2959.29,21.04,90600,404
'201701','171',' 임광빌딩 앞','정기','M','50대',23,1558.29,12.68,54680,299
'201701','172',' 서대문소방서','정기','M','50대',12,741.33,5.83,25120,201
'201701','121',' 마포소방서 앞','정기','M','50대',10,589.75,5.01,21660,141
'201701','173',' 서대문역 8번출구 앞','정기','M','50대',7,545.49,4.01,17290,109
'201701','175',' 홍연2교옆','정기','M','50대',36,3316.6,23.77,102340,735
'201701','179',' 가좌역 4번출구 앞','정기','M','50대',35,2775,21.77,93710,470
'201701','180',' 충정로역 7번출구 뒤','정기','M','50대',13,1082.7,9.09,39240,188
'201701','518',' 청계천 박물관 앞','정기','M','50대',1,35.93,0.29,1260,6
'201701','519',' 양지사거리','정기','M','50대',2,136.81,0.95,4060,27
'201701','520',' 상왕십리역 4번 출구 앞','정기','M','50대',1,95.14,0.72,3120,28
'201701','521',' 왕십리역 11번 출구 앞','정기','M','50대',6,450.7,3.59,15540,83
'201701','522',' 금호역 1번출구 앞','정기','M','50대',1,0,0,0,32
'201701','523',' 옥수동성당 옆','정기','M','50대',2,178.24,1.49,6430,34
'201701','122',' 신성기사식당 앞','정기','M','50대',1,76.33,0.57,2440,17
'201701','524',' 래미안금호하이리버 아파트 102동 옆','정기','M','50대',5,586.05,4.95,21360,118
'201701','525',' 한양대병원사거리','정기','M','50대',1,84.46,0.64,2770,15
'201701','526',' 용답토속공원 앞','정기','M','50대',5,153.94,1.34,5780,35
'201701','529',' 장한평역 8번 출구 앞','정기','M','50대',23,1253.3,10.65,46000,299
'201701','530',' 청계벽산아파트 앞','정기','M','50대',2,188.5,1.38,5950,75
'201701','533',' 우리은행 금호동 지점 앞','정기','M','50대',1,37.98,0.32,1370,9
'201701','534',' 금호사거리','정기','M','50대',2,267.94,2.31,9950,51
'201701','536',' 행당역 2번출구 앞','정기','M','50대',1,35.94,0.28,1210,5
'201701','537',' 한양대후문역 부근','정기','M','50대',1,55.98,0.53,2280,18
'201701','123',' 문화촌 공원','정기','M','50대',2,85.69,0.64,2780,15
'201701','538',' 답십리역 8번출구 앞','정기','M','50대',14,694.22,6.26,26970,139
'201701','550',' 서울시설공단 앞','정기','M','50대',9,576.68,5,21640,172
'201701','539',' 군자교교차로','정기','M','50대',3,215.76,1.68,7270,45
'201701','540',' 군자역 7번출구 베스트샵 앞','정기','M','50대',7,312.94,2.48,10680,87
'201701','543',' 구의공원(테크노마트 앞)','정기','M','50대',1,62.96,0.49,2120,10
'201701','544',' 광남중학교','정기','M','50대',6,1442.46,12.88,55500,231
'201701','546',' 잠실대교북단 교차로','정기','M','50대',3,222.47,1.88,8120,44
'201701','124',' 서강대 정문 건너편','정기','M','50대',10,1138.61,10.15,43770,263
'201701','600',' 휘경2동 주민센터','정기','M','50대',2,40.63,0.39,1710,6
'201701','601',' 용신동주민센터','정기','M','50대',7,740.13,6.07,26130,188
'201701','602',' 장안동 사거리','정기','M','50대',6,1112.56,10.4,44890,268
'201701','604',' 답십리초등학교 옆 공원','정기','M','50대',2,80.17,0.67,2870,54
'201701','605',' 신설동역8번출구','정기','M','50대',2,91.8,0.81,3460,74
'201701','606',' 휘경공고앞','정기','M','50대',1,148.3,1.24,5350,21
'201701','609',' 제기2교','정기','M','50대',12,1431.43,12.37,53270,293
'201701','125',' 서강대 남문 옆','정기','M','50대',9,385.98,3.44,14870,63
'201701','610',' 동대문중 교차로','정기','M','50대',3,82.89,0.74,3220,37
'201701','612',' 시립동부병원 앞 사거리','정기','M','50대',2,107.99,0.95,4070,99
'201701','613',' 신설동역 10번출구 앞','정기','M','50대',33,670.19,5.75,24780,196
'201701','614',' 용두동 사거리','정기','M','50대',4,360.71,2.7,11630,85
'201701','615',' 용두동 레미안허브리츠아파트 앞','정기','M','50대',12,1864.1,16.81,72420,414
'201701','617',' 청솔우성아파트 앞','정기','M','50대',18,3553.33,27.76,119640,461
'201701','227',' 양평2나들목 보행통로 입구','정기','M','50대',5,313.82,2.49,10730,61
'201701','229',' 양평1 보행육교 앞','정기','M','50대',27,4795.94,32.02,138010,709
'201701','126',' 서강대 후문 옆','정기','M','50대',3,95.59,0.85,3660,19
'201701','231',' 남부고용노동지청 남측','정기','M','50대',4,76.33,0.65,2820,17
'201701','232',' 양평우림 이비즈센타 앞','정기','M','50대',72,10888.87,75.7,326600,1568
'201701','234',' 영등포구민체육센터 앞','정기','M','50대',2,416.27,2.67,11530,51
'201701','235',' 신길동 우리은행 옆','정기','M','50대',2,82.79,0.71,3030,21
'201701','236',' 문래동자이아파트 앞','정기','M','50대',1,69.24,0.44,1880,32
'201701','237',' 보라매 두산위브 건너편','정기','M','50대',1,244.73,1.91,8240,52
'201701','238',' 제2구민체육센타 앞','정기','M','50대',18,663.85,5.22,22440,169
'201701','239',' 유스호스텔 앞','정기','M','50대',2,153.33,1.12,4840,30
'201701','240',' 문래역 4번출구 앞','정기','M','50대',1,69.85,0.58,2520,18
'201701','127',' 현대벤처빌 앞','정기','M','50대',10,247.94,2.17,9340,42
'201701','242',' 신길선원가와인아파트 앞','정기','M','50대',6,838.84,7.26,31210,140
'201701','243',' 이앤씨드림타워 앞','정기','M','50대',2,130.18,1.11,4790,26
'201701','244',' 영등포삼환아파트 앞','정기','M','50대',15,1093.56,8.55,36820,194
'201701','245',' 삼성생명 당산사옥 앞','정기','M','50대',3,125.48,1.04,4480,32
'201701','247',' 당산역 10번출구 앞','정기','M','50대',55,2802.51,20.22,87280,507
'201701','248',' 초원아파트 앞','정기','M','50대',19,1529.72,11.16,48170,212
'201701','249',' 여의도중학교 옆','정기','M','50대',5,1295.71,9.49,40900,174
'201701','101',' (구)합정동 주민센터','정기','M','50대',1,0,0,0,9
'201701','128',' 신촌역(2호선) 1번출구 옆','정기','M','50대',2,134.47,1.13,4840,21
'201701','252',' 보라매역4번출구','정기','M','50대',8,350.76,2.9,12590,65
'201701','253',' 신풍역 5번출구 인근','정기','M','50대',51,2388.51,19.68,84630,478
'201701','254',' 도림신협 앞','정기','M','50대',1,10.38,0.09,380,2
'201701','255',' 도림4거리','정기','M','50대',34,1223.59,10.39,44780,341
'201701','257',' 신길삼거리(우리은행)','정기','M','50대',3,255.18,1.65,7160,39
'201701','258',' 신길역3번출구','정기','M','50대',1,32.74,0.36,1560,17
'201701','259',' 대방역6번출구','정기','M','50대',12,1446.96,10.83,46740,213
'201701','700',' KB국민은행 염창역 지점 앞','정기','M','50대',1,68.75,0.72,3100,19
'201701','701',' 목동사거리 부근','정기','M','50대',1,229.77,2.01,8660,35
'201701','129',' 신촌역(2호선) 6번출구 옆','정기','M','50대',11,514.61,4.63,19930,182
'201701','702',' 목4동주민센터 옆','정기','M','50대',2,117.54,1.23,5300,29
'201701','703',' 오목교역 7번출구 앞','정기','M','50대',12,1189.01,10.4,44810,259
'201701','704',' 남부법원검찰청 교차로','정기','M','50대',2,111.43,0.94,4020,26
'201701','706',' 신정네거리역','정기','M','50대',3,407.86,3.54,15250,71
'201701','708',' 서울출입국관리사무소 앞','정기','M','50대',10,2188.54,13.56,58420,418
'201701','711',' 신일해피트리아파트 앞','정기','M','50대',10,2183.23,14.53,62650,271
'201701','130',' 신촌역(2호선) 7번출구 앞','정기','M','50대',18,673.07,5.82,25210,150
'201701','713',' 양서중학교 옆','정기','M','50대',7,1288.7,10.79,46490,216
'201701','714',' 한국SGI 양천문화회관 앞','정기','M','50대',5,535.14,4.82,20790,124
'201701','800',' 목월공원 앞','정기','M','50대',10,963.41,8.27,35680,166
'201701','803',' 한남초교 앞 보도육교','정기','M','50대',1,102.33,0.75,3230,25
'201701','805',' 문배어린이공원 앞','정기','M','50대',2,452.93,3.36,14480,79
'201701','806',' 전자랜드 본관 앞','정기','M','50대',4,221.41,1.46,6300,51
'201701','807',' 서울역 12번 출구 앞','정기','M','50대',3,246.02,1.97,8470,57
'201701','808',' 서빙고동 금호맨션 앞','정기','M','50대',2,165.49,1.39,5970,65
'201701','131',' 증산2교','정기','M','50대',7,1647.53,13.53,58300,226
'201701','810',' 이태원지하보도','정기','M','50대',1,11.92,0.1,430,2
'201701','812',' 용산전쟁기념관','정기','M','50대',5,288.73,2.59,11190,68
'201701','813',' 삼각지역 3번출구','정기','M','50대',3,355.61,3.08,13270,85
'201701','815',' LIG강촌아파트 103동앞','정기','M','50대',4,564.53,4.77,20570,111
'201701','385',' 종각역 5번출구','정기','M','50대',7,300.5,2.58,11070,67
'201701','386',' 올림픽기념 국민생활관 앞','정기','M','50대',5,180.42,1.24,5360,29
'201701','387',' 훈련원공원주차장 앞','정기','M','50대',26,4317.71,36.69,158100,936
'201701','181',' 망원초록길 입구','정기','M','50대',14,3630.51,38.65,166690,619
'201701','132',' 창천문화공원','정기','M','50대',5,503.65,4.28,18460,97
'201701','182',' 망원2빗물펌프장 앞','정기','M','50대',1,42.13,0.35,1520,7
'201701','183',' 하늘채코오롱아파트 건너편','정기','M','50대',47,2450.44,17.71,76220,349
'201701','184',' SK망원동주유소 건너편','정기','M','50대',10,563.87,4.18,17970,102
'201701','185',' 마포 신수공원 앞','정기','M','50대',4,633.37,5.61,24230,162
'201701','186',' 월드컵공원','정기','M','50대',7,675.86,5.31,22870,131
'201701','177',' 북가좌 초등학교','정기','M','50대',2,184.44,1.44,6210,37
'201701','188',' 홍은동 정원여중 입구','정기','M','50대',15,1607.25,12.97,55810,336
'201701','191',' 정명학원','정기','M','50대',1,129.49,1.01,4360,28
'201701','192',' 연서어린이공원','정기','M','50대',1,23.47,0.18,780,3
'201701','133',' 해담는다리','정기','M','50대',2,485.62,4.05,17450,56
'201701','194',' 증산교 앞','정기','M','50대',34,2063.49,15.96,68880,372
'201701','195',' 모래내고가차도 ','정기','M','50대',3,34.74,0.27,1170,4
'201701','198',' 충정2교','정기','M','50대',4,300.84,2.59,11140,74
'201701','556',' 달맞이공원','정기','M','50대',1,195.43,1.64,7050,31
'201701','557',' 도선동 주민센터 앞','정기','M','50대',10,403.35,3.63,15670,212
'201701','558',' 성동광진 교육지원청 앞','정기','M','50대',16,714.82,6.17,26620,137
'201701','134',' 연세로 명물길','정기','M','50대',1,21.62,0.18,780,7
'201701','559',' 왕십리역 4번 출구 건너편','정기','M','50대',20,1377.45,11.53,49740,264
'201701','560',' 비전교회 앞','정기','M','50대',5,170.2,1.42,6140,38
'201701','561',' 서울숲역 2번출구 앞','정기','M','50대',1,42.21,0.38,1640,7
'201701','562',' 군자지하보도 앞','정기','M','50대',35,2087.57,18.39,79280,369
'201701','563',' 성동세무서 건너편','정기','M','50대',4,169.5,1.28,5480,33
'201701','565',' 옥수역 3번출구','정기','M','50대',2,477.37,4.11,17730,81
'201701','567',' 성수역 2번출구 앞','정기','M','50대',5,127.93,1.16,4970,21
'201701','568',' 청계8가사거리 부근','정기','M','50대',27,1595.37,13.98,60200,471
'201701','569',' 응봉현대아파트 정류소','정기','M','50대',11,1632.67,13.87,59760,314
'201701','579',' 마장역 4번출구','정기','M','50대',3,152.03,1.24,5360,31
'201701','580',' 신금호역 3번출구 뒤','정기','M','50대',1,66.23,0.52,2230,15
'201701','582',' 경일중학교 앞','정기','M','50대',14,552.63,4.98,21470,104
'201701','583',' 청계천 생태교실 앞','정기','M','50대',1,0,0,0,9
'201701','551',' 구의삼성쉐르빌 앞','정기','M','50대',17,1269.15,10.09,43480,229
'201701','553',' 중곡 성원APT 앞','정기','M','50대',5,161.35,1.37,5910,28
'201701','136',' 대흥동 주민센터','정기','M','50대',1,41.7,0.38,1620,19
'201701','555',' 구의3동주민센터','정기','M','50대',1,87.04,0.73,3140,15
'201701','571',' 어린이대공원역6번출구','정기','M','50대',31,1976.03,16.73,72230,387
'201701','573',' 구의문주차장 앞','정기','M','50대',1,41.58,0.35,1500,8
'201701','621',' 동대문중학교 옆','정기','M','50대',1,16.63,0.13,560,5
'201701','137',' NH농협 신촌지점 앞','정기','M','50대',2,57.18,0.53,2300,29
'201701','622',' 전농사거리 교통섬','정기','M','50대',4,163.34,1.31,5670,45
'201701','623',' 서울시립대 정문 앞','정기','M','50대',15,450.57,3.72,16030,68
'201701','624',' 전농동 동아아파트 앞','정기','M','50대',28,1450.11,9.48,40830,403
'201701','625',' 답십리초등학교 앞(현대시장 옆)','정기','M','50대',3,159.02,1.55,6660,42
'201701','627',' 장안동삼거리 교통섬','정기','M','50대',2,57.02,0.56,2400,11
'201701','630',' 동대문구 보건소','정기','M','50대',3,169.29,1.41,6090,38
'201701','631',' 답십리역 1번출구','정기','M','50대',42,5521.25,46.66,201010,970
'201701','102',' 망원역 1번출구 앞','정기','M','50대',4,242.34,2.03,8740,65
'201701','138',' 신촌동 제1공영주차장 앞','정기','M','50대',15,752.01,6.13,26420,134
'201701','633',' 청량리 기업은행 앞','정기','M','50대',14,973.21,8.76,37780,259
'201701','634',' 외국어대 정문 앞','정기','M','50대',1,49.42,0.48,2080,9
'201701','635',' 시조사 앞 (청량고정문 옆)','정기','M','50대',23,1337.73,12.02,51970,404
'201701','636',' 세종대왕기념관 교차로','정기','M','50대',3,317.12,2.32,10010,57
'201701','638',' 서울시립대 정보기술관','정기','M','50대',1,73.77,0.48,2070,13
'201701','641',' 용두역 4번출구','정기','M','50대',13,2695.86,23.95,103230,425
'201701','642',' 신답역 사거리','정기','M','50대',3,178.68,1.3,5640,132
'201701','140',' 이화여대 후문','정기','M','50대',1,51.48,0.46,2000,20
'201701','643',' 동대문구민체육센터 (육교아래)','정기','M','50대',1,284.42,2.49,10720,42
'201701','230',' 영등포구청역 1번출구','정기','M','50대',23,1379.83,9.62,41480,254
'201701','260',' 여의도 마리나선착장 앞','정기','M','50대',3,678.41,5.51,23750,195
'201701','262',' 영문초등학교 사거리','정기','M','50대',11,759.33,5.9,25460,158
'201701','263',' 근로자회관 사거리','정기','M','50대',7,412.4,3.4,14690,92
'201701','264',' 교보생명보험 앞','정기','M','50대',30,2778.61,22.69,97830,584
'201701','265',' 영등포유통상가 사거리','정기','M','50대',4,154.11,1.18,5080,27
'201701','141',' 연대 대운동장 옆','정기','M','50대',1,63.48,0.53,2290,10
'201701','266',' 영등포청과시장 사거리','정기','M','50대',3,204.95,1.55,6690,37
'201701','267',' 삼성화재 사옥 옆','정기','M','50대',3,725.52,5.3,22850,93
'201701','268',' 그랜드컨벤션센터 앞','정기','M','50대',2,225.46,1.53,6590,25
'201701','270',' 증권거래소후문교차로','정기','M','50대',4,42.76,0.32,1350,21
'201701','271',' 샛강생태공원방문자센터 앞','정기','M','50대',13,1383.36,9.62,41470,229
'201701','272',' 당산육갑문','정기','M','50대',10,1611.84,12.62,54410,304
'201701','716','신정6동 주민센터 인근','정기','M','50대',17,1971.48,16.22,69960,438
'201701','139',' 연세대 정문 건너편','정기','M','50대',2,73.6,0.67,2870,16
'201701','719',' 홍익병원앞 교차로','정기','M','50대',3,564.03,4.96,21370,105
'201701','816',' 신용산역 6번출구 앞','정기','M','50대',18,1628.26,14.18,61160,407
'201701','817',' 삼각지역 4번출구 앞','정기','M','50대',2,283.83,2.44,10540,84
'201701','819',' 선린인터넷 고등학교','정기','M','50대',6,415.32,3.44,14810,79
'201701','820',' 청파동입구 교차로','정기','M','50대',1,108.27,1.02,4410,27
'201701','822',' 이촌1동 마을공원','정기','M','50대',9,2185.4,18.61,80210,349
'201701','825',' 서빙고동 주민센터 앞','정기','M','50대',4,885.86,7.22,31070,167
'201701','199',' 서울 월드컵 경기장','정기','M','50대',12,1025.75,9.75,42010,178
'201701','388',' 동성중학교 앞','정기','M','50대',5,242.96,1.95,8410,104
'201701','584',' 광진광장 교통섬','정기','M','50대',1,71.98,0.58,2490,13
'201701','586',' 마장동 주민센터','정기','M','50대',6,208.65,1.65,7120,37
'201701','900',' 은평예술회관','정기','M','50대',2,143.45,1.12,4830,67
'201701','901',' 응암1동사무소','정기','M','50대',5,279.44,2.42,10420,65
'201701','200',' 국회의원회관','정기','M','50대',13,1234.63,10.49,45220,308
'201701','903',' 은평뉴타운 아이파크','정기','M','50대',2,113.4,0.95,4130,20
'201701','904',' 은평뉴타운 푸르지오','정기','M','50대',20,3214.08,23.58,101560,621
'201701','905',' 구파발역 2번출구','정기','M','50대',7,248.52,2.02,8720,69
'201701','906',' 연신내역 5번출구150M 아래','정기','M','50대',18,1025.56,9.27,39860,215
'201701','907',' CJ 드림시티','정기','M','50대',3,161.15,1.3,5610,46
'201701','909',' 백련산 힐스테이트 3차','정기','M','50대',1,82.52,0.7,3020,12
'201701','911',' 은평평화공원(역촌역4번출구)','정기','M','50대',6,213.73,1.79,7620,44
'201701','201',' 진미파라곤 앞','정기','M','50대',3,152.28,1.35,5820,44
'201701','912',' 응암오거리','정기','M','50대',7,1065.65,8.7,37490,174
'201701','913',' 이마트 은평점','정기','M','50대',7,442.14,4.16,17980,124
'201701','914',' 새절역 2번출구','정기','M','50대',21,4512.23,47.4,204350,738
'201701','915',' 증산역 4번출구','정기','M','50대',7,274.2,2.42,10460,132
'201701','916',' 평생학습관 앞','정기','M','50대',5,191.52,1.62,6980,89
'201701','917',' 녹번역 4번출구','정기','M','50대',16,830.37,7.04,30410,172
'201701','919',' 서울혁신파크','정기','M','50대',7,683.95,5.31,22800,140
'201701','921',' 신도고등학교','정기','M','50대',1,93.17,0.8,3460,18
'201701','202',' 국민일보 앞','정기','M','50대',17,900.9,8.51,36760,236
'201701','923',' 국민은행 연서지점','정기','M','50대',1,38.61,0.35,1500,11
'201701','924',' 메뚜기다리','정기','M','50대',1,51.98,0.41,1750,7
'201701','925',' 불광역 2번출구','정기','M','50대',6,797.86,6.85,29510,144
'201701','926',' 불광역 8번출구','정기','M','50대',9,507.67,4.32,18650,141
'201701','927',' 연신내역 3번출구 인근','정기','M','50대',1,168.22,1.23,5310,24
'201701','931',' 역촌파출소','정기','M','50대',8,522.2,4.42,19040,110
'201701','933',' LG서비스 역촌점','정기','M','50대',9,460.87,3.97,17100,119
'201701','587',' KEB하나은행 성수중앙지점','정기','M','50대',2,64.33,0.56,2390,11
'201701','103',' 망원역 2번출구 앞','정기','M','50대',4,203.02,1.81,7820,40
'201701','204',' 국회의사당역 5번출구 옆','정기','M','50대',9,745.32,5.42,23430,148
'201701','203',' 국회의사당역 3번출구 옆','정기','M','50대',21,643.22,6.71,28820,230
'201701','205',' 산업은행 앞','정기','M','50대',8,773.36,5.54,23920,201
'201701','206',' KBS 앞','정기','M','50대',21,701.03,5.48,23650,153
'201701','209',' 유진투자증권빌딩 앞','정기','M','50대',13,300.74,2.39,10290,51
'201701','210',' IFC몰','정기','M','50대',4,273.04,2.16,9330,49
'201701','211',' 여의도역 4번출구 옆','정기','M','50대',64,2029.11,17.37,74740,544
'201701','212',' 여의도역 1번출구 옆','정기','M','50대',17,602.92,5.44,23480,199
'201701','213',' KT앞','정기','M','50대',40,2043.62,15.76,68040,350
'201701','104',' 합정역 1번출구 앞','정기','M','50대',20,1320.6,11.9,51380,309
'201701','214',' 금융감독원 앞','정기','M','50대',18,1799.09,16.23,69830,380
'201701','218',' 증권거래소 앞','정기','M','50대',6,276.48,2.17,9360,46
'201701','219',' 롯데캐슬엠파이어 옆','정기','M','50대',4,152.36,1.1,4750,26
'201701','220',' 미성아파트 A동 앞','정기','M','50대',13,422.25,3.47,14970,107
'201701','215',' 여의도고교 앞','정기','M','50대',2,521.8,4.3,18550,83
'201701','216',' 삼부아파트1동 앞','정기','M','50대',37,1552.29,12.29,52930,406
'201701','217',' NH농협은행 앞','정기','M','50대',17,1581.54,13.64,58760,326
'201701','221',' 여의도초교 앞','정기','M','50대',15,889.09,7.39,31730,194
'201701','222',' 시범아파트버스정류장 옆','정기','M','50대',29,1335.85,10.16,43720,231
'201701','223',' 진주아파트상가 앞','정기','M','50대',46,1522.61,12.2,52790,252
'201701','105',' 합정역 5번출구 앞','정기','M','50대',3,259.39,2.15,9260,81
'201701','224',' 롯데캐슬 앞','정기','M','50대',16,1132.99,7.9,34030,186
'201701','225',' 앙카라공원 앞','정기','M','50대',28,2083.11,16.2,69780,313
'201701','226',' 샛강역 1번출구 앞','정기','M','50대',6,652.82,4.99,21510,109
'201701','207',' 여의나루역 1번출구 앞','정기','M','50대',8,525.99,4.31,18570,142
'201701','401',' 상암월드컵파크 10단지 앞','정기','M','50대',4,352.61,3.07,13210,84
'201701','402',' 상암월드컵파크 9단지 앞','정기','M','50대',2,70.01,0.57,2490,13
'201701','403',' 부엉이공원 앞','정기','M','50대',4,210.74,1.8,7770,53
'201701','106',' 합정역 7번출구 앞','정기','M','50대',10,994.24,7.77,33510,193
'201701','405',' DMC빌 앞','정기','M','50대',9,971.65,7.53,32450,166
'201701','406',' 상암월드컵파크 7단지 앞','정기','M','50대',40,2662.66,20.84,89900,494
'201701','421',' 마포구청 앞','정기','M','50대',53,4268.73,42.42,182900,893
'201701','407',' 마포구 육아종합지원센터','정기','M','50대',2,26.51,0.24,1030,6
'201701','408',' LG CNS앞','정기','M','50대',4,337.28,2.6,11200,73
'201701','420',' 서울시 공공자전거 상암센터','정기','M','50대',23,493.11,3.83,16560,76
'201701','409',' 누리꿈스퀘어 옆','정기','M','50대',13,866.23,6.78,29240,157
'201701','419',' 홈플러스 앞','정기','M','50대',51,2270.37,17.33,74830,455
'201701','418',' 월드컵경기장역 3번출구 옆','정기','M','50대',10,526.58,4.8,20700,104
'201701','107',' 신한은행 서교동금융센터점 앞','정기','M','50대',2,98.56,0.6,2620,16
'201701','411',' DMC홍보관','정기','M','50대',5,212.64,1.45,6260,57
'201701','412',' DMC산학협력연구센터 앞','정기','M','50대',7,147.01,1.23,5320,37
'201701','413',' 상암월드컵파크 3단지 후문','정기','M','50대',60,2399.59,19.85,85450,490
'201701','417',' DMC역 2번출구 옆','정기','M','50대',5,312.48,2.78,12030,60
'201701','414',' 상암동주민센터 옆','정기','M','50대',4,257.24,2.05,8830,40
'201701','415',' DMC역 9번출구 앞','정기','M','50대',22,2257.27,19.32,83250,372
'201701','416',' 상암월드컵파크 1단지 교차로','정기','M','50대',14,832.57,5.44,23360,161
'201701','500',' 어린이대공원역 3번출구 앞','정기','M','50대',1,38.61,0.35,1500,16
'201701','501',' 광진구의회 앞','정기','M','50대',11,395.81,3.17,13650,97
'201701','502',' 뚝섬유원지역 1번출구 앞','정기','M','50대',12,615.23,4.9,21190,149
'201701','108',' 서교동 사거리','정기','M','60대',1,93.14,0.78,3360,18
'201701','504',' 신자초교입구교차로','정기','M','60대',1,57.45,0.43,1860,43
'201701','507',' 성수아이에스비즈타워 앞','정기','M','60대',4,103.22,0.83,3620,15
'201701','109',' 제일빌딩 앞','정기','M','60대',1,64.31,0.47,2030,12
'201701','301',' 경복궁역 7번출구 앞','정기','M','60대',2,192.16,1.5,6470,42
'201701','115',' 사루비아 빌딩 앞','정기','M','60대',9,1491.27,12.43,53530,285
'201701','305',' 종로구청 옆','정기','M','60대',2,91.73,0.85,3660,27
'201701','307',' 서울역사박물관 앞','정기','M','60대',3,319.57,1.87,8070,41
'201701','311',' 서울광장 옆','정기','M','60대',5,235.46,2.44,10520,96
'201701','312',' 시청역 1번출구 뒤','정기','M','60대',5,249.15,2.1,9090,55
'201701','313',' 서울역 광장 파출소 옆','정기','M','60대',8,577.08,5.21,22450,159
'201701','314',' 국립현대미술관','정기','M','60대',1,182.27,1.59,6870,52
'201701','315',' 신한은행 안국역지점 옆','정기','M','60대',2,139.6,1.09,4700,36
'201701','316',' 종각역 1번출구 앞','정기','M','60대',3,233.69,2.07,8950,54
'201701','318',' 광교사거리 남측','정기','M','60대',1,117.91,0.92,3970,20
'201701','320',' 을지로입구역 4번출구 앞','정기','M','60대',23,1435.15,12.86,55450,504
'201701','321',' KEB 하나은행 본점 앞','정기','M','60대',19,812.62,7.03,30300,349
'201701','322',' 명동성당 앞','정기','M','60대',1,111.2,1,4320,28
'201701','324',' 신세계백화점 본점 앞','정기','M','60대',1,65.56,0.7,3010,28
'201701','326',' 안국역 5번출구 앞','정기','M','60대',3,270.53,2.44,10510,68
'201701','327',' 낙원상가 옆','정기','M','60대',1,86.74,0.78,3370,48
'201701','328',' 탑골공원 앞','정기','M','60대',4,233.56,1.85,7940,69
'201701','329',' 청계2가 사거리 옆','정기','M','60대',22,2401.95,18.82,81120,386
'201701','330',' 청계천 한빛광장','정기','M','60대',2,147.51,1.24,5360,47
'201701','331',' 을지로2가 사거리 북측','정기','M','60대',5,175.29,1.61,6990,52
'201701','332',' 을지로2가 사거리 남측','정기','M','60대',2,152.64,1.46,6280,83
'201701','334',' 종로3가역 2번출구 뒤','정기','M','60대',4,303.69,2.64,11400,74
'201701','336',' 티마크 호텔 앞','정기','M','60대',6,443.61,4.34,18670,96
'201701','337',' 창경궁 입구','정기','M','60대',1,78.25,0.71,3040,17
'201701','338',' 세운스퀘어 앞','정기','M','60대',19,757.79,7.39,31850,357
'201701','339',' 종로4가 사거리','정기','M','60대',1,83.46,0.65,2810,17
'201701','340',' 혜화동 로터리','정기','M','60대',28,1242.67,12.97,55750,397
'201701','342',' 대학로 마로니에공원','정기','M','60대',1,37.84,0.34,1470,14
'201701','344',' 성균관대 E하우스 앞','정기','M','60대',5,139.77,1.26,5430,269
'201701','345',' 서울보증보험본사 앞','정기','M','60대',2,50.8,0.44,1870,10
'201701','347',' 동대문역사문화공원역 9번출구 앞','정기','M','60대',1,14.97,0.15,630,3
'201701','349',' 사직동주민센터','정기','M','60대',1,73.66,0.58,2480,17
'201701','350','KEB 하나은행(내자동 지점) 앞','정기','M','60대',2,158.89,1.24,5350,42
'201701','117',' 홍은사거리','정기','M','60대',5,488.57,4.19,18010,138
'201701','355',' 서울사대부속초교 앞','정기','M','60대',1,77.73,0.7,3020,53
'201701','356',' KT혜화지사 앞','정기','M','60대',1,74.9,0.68,2910,16
'201701','358',' 성대입구 사거리','정기','M','60대',9,253.8,2.28,9860,69
'201701','359',' 원남동사거리','정기','M','60대',2,47.92,0.51,2200,31
'201701','361',' 동묘앞역 1번출구 뒤','정기','M','60대',3,146.26,1.5,6480,67
'201701','362',' 청계8가 사거리','정기','M','60대',1,54.39,0.48,2050,45
'201701','363',' 신설동역 11번출구 뒤','정기','M','60대',1,97.55,0.88,3790,25
'201701','113',' 홍대입구역 2번출구 앞','정기','M','60대',2,195.43,1.53,6580,53
'201701','370',' 시청역(2호선) 9번출구 뒤','정기','M','60대',1,30.63,0.21,910,10
'201701','371',' 동대입구역 6번출구 뒤','정기','M','60대',4,416.01,4.11,17690,112
'201701','372',' 약수역 3번출구 뒤','정기','M','60대',1,64.86,0.63,2730,18
'201701','373',' 청구 어린이공원','정기','M','60대',2,122.12,1.19,5140,32
'201701','118',' 광흥창역 2번출구 앞','정기','M','60대',26,576.39,5.44,23480,414
'201701','377',' 서울역 4번출구 앞','정기','M','60대',1,29.4,0.31,1350,11
'201701','378',' 청계7가 사거리','정기','M','60대',2,246.55,2.04,8800,56
'201701','379',' 서울역9번출구','정기','M','60대',4,224.34,2.39,10300,90
'201701','380',' CJ제일제당 앞','정기','M','60대',1,25.66,0.25,1080,6
'201701','381',' 장충체육관','정기','M','60대',1,89.4,0.7,3010,23
'201701','382',' 약수역 10번출구 앞','정기','M','60대',1,33.03,0.32,1390,6
'201701','383',' 신당역 12번 출구 뒤','정기','M','60대',2,147.47,1.39,6000,45
'201701','114',' 홍대입구역 8번출구 앞','정기','M','60대',3,177.43,1.73,7440,137
'201701','143',' 공덕역 2번출구','정기','M','60대',2,88.15,0.65,2820,51
'201701','144',' 공덕역 8번출구','정기','M','60대',18,1127.92,9.87,42640,297
'201701','145',' 공덕역 5번출구','정기','M','60대',5,187.81,1.53,6610,42
'201701','147',' 마포역 4번출구 뒤','정기','M','60대',1,83.71,0.7,3020,14
'201701','148',' 용강동 주민센터 앞','정기','M','60대',3,252.63,2,8600,81
'201701','150',' 서강대역 2번출구 앞','정기','M','60대',6,271.41,2.43,10450,98
'201701','152',' 마포구민체육센터 앞','정기','M','60대',4,1303.48,10.86,46830,302
'201701','119',' 서강나루 공원','정기','M','60대',16,1032,8.62,37170,256
'201701','154',' 마포구청역 ','정기','M','60대',10,398.69,3.9,16780,99
'201701','155',' 가좌역1 번출구 뒤','정기','M','60대',12,1085.07,11.54,49820,435
'201701','156',' 서울서부지방법원 앞','정기','M','60대',9,1624.82,14.47,62300,260
'201701','157',' 애오개역 4번출구 앞','정기','M','60대',17,1867.89,14.47,62400,363
'201701','160',' 북아현동 가구거리','정기','M','60대',2,125.4,1.17,5030,32
'201701','162',' 봉원고가차도 밑','정기','M','60대',2,101.45,0.85,3660,21
'201701','120',' 신수동 사거리','정기','M','60대',14,511.83,4.84,20900,454
'201701','164',' 북가좌1동 주민센터 ','정기','M','60대',1,117.75,1.1,4720,22
'201701','172',' 서대문소방서','정기','M','60대',3,500.95,4.07,17570,131
'201701','121',' 마포소방서 앞','정기','M','60대',12,319.73,3.08,13360,258
'201701','175',' 홍연2교옆','정기','M','60대',3,489.99,3.93,16950,95
'201701','179',' 가좌역 4번출구 앞','정기','M','60대',1,108.98,0.87,3770,22
'201701','180',' 충정로역 7번출구 뒤','정기','M','60대',1,54.41,0.53,2290,8
'201701','519',' 양지사거리','정기','M','60대',22,3094.17,24.14,104180,493
'201701','520',' 상왕십리역 4번 출구 앞','정기','M','60대',10,530.52,4.17,17970,134
'201701','521',' 왕십리역 11번 출구 앞','정기','M','60대',2,71.98,0.58,2490,33
'201701','523',' 옥수동성당 옆','정기','M','60대',1,27.03,0.21,910,6
'201701','122',' 신성기사식당 앞','정기','M','60대',39,1387.69,12.62,54410,973
'201701','530',' 청계벽산아파트 앞','정기','M','60대',5,142.44,1.22,5290,68
'201701','533',' 우리은행 금호동 지점 앞','정기','M','60대',2,227.2,1.78,7650,50
'201701','536',' 행당역 2번출구 앞','정기','M','60대',1,46.89,0.44,1910,12
'201701','538',' 답십리역 8번출구 앞','정기','M','60대',10,952.9,8.58,37020,192
'201701','550',' 서울시설공단 앞','정기','M','60대',1,191.86,1.5,6460,40
'201701','124',' 서강대 정문 건너편','정기','M','60대',45,1327.81,11.95,51520,495
'201701','601',' 용신동주민센터','정기','M','60대',3,169.27,1.48,6380,116
'201701','604',' 답십리초등학교 옆 공원','정기','M','60대',1,49.06,0.38,1630,13
'201701','608',' 전농삼성아파트','정기','M','60대',9,563.4,4.35,18720,177
'201701','125',' 서강대 남문 옆','정기','M','60대',19,689.66,6.03,25950,256
'201701','610',' 동대문중 교차로','정기','M','60대',1,31.3,0.24,1040,16
'201701','612',' 시립동부병원 앞 사거리','정기','M','60대',1,14.54,0.13,540,3
'201701','613',' 신설동역 10번출구 앞','정기','M','60대',7,507.4,4.41,19070,137
'201701','614',' 용두동 사거리','정기','M','60대',2,248.09,2.07,8950,70
'201701','615',' 용두동 레미안허브리츠아파트 앞','정기','M','60대',1,52.27,0.46,1970,10
'201701','616',' 서울시립대 앞','정기','M','60대',2,152.29,1.18,5060,36
'201701','617',' 청솔우성아파트 앞','정기','M','60대',1,29.49,0.23,980,8
'201701','227',' 양평2나들목 보행통로 입구','정기','M','60대',2,88.85,0.64,2770,16
'201701','228',' 선유도역 3번출구 앞','정기','M','60대',3,135.97,1.2,5160,30
'201701','126',' 서강대 후문 옆','정기','M','60대',18,1113.51,7.55,32600,295
'201701','231',' 남부고용노동지청 남측','정기','M','60대',8,1713,15.43,66550,290
'201701','233',' YP 센터 앞','정기','M','60대',1,91.81,0.75,3220,23
'201701','239',' 유스호스텔 앞','정기','M','60대',2,191.01,2.03,8770,67
'201701','240',' 문래역 4번출구 앞','정기','M','60대',14,835.8,7.52,32470,182
'201701','127',' 현대벤처빌 앞','정기','M','60대',8,222.27,2.11,9110,102
'201701','242',' 신길선원가와인아파트 앞','정기','M','60대',2,476.39,4.65,20050,55
'201701','245',' 삼성생명 당산사옥 앞','정기','M','60대',4,246.33,2.21,9570,47
'201701','247',' 당산역 10번출구 앞','정기','M','60대',3,308.89,2.58,11090,60
'201701','248',' 초원아파트 앞','정기','M','60대',1,52.75,0.52,2220,17
'201701','256',' 동아에코빌입구','정기','M','60대',19,1005.91,9.36,40320,271
'201701','258',' 신길역3번출구','정기','M','60대',1,50.97,0.38,1650,10
'201701','259',' 대방역6번출구','정기','M','60대',2,101.69,0.74,3210,25
'201701','129',' 신촌역(2호선) 6번출구 옆','정기','M','60대',2,78.41,0.77,3300,52
'201701','702',' 목4동주민센터 옆','정기','M','60대',1,67.74,0.72,3110,23
'201701','704',' 남부법원검찰청 교차로','정기','M','60대',1,76.53,0.58,2510,17
'201701','711',' 신일해피트리아파트 앞','정기','M','60대',1,83.24,0.63,2730,14
'201701','130',' 신촌역(2호선) 7번출구 앞','정기','M','60대',2,218.16,1.83,7870,40
'201701','800',' 목월공원 앞','정기','M','60대',8,666.68,4.6,19810,96
'201701','805',' 문배어린이공원 앞','정기','M','60대',1,64.03,0.68,2940,27
'201701','810',' 이태원지하보도','정기','M','60대',1,105.53,0.95,4100,23
'201701','813',' 삼각지역 3번출구','정기','M','60대',12,961.26,7.2,31020,153
'201701','386',' 올림픽기념 국민생활관 앞','정기','M','60대',39,1282.92,11.59,49840,1199
'201701','387',' 훈련원공원주차장 앞','정기','M','60대',6,260.93,2.78,11980,136
'201701','184',' SK망원동주유소 건너편','정기','M','60대',1,77.36,0.61,2640,13
'201701','185',' 마포 신수공원 앞','정기','M','60대',1,18.84,0.18,780,3
'201701','186',' 월드컵공원','정기','M','60대',6,1457.08,10.83,46690,252
'201701','188',' 홍은동 정원여중 입구','정기','M','60대',3,394.88,3.16,13660,86
'201701','178',' 증산3교 앞','정기','M','60대',1,102.88,1,4330,29
'201701','557',' 도선동 주민센터 앞','정기','M','60대',10,424.41,3.33,14290,82
'201701','134',' 연세로 명물길','정기','M','60대',2,52.76,0.48,2050,10
'201701','559',' 왕십리역 4번 출구 건너편','정기','M','60대',5,238.05,1.88,8070,58
'201701','560',' 비전교회 앞','정기','M','60대',1,21.36,0.2,870,4
'201701','567',' 성수역 2번출구 앞','정기','M','60대',3,66.04,0.53,2260,18
'201701','568',' 청계8가사거리 부근','정기','M','60대',1,43.66,0.34,1470,5
'201701','569',' 응봉현대아파트 정류소','정기','M','60대',1,111.96,1.06,4560,21
'201701','583',' 청계천 생태교실 앞','정기','M','60대',1,228.44,2,8610,37
'201701','553',' 중곡 성원APT 앞','정기','M','60대',4,88.64,0.84,3610,19
'201701','136',' 대흥동 주민센터','정기','M','60대',6,134.72,1.18,5060,55
'201701','572',' 국립정신 건강센터 앞','정기','M','60대',17,1905.27,17.17,74020,367
'201701','574',' 아차산역4번출구','정기','M','60대',1,219.19,1.71,7380,44
'201701','623',' 서울시립대 정문 앞','정기','M','60대',1,34.61,0.27,1150,7
'201701','633',' 청량리 기업은행 앞','정기','M','60대',18,1022.81,8.49,36640,318
'201701','639',' 서울시립대 후문','정기','M','60대',1,39.36,0.33,1420,8
'201701','640',' KEB하나은행 청량리역지점','정기','M','60대',2,214.46,1.92,8280,54
'201701','641',' 용두역 4번출구','정기','M','60대',5,327.93,2.87,12360,175
'201701','230',' 영등포구청역 1번출구','정기','M','60대',1,46.51,0.34,1450,14
'201701','260',' 여의도 마리나선착장 앞','정기','M','60대',1,298.11,2.18,9410,43
'201701','262',' 영문초등학교 사거리','정기','M','60대',4,142.08,1.27,5520,61
'201701','263',' 근로자회관 사거리','정기','M','60대',22,835.71,7.43,31980,423
'201701','265',' 영등포유통상가 사거리','정기','M','60대',1,14.16,0.13,550,3
'201701','141',' 연대 대운동장 옆','정기','M','60대',4,103.95,0.88,3750,24
'201701','266',' 영등포청과시장 사거리','정기','M','60대',2,87.4,0.83,3580,21
'201701','271',' 샛강생태공원방문자센터 앞','정기','M','60대',3,250.97,2.26,9750,66
'201701','816',' 신용산역 6번출구 앞','정기','M','60대',3,188.09,1.27,5430,51
'201701','820',' 청파동입구 교차로','정기','M','60대',12,530.11,5.63,24340,257
'201701','823',' 효창동주민센터 앞','정기','M','60대',1,70.57,0.46,1980,17
'201701','199',' 서울 월드컵 경기장','정기','M','60대',6,1927.41,14.12,60840,294
'201701','388',' 동성중학교 앞','정기','M','60대',1,31.55,0.22,960,14
'201701','900',' 은평예술회관','정기','M','60대',1,33.26,0.28,1200,8
'201701','901',' 응암1동사무소','정기','M','60대',9,329.08,2.9,12500,89
'201701','200',' 국회의원회관','정기','M','60대',1,215.66,1.8,7780,47
'201701','903',' 은평뉴타운 아이파크','정기','M','60대',8,423.69,3.8,16460,264
'201701','906',' 연신내역 5번출구150M 아래','정기','M','60대',7,214.66,2.1,9010,49
'201701','907',' CJ 드림시티','정기','M','60대',5,740.51,5.48,23620,116
'201701','908',' 구산역 4번출구','정기','M','60대',4,198.87,1.73,7450,57
'201701','909',' 백련산 힐스테이트 3차','정기','M','60대',1,122.76,1.16,5000,25
'201701','201',' 진미파라곤 앞','정기','M','60대',1,91.75,0.77,3310,20
'201701','912',' 응암오거리','정기','M','60대',1,51,0.43,1840,14
'201701','913',' 이마트 은평점','정기','M','60대',4,228.14,1.75,7540,45
'201701','914',' 새절역 2번출구','정기','M','60대',3,293.44,2.2,9500,46
'201701','917',' 녹번역 4번출구','정기','M','60대',19,847.03,8.02,34500,222
'201701','919',' 서울혁신파크','정기','M','60대',1,61.28,0.49,2120,24
'201701','202',' 국민일보 앞','정기','M','60대',3,414.82,3.49,15050,69
'201701','923',' 국민은행 연서지점','정기','M','60대',6,1268.56,9.53,41070,203
'201701','925',' 불광역 2번출구','정기','M','60대',1,10.99,0.09,380,5
'201701','926',' 불광역 8번출구','정기','M','60대',1,43.72,0.43,1840,11
'201701','927',' 연신내역 3번출구 인근','정기','M','60대',7,96.73,0.91,3940,21
'201701','932',' 예일여중','정기','M','60대',2,81.03,0.77,3300,17
'201701','204',' 국회의사당역 5번출구 옆','정기','M','60대',3,239.9,2.16,9320,51
'201701','203',' 국회의사당역 3번출구 옆','정기','M','60대',6,532.03,4.81,20670,119
'201701','205',' 산업은행 앞','정기','M','60대',4,1322.96,9.69,41760,186
'201701','206',' KBS 앞','정기','M','60대',32,1756.9,15.9,68440,951
'201701','210',' IFC몰','정기','M','60대',3,93.62,0.91,3910,21
'201701','211',' 여의도역 4번출구 옆','정기','M','60대',2,108.09,0.98,4230,39
'201701','212',' 여의도역 1번출구 옆','정기','M','60대',1,15.53,0.17,740,4
'201701','213',' KT앞','정기','M','60대',14,196.94,2.12,9130,50
'201701','104',' 합정역 1번출구 앞','정기','M','60대',4,276.63,2.72,11750,79
'201701','218',' 증권거래소 앞','정기','M','60대',1,16.47,0.15,650,2
'201701','221',' 여의도초교 앞','정기','M','60대',50,4255.49,38.3,165060,1188
'201701','223',' 진주아파트상가 앞','정기','M','60대',29,1169.74,10.59,45710,504
'201701','105',' 합정역 5번출구 앞','정기','M','60대',3,80.55,0.7,3050,71
'201701','224',' 롯데캐슬 앞','정기','M','60대',1,16.87,0.16,710,7
'201701','225',' 앙카라공원 앞','정기','M','60대',11,519.05,4.9,21080,121
'201701','226',' 샛강역 1번출구 앞','정기','M','60대',1,16.36,0.12,510,2
'201701','207',' 여의나루역 1번출구 앞','정기','M','60대',1,20.33,0.18,790,4
'201701','403',' 부엉이공원 앞','정기','M','60대',1,15.05,0.12,500,4
'201701','106',' 합정역 7번출구 앞','정기','M','60대',11,667.7,6.14,26550,307
'201701','421',' 마포구청 앞','정기','M','60대',4,1151.41,9.57,41240,183
'201701','420',' 서울시 공공자전거 상암센터','정기','M','60대',2,448.47,3.4,14650,74
'201701','409',' 누리꿈스퀘어 옆','정기','M','60대',1,228.69,1.79,7700,31
'201701','419',' 홈플러스 앞','정기','M','60대',1,39.5,0.31,1330,5
'201701','418',' 월드컵경기장역 3번출구 옆','정기','M','60대',2,132.18,1.06,4550,26
'201701','413',' 상암월드컵파크 3단지 후문','정기','M','60대',3,104.84,0.82,3530,16
'201701','417',' DMC역 2번출구 옆','정기','M','60대',1,19.63,0.16,670,3
'201701','416',' 상암월드컵파크 1단지 교차로','정기','M','60대',3,225.65,1.78,7700,62
'201701','501',' 광진구의회 앞','정기','M','60대',1,60.54,0.45,1960,52
'201701','502',' 뚝섬유원지역 1번출구 앞','정기','M','60대',1,83.84,0.73,3160,50
'201701','400',' 상암한화오벨리스크 1차 앞','정기','M','70대~',13,646.02,5.57,23990,116
'201701','300',' 정동사거리','정기','M','70대~',2,53.85,0.46,2000,18
'201701','303',' 광화문역 1번출구 앞','정기','M','70대~',5,277.6,2.38,10260,107
'201701','304',' 광화문역 2번출구 앞','정기','M','70대~',4,179.88,1.55,6680,66
'201701','305',' 종로구청 옆','정기','M','70대~',6,295.39,2.55,10970,131
'201701','308',' 광화문 S타워 앞','정기','M','70대~',5,154.97,1.3,5590,55
'201701','309',' 광화문역 6번출구 옆','정기','M','70대~',1,69.02,0.58,2490,27
'201701','310',' 청계광장 옆','정기','M','70대~',2,135.18,1.17,5020,40
'201701','311',' 서울광장 옆','정기','M','70대~',17,874.79,7.5,32300,356
'201701','312',' 시청역 1번출구 뒤','정기','M','70대~',24,1041.3,8.83,38050,563
'201701','313',' 서울역 광장 파출소 옆','정기','M','70대~',10,270.77,2.21,9520,60
'201701','316',' 종각역 1번출구 앞','정기','M','70대~',10,504.2,4.31,18560,212
'201701','318',' 광교사거리 남측','정기','M','70대~',4,140.09,1.18,5110,58
'201701','320',' 을지로입구역 4번출구 앞','정기','M','70대~',22,1197.78,10.68,46020,515
'201701','321',' KEB 하나은행 본점 앞','정기','M','70대~',16,860.93,8.26,35620,343
'201701','324',' 신세계백화점 본점 앞','정기','M','70대~',2,100.07,0.84,3610,57
'201701','326',' 안국역 5번출구 앞','정기','M','70대~',2,179.47,1.52,6560,58
'201701','329',' 청계2가 사거리 옆','정기','M','70대~',2,56.62,0.52,2200,9
'201701','330',' 청계천 한빛광장','정기','M','70대~',7,265.1,2.3,9960,117
'201701','331',' 을지로2가 사거리 북측','정기','M','70대~',5,135.32,1.12,4790,38
'201701','332',' 을지로2가 사거리 남측','정기','M','70대~',5,284.44,2.5,10810,142
'201701','334',' 종로3가역 2번출구 뒤','정기','M','70대~',8,391.94,3.57,15410,117
'201701','335',' 종로3가역 15번출구 앞','정기','M','70대~',3,116.48,1.04,4460,37
'201701','336',' 티마크 호텔 앞','정기','M','70대~',6,238.37,2.13,9220,54
'201701','339',' 종로4가 사거리','정기','M','70대~',6,267.93,2.57,11040,119
'201701','343',' 예일빌딩(율곡로) 앞','정기','M','70대~',9,474.9,4.27,18450,130
'201701','350','KEB 하나은행(내자동 지점) 앞','정기','M','70대~',1,0,0,0,15
'201701','353',' 재동초교 앞 삼거리','정기','M','70대~',1,44.53,0.4,1730,13
'201701','361',' 동묘앞역 1번출구 뒤','정기','M','70대~',1,77.73,0.7,3020,33
'201701','368',' SK 서린빌딩 앞','정기','M','70대~',2,157.53,1.35,5850,72
'201701','370',' 시청역(2호선) 9번출구 뒤','정기','M','70대~',16,894.34,7.55,32580,348
'201701','377',' 서울역 4번출구 앞','정기','M','70대~',3,174.78,1.5,6450,83
'201701','379',' 서울역9번출구','정기','M','70대~',1,30.16,0.26,1120,16
'201701','380',' CJ제일제당 앞','정기','M','70대~',1,0,0,0,23
'201701','114',' 홍대입구역 8번출구 앞','정기','M','70대~',1,19.13,0.16,690,7
'201701','144',' 공덕역 8번출구','정기','M','70대~',2,44.16,0.38,1640,15
'201701','145',' 공덕역 5번출구','정기','M','70대~',1,18.85,0.16,700,10
'201701','152',' 마포구민체육센터 앞','정기','M','70대~',1,40.76,0.33,1410,10
'201701','154',' 마포구청역 ','정기','M','70대~',9,516.06,4.35,18700,136
'201701','157',' 애오개역 4번출구 앞','정기','M','70대~',3,90.63,0.78,3340,33
'201701','159',' 이대역 4번 출구','정기','M','70대~',1,55.76,0.41,1760,9
'201701','165',' 중앙근린공원','정기','M','70대~',7,203.27,2.05,8850,66
'201701','169',' 북가좌 삼거리','정기','M','70대~',1,35.6,0.36,1550,15
'201701','171',' 임광빌딩 앞','정기','M','70대~',14,317.85,2.44,10560,56
'201701','175',' 홍연2교옆','정기','M','70대~',1,265.87,1.73,7460,35
'201701','520',' 상왕십리역 4번 출구 앞','정기','M','70대~',4,230.62,1.47,6330,56
'201701','521',' 왕십리역 11번 출구 앞','정기','M','70대~',1,25.25,0.2,850,4
'201701','523',' 옥수동성당 옆','정기','M','70대~',1,167.51,1.64,7050,44
'201701','612',' 시립동부병원 앞 사거리','정기','M','70대~',1,20.51,0.17,740,5
'201701','247',' 당산역 10번출구 앞','정기','M','70대~',1,35.2,0.29,1270,17
'201701','101',' (구)합정동 주민센터','정기','M','70대~',12,565.3,5.02,21560,105
'201701','128',' 신촌역(2호선) 1번출구 옆','정기','M','70대~',1,406.07,3.5,15080,19
'201701','258',' 신길역3번출구','정기','M','70대~',1,98.56,0.85,3660,25
'201701','385',' 종각역 5번출구','정기','M','70대~',21,1036.23,8.76,37840,492
'201701','182',' 망원2빗물펌프장 앞','정기','M','70대~',17,1703.33,17.22,74160,357
'201701','102',' 망원역 1번출구 앞','정기','M','70대~',3,82.45,0.84,3590,19
'201701','270',' 증권거래소후문교차로','정기','M','70대~',3,99.04,0.84,3590,33
'201701','819',' 선린인터넷 고등학교','정기','M','70대~',1,39.58,0.34,1470,14
'201701','903',' 은평뉴타운 아이파크','정기','M','70대~',7,763.4,4.97,21420,150
'201701','905',' 구파발역 2번출구','정기','M','70대~',5,338.58,2.22,9500,84
'201701','907',' CJ 드림시티','정기','M','70대~',11,1191.44,7.75,33430,235
'201701','908',' 구산역 4번출구','정기','M','70대~',17,1361.97,9.78,42120,427
'201701','911',' 은평평화공원(역촌역4번출구)','정기','M','70대~',1,23.17,0.15,650,4
'201701','915',' 증산역 4번출구','정기','M','70대~',3,361.19,2.49,10710,104
'201701','921',' 신도고등학교','정기','M','70대~',1,152.9,1,4290,28
'201701','202',' 국민일보 앞','정기','M','70대~',5,155.92,1.34,5790,101
'201701','926',' 불광역 8번출구','정기','M','70대~',19,1007.29,8.58,37050,261
'201701','927',' 연신내역 3번출구 인근','정기','M','70대~',3,292.96,1.91,8220,65
'201701','930',' 구 서부경찰서 건너편','정기','M','70대~',1,23.94,0.22,930,4
'201701','931',' 역촌파출소','정기','M','70대~',22,1053.18,7.65,33000,221
'201701','932',' 예일여중','정기','M','70대~',1,17.5,0.16,680,3
'201701','933',' LG서비스 역촌점','정기','M','70대~',7,826.84,5.38,23200,173
'201701','588',' 뚝섬 유원지역','정기','M','70대~',3,27.65,0.29,1270,20
'201701','103',' 망원역 2번출구 앞','정기','M','70대~',4,109.35,0.93,4000,20
'201701','204',' 국회의사당역 5번출구 옆','정기','M','70대~',1,42.55,0.37,1580,25
'201701','203',' 국회의사당역 3번출구 옆','정기','M','70대~',6,413.01,3.54,15280,207
'201701','205',' 산업은행 앞','정기','M','70대~',3,152.14,1.31,5650,67
'201701','209',' 유진투자증권빌딩 앞','정기','M','70대~',5,147.78,1.27,5510,116
'201701','210',' IFC몰','정기','M','70대~',9,413.62,3.55,15310,219
'201701','211',' 여의도역 4번출구 옆','정기','M','70대~',27,1182.1,10.1,43610,687
'201701','212',' 여의도역 1번출구 옆','정기','M','70대~',53,2284.6,19.63,84690,1369
'201701','213',' KT앞','정기','M','70대~',2,147.34,1.28,5500,56
'201701','104',' 합정역 1번출구 앞','정기','M','70대~',2,77.82,0.67,2890,29
'201701','214',' 금융감독원 앞','정기','M','70대~',3,32.04,0.28,1190,95
'201701','219',' 롯데캐슬엠파이어 옆','정기','M','70대~',4,77.47,0.68,2910,69
'201701','217',' NH농협은행 앞','정기','M','70대~',4,150.34,1.07,4620,48
'201701','222',' 시범아파트버스정류장 옆','정기','M','70대~',5,280.21,2.45,10530,128
'201701','223',' 진주아파트상가 앞','정기','M','70대~',6,229.58,1.94,8360,64
'201701','225',' 앙카라공원 앞','정기','M','70대~',17,450.15,3.77,16240,203
'201701','226',' 샛강역 1번출구 앞','정기','M','70대~',3,78.79,0.62,2670,16
'201701','207',' 여의나루역 1번출구 앞','정기','M','70대~',14,710.05,6.11,26210,311
'201701','401',' 상암월드컵파크 10단지 앞','정기','M','70대~',1,83.75,0.72,3110,17
'201701','403',' 부엉이공원 앞','정기','M','70대~',3,31.5,0.27,1170,4
'201701','419',' 홈플러스 앞','정기','M','70대~',3,89.12,0.9,3880,19
'201701','418',' 월드컵경기장역 3번출구 옆','정기','M','70대~',3,142.85,1.44,6220,47
'201701','411',' DMC홍보관','정기','M','70대~',1,51.43,0.44,1910,14
'201701','412',' DMC산학협력연구센터 앞','정기','M','70대~',1,25.26,0.26,1100,6
'201701','413',' 상암월드컵파크 3단지 후문','정기','M','70대~',20,1929.99,19.49,84030,373
'201701','417',' DMC역 2번출구 옆','정기','M','70대~',4,178.27,1.54,6620,35
'201701','415',' DMC역 9번출구 앞','정기','M','70대~',10,587.58,5.06,21820,136
'201701','416',' 상암월드컵파크 1단지 교차로','정기','M','70대~',1,31.24,0.27,1160,5
'201701','115',' 사루비아 빌딩 앞','일일(회원)','F','~10대',1,232.95,2.1,9050,89
'201701','307',' 서울역사박물관 앞','일일(회원)','F','~10대',2,72.64,0.74,3210,25
'201701','312',' 시청역 1번출구 뒤','일일(회원)','F','~10대',1,41.7,0.54,2340,60
'201701','347',' 동대문역사문화공원역 9번출구 앞','일일(회원)','F','~10대',1,70.14,0.86,3690,31
'201701','117',' 홍은사거리','일일(회원)','F','~10대',1,82.11,0.74,3190,35
'201701','361',' 동묘앞역 1번출구 뒤','일일(회원)','F','~10대',2,202.26,2.63,11350,89
'201701','348',' 독립문역 사거리','일일(회원)','F','~10대',1,45.82,0.41,1780,21
'201701','371',' 동대입구역 6번출구 뒤','일일(회원)','F','~10대',1,61.52,0.55,2390,26
'201701','381',' 장충체육관','일일(회원)','F','~10대',1,163.45,1.47,6350,62
'201701','382',' 약수역 10번출구 앞','일일(회원)','F','~10대',1,96.56,1.18,5080,201
'201701','383',' 신당역 12번 출구 뒤','일일(회원)','F','~10대',1,183.78,1.66,7140,53
'201701','142',' 아현역 4번출구 앞','일일(회원)','F','~10대',1,193.56,1.74,7520,56
'201701','146',' 마포역 1번출구 뒤','일일(회원)','F','~10대',8,541.31,4.87,21030,163
'201701','154',' 마포구청역 ','일일(회원)','F','~10대',1,70.27,0.63,2730,21
'201701','161',' 무악재역1번 출구','일일(회원)','F','~10대',1,39.38,0.35,1530,21
'201701','120',' 신수동 사거리','일일(회원)','F','~10대',1,323.22,3.57,15400,123
'201701','173',' 서대문역 8번출구 앞','일일(회원)','F','~10대',1,32.43,0.29,1260,15
'201701','534',' 금호사거리','일일(회원)','F','~10대',2,229.11,2.82,12180,108
'201701','535',' 응봉삼거리','일일(회원)','F','~10대',1,156.42,1.83,7900,62
'201701','123',' 문화촌 공원','일일(회원)','F','~10대',2,732.66,7.33,31630,173
'201701','542',' 강변역 4번출구 뒤','일일(회원)','F','~10대',1,94.87,1.05,4520,34
'201701','125',' 서강대 남문 옆','일일(회원)','F','~10대',3,59.46,0.54,2310,41
'201701','249',' 여의도중학교 옆','일일(회원)','F','~10대',2,172.46,1.55,6700,87
'201701','253',' 신풍역 5번출구 인근','일일(회원)','F','~10대',2,202.35,1.69,7300,48
'201701','700',' KB국민은행 염창역 지점 앞','일일(회원)','F','~10대',1,84.02,0.95,4080,45
'201701','710',' 서부화물트럭터미널 사거리','일일(회원)','F','~10대',1,280.77,2.11,9090,76
'201701','806',' 전자랜드 본관 앞','일일(회원)','F','~10대',4,320.47,2.89,12450,103
'201701','807',' 서울역 12번 출구 앞','일일(회원)','F','~10대',2,338.71,3.72,16030,151
'201701','131',' 증산2교','일일(회원)','F','~10대',1,31.92,0.29,1240,12
'201701','809',' 한남 유수지 복개주차장','일일(회원)','F','~10대',1,94.3,1.02,4410,29
'201701','186',' 월드컵공원','일일(회원)','F','~10대',1,141.02,1.42,6140,55
'201701','133',' 해담는다리','일일(회원)','F','~10대',1,214.04,2.51,10810,75
'201701','194',' 증산교 앞','일일(회원)','F','~10대',1,98.84,0.89,3840,49
'201701','556',' 달맞이공원','일일(회원)','F','~10대',1,230.03,2.54,10960,57
'201701','134',' 연세로 명물길','일일(회원)','F','~10대',2,289.05,3.01,12970,119
'201701','554',' 아차산역 사거리','일일(회원)','F','~10대',1,99.91,1.01,4350,28
'201701','571',' 어린이대공원역6번출구','일일(회원)','F','~10대',1,32.23,0.34,1480,10
'201701','574',' 아차산역4번출구','일일(회원)','F','~10대',1,33.72,0.3,1310,23
'201701','140',' 이화여대 후문','일일(회원)','F','~10대',1,83.19,0.94,4040,58
'201701','720',' 서울강월초등학교 앞','일일(회원)','F','~10대',1,94.21,0.85,3660,34
'201701','816',' 신용산역 6번출구 앞','일일(회원)','F','~10대',1,16.27,0.18,790,11
'201701','825',' 서빙고동 주민센터 앞','일일(회원)','F','~10대',1,45.55,0.49,2130,17
'201701','199',' 서울 월드컵 경기장','일일(회원)','F','~10대',2,99.89,1.25,5370,57
'201701','388',' 동성중학교 앞','일일(회원)','F','~10대',1,51.18,0.64,2750,34
'201701','906',' 연신내역 5번출구150M 아래','일일(회원)','F','~10대',1,62.03,0.56,2410,35
'201701','907',' CJ 드림시티','일일(회원)','F','~10대',4,624.17,5.9,25440,171
'201701','201',' 진미파라곤 앞','일일(회원)','F','~10대',1,139.25,1.26,5410,37
'201701','912',' 응암오거리','일일(회원)','F','~10대',1,26.51,0.24,1030,7
'201701','915',' 증산역 4번출구','일일(회원)','F','~10대',1,146.93,1.79,7730,88
'201701','922',' 연신내역 4번출구','일일(회원)','F','~10대',1,120.66,1.29,5540,40
'201701','207',' 여의나루역 1번출구 앞','일일(회원)','F','~10대',8,1248.52,12.07,52000,474
'201701','421',' 마포구청 앞','일일(회원)','F','~10대',2,185.33,1.67,7200,75
'201701','420',' 서울시 공공자전거 상암센터','일일(회원)','F','~10대',2,132.56,1.2,5150,67
'201701','409',' 누리꿈스퀘어 옆','일일(회원)','F','~10대',2,291.93,2.6,11210,104
'201701','500',' 어린이대공원역 3번출구 앞','일일(회원)','F','~10대',1,178.91,1.75,7530,60
'201701','501',' 광진구의회 앞','일일(회원)','F','~10대',1,32.89,0.35,1510,12
'201701','502',' 뚝섬유원지역 1번출구 앞','일일(회원)','F','~10대',3,417.44,5.01,21610,151
'201701','108',' 서교동 사거리','일일(회원)','F','20대',7,603.76,5.55,23950,264
'201701','503',' 더샵스타시티 C동 앞','일일(회원)','F','20대',15,998.72,9.45,40610,369
'201701','504',' 신자초교입구교차로','일일(회원)','F','20대',3,379.84,3.89,16740,125
'201701','505',' 자양사거리 광진아크로텔 앞','일일(회원)','F','20대',11,518.61,5.04,21720,408
'201701','506',' 금호 어울림 아파트 앞','일일(회원)','F','20대',1,81.97,0.96,4140,62
'201701','507',' 성수아이에스비즈타워 앞','일일(회원)','F','20대',3,269.98,2.18,9390,69
'201701','508',' 성수아카데미타워 앞','일일(회원)','F','20대',5,302.24,2.99,12870,71
'201701','509',' 이마트 버스정류소 옆','일일(회원)','F','20대',11,898.23,9.3,40090,326
'201701','510',' 서울숲 남문 버스정류소 옆','일일(회원)','F','20대',2,179.43,1.89,8180,67
'201701','511',' 서울숲역 4번 출구 옆','일일(회원)','F','20대',22,2263.63,23.51,101240,942
'201701','512',' 뚝섬역 1번 출구 옆','일일(회원)','F','20대',9,693.88,7.16,30870,255
'201701','109',' 제일빌딩 앞','일일(회원)','F','20대',10,1244.59,13.17,56750,455
'201701','400',' 상암한화오벨리스크 1차 앞','일일(회원)','F','20대',2,102.96,0.92,4000,32
'201701','513',' 뚝섬역 5번 출구 정류소 옆','일일(회원)','F','20대',4,287.33,3.62,15570,195
'201701','514',' 성수사거리 버스정류장 앞','일일(회원)','F','20대',5,177.97,1.85,7990,130
'201701','515',' 광양중학교 앞','일일(회원)','F','20대',4,299.6,3.06,13170,117
'201701','516',' 광진메디칼 앞','일일(회원)','F','20대',9,553.06,5.9,25420,219
'201701','300',' 정동사거리','일일(회원)','F','20대',1,55.6,0.54,2340,25
'201701','301',' 경복궁역 7번출구 앞','일일(회원)','F','20대',2,90.53,0.9,3880,30
'201701','302',' 경복궁역 4번출구 뒤','일일(회원)','F','20대',3,184.24,1.62,7000,59
'201701','115',' 사루비아 빌딩 앞','일일(회원)','F','20대',8,666.19,6.94,29850,255
'201701','304',' 광화문역 2번출구 앞','일일(회원)','F','20대',7,475.63,4.65,20050,163
'201701','306',' 광화문역 7번출구 앞','일일(회원)','F','20대',3,131.48,1.22,5230,49
'201701','307',' 서울역사박물관 앞','일일(회원)','F','20대',5,130.78,1.43,6170,68
'201701','309',' 광화문역 6번출구 옆','일일(회원)','F','20대',6,252.42,2.5,10750,122
'201701','310',' 청계광장 옆','일일(회원)','F','20대',3,138.48,1.32,5730,54
'201701','311',' 서울광장 옆','일일(회원)','F','20대',11,1017.03,9.55,41190,472
'201701','312',' 시청역 1번출구 뒤','일일(회원)','F','20대',7,539.42,5.29,22830,204
'201701','314',' 국립현대미술관','일일(회원)','F','20대',8,792.9,7.78,33510,287
'201701','315',' 신한은행 안국역지점 옆','일일(회원)','F','20대',6,269.06,2.75,11850,124
'201701','316',' 종각역 1번출구 앞','일일(회원)','F','20대',10,683.67,7.09,30570,263
'201701','318',' 광교사거리 남측','일일(회원)','F','20대',7,426.85,4.64,20010,380
'201701','320',' 을지로입구역 4번출구 앞','일일(회원)','F','20대',3,339.15,3.79,16380,126
'201701','321',' KEB 하나은행 본점 앞','일일(회원)','F','20대',3,90.09,0.81,3500,30
'201701','322',' 명동성당 앞','일일(회원)','F','20대',5,200.38,2.17,9350,73
'201701','116',' 일진아이윌아파트 옆','일일(회원)','F','20대',6,797.82,9.5,40910,224
'201701','324',' 신세계백화점 본점 앞','일일(회원)','F','20대',2,96.49,1.03,4430,31
'201701','326',' 안국역 5번출구 앞','일일(회원)','F','20대',2,117.77,1.07,4640,84
'201701','327',' 낙원상가 옆','일일(회원)','F','20대',2,86.75,0.78,3370,25
'201701','328',' 탑골공원 앞','일일(회원)','F','20대',8,657.32,6.61,28510,203
'201701','329',' 청계2가 사거리 옆','일일(회원)','F','20대',5,376.03,3.42,14730,152
'201701','330',' 청계천 한빛광장','일일(회원)','F','20대',3,389.85,4.01,17310,165
'201701','331',' 을지로2가 사거리 북측','일일(회원)','F','20대',1,222.37,2.37,10210,58
'201701','332',' 을지로2가 사거리 남측','일일(회원)','F','20대',1,83.44,0.7,3010,28
'201701','111',' 상수역 2번출구 앞','일일(회원)','F','20대',9,1102.91,11.05,47700,440
'201701','334',' 종로3가역 2번출구 뒤','일일(회원)','F','20대',5,208.11,1.98,8500,94
'201701','335',' 종로3가역 15번출구 앞','일일(회원)','F','20대',4,185.94,1.79,7750,74
'201701','336',' 티마크 호텔 앞','일일(회원)','F','20대',4,481.33,4.34,18700,106
'201701','337',' 창경궁 입구','일일(회원)','F','20대',1,80.05,0.72,3110,19
'201701','338',' 세운스퀘어 앞','일일(회원)','F','20대',5,401.14,4.09,17670,163
'201701','339',' 종로4가 사거리','일일(회원)','F','20대',9,505.49,4.77,20630,240
'201701','340',' 혜화동 로터리','일일(회원)','F','20대',8,616.01,6.45,27790,231
'201701','341',' 혜화역 3번출구 뒤','일일(회원)','F','20대',8,597.78,6.43,27720,247
'201701','342',' 대학로 마로니에공원','일일(회원)','F','20대',8,519.25,5.34,22970,223
'201701','343',' 예일빌딩(율곡로) 앞','일일(회원)','F','20대',1,28.1,0.35,1510,48
'201701','112',' 극동방송국 앞','일일(회원)','F','20대',8,993.13,10.64,45860,406
'201701','344',' 성균관대 E하우스 앞','일일(회원)','F','20대',1,35.01,0.39,1700,16
'201701','345',' 서울보증보험본사 앞','일일(회원)','F','20대',2,219.82,1.98,8540,161
'201701','346',' 맥스타일 앞','일일(회원)','F','20대',5,298.42,3.25,14010,108
'201701','347',' 동대문역사문화공원역 9번출구 앞','일일(회원)','F','20대',7,607.01,5.78,24860,224
'201701','349',' 사직동주민센터','일일(회원)','F','20대',8,393.16,3.94,16960,222
'201701','350','KEB 하나은행(내자동 지점) 앞','일일(회원)','F','20대',6,323.04,3.24,13920,128
'201701','351',' 청운초교 앞 삼거리','일일(회원)','F','20대',2,104.25,1.35,5850,41
'201701','352',' 중앙고입구 삼거리','일일(회원)','F','20대',2,107.08,0.96,4160,74
'201701','353',' 재동초교 앞 삼거리','일일(회원)','F','20대',1,38.61,0.45,1950,17
'201701','117',' 홍은사거리','일일(회원)','F','20대',1,161.65,1.46,6280,56
'201701','354',' 포르투갈 대사관 앞','일일(회원)','F','20대',2,141.61,1.42,6090,59
'201701','355',' 서울사대부속초교 앞','일일(회원)','F','20대',2,17.62,0.2,890,12
'201701','356',' KT혜화지사 앞','일일(회원)','F','20대',5,369.81,3.31,14250,109
'201701','358',' 성대입구 사거리','일일(회원)','F','20대',13,718,6.91,29670,254
'201701','359',' 원남동사거리','일일(회원)','F','20대',4,126.24,1.45,6210,32
'201701','361',' 동묘앞역 1번출구 뒤','일일(회원)','F','20대',6,455.79,4.55,19640,187
'201701','362',' 청계8가 사거리','일일(회원)','F','20대',2,148.14,1.43,6140,36
'201701','363',' 신설동역 11번출구 뒤','일일(회원)','F','20대',2,275.3,2.69,11600,88
'201701','364',' 창신역 1번출구 앞','일일(회원)','F','20대',2,209.56,1.75,7560,54
'201701','113',' 홍대입구역 2번출구 앞','일일(회원)','F','20대',22,1539.12,14.25,61370,646
'201701','367',' 독립문역 3-1번출구 ','일일(회원)','F','20대',1,56.63,0.6,2600,20
'201701','368',' SK 서린빌딩 앞','일일(회원)','F','20대',6,361.32,3.66,15780,151
'201701','369',' 광화문 시민열린마당','일일(회원)','F','20대',2,53.57,0.53,2260,22
'201701','348',' 독립문역 사거리','일일(회원)','F','20대',5,327.82,3.21,13860,145
'201701','371',' 동대입구역 6번출구 뒤','일일(회원)','F','20대',2,216.23,2,8620,140
'201701','372',' 약수역 3번출구 뒤','일일(회원)','F','20대',2,284.56,2.87,12380,86
'201701','374',' 청구역 2번출구 앞','일일(회원)','F','20대',3,246.02,2.08,8990,160
'201701','118',' 광흥창역 2번출구 앞','일일(회원)','F','20대',5,134.64,1.43,6170,38
'201701','375',' 다산 어린이공원','일일(회원)','F','20대',1,69.91,0.74,3210,23
'201701','377',' 서울역 4번출구 앞','일일(회원)','F','20대',2,41.13,0.51,2210,95
'201701','378',' 청계7가 사거리','일일(회원)','F','20대',2,198.05,1.89,8180,89
'201701','379',' 서울역9번출구','일일(회원)','F','20대',2,130.24,1.23,5300,42
'201701','380',' CJ제일제당 앞','일일(회원)','F','20대',3,1094.66,11.77,50750,1347
'201701','382',' 약수역 10번출구 앞','일일(회원)','F','20대',1,44.19,0.58,2480,16
'201701','383',' 신당역 12번 출구 뒤','일일(회원)','F','20대',4,336.66,3.21,13830,127
'201701','384',' 종로학원본원 ','일일(회원)','F','20대',1,61.91,0.68,2950,15
'201701','114',' 홍대입구역 8번출구 앞','일일(회원)','F','20대',11,612.41,6.33,27250,236
'201701','142',' 아현역 4번출구 앞','일일(회원)','F','20대',10,647.94,6.23,26780,133
'201701','144',' 공덕역 8번출구','일일(회원)','F','20대',11,915.08,8.85,38110,342
'201701','145',' 공덕역 5번출구','일일(회원)','F','20대',3,129.15,1.23,5260,32
'201701','146',' 마포역 1번출구 뒤','일일(회원)','F','20대',6,451.06,5.13,22130,178
'201701','147',' 마포역 4번출구 뒤','일일(회원)','F','20대',6,1302.2,11.8,50870,195
'201701','148',' 용강동 주민센터 앞','일일(회원)','F','20대',3,239.57,2.23,9600,72
'201701','150',' 서강대역 2번출구 앞','일일(회원)','F','20대',6,281.15,2.84,12220,166
'201701','151',' 망원1동주민센터','일일(회원)','F','20대',1,63.85,0.64,2780,13
'201701','152',' 마포구민체육센터 앞','일일(회원)','F','20대',12,2108.14,20.17,86990,761
'201701','119',' 서강나루 공원','일일(회원)','F','20대',2,350.47,4.21,18140,81
'201701','153',' 성산2교 사거리','일일(회원)','F','20대',7,1090.6,10.13,43590,330
'201701','154',' 마포구청역 ','일일(회원)','F','20대',6,566.36,5.27,22720,165
'201701','156',' 서울서부지방법원 앞','일일(회원)','F','20대',1,79.68,0.82,3530,38
'201701','157',' 애오개역 4번출구 앞','일일(회원)','F','20대',2,157.14,1.52,6540,61
'201701','158',' 독립문 어린이 공원','일일(회원)','F','20대',1,64.3,0.82,3530,31
'201701','159',' 이대역 4번 출구','일일(회원)','F','20대',6,203.1,2.12,9190,63
'201701','160',' 북아현동 가구거리','일일(회원)','F','20대',3,216.93,2.32,9960,68
'201701','161',' 무악재역1번 출구','일일(회원)','F','20대',3,287.77,2.59,11180,79
'201701','162',' 봉원고가차도 밑','일일(회원)','F','20대',3,79,0.9,3880,17
'201701','120',' 신수동 사거리','일일(회원)','F','20대',2,209.45,2.36,10190,79
'201701','163',' 명지전문대학교 정문 앞','일일(회원)','F','20대',4,467.8,5.12,22090,139
'201701','164',' 북가좌1동 주민센터 ','일일(회원)','F','20대',2,129.41,1.12,4800,41
'201701','166',' 가재울 초등학교','일일(회원)','F','20대',1,14.64,0.2,860,5
'201701','167',' 연가초등학교 옆','일일(회원)','F','20대',2,92.38,1.06,4540,72
'201701','169',' 북가좌 삼거리','일일(회원)','F','20대',3,302.19,2.72,11740,85
'201701','170',' 가재울 뉴타운 주유소 옆','일일(회원)','F','20대',6,764.36,7.23,31130,229
'201701','171',' 임광빌딩 앞','일일(회원)','F','20대',2,118.34,1.13,4840,49
'201701','121',' 마포소방서 앞','일일(회원)','F','20대',2,116.55,1.16,4990,44
'201701','173',' 서대문역 8번출구 앞','일일(회원)','F','20대',1,80.33,0.75,3220,19
'201701','175',' 홍연2교옆','일일(회원)','F','20대',15,2328.19,27.22,117300,680
'201701','179',' 가좌역 4번출구 앞','일일(회원)','F','20대',2,94.8,0.92,3990,25
'201701','180',' 충정로역 7번출구 뒤','일일(회원)','F','20대',4,323.35,3.29,14210,80
'201701','518',' 청계천 박물관 앞','일일(회원)','F','20대',4,341.96,3.29,14170,101
'201701','519',' 양지사거리','일일(회원)','F','20대',5,194.67,2.04,8800,51
'201701','520',' 상왕십리역 4번 출구 앞','일일(회원)','F','20대',2,43.77,0.5,2150,22
'201701','521',' 왕십리역 11번 출구 앞','일일(회원)','F','20대',2,191.65,2,8610,91
'201701','522',' 금호역 1번출구 앞','일일(회원)','F','20대',1,35.93,0.44,1890,32
'201701','523',' 옥수동성당 옆','일일(회원)','F','20대',1,41.25,0.43,1860,24
'201701','122',' 신성기사식당 앞','일일(회원)','F','20대',4,142.13,1.4,6020,58
'201701','524',' 래미안금호하이리버 아파트 102동 옆','일일(회원)','F','20대',2,63.08,0.58,2510,18
'201701','525',' 한양대병원사거리','일일(회원)','F','20대',11,997.67,9.45,40710,408
'201701','526',' 용답토속공원 앞','일일(회원)','F','20대',3,288.81,3.16,13620,200
'201701','530',' 청계벽산아파트 앞','일일(회원)','F','20대',3,378.26,4.01,17290,99
'201701','535',' 응봉삼거리','일일(회원)','F','20대',8,1312.66,15.04,64870,485
'201701','536',' 행당역 2번출구 앞','일일(회원)','F','20대',5,746.8,5.75,24770,147
'201701','537',' 한양대후문역 부근','일일(회원)','F','20대',7,279.7,2.69,11610,113
'201701','123',' 문화촌 공원','일일(회원)','F','20대',1,164.74,1.48,6400,37
'201701','538',' 답십리역 8번출구 앞','일일(회원)','F','20대',1,110.68,1,4300,50
'201701','540',' 군자역 7번출구 베스트샵 앞','일일(회원)','F','20대',14,764.43,8.18,35370,263
'201701','542',' 강변역 4번출구 뒤','일일(회원)','F','20대',3,395.57,4.29,18470,115
'201701','543',' 구의공원(테크노마트 앞)','일일(회원)','F','20대',9,844.22,9.68,41710,379
'201701','546',' 잠실대교북단 교차로','일일(회원)','F','20대',4,521.93,5.34,23000,172
'201701','548',' 자양나들목','일일(회원)','F','20대',3,225.22,2.67,11540,97
'201701','549',' 아차산역 3번출구','일일(회원)','F','20대',6,223.68,2.92,12630,114
'201701','124',' 서강대 정문 건너편','일일(회원)','F','20대',5,268.71,2.76,11830,128
'201701','600',' 휘경2동 주민센터','일일(회원)','F','20대',9,1717.21,16.07,69260,469
'201701','602',' 장안동 사거리','일일(회원)','F','20대',3,119.06,1.16,4960,54
'201701','605',' 신설동역8번출구','일일(회원)','F','20대',1,60.59,0.71,3060,30
'201701','607',' 신이문역 2번출구','일일(회원)','F','20대',3,307.24,3.21,13850,139
'201701','608',' 전농삼성아파트','일일(회원)','F','20대',3,350.57,3.16,13620,162
'201701','609',' 제기2교','일일(회원)','F','20대',12,1095.57,10.53,45300,335
'201701','125',' 서강대 남문 옆','일일(회원)','F','20대',5,365.79,3.6,15520,115
'201701','610',' 동대문중 교차로','일일(회원)','F','20대',2,217.27,2,8620,70
'201701','613',' 신설동역 10번출구 앞','일일(회원)','F','20대',5,217.03,2.26,9750,83
'201701','614',' 용두동 사거리','일일(회원)','F','20대',3,300.51,2.98,12850,86
'201701','615',' 용두동 레미안허브리츠아파트 앞','일일(회원)','F','20대',1,337.45,3.04,13110,133
'201701','616',' 서울시립대 앞','일일(회원)','F','20대',2,84.29,0.86,3710,29
'201701','617',' 청솔우성아파트 앞','일일(회원)','F','20대',1,66.65,0.71,3060,23
'201701','228',' 선유도역 3번출구 앞','일일(회원)','F','20대',4,196.72,1.71,7390,120
'201701','229',' 양평1 보행육교 앞','일일(회원)','F','20대',1,47.94,0.62,2690,16
'201701','126',' 서강대 후문 옆','일일(회원)','F','20대',6,534.31,5.32,22910,207
'201701','231',' 남부고용노동지청 남측','일일(회원)','F','20대',4,426.92,4.73,20420,171
'201701','232',' 양평우림 이비즈센타 앞','일일(회원)','F','20대',18,993.21,10.61,45750,452
'201701','234',' 영등포구민체육센터 앞','일일(회원)','F','20대',2,21.42,0.21,910,6
'201701','235',' 신길동 우리은행 옆','일일(회원)','F','20대',1,152.05,1.54,6620,72
'201701','236',' 문래동자이아파트 앞','일일(회원)','F','20대',1,217.76,1.96,8460,114
'201701','237',' 보라매 두산위브 건너편','일일(회원)','F','20대',4,326.42,3.61,15560,141
'201701','239',' 유스호스텔 앞','일일(회원)','F','20대',9,380.48,3.42,14720,127
'201701','240',' 문래역 4번출구 앞','일일(회원)','F','20대',1,40.67,0.37,1580,45
'201701','127',' 현대벤처빌 앞','일일(회원)','F','20대',6,593.49,5.6,24140,140
'201701','241',' 신길우성1차아파트 앞 공원','일일(회원)','F','20대',2,164.27,1.63,6990,55
'201701','243',' 이앤씨드림타워 앞','일일(회원)','F','20대',1,19.72,0.19,830,10
'201701','244',' 영등포삼환아파트 앞','일일(회원)','F','20대',5,807.22,8.17,35210,211
'201701','247',' 당산역 10번출구 앞','일일(회원)','F','20대',3,175.77,1.93,8310,96
'201701','248',' 초원아파트 앞','일일(회원)','F','20대',1,87.6,0.92,3950,30
'201701','249',' 여의도중학교 옆','일일(회원)','F','20대',4,338.96,3.72,15980,189
'201701','250',' 대림아파트 사거리','일일(회원)','F','20대',3,106.82,0.97,4150,59
'201701','101',' (구)합정동 주민센터','일일(회원)','F','20대',3,828.56,7.46,32190,168
'201701','128',' 신촌역(2호선) 1번출구 옆','일일(회원)','F','20대',4,250.86,2.75,11850,141
'201701','252',' 보라매역4번출구','일일(회원)','F','20대',7,838.09,7.76,33470,275
'201701','254',' 도림신협 앞','일일(회원)','F','20대',2,384.92,3.79,16330,120
'201701','257',' 신길삼거리(우리은행)','일일(회원)','F','20대',4,229.11,2.35,10150,49
'201701','258',' 신길역3번출구','일일(회원)','F','20대',3,373.55,3.96,17060,128
'201701','259',' 대방역6번출구','일일(회원)','F','20대',2,547.94,5.81,25040,147
'201701','700',' KB국민은행 염창역 지점 앞','일일(회원)','F','20대',5,489.85,5.53,23850,323
'201701','129',' 신촌역(2호선) 6번출구 옆','일일(회원)','F','20대',4,117.94,1.3,5600,110
'201701','703',' 오목교역 7번출구 앞','일일(회원)','F','20대',7,716.86,7.34,31640,301
'201701','704',' 남부법원검찰청 교차로','일일(회원)','F','20대',1,97.22,1.14,4910,40
'201701','706',' 신정네거리역','일일(회원)','F','20대',1,467.2,3.22,13880,71
'201701','708',' 서울출입국관리사무소 앞','일일(회원)','F','20대',1,257.66,2.32,10010,82
'201701','710',' 서부화물트럭터미널 사거리','일일(회원)','F','20대',2,162.46,1.3,5620,28
'201701','130',' 신촌역(2호선) 7번출구 앞','일일(회원)','F','20대',7,429.72,4.88,21060,257
'201701','713',' 양서중학교 옆','일일(회원)','F','20대',2,172.29,1.38,5960,30
'201701','800',' 목월공원 앞','일일(회원)','F','20대',4,313.95,3.44,14820,111
'201701','805',' 문배어린이공원 앞','일일(회원)','F','20대',1,31.88,0.37,1610,16
'201701','806',' 전자랜드 본관 앞','일일(회원)','F','20대',1,85.73,1,4330,55
'201701','807',' 서울역 12번 출구 앞','일일(회원)','F','20대',3,460.59,4.3,18500,136
'201701','808',' 서빙고동 금호맨션 앞','일일(회원)','F','20대',2,104.73,1.28,5510,57
'201701','131',' 증산2교','일일(회원)','F','20대',4,903.88,10.04,43280,206
'201701','809',' 한남 유수지 복개주차장','일일(회원)','F','20대',4,330.3,3.75,16150,226
'201701','810',' 이태원지하보도','일일(회원)','F','20대',5,310.07,3.3,14250,142
'201701','811',' 녹사평역1번출구','일일(회원)','F','20대',12,1086.53,11.65,50190,521
'201701','812',' 용산전쟁기념관','일일(회원)','F','20대',4,403.71,4.15,17900,163
'201701','813',' 삼각지역 3번출구','일일(회원)','F','20대',1,84.02,0.95,4080,27
'201701','815',' LIG강촌아파트 103동앞','일일(회원)','F','20대',7,687.1,7.27,31390,278
'201701','385',' 종각역 5번출구','일일(회원)','F','20대',5,332.63,3.61,15570,144
'201701','386',' 올림픽기념 국민생활관 앞','일일(회원)','F','20대',2,166.1,1.85,7990,62
'201701','387',' 훈련원공원주차장 앞','일일(회원)','F','20대',2,49.9,0.58,2520,57
'201701','181',' 망원초록길 입구','일일(회원)','F','20대',2,267.04,2.72,11740,75
'201701','132',' 창천문화공원','일일(회원)','F','20대',5,311.93,3.38,14610,171
'201701','182',' 망원2빗물펌프장 앞','일일(회원)','F','20대',11,1154.46,12.1,52160,362
'201701','183',' 하늘채코오롱아파트 건너편','일일(회원)','F','20대',8,614.33,5.96,25700,204
'201701','184',' SK망원동주유소 건너편','일일(회원)','F','20대',8,449.92,4.34,18670,143
'201701','185',' 마포 신수공원 앞','일일(회원)','F','20대',4,507.65,5.06,21850,166
'201701','186',' 월드컵공원','일일(회원)','F','20대',8,892.08,8.62,37190,313
'201701','188',' 홍은동 정원여중 입구','일일(회원)','F','20대',7,1921.64,18.26,78740,595
'201701','178',' 증산3교 앞','일일(회원)','F','20대',2,254.08,2.59,11180,59
'201701','133',' 해담는다리','일일(회원)','F','20대',2,469.92,4.75,20460,103
'201701','194',' 증산교 앞','일일(회원)','F','20대',3,359.02,3.44,14840,87
'201701','195',' 모래내고가차도 ','일일(회원)','F','20대',2,54.52,0.65,2810,70
'201701','198',' 충정2교','일일(회원)','F','20대',1,45.68,0.48,2060,43
'201701','556',' 달맞이공원','일일(회원)','F','20대',3,686.31,7.36,31720,163
'201701','557',' 도선동 주민센터 앞','일일(회원)','F','20대',3,113.21,1.08,4660,41
'201701','558',' 성동광진 교육지원청 앞','일일(회원)','F','20대',10,670.23,7.09,30610,275
'201701','134',' 연세로 명물길','일일(회원)','F','20대',5,398.91,3.69,15950,179
'201701','559',' 왕십리역 4번 출구 건너편','일일(회원)','F','20대',13,598.67,5.71,24600,251
'201701','560',' 비전교회 앞','일일(회원)','F','20대',2,318.05,3.08,13270,118
'201701','561',' 서울숲역 2번출구 앞','일일(회원)','F','20대',10,1926.13,21.16,91180,806
'201701','562',' 군자지하보도 앞','일일(회원)','F','20대',4,288.89,2.58,11150,91
'201701','563',' 성동세무서 건너편','일일(회원)','F','20대',1,18.02,0.16,700,6
'201701','565',' 옥수역 3번출구','일일(회원)','F','20대',6,826.24,8.99,38730,234
'201701','567',' 성수역 2번출구 앞','일일(회원)','F','20대',10,542.43,5.63,24260,195
'201701','568',' 청계8가사거리 부근','일일(회원)','F','20대',11,661.35,6.6,28500,218
'201701','569',' 응봉현대아파트 정류소','일일(회원)','F','20대',2,162.52,1.57,6780,99
'201701','578',' 성동세무서 부근','일일(회원)','F','20대',1,66.92,0.6,2600,18
'201701','579',' 마장역 4번출구','일일(회원)','F','20대',3,557.26,5.83,25140,182
'201701','580',' 신금호역 3번출구 뒤','일일(회원)','F','20대',2,320.69,3.99,17200,132
'201701','583',' 청계천 생태교실 앞','일일(회원)','F','20대',6,1077.6,10.98,47350,250
'201701','551',' 구의삼성쉐르빌 앞','일일(회원)','F','20대',6,528.99,5.37,23180,185
'201701','552',' 대림아크로리버 앞','일일(회원)','F','20대',1,357.27,3.22,13880,81
'201701','553',' 중곡 성원APT 앞','일일(회원)','F','20대',1,124.84,1.13,4850,45
'201701','554',' 아차산역 사거리','일일(회원)','F','20대',5,277.6,4.31,18590,151
'201701','555',' 구의3동주민센터','일일(회원)','F','20대',2,199.01,2.27,9760,100
'201701','571',' 어린이대공원역6번출구','일일(회원)','F','20대',6,469.82,4.36,18800,130
'201701','572',' 국립정신 건강센터 앞','일일(회원)','F','20대',2,87.97,0.89,3830,89
'201701','573',' 구의문주차장 앞','일일(회원)','F','20대',6,264.98,2.5,10770,56
'201701','574',' 아차산역4번출구','일일(회원)','F','20대',4,230.79,2.6,11200,67
'201701','575',' 중앙농협 중곡지점','일일(회원)','F','20대',1,66.84,0.68,2910,37
'201701','576',' 광나루역 3번 출구','일일(회원)','F','20대',3,222.8,2.13,9160,65
'201701','577',' 광진청소년수련관','일일(회원)','F','20대',6,958.64,9.12,39300,276
'201701','621',' 동대문중학교 옆','일일(회원)','F','20대',1,153.01,1.49,6440,56
'201701','137',' NH농협 신촌지점 앞','일일(회원)','F','20대',9,594.7,6.43,27700,207
'201701','622',' 전농사거리 교통섬','일일(회원)','F','20대',4,367.06,3.75,16150,116
'201701','623',' 서울시립대 정문 앞','일일(회원)','F','20대',9,419.29,4.49,19330,165
'201701','624',' 전농동 동아아파트 앞','일일(회원)','F','20대',1,64.06,0.78,3370,19
'201701','626',' 군자교 서측 녹지대','일일(회원)','F','20대',3,70.44,0.84,3630,22
'201701','627',' 장안동삼거리 교통섬','일일(회원)','F','20대',5,374.46,3.81,16430,129
'201701','630',' 동대문구 보건소','일일(회원)','F','20대',2,242.81,2.57,11070,67
'201701','102',' 망원역 1번출구 앞','일일(회원)','F','20대',12,794.28,7.66,32990,378
'201701','138',' 신촌동 제1공영주차장 앞','일일(회원)','F','20대',5,127.76,1.43,6180,44
'201701','633',' 청량리 기업은행 앞','일일(회원)','F','20대',4,154.37,1.56,6740,44
'201701','634',' 외국어대 정문 앞','일일(회원)','F','20대',11,1766.59,15.91,68560,548
'201701','635',' 시조사 앞 (청량고정문 옆)','일일(회원)','F','20대',2,178.23,1.7,7310,85
'201701','637',' KAIST 경영대학 앞','일일(회원)','F','20대',7,833.71,7.65,32970,215
'201701','639',' 서울시립대 후문','일일(회원)','F','20대',6,352.52,3.68,15850,347
'201701','640',' KEB하나은행 청량리역지점','일일(회원)','F','20대',2,141.84,1.39,5970,62
'201701','641',' 용두역 4번출구','일일(회원)','F','20대',7,555.16,5.4,23240,194
'201701','642',' 신답역 사거리','일일(회원)','F','20대',5,205.01,2.16,9270,144
'201701','140',' 이화여대 후문','일일(회원)','F','20대',5,201.1,1.85,7940,100
'201701','230',' 영등포구청역 1번출구','일일(회원)','F','20대',7,231.17,1.99,8590,87
'201701','260',' 여의도 마리나선착장 앞','일일(회원)','F','20대',1,102.1,1.01,4370,42
'201701','262',' 영문초등학교 사거리','일일(회원)','F','20대',1,40.36,0.45,1960,12
'201701','263',' 근로자회관 사거리','일일(회원)','F','20대',2,391.17,3.78,16300,159
'201701','265',' 영등포유통상가 사거리','일일(회원)','F','20대',2,75.84,0.77,3300,25
'201701','141',' 연대 대운동장 옆','일일(회원)','F','20대',8,569.38,6.32,27260,142
'201701','266',' 영등포청과시장 사거리','일일(회원)','F','20대',16,1398.87,12.63,54440,474
'201701','267',' 삼성화재 사옥 옆','일일(회원)','F','20대',6,371.79,3.17,13680,160
'201701','268',' 그랜드컨벤션센터 앞','일일(회원)','F','20대',1,39.96,0.4,1740,14
'201701','271',' 샛강생태공원방문자센터 앞','일일(회원)','F','20대',3,169.21,1.56,6680,44
'201701','272',' 당산육갑문','일일(회원)','F','20대',4,1081.59,9.75,42020,231
'201701','716','신정6동 주민센터 인근','일일(회원)','F','20대',2,158.19,1.94,8360,82
'201701','720',' 서울강월초등학교 앞','일일(회원)','F','20대',1,179.56,2.02,8720,63
'201701','816',' 신용산역 6번출구 앞','일일(회원)','F','20대',7,555.32,5.41,23330,171
'201701','817',' 삼각지역 4번출구 앞','일일(회원)','F','20대',3,64.53,0.82,3540,52
'201701','818',' 숙명여대 입구 교차로','일일(회원)','F','20대',4,353.63,3.8,16400,135
'201701','819',' 선린인터넷 고등학교','일일(회원)','F','20대',3,157.26,1.92,8290,99
'201701','820',' 청파동입구 교차로','일일(회원)','F','20대',6,252.96,2.63,11410,146
'201701','823',' 효창동주민센터 앞','일일(회원)','F','20대',3,321.24,2.9,12480,159
'201701','825',' 서빙고동 주민센터 앞','일일(회원)','F','20대',11,1763.8,19.34,83320,578
'201701','199',' 서울 월드컵 경기장','일일(회원)','F','20대',18,2133.85,21.65,93270,1106
'201701','388',' 동성중학교 앞','일일(회원)','F','20대',7,438.03,3.85,16620,190
'201701','584',' 광진광장 교통섬','일일(회원)','F','20대',7,495.03,4.9,21140,159
'201701','585',' 성수2가1동 공영주차장 인근','일일(회원)','F','20대',1,33.98,0.31,1320,9
'201701','586',' 마장동 주민센터','일일(회원)','F','20대',3,119.12,1.12,4820,35
'201701','901',' 응암1동사무소','일일(회원)','F','20대',9,1924.98,17.32,74710,457
'201701','200',' 국회의원회관','일일(회원)','F','20대',2,132.36,1.42,6110,108
'201701','903',' 은평뉴타운 아이파크','일일(회원)','F','20대',4,290.42,2.95,12730,101
'201701','905',' 구파발역 2번출구','일일(회원)','F','20대',10,949.16,8.63,37190,323
'201701','906',' 연신내역 5번출구150M 아래','일일(회원)','F','20대',10,1122.64,11.04,47640,385
'201701','907',' CJ 드림시티','일일(회원)','F','20대',24,3490.82,36.22,156030,850
'201701','908',' 구산역 4번출구','일일(회원)','F','20대',2,261.74,3.09,13310,102
'201701','911',' 은평평화공원(역촌역4번출구)','일일(회원)','F','20대',5,429.23,4.12,17730,129
'201701','201',' 진미파라곤 앞','일일(회원)','F','20대',1,125.35,1.13,4870,37
'201701','912',' 응암오거리','일일(회원)','F','20대',3,396.23,4.56,19700,141
'201701','913',' 이마트 은평점','일일(회원)','F','20대',15,1256.34,12,51770,378
'201701','914',' 새절역 2번출구','일일(회원)','F','20대',7,799.69,7.47,32150,189
'201701','915',' 증산역 4번출구','일일(회원)','F','20대',10,1074.49,11.12,47820,377
'201701','917',' 녹번역 4번출구','일일(회원)','F','20대',1,64.21,0.56,2420,21
'201701','919',' 서울혁신파크','일일(회원)','F','20대',3,459.68,4.17,17990,212
'201701','921',' 신도고등학교','일일(회원)','F','20대',3,306.3,3.59,15470,97
'201701','202',' 국민일보 앞','일일(회원)','F','20대',4,323.36,3.29,14190,124
'201701','922',' 연신내역 4번출구','일일(회원)','F','20대',4,500.96,3.43,14800,153
'201701','924',' 메뚜기다리','일일(회원)','F','20대',1,60.68,0.46,1990,16
'201701','926',' 불광역 8번출구','일일(회원)','F','20대',8,773.93,8.6,37040,236
'201701','928',' 은평역사한옥박물관','일일(회원)','F','20대',2,223.86,1.96,8450,56
'201701','931',' 역촌파출소','일일(회원)','F','20대',7,1116.04,10.97,47280,328
'201701','933',' LG서비스 역촌점','일일(회원)','F','20대',2,151.45,1.49,6450,67
'201701','587',' KEB하나은행 성수중앙지점','일일(회원)','F','20대',2,40.32,0.37,1600,66
'201701','588',' 뚝섬 유원지역','일일(회원)','F','20대',1,56.39,0.7,3030,37
'201701','103',' 망원역 2번출구 앞','일일(회원)','F','20대',12,1189.52,11.94,51500,511
'201701','204',' 국회의사당역 5번출구 옆','일일(회원)','F','20대',1,21.83,0.24,1040,13
'201701','203',' 국회의사당역 3번출구 옆','일일(회원)','F','20대',2,149.13,1.38,5950,72
'201701','205',' 산업은행 앞','일일(회원)','F','20대',8,1268.82,13.53,58300,436
'201701','206',' KBS 앞','일일(회원)','F','20대',8,645.89,7.13,30680,292
'201701','210',' IFC몰','일일(회원)','F','20대',9,918.27,8.92,38490,354
'201701','211',' 여의도역 4번출구 옆','일일(회원)','F','20대',7,760.6,7.02,30230,279
'201701','212',' 여의도역 1번출구 옆','일일(회원)','F','20대',5,409.14,3.54,15220,131
'201701','213',' KT앞','일일(회원)','F','20대',3,473.86,4.55,19610,109
'201701','104',' 합정역 1번출구 앞','일일(회원)','F','20대',7,646.99,6.17,26640,252
'201701','214',' 금융감독원 앞','일일(회원)','F','20대',5,377.56,3.52,15190,125
'201701','218',' 증권거래소 앞','일일(회원)','F','20대',1,202.47,2.08,8970,71
'201701','219',' 롯데캐슬엠파이어 옆','일일(회원)','F','20대',2,209.65,2.22,9570,64
'201701','220',' 미성아파트 A동 앞','일일(회원)','F','20대',1,155.03,1.82,7830,46
'201701','215',' 여의도고교 앞','일일(회원)','F','20대',5,666.4,6.12,26350,221
'201701','216',' 삼부아파트1동 앞','일일(회원)','F','20대',2,39.69,0.4,1710,13
'201701','217',' NH농협은행 앞','일일(회원)','F','20대',3,129.71,1.44,6220,63
'201701','221',' 여의도초교 앞','일일(회원)','F','20대',13,2598.61,24.85,107090,745
'201701','222',' 시범아파트버스정류장 옆','일일(회원)','F','20대',3,486.83,4.51,19400,154
'201701','223',' 진주아파트상가 앞','일일(회원)','F','20대',7,359.02,3.67,15810,79
'201701','105',' 합정역 5번출구 앞','일일(회원)','F','20대',7,514.52,5.32,22930,311
'201701','224',' 롯데캐슬 앞','일일(회원)','F','20대',2,329.59,3.81,16460,96
'201701','225',' 앙카라공원 앞','일일(회원)','F','20대',1,26.14,0.26,1100,13
'201701','226',' 샛강역 1번출구 앞','일일(회원)','F','20대',5,535.9,5.5,23710,332
'201701','207',' 여의나루역 1번출구 앞','일일(회원)','F','20대',27,2659.35,28.18,121410,1315
'201701','401',' 상암월드컵파크 10단지 앞','일일(회원)','F','20대',5,434.91,4.09,17650,170
'201701','402',' 상암월드컵파크 9단지 앞','일일(회원)','F','20대',3,89.17,1.02,4410,38
'201701','403',' 부엉이공원 앞','일일(회원)','F','20대',5,248.75,2.38,10220,104
'201701','106',' 합정역 7번출구 앞','일일(회원)','F','20대',9,1238.47,10.22,44080,407
'201701','405',' DMC빌 앞','일일(회원)','F','20대',1,16.73,0.15,650,4
'201701','406',' 상암월드컵파크 7단지 앞','일일(회원)','F','20대',2,151.35,1.36,5880,105
'201701','421',' 마포구청 앞','일일(회원)','F','20대',8,482.41,4.67,20160,123
'201701','407',' 마포구 육아종합지원센터','일일(회원)','F','20대',1,50.75,0.54,2330,26
'201701','408',' LG CNS앞','일일(회원)','F','20대',1,39.35,0.43,1840,11
'201701','420',' 서울시 공공자전거 상암센터','일일(회원)','F','20대',10,1082.93,11.24,48440,462
'201701','409',' 누리꿈스퀘어 옆','일일(회원)','F','20대',12,1052.39,10.73,46220,529
'201701','419',' 홈플러스 앞','일일(회원)','F','20대',23,1910.63,20.2,87080,700
'201701','418',' 월드컵경기장역 3번출구 옆','일일(회원)','F','20대',11,1135.49,10.72,46160,292
'201701','107',' 신한은행 서교동금융센터점 앞','일일(회원)','F','20대',7,1367.52,13.23,57010,390
'201701','411',' DMC홍보관','일일(회원)','F','20대',8,624.47,5.94,25620,208
'201701','412',' DMC산학협력연구센터 앞','일일(회원)','F','20대',1,102.9,1.04,4480,28
'201701','413',' 상암월드컵파크 3단지 후문','일일(회원)','F','20대',3,354.96,3.2,13790,81
'201701','417',' DMC역 2번출구 옆','일일(회원)','F','20대',2,176.27,1.72,7450,70
'201701','414',' 상암동주민센터 옆','일일(회원)','F','20대',1,34.41,0.37,1580,20
'201701','415',' DMC역 9번출구 앞','일일(회원)','F','20대',2,90.31,0.88,3790,29
'201701','416',' 상암월드컵파크 1단지 교차로','일일(회원)','F','20대',2,44.43,0.48,2040,31
'201701','500',' 어린이대공원역 3번출구 앞','일일(회원)','F','20대',16,1168.87,12.64,54540,426
'201701','501',' 광진구의회 앞','일일(회원)','F','20대',12,1217.51,12.11,52140,479
'201701','502',' 뚝섬유원지역 1번출구 앞','일일(회원)','F','20대',30,5084.66,49.45,213180,1529
'201701','108',' 서교동 사거리','일일(회원)','F','30대',1,69.1,0.81,3490,43
'201701','503',' 더샵스타시티 C동 앞','일일(회원)','F','30대',2,63.83,0.58,2480,14
'201701','504',' 신자초교입구교차로','일일(회원)','F','30대',3,203.63,2.05,8850,78
'201701','505',' 자양사거리 광진아크로텔 앞','일일(회원)','F','30대',1,403.59,4.15,17880,88
'201701','509',' 이마트 버스정류소 옆','일일(회원)','F','30대',6,240.89,2.43,10450,77
'201701','510',' 서울숲 남문 버스정류소 옆','일일(회원)','F','30대',2,131.77,1.41,6050,64
'201701','511',' 서울숲역 4번 출구 옆','일일(회원)','F','30대',4,533.25,4.96,21380,181
'201701','512',' 뚝섬역 1번 출구 옆','일일(회원)','F','30대',4,285.7,2.57,11100,82
'201701','109',' 제일빌딩 앞','일일(회원)','F','30대',2,111.67,1.13,4850,53
'201701','514',' 성수사거리 버스정류장 앞','일일(회원)','F','30대',5,404.04,3.3,14210,169
'201701','300',' 정동사거리','일일(회원)','F','30대',4,119.12,1.2,5170,32
'201701','301',' 경복궁역 7번출구 앞','일일(회원)','F','30대',2,27.96,0.31,1330,11
'201701','302',' 경복궁역 4번출구 뒤','일일(회원)','F','30대',1,82.37,0.74,3200,28
'201701','303',' 광화문역 1번출구 앞','일일(회원)','F','30대',3,252.45,2.47,10640,67
'201701','115',' 사루비아 빌딩 앞','일일(회원)','F','30대',3,393.86,4.09,17620,147
'201701','305',' 종로구청 옆','일일(회원)','F','30대',1,0,0,0,2
'201701','307',' 서울역사박물관 앞','일일(회원)','F','30대',3,269.69,2.77,11930,76
'201701','308',' 광화문 S타워 앞','일일(회원)','F','30대',1,20.79,0.21,890,6
'201701','309',' 광화문역 6번출구 옆','일일(회원)','F','30대',1,55.81,0.38,1620,9
'201701','310',' 청계광장 옆','일일(회원)','F','30대',3,212.87,2.13,9180,58
'201701','311',' 서울광장 옆','일일(회원)','F','30대',2,133.23,1.27,5480,41
'201701','313',' 서울역 광장 파출소 옆','일일(회원)','F','30대',1,62.85,0.62,2690,47
'201701','314',' 국립현대미술관','일일(회원)','F','30대',3,119.63,1.13,4870,56
'201701','315',' 신한은행 안국역지점 옆','일일(회원)','F','30대',1,80.82,0.73,3140,40
'201701','316',' 종각역 1번출구 앞','일일(회원)','F','30대',2,148.28,1.6,6890,36
'201701','320',' 을지로입구역 4번출구 앞','일일(회원)','F','30대',1,28.6,0.36,1570,28
'201701','321',' KEB 하나은행 본점 앞','일일(회원)','F','30대',2,109.65,0.99,4260,52
'201701','322',' 명동성당 앞','일일(회원)','F','30대',1,84.68,0.76,3290,43
'201701','116',' 일진아이윌아파트 옆','일일(회원)','F','30대',3,205.92,1.86,8000,63
'201701','324',' 신세계백화점 본점 앞','일일(회원)','F','30대',1,79.79,0.93,4030,30
'201701','326',' 안국역 5번출구 앞','일일(회원)','F','30대',1,49.72,0.68,2920,27
'201701','327',' 낙원상가 옆','일일(회원)','F','30대',1,18.58,0.24,1020,10
'201701','328',' 탑골공원 앞','일일(회원)','F','30대',1,92.66,0.84,3600,60
'201701','329',' 청계2가 사거리 옆','일일(회원)','F','30대',3,178.36,1.72,7420,64
'201701','330',' 청계천 한빛광장','일일(회원)','F','30대',1,63.2,0.65,2800,43
'201701','332',' 을지로2가 사거리 남측','일일(회원)','F','30대',1,17.62,0.21,890,7
'201701','111',' 상수역 2번출구 앞','일일(회원)','F','30대',2,139,1.36,5850,36
'201701','334',' 종로3가역 2번출구 뒤','일일(회원)','F','30대',1,63.58,0.57,2470,20
'201701','337',' 창경궁 입구','일일(회원)','F','30대',1,114.8,1.03,4460,34
'201701','338',' 세운스퀘어 앞','일일(회원)','F','30대',1,0,0,0,16
'201701','339',' 종로4가 사거리','일일(회원)','F','30대',1,29.34,0.26,1140,6
'201701','340',' 혜화동 로터리','일일(회원)','F','30대',3,302.05,2.85,12310,87
'201701','342',' 대학로 마로니에공원','일일(회원)','F','30대',1,15.25,0.18,770,6
'201701','343',' 예일빌딩(율곡로) 앞','일일(회원)','F','30대',4,210.05,2.07,8920,118
'201701','112',' 극동방송국 앞','일일(회원)','F','30대',2,133.04,1.49,6420,63
'201701','345',' 서울보증보험본사 앞','일일(회원)','F','30대',1,33.07,0.39,1670,11
'201701','346',' 맥스타일 앞','일일(회원)','F','30대',3,270.93,2.86,12300,77
'201701','347',' 동대문역사문화공원역 9번출구 앞','일일(회원)','F','30대',1,57.14,0.52,2220,15
'201701','350','KEB 하나은행(내자동 지점) 앞','일일(회원)','F','30대',2,164.9,1.65,7100,43
'201701','352',' 중앙고입구 삼거리','일일(회원)','F','30대',2,37.62,0.44,1900,76
'201701','353',' 재동초교 앞 삼거리','일일(회원)','F','30대',1,97.51,1.19,5130,42
'201701','117',' 홍은사거리','일일(회원)','F','30대',7,1291.18,12.93,55700,329
'201701','354',' 포르투갈 대사관 앞','일일(회원)','F','30대',2,89.2,0.85,3640,25
'201701','358',' 성대입구 사거리','일일(회원)','F','30대',3,215.71,1.95,8380,85
'201701','362',' 청계8가 사거리','일일(회원)','F','30대',1,83.14,0.75,3230,26
'201701','364',' 창신역 1번출구 앞','일일(회원)','F','30대',1,22.77,0.27,1150,6
'201701','113',' 홍대입구역 2번출구 앞','일일(회원)','F','30대',4,427.36,4.31,18550,148
'201701','367',' 독립문역 3-1번출구 ','일일(회원)','F','30대',1,35.44,0.42,1790,17
'201701','369',' 광화문 시민열린마당','일일(회원)','F','30대',2,48.92,0.32,1420,8
'201701','348',' 독립문역 사거리','일일(회원)','F','30대',1,149.29,1.35,5800,65
'201701','370',' 시청역(2호선) 9번출구 뒤','일일(회원)','F','30대',2,111.46,1.22,5260,77
'201701','371',' 동대입구역 6번출구 뒤','일일(회원)','F','30대',2,143.82,1.43,6160,75
'201701','118',' 광흥창역 2번출구 앞','일일(회원)','F','30대',2,25.64,0.27,1190,29
'201701','378',' 청계7가 사거리','일일(회원)','F','30대',1,15.05,0.18,760,11
'201701','380',' CJ제일제당 앞','일일(회원)','F','30대',1,91.89,0.83,3570,41
'201701','114',' 홍대입구역 8번출구 앞','일일(회원)','F','30대',4,240.53,2.47,10600,78
'201701','143',' 공덕역 2번출구','일일(회원)','F','30대',3,188.96,1.96,8430,74
'201701','144',' 공덕역 8번출구','일일(회원)','F','30대',5,347.9,3.28,14190,135
'201701','145',' 공덕역 5번출구','일일(회원)','F','30대',1,26.61,0.26,1120,5
'201701','146',' 마포역 1번출구 뒤','일일(회원)','F','30대',3,677.57,7.46,32160,204
'201701','147',' 마포역 4번출구 뒤','일일(회원)','F','30대',2,244.33,2.37,10200,74
'201701','150',' 서강대역 2번출구 앞','일일(회원)','F','30대',1,130.5,1.18,5070,58
'201701','151',' 망원1동주민센터','일일(회원)','F','30대',3,214.12,2.08,8970,84
'201701','152',' 마포구민체육센터 앞','일일(회원)','F','30대',7,906.35,9.29,40050,348
'201701','119',' 서강나루 공원','일일(회원)','F','30대',4,417.62,4.39,18940,115
'201701','153',' 성산2교 사거리','일일(회원)','F','30대',5,818.65,5.33,22970,304
'201701','154',' 마포구청역 ','일일(회원)','F','30대',3,187.89,1.9,8150,96
'201701','157',' 애오개역 4번출구 앞','일일(회원)','F','30대',2,103.89,1.11,4770,40
'201701','159',' 이대역 4번 출구','일일(회원)','F','30대',1,126.38,1.14,4910,39
'201701','162',' 봉원고가차도 밑','일일(회원)','F','30대',1,38.82,0.4,1720,9
'201701','163',' 명지전문대학교 정문 앞','일일(회원)','F','30대',1,56.85,0.68,2930,22
'201701','165',' 중앙근린공원','일일(회원)','F','30대',1,9.8,0.1,450,7
'201701','166',' 가재울 초등학교','일일(회원)','F','30대',6,507.85,4.57,19730,168
'201701','168',' 남가좌동 사거리','일일(회원)','F','30대',1,152.28,1.54,6630,57
'201701','169',' 북가좌 삼거리','일일(회원)','F','30대',1,115.47,1.13,4860,48
'201701','170',' 가재울 뉴타운 주유소 옆','일일(회원)','F','30대',1,110.78,1.25,5380,47
'201701','173',' 서대문역 8번출구 앞','일일(회원)','F','30대',3,128.78,1.26,5420,30
'201701','175',' 홍연2교옆','일일(회원)','F','30대',1,36.78,0.4,1720,8
'201701','179',' 가좌역 4번출구 앞','일일(회원)','F','30대',3,111.66,1.24,5320,149
'201701','180',' 충정로역 7번출구 뒤','일일(회원)','F','30대',1,87.38,0.87,3740,28
'201701','520',' 상왕십리역 4번 출구 앞','일일(회원)','F','30대',3,187.64,1.68,7290,47
'201701','524',' 래미안금호하이리버 아파트 102동 옆','일일(회원)','F','30대',1,260.57,3.05,13160,74
'201701','525',' 한양대병원사거리','일일(회원)','F','30대',1,152.9,1.38,5940,41
'201701','529',' 장한평역 8번 출구 앞','일일(회원)','F','30대',1,78.65,0.77,3310,15
'201701','530',' 청계벽산아파트 앞','일일(회원)','F','30대',3,163.41,1.8,7780,37
'201701','537',' 한양대후문역 부근','일일(회원)','F','30대',2,208.23,1.73,7440,47
'201701','540',' 군자역 7번출구 베스트샵 앞','일일(회원)','F','30대',1,24.98,0.28,1190,8
'201701','546',' 잠실대교북단 교차로','일일(회원)','F','30대',1,100.9,0.91,3920,26
'201701','549',' 아차산역 3번출구','일일(회원)','F','30대',1,0,0,0,2
'201701','602',' 장안동 사거리','일일(회원)','F','30대',3,468.5,5.11,21990,154
'201701','605',' 신설동역8번출구','일일(회원)','F','30대',3,775.81,5.63,24300,154
'201701','609',' 제기2교','일일(회원)','F','30대',5,666.6,7.04,30340,230
'201701','125',' 서강대 남문 옆','일일(회원)','F','30대',1,49.88,0.53,2290,16
'201701','610',' 동대문중 교차로','일일(회원)','F','30대',1,16.19,0.17,730,5
'201701','614',' 용두동 사거리','일일(회원)','F','30대',1,74.04,0.57,2460,8
'201701','615',' 용두동 레미안허브리츠아파트 앞','일일(회원)','F','30대',3,218.92,2.33,10050,60
'201701','617',' 청솔우성아파트 앞','일일(회원)','F','30대',1,17.82,0.17,750,9
'201701','228',' 선유도역 3번출구 앞','일일(회원)','F','30대',3,455.4,4.29,18480,151
'201701','232',' 양평우림 이비즈센타 앞','일일(회원)','F','30대',1,180.54,2.25,9700,53
'201701','236',' 문래동자이아파트 앞','일일(회원)','F','30대',1,58.77,0.65,2800,24
'201701','237',' 보라매 두산위브 건너편','일일(회원)','F','30대',1,183.78,1.66,7140,45
'201701','239',' 유스호스텔 앞','일일(회원)','F','30대',1,191.03,1.4,6030,138
'201701','127',' 현대벤처빌 앞','일일(회원)','F','30대',1,25.78,0.24,1050,6
'201701','245',' 삼성생명 당산사옥 앞','일일(회원)','F','30대',1,44.39,0.27,1180,6
'201701','247',' 당산역 10번출구 앞','일일(회원)','F','30대',1,66.93,0.73,3130,36
'201701','248',' 초원아파트 앞','일일(회원)','F','30대',2,613.11,5.68,24470,123
'201701','249',' 여의도중학교 옆','일일(회원)','F','30대',1,202.16,2.37,10210,53
'201701','128',' 신촌역(2호선) 1번출구 옆','일일(회원)','F','30대',3,153.95,1.59,6840,66
'201701','258',' 신길역3번출구','일일(회원)','F','30대',1,64.09,0.58,2490,12
'201701','259',' 대방역6번출구','일일(회원)','F','30대',2,175.04,1.58,6800,74
'201701','700',' KB국민은행 염창역 지점 앞','일일(회원)','F','30대',4,1181.61,12.15,52360,356
'201701','703',' 오목교역 7번출구 앞','일일(회원)','F','30대',4,263.36,2.69,11640,105
'201701','704',' 남부법원검찰청 교차로','일일(회원)','F','30대',8,179.84,1.96,8410,97
'201701','708',' 서울출입국관리사무소 앞','일일(회원)','F','30대',1,213.87,2.36,10190,81
'201701','709',' 신정3동 현장민원실 앞','일일(회원)','F','30대',1,312.9,3.27,14110,111
'201701','712',' 강월초교입구 사거리','일일(회원)','F','30대',1,172.2,1.55,6690,56
'201701','805',' 문배어린이공원 앞','일일(회원)','F','30대',1,73.15,0.87,3770,47
'201701','806',' 전자랜드 본관 앞','일일(회원)','F','30대',2,247.21,2.42,10410,66
'201701','131',' 증산2교','일일(회원)','F','30대',3,521.85,4.99,21500,174
'201701','809',' 한남 유수지 복개주차장','일일(회원)','F','30대',1,498.58,4.49,19370,82
'201701','811',' 녹사평역1번출구','일일(회원)','F','30대',2,82.21,0.89,3860,20
'201701','813',' 삼각지역 3번출구','일일(회원)','F','30대',1,89.83,0.81,3490,27
'201701','815',' LIG강촌아파트 103동앞','일일(회원)','F','30대',5,571.79,6.49,28040,180
'201701','387',' 훈련원공원주차장 앞','일일(회원)','F','30대',1,61.3,0.6,2580,22
'201701','132',' 창천문화공원','일일(회원)','F','30대',2,129.51,1.23,5290,51
'201701','183',' 하늘채코오롱아파트 건너편','일일(회원)','F','30대',3,218.53,2.39,10310,132
'201701','184',' SK망원동주유소 건너편','일일(회원)','F','30대',2,165.39,1.56,6730,61
'201701','185',' 마포 신수공원 앞','일일(회원)','F','30대',5,588.54,6.27,27030,173
'201701','186',' 월드컵공원','일일(회원)','F','30대',2,172.04,1.61,6960,106
'201701','188',' 홍은동 정원여중 입구','일일(회원)','F','30대',1,249.24,2.43,10490,61
'201701','192',' 연서어린이공원','일일(회원)','F','30대',1,93.36,0.98,4210,52
'201701','178',' 증산3교 앞','일일(회원)','F','30대',1,319.61,2.67,11530,43
'201701','196',' 연희교차로 인근','일일(회원)','F','30대',2,73.62,0.66,2860,27
'201701','557',' 도선동 주민센터 앞','일일(회원)','F','30대',3,144.33,1.6,6900,86
'201701','558',' 성동광진 교육지원청 앞','일일(회원)','F','30대',3,277.19,2.94,12670,128
'201701','560',' 비전교회 앞','일일(회원)','F','30대',1,32.95,0.36,1570,8
'201701','561',' 서울숲역 2번출구 앞','일일(회원)','F','30대',1,54.99,0.61,2620,39
'201701','562',' 군자지하보도 앞','일일(회원)','F','30대',2,396.92,3.58,15420,166
'201701','563',' 성동세무서 건너편','일일(회원)','F','30대',1,38.02,0.37,1600,17
'201701','565',' 옥수역 3번출구','일일(회원)','F','30대',1,229.88,2.69,11610,89
'201701','567',' 성수역 2번출구 앞','일일(회원)','F','30대',3,184.69,2.02,8670,97
'201701','568',' 청계8가사거리 부근','일일(회원)','F','30대',3,192.55,1.86,8040,79
'201701','135',' 명물길 원형무대 앞','일일(회원)','F','30대',1,79.23,0.81,3510,31
'201701','578',' 성동세무서 부근','일일(회원)','F','30대',3,171.77,1.67,7190,60
'201701','579',' 마장역 4번출구','일일(회원)','F','30대',1,14.93,0.13,580,4
'201701','582',' 경일중학교 앞','일일(회원)','F','30대',1,110.48,1.08,4650,57
'201701','583',' 청계천 생태교실 앞','일일(회원)','F','30대',2,216.7,1.63,7020,59
'201701','553',' 중곡 성원APT 앞','일일(회원)','F','30대',3,561.64,5.07,21820,290
'201701','554',' 아차산역 사거리','일일(회원)','F','30대',2,113.33,1.25,5390,43
'201701','622',' 전농사거리 교통섬','일일(회원)','F','30대',1,43.02,0.49,2130,10
'201701','625',' 답십리초등학교 앞(현대시장 옆)','일일(회원)','F','30대',1,23.51,0.25,1060,10
'201701','628',' 휘봉고등학교 앞','일일(회원)','F','30대',1,51.99,0.47,2020,12
'201701','630',' 동대문구 보건소','일일(회원)','F','30대',1,43.83,0.5,2170,12
'201701','102',' 망원역 1번출구 앞','일일(회원)','F','30대',2,71.58,0.72,3120,98
'201701','633',' 청량리 기업은행 앞','일일(회원)','F','30대',1,38.71,0.42,1810,27
'201701','634',' 외국어대 정문 앞','일일(회원)','F','30대',1,118.66,1.07,4610,35
'201701','635',' 시조사 앞 (청량고정문 옆)','일일(회원)','F','30대',1,51.68,0.61,2610,19
'201701','641',' 용두역 4번출구','일일(회원)','F','30대',2,100.39,0.9,3900,67
'201701','642',' 신답역 사거리','일일(회원)','F','30대',1,52.87,0.62,2670,17
'201701','230',' 영등포구청역 1번출구','일일(회원)','F','30대',2,85.44,0.92,3970,37
'201701','262',' 영문초등학교 사거리','일일(회원)','F','30대',1,201.15,2.31,9960,72
'201701','265',' 영등포유통상가 사거리','일일(회원)','F','30대',1,69.76,0.63,2710,51
'201701','266',' 영등포청과시장 사거리','일일(회원)','F','30대',1,223.52,2.47,10650,47
'201701','267',' 삼성화재 사옥 옆','일일(회원)','F','30대',2,202.01,2.14,9220,36
'201701','268',' 그랜드컨벤션센터 앞','일일(회원)','F','30대',4,214.13,2.05,8800,57
'201701','272',' 당산육갑문','일일(회원)','F','30대',1,63.16,0.74,3190,15
'201701','716','신정6동 주민센터 인근','일일(회원)','F','30대',2,103.72,1.13,4850,107
'201701','139',' 연세대 정문 건너편','일일(회원)','F','30대',1,65.7,0.55,2370,17
'201701','719',' 홍익병원앞 교차로','일일(회원)','F','30대',1,49.88,0.62,2680,41
'201701','816',' 신용산역 6번출구 앞','일일(회원)','F','30대',3,275.38,2.71,11660,87
'201701','818',' 숙명여대 입구 교차로','일일(회원)','F','30대',4,233.5,2.46,10600,153
'201701','819',' 선린인터넷 고등학교','일일(회원)','F','30대',1,58.07,0.72,3120,37
'201701','825',' 서빙고동 주민센터 앞','일일(회원)','F','30대',1,124.38,1.49,6410,48
'201701','199',' 서울 월드컵 경기장','일일(회원)','F','30대',1,179.2,1.94,8380,142
'201701','388',' 동성중학교 앞','일일(회원)','F','30대',5,505.4,4.95,21380,192
'201701','586',' 마장동 주민센터','일일(회원)','F','30대',1,180.38,2.11,9110,59
'201701','901',' 응암1동사무소','일일(회원)','F','30대',1,122.01,1.1,4740,33
'201701','902',' 진관동 은빛초등학교','일일(회원)','F','30대',1,40.59,0.48,2050,17
'201701','905',' 구파발역 2번출구','일일(회원)','F','30대',1,116.86,1.05,4540,35
'201701','906',' 연신내역 5번출구150M 아래','일일(회원)','F','30대',3,252.51,2.46,10580,130
'201701','907',' CJ 드림시티','일일(회원)','F','30대',1,71.66,0.76,3290,67
'201701','908',' 구산역 4번출구','일일(회원)','F','30대',1,330.22,3.12,13450,81
'201701','911',' 은평평화공원(역촌역4번출구)','일일(회원)','F','30대',1,24.05,0.21,920,14
'201701','201',' 진미파라곤 앞','일일(회원)','F','30대',3,191.33,1.36,5900,51
'201701','912',' 응암오거리','일일(회원)','F','30대',1,79.79,0.72,3100,17
'201701','913',' 이마트 은평점','일일(회원)','F','30대',1,54.59,0.52,2260,15
'201701','914',' 새절역 2번출구','일일(회원)','F','30대',2,478.52,5.27,22710,109
'201701','915',' 증산역 4번출구','일일(회원)','F','30대',2,265.89,2.62,11280,72
'201701','917',' 녹번역 4번출구','일일(회원)','F','30대',1,50.97,0.46,1980,8
'201701','202',' 국민일보 앞','일일(회원)','F','30대',3,279.49,3.47,14990,93
'201701','925',' 불광역 2번출구','일일(회원)','F','30대',1,66.93,0.73,3130,23
'201701','926',' 불광역 8번출구','일일(회원)','F','30대',2,208.37,2.14,9230,82
'201701','931',' 역촌파출소','일일(회원)','F','30대',2,127.54,1.33,5710,31
'201701','932',' 예일여중','일일(회원)','F','30대',2,259.2,2.86,12350,58
'201701','103',' 망원역 2번출구 앞','일일(회원)','F','30대',4,481.24,5.12,22050,162
'201701','204',' 국회의사당역 5번출구 옆','일일(회원)','F','30대',2,48.06,0.48,2100,14
'201701','203',' 국회의사당역 3번출구 옆','일일(회원)','F','30대',1,121.89,1.19,5130,47
'201701','205',' 산업은행 앞','일일(회원)','F','30대',8,1174.95,11.64,50190,402
'201701','210',' IFC몰','일일(회원)','F','30대',2,152.28,1.51,6470,51
'201701','211',' 여의도역 4번출구 옆','일일(회원)','F','30대',8,690.65,6.78,29260,407
'201701','213',' KT앞','일일(회원)','F','30대',4,148.45,1.4,6070,87
'201701','104',' 합정역 1번출구 앞','일일(회원)','F','30대',5,193.78,2.1,9070,74
'201701','214',' 금융감독원 앞','일일(회원)','F','30대',1,5.15,0.05,200,1
'201701','219',' 롯데캐슬엠파이어 옆','일일(회원)','F','30대',2,63.32,0.57,2460,32
'201701','220',' 미성아파트 A동 앞','일일(회원)','F','30대',1,17.62,0.21,890,8
'201701','215',' 여의도고교 앞','일일(회원)','F','30대',2,233.89,2.09,9010,64
'201701','216',' 삼부아파트1동 앞','일일(회원)','F','30대',1,26.77,0.24,1040,6
'201701','217',' NH농협은행 앞','일일(회원)','F','30대',1,131.55,1.4,6040,56
'201701','221',' 여의도초교 앞','일일(회원)','F','30대',2,850.45,7.67,33040,111
'201701','222',' 시범아파트버스정류장 옆','일일(회원)','F','30대',1,15.46,0.16,710,6
'201701','223',' 진주아파트상가 앞','일일(회원)','F','30대',1,42.73,0.39,1660,9
'201701','224',' 롯데캐슬 앞','일일(회원)','F','30대',1,23.09,0.25,1060,13
'201701','207',' 여의나루역 1번출구 앞','일일(회원)','F','30대',4,524.77,4.84,20890,184
'201701','402',' 상암월드컵파크 9단지 앞','일일(회원)','F','30대',1,54.16,0.68,2910,26
'201701','106',' 합정역 7번출구 앞','일일(회원)','F','30대',7,660.24,6.34,27350,177
'201701','421',' 마포구청 앞','일일(회원)','F','30대',9,792.32,8.11,34930,228
'201701','407',' 마포구 육아종합지원센터','일일(회원)','F','30대',1,18.63,0.13,560,4
'201701','408',' LG CNS앞','일일(회원)','F','30대',2,152.9,1.66,7150,43
'201701','409',' 누리꿈스퀘어 옆','일일(회원)','F','30대',3,209.03,2.43,10460,96
'201701','419',' 홈플러스 앞','일일(회원)','F','30대',8,646.28,6.63,28520,212
'201701','410',' 상암중학교 옆','일일(회원)','F','30대',1,153.68,1.07,4620,37
'201701','418',' 월드컵경기장역 3번출구 옆','일일(회원)','F','30대',4,585.16,5.92,25530,210
'201701','412',' DMC산학협력연구센터 앞','일일(회원)','F','30대',6,360,3.99,17230,125
'201701','416',' 상암월드컵파크 1단지 교차로','일일(회원)','F','30대',2,138.92,1.5,6450,54
'201701','500',' 어린이대공원역 3번출구 앞','일일(회원)','F','30대',3,227.46,2.11,9100,65
'201701','501',' 광진구의회 앞','일일(회원)','F','30대',4,160.08,1.68,7220,84
'201701','502',' 뚝섬유원지역 1번출구 앞','일일(회원)','F','30대',4,185.94,2.17,9380,98
'201701','504',' 신자초교입구교차로','일일(회원)','F','40대',1,129.29,1.43,6160,53
'201701','511',' 서울숲역 4번 출구 옆','일일(회원)','F','40대',1,73.93,0.83,3590,33
'201701','512',' 뚝섬역 1번 출구 옆','일일(회원)','F','40대',2,83.16,0.81,3500,64
'201701','400',' 상암한화오벨리스크 1차 앞','일일(회원)','F','40대',2,83.81,0.95,4070,60
'201701','303',' 광화문역 1번출구 앞','일일(회원)','F','40대',1,30.09,0.35,1490,12
'201701','306',' 광화문역 7번출구 앞','일일(회원)','F','40대',1,29.4,0.38,1650,13
'201701','307',' 서울역사박물관 앞','일일(회원)','F','40대',1,45.04,0.52,2230,20
'201701','315',' 신한은행 안국역지점 옆','일일(회원)','F','40대',2,56.03,0.54,2320,16
'201701','316',' 종각역 1번출구 앞','일일(회원)','F','40대',1,68.21,0.61,2650,17
'201701','116',' 일진아이윌아파트 옆','일일(회원)','F','40대',1,0,0,0,37
'201701','326',' 안국역 5번출구 앞','일일(회원)','F','40대',1,54.83,0.49,2130,17
'201701','327',' 낙원상가 옆','일일(회원)','F','40대',4,418.79,3.78,16270,160
'201701','328',' 탑골공원 앞','일일(회원)','F','40대',1,60.49,0.55,2350,26
'201701','329',' 청계2가 사거리 옆','일일(회원)','F','40대',1,16.87,0.16,710,3
'201701','111',' 상수역 2번출구 앞','일일(회원)','F','40대',2,98.23,1.1,4750,66
'201701','336',' 티마크 호텔 앞','일일(회원)','F','40대',1,40.47,0.34,1460,14
'201701','341',' 혜화역 3번출구 뒤','일일(회원)','F','40대',2,82.66,0.68,2940,127
'201701','342',' 대학로 마로니에공원','일일(회원)','F','40대',1,17.5,0.16,680,7
'201701','112',' 극동방송국 앞','일일(회원)','F','40대',2,46.77,0.56,2410,46
'201701','344',' 성균관대 E하우스 앞','일일(회원)','F','40대',1,54.41,0.53,2290,17
'201701','350','KEB 하나은행(내자동 지점) 앞','일일(회원)','F','40대',1,67.91,0.8,3430,36
'201701','353',' 재동초교 앞 삼거리','일일(회원)','F','40대',2,184.77,2.15,9250,151
'201701','117',' 홍은사거리','일일(회원)','F','40대',1,77.22,0.7,3000,35
'201701','355',' 서울사대부속초교 앞','일일(회원)','F','40대',1,76.74,0.75,3230,49
'201701','359',' 원남동사거리','일일(회원)','F','40대',1,35.28,0.35,1510,9
'201701','348',' 독립문역 사거리','일일(회원)','F','40대',1,39.9,0.36,1550,20
'201701','371',' 동대입구역 6번출구 뒤','일일(회원)','F','40대',2,155.72,1.59,6830,69
'201701','373',' 청구 어린이공원','일일(회원)','F','40대',1,47.66,0.47,2040,30
'201701','375',' 다산 어린이공원','일일(회원)','F','40대',1,25.32,0.32,1390,47
'201701','381',' 장충체육관','일일(회원)','F','40대',1,93.45,0.96,4140,29
'201701','114',' 홍대입구역 8번출구 앞','일일(회원)','F','40대',2,80.14,0.95,4130,48
'201701','142',' 아현역 4번출구 앞','일일(회원)','F','40대',1,55.6,0.5,2160,34
'201701','144',' 공덕역 8번출구','일일(회원)','F','40대',1,28.22,0.29,1250,11
'201701','145',' 공덕역 5번출구','일일(회원)','F','40대',1,101.42,0.91,3940,36
'201701','147',' 마포역 4번출구 뒤','일일(회원)','F','40대',2,518.68,4.72,20350,90
'201701','150',' 서강대역 2번출구 앞','일일(회원)','F','40대',1,35.21,0.36,1560,25
'201701','161',' 무악재역1번 출구','일일(회원)','F','40대',1,37.32,0.34,1450,20
'201701','166',' 가재울 초등학교','일일(회원)','F','40대',1,41.34,0.42,1800,13
'201701','173',' 서대문역 8번출구 앞','일일(회원)','F','40대',2,197.68,1.78,7680,63
'201701','175',' 홍연2교옆','일일(회원)','F','40대',1,119.39,1.4,6030,58
'201701','518',' 청계천 박물관 앞','일일(회원)','F','40대',1,62.73,0.67,2880,31
'201701','122',' 신성기사식당 앞','일일(회원)','F','40대',1,194.34,1.75,7550,35
'201701','524',' 래미안금호하이리버 아파트 102동 옆','일일(회원)','F','40대',1,140.03,1.26,5440,39
'201701','525',' 한양대병원사거리','일일(회원)','F','40대',1,67.52,0.64,2750,13
'201701','601',' 용신동주민센터','일일(회원)','F','40대',1,176.06,1.15,4940,50
'201701','602',' 장안동 사거리','일일(회원)','F','40대',1,45.56,0.45,1950,41
'201701','607',' 신이문역 2번출구','일일(회원)','F','40대',2,208.37,2.03,8770,53
'201701','609',' 제기2교','일일(회원)','F','40대',3,331.77,3.25,14030,216
'201701','615',' 용두동 레미안허브리츠아파트 앞','일일(회원)','F','40대',4,284.64,2.96,12770,109
'201701','617',' 청솔우성아파트 앞','일일(회원)','F','40대',1,116.82,1.37,5900,44
'201701','227',' 양평2나들목 보행통로 입구','일일(회원)','F','40대',2,293.06,3.24,13970,98
'201701','229',' 양평1 보행육교 앞','일일(회원)','F','40대',4,285.83,2.9,12490,99
'201701','126',' 서강대 후문 옆','일일(회원)','F','40대',3,86.91,0.89,3850,29
'201701','232',' 양평우림 이비즈센타 앞','일일(회원)','F','40대',2,87,0.78,3380,40
'201701','239',' 유스호스텔 앞','일일(회원)','F','40대',4,200.16,2.13,9190,67
'201701','240',' 문래역 4번출구 앞','일일(회원)','F','40대',1,50.45,0.45,1960,14
'201701','127',' 현대벤처빌 앞','일일(회원)','F','40대',1,60.11,0.59,2530,19
'201701','242',' 신길선원가와인아파트 앞','일일(회원)','F','40대',3,324.33,3.01,13000,257
'201701','248',' 초원아파트 앞','일일(회원)','F','40대',2,128.95,1.16,5010,30
'201701','249',' 여의도중학교 옆','일일(회원)','F','40대',1,319.69,3.47,14950,75
'201701','253',' 신풍역 5번출구 인근','일일(회원)','F','40대',1,106.02,0.9,3880,28
'201701','258',' 신길역3번출구','일일(회원)','F','40대',2,245.91,3.2,13800,88
'201701','702',' 목4동주민센터 옆','일일(회원)','F','40대',1,73.73,0.74,3210,203
'201701','703',' 오목교역 7번출구 앞','일일(회원)','F','40대',1,31.55,0.58,2490,28
'201701','706',' 신정네거리역','일일(회원)','F','40대',3,121.64,2.23,9600,186
'201701','710',' 서부화물트럭터미널 사거리','일일(회원)','F','40대',1,29.84,0.36,1570,18
'201701','806',' 전자랜드 본관 앞','일일(회원)','F','40대',1,314.8,2.84,12230,69
'201701','131',' 증산2교','일일(회원)','F','40대',1,30.12,0.27,1170,10
'201701','811',' 녹사평역1번출구','일일(회원)','F','40대',1,129.92,1.44,6190,48
'201701','815',' LIG강촌아파트 103동앞','일일(회원)','F','40대',2,471.32,4.62,19930,232
'201701','386',' 올림픽기념 국민생활관 앞','일일(회원)','F','40대',2,55.91,0.56,2440,16
'201701','186',' 월드컵공원','일일(회원)','F','40대',6,616.05,5.31,22850,289
'201701','177',' 북가좌 초등학교','일일(회원)','F','40대',1,222.65,2.01,8650,85
'201701','188',' 홍은동 정원여중 입구','일일(회원)','F','40대',2,343.17,2.87,12380,65
'201701','192',' 연서어린이공원','일일(회원)','F','40대',1,145.41,1,4320,21
'201701','194',' 증산교 앞','일일(회원)','F','40대',1,88.8,0.8,3450,49
'201701','557',' 도선동 주민센터 앞','일일(회원)','F','40대',1,96.7,0.94,4070,21
'201701','559',' 왕십리역 4번 출구 건너편','일일(회원)','F','40대',1,436.89,3.41,14710,79
'201701','565',' 옥수역 3번출구','일일(회원)','F','40대',1,185.3,1.64,7090,53
'201701','567',' 성수역 2번출구 앞','일일(회원)','F','40대',1,38.21,0.47,2010,14
'201701','583',' 청계천 생태교실 앞','일일(회원)','F','40대',2,52.39,0.61,2630,44
'201701','552',' 대림아크로리버 앞','일일(회원)','F','40대',1,75.42,0.68,2930,12
'201701','574',' 아차산역4번출구','일일(회원)','F','40대',1,93.14,0.91,3920,37
'201701','577',' 광진청소년수련관','일일(회원)','F','40대',1,92.19,1.13,4850,40
'201701','630',' 동대문구 보건소','일일(회원)','F','40대',2,171.54,1.68,7220,52
'201701','631',' 답십리역 1번출구','일일(회원)','F','40대',1,427.54,4.55,19630,104
'201701','637',' KAIST 경영대학 앞','일일(회원)','F','40대',2,139.71,1.36,5880,35
'201701','638',' 서울시립대 정보기술관','일일(회원)','F','40대',1,93.53,1.12,4820,51
'201701','260',' 여의도 마리나선착장 앞','일일(회원)','F','40대',1,185.89,2.22,9580,76
'201701','262',' 영문초등학교 사거리','일일(회원)','F','40대',2,103.83,1.02,4370,30
'201701','141',' 연대 대운동장 옆','일일(회원)','F','40대',1,281.63,3.06,13170,101
'201701','271',' 샛강생태공원방문자센터 앞','일일(회원)','F','40대',1,138.5,1.4,6030,49
'201701','719',' 홍익병원앞 교차로','일일(회원)','F','40대',2,162.15,1.68,7240,68
'201701','823',' 효창동주민센터 앞','일일(회원)','F','40대',1,83.85,0.89,3850,66
'201701','199',' 서울 월드컵 경기장','일일(회원)','F','40대',1,83.38,1.04,4480,52
'201701','584',' 광진광장 교통섬','일일(회원)','F','40대',1,184.03,1.46,6280,45
'201701','200',' 국회의원회관','일일(회원)','F','40대',2,249.98,2.77,11920,66
'201701','905',' 구파발역 2번출구','일일(회원)','F','40대',1,169.49,1.99,8560,54
'201701','906',' 연신내역 5번출구150M 아래','일일(회원)','F','40대',3,583.81,5.58,24040,183
'201701','907',' CJ 드림시티','일일(회원)','F','40대',3,334.86,3.21,13810,155
'201701','201',' 진미파라곤 앞','일일(회원)','F','40대',3,135.47,1.44,6220,51
'201701','913',' 이마트 은평점','일일(회원)','F','40대',2,39.75,0.45,1930,21
'201701','914',' 새절역 2번출구','일일(회원)','F','40대',5,1634.26,14.98,64590,542
'201701','921',' 신도고등학교','일일(회원)','F','40대',1,85.97,0.77,3340,35
'201701','587',' KEB하나은행 성수중앙지점','일일(회원)','F','40대',1,99.61,0.9,3870,176
'201701','204',' 국회의사당역 5번출구 옆','일일(회원)','F','40대',2,34.74,0.41,1790,17
'201701','205',' 산업은행 앞','일일(회원)','F','40대',7,816.49,8.82,38040,387
'201701','206',' KBS 앞','일일(회원)','F','40대',5,496.86,5.86,25280,180
'201701','209',' 유진투자증권빌딩 앞','일일(회원)','F','40대',2,299.09,2.44,10490,72
'201701','210',' IFC몰','일일(회원)','F','40대',10,729.89,5.94,25600,222
'201701','212',' 여의도역 1번출구 옆','일일(회원)','F','40대',1,132.66,1.55,6700,93
'201701','218',' 증권거래소 앞','일일(회원)','F','40대',1,12.55,0.1,440,3
'201701','220',' 미성아파트 A동 앞','일일(회원)','F','40대',1,97.3,0.88,3780,57
'201701','216',' 삼부아파트1동 앞','일일(회원)','F','40대',2,163.09,1.33,5720,32
'201701','217',' NH농협은행 앞','일일(회원)','F','40대',1,93.23,0.76,3270,40
'201701','221',' 여의도초교 앞','일일(회원)','F','40대',1,113.65,1.33,5740,52
'201701','223',' 진주아파트상가 앞','일일(회원)','F','40대',1,45.05,0.37,1580,11
'201701','207',' 여의나루역 1번출구 앞','일일(회원)','F','40대',3,319.44,3.54,15240,134
'201701','403',' 부엉이공원 앞','일일(회원)','F','40대',3,402.39,4.41,19000,188
'201701','106',' 합정역 7번출구 앞','일일(회원)','F','40대',2,183.95,2.2,9480,82
'201701','405',' DMC빌 앞','일일(회원)','F','40대',1,60.07,0.73,3160,42
'201701','421',' 마포구청 앞','일일(회원)','F','40대',1,72.07,0.65,2800,14
'201701','408',' LG CNS앞','일일(회원)','F','40대',1,29.86,0.34,1450,22
'201701','420',' 서울시 공공자전거 상암센터','일일(회원)','F','40대',1,183.53,1.65,7130,51
'201701','409',' 누리꿈스퀘어 옆','일일(회원)','F','40대',2,225.72,1.76,7600,76
'201701','419',' 홈플러스 앞','일일(회원)','F','40대',3,563.47,4.75,20430,144
'201701','410',' 상암중학교 옆','일일(회원)','F','40대',1,62.94,0.67,2890,53
'201701','418',' 월드컵경기장역 3번출구 옆','일일(회원)','F','40대',1,182.95,1.53,6600,64
'201701','411',' DMC홍보관','일일(회원)','F','40대',1,58.43,0.53,2270,11
'201701','412',' DMC산학협력연구센터 앞','일일(회원)','F','40대',1,51.48,0.46,2000,9
'201701','413',' 상암월드컵파크 3단지 후문','일일(회원)','F','40대',9,283.93,2.78,11950,52
'201701','502',' 뚝섬유원지역 1번출구 앞','일일(회원)','F','40대',1,131.02,1.18,5090,42
'201701','503',' 더샵스타시티 C동 앞','일일(회원)','F','50대',2,111.37,1.24,5330,71
'201701','511',' 서울숲역 4번 출구 옆','일일(회원)','F','50대',1,108.9,1.28,5500,65
'201701','304',' 광화문역 2번출구 앞','일일(회원)','F','50대',1,30.27,0.32,1390,22
'201701','312',' 시청역 1번출구 뒤','일일(회원)','F','50대',1,113,1.02,4390,57
'201701','316',' 종각역 1번출구 앞','일일(회원)','F','50대',2,73.68,0.94,4070,62
'201701','338',' 세운스퀘어 앞','일일(회원)','F','50대',1,67.95,0.61,2640,35
'201701','353',' 재동초교 앞 삼거리','일일(회원)','F','50대',1,97.65,1.27,5480,87
'201701','358',' 성대입구 사거리','일일(회원)','F','50대',1,143.99,1.41,6060,51
'201701','113',' 홍대입구역 2번출구 앞','일일(회원)','F','50대',1,93.14,0.68,2940,47
'201701','142',' 아현역 4번출구 앞','일일(회원)','F','50대',2,293.44,2.86,12350,98
'201701','146',' 마포역 1번출구 뒤','일일(회원)','F','50대',1,525.1,4.73,20400,131
'201701','147',' 마포역 4번출구 뒤','일일(회원)','F','50대',1,89.73,0.48,2060,12
'201701','156',' 서울서부지방법원 앞','일일(회원)','F','50대',1,25.42,0.25,1070,10
'201701','160',' 북아현동 가구거리','일일(회원)','F','50대',1,42.06,0.41,1770,17
'201701','166',' 가재울 초등학교','일일(회원)','F','50대',1,55.3,0.34,1470,7
'201701','172',' 서대문소방서','일일(회원)','F','50대',1,93.38,0.91,3930,31
'201701','175',' 홍연2교옆','일일(회원)','F','50대',3,531.52,4.93,21240,174
'201701','125',' 서강대 남문 옆','일일(회원)','F','50대',1,83.2,0.44,1910,8
'201701','244',' 영등포삼환아파트 앞','일일(회원)','F','50대',1,112.82,1.2,5180,54
'201701','131',' 증산2교','일일(회원)','F','50대',2,112.14,1.36,5900,37
'201701','809',' 한남 유수지 복개주차장','일일(회원)','F','50대',1,238.59,2.8,12050,62
'201701','810',' 이태원지하보도','일일(회원)','F','50대',1,62.29,0.56,2420,16
'201701','815',' LIG강촌아파트 103동앞','일일(회원)','F','50대',1,234.84,2.46,10590,82
'201701','183',' 하늘채코오롱아파트 건너편','일일(회원)','F','50대',1,359.73,3.51,15140,64
'201701','186',' 월드컵공원','일일(회원)','F','50대',1,81.85,0.74,3180,23
'201701','559',' 왕십리역 4번 출구 건너편','일일(회원)','F','50대',2,67.79,0.75,3230,39
'201701','561',' 서울숲역 2번출구 앞','일일(회원)','F','50대',1,31.05,0.23,980,67
'201701','565',' 옥수역 3번출구','일일(회원)','F','50대',1,195.21,2.2,9480,93
'201701','138',' 신촌동 제1공영주차장 앞','일일(회원)','F','50대',1,73.74,0.45,1960,9
'201701','643',' 동대문구민체육센터 (육교아래)','일일(회원)','F','50대',1,549.29,4.95,21340,111
'201701','906',' 연신내역 5번출구150M 아래','일일(회원)','F','50대',2,188.16,1.7,7310,54
'201701','907',' CJ 드림시티','일일(회원)','F','50대',2,240.14,2.26,9740,55
'201701','911',' 은평평화공원(역촌역4번출구)','일일(회원)','F','50대',2,126.41,1.54,6650,44
'201701','915',' 증산역 4번출구','일일(회원)','F','50대',1,94.21,0.85,3660,24
'201701','922',' 연신내역 4번출구','일일(회원)','F','50대',1,56.02,0.7,3010,67
'201701','103',' 망원역 2번출구 앞','일일(회원)','F','50대',1,127.99,0.94,4040,46
'201701','105',' 합정역 5번출구 앞','일일(회원)','F','50대',1,260.41,2.54,10960,46
'201701','418',' 월드컵경기장역 3번출구 옆','일일(회원)','F','50대',2,415.56,4.06,17490,81
'201701','107',' 신한은행 서교동금융센터점 앞','일일(회원)','F','50대',1,224.97,2.03,8740,60
'201701','416',' 상암월드컵파크 1단지 교차로','일일(회원)','F','50대',1,4.78,0.04,180,7
'201701','502',' 뚝섬유원지역 1번출구 앞','일일(회원)','F','50대',1,65.58,0.85,3680,42
'201701','516',' 광진메디칼 앞','일일(회원)','F','60대',1,246.99,2.68,11550,105
'201701','115',' 사루비아 빌딩 앞','일일(회원)','F','60대',1,21.62,0.19,840,10
'201701','609',' 제기2교','일일(회원)','F','60대',1,309.65,2.79,12030,99
'201701','238',' 제2구민체육센타 앞','일일(회원)','F','60대',1,126.64,1.14,4920,42
'201701','239',' 유스호스텔 앞','일일(회원)','F','60대',1,73.1,0.66,2840,32
'201701','914',' 새절역 2번출구','일일(회원)','F','60대',2,127.02,1.38,5940,37
'201701','207',' 여의나루역 1번출구 앞','일일(회원)','F','60대',1,128.7,1.16,5000,35
'201701','418',' 월드컵경기장역 3번출구 옆','일일(회원)','F','60대',4,593.19,6.44,27740,151
'201701','503',' 더샵스타시티 C동 앞','일일(회원)','F','70대~',1,37.32,0.34,1450,10
'201701','400',' 상암한화오벨리스크 1차 앞','일일(회원)','F','70대~',1,109.03,0.82,3530,22
'201701','307',' 서울역사박물관 앞','일일(회원)','F','70대~',1,40.67,0.37,1580,8
'201701','110',' 사천교','일일(회원)','F','70대~',1,83.95,0.98,4240,48
'201701','111',' 상수역 2번출구 앞','일일(회원)','F','70대~',1,46.26,0.46,1980,17
'201701','123',' 문화촌 공원','일일(회원)','F','70대~',2,296.41,3.47,14970,98
'201701','549',' 아차산역 3번출구','일일(회원)','F','70대~',1,50.97,0.46,1980,16
'201701','101',' (구)합정동 주민센터','일일(회원)','F','70대~',1,45.09,0.45,1930,12
'201701','131',' 증산2교','일일(회원)','F','70대~',1,37.07,0.28,1200,8
'201701','194',' 증산교 앞','일일(회원)','F','70대~',2,74.44,0.56,2410,15
'201701','556',' 달맞이공원','일일(회원)','F','70대~',3,532.89,4.95,21360,177
'201701','907',' CJ 드림시티','일일(회원)','F','70대~',1,59.61,0.45,1930,13
'201701','932',' 예일여중','일일(회원)','F','70대~',1,102.86,0.77,3330,23
'201701','210',' IFC몰','일일(회원)','F','70대~',1,187.9,1.69,7300,39
'201701','217',' NH농협은행 앞','일일(회원)','F','70대~',1,121.75,1.1,4730,30
'201701','500',' 어린이대공원역 3번출구 앞','일일(회원)','F','70대~',3,136.93,1.24,5320,43
'201701','502',' 뚝섬유원지역 1번출구 앞','일일(회원)','F','70대~',2,258.69,2.33,10050,51
'201701','509',' 이마트 버스정류소 옆','일일(회원)','M','~10대',2,41.86,0.35,1510,30
'201701','512',' 뚝섬역 1번 출구 옆','일일(회원)','M','~10대',1,40.47,0.34,1460,11
'201701','400',' 상암한화오벨리스크 1차 앞','일일(회원)','M','~10대',2,149.91,1.36,5830,36
'201701','115',' 사루비아 빌딩 앞','일일(회원)','M','~10대',1,35.78,0.32,1390,12
'201701','310',' 청계광장 옆','일일(회원)','M','~10대',1,275.62,2.69,11600,54
'201701','311',' 서울광장 옆','일일(회원)','M','~10대',1,68.75,0.58,2480,23
'201701','315',' 신한은행 안국역지점 옆','일일(회원)','M','~10대',2,236.71,2.38,10250,59
'201701','116',' 일진아이윌아파트 옆','일일(회원)','M','~10대',1,135.15,1,4320,36
'201701','334',' 종로3가역 2번출구 뒤','일일(회원)','M','~10대',1,46.57,0.39,1680,11
'201701','339',' 종로4가 사거리','일일(회원)','M','~10대',2,177.38,1.45,6240,86
'201701','340',' 혜화동 로터리','일일(회원)','M','~10대',1,139,1.25,5400,45
'201701','342',' 대학로 마로니에공원','일일(회원)','M','~10대',1,160,1.03,4440,26
'201701','349',' 사직동주민센터','일일(회원)','M','~10대',2,112.62,0.83,3600,18
'201701','117',' 홍은사거리','일일(회원)','M','~10대',1,341.29,3.17,13680,71
'201701','358',' 성대입구 사거리','일일(회원)','M','~10대',2,269.39,2.35,10140,78
'201701','361',' 동묘앞역 1번출구 뒤','일일(회원)','M','~10대',2,224.53,2.63,11340,88
'201701','113',' 홍대입구역 2번출구 앞','일일(회원)','M','~10대',2,145.92,1.53,6580,38
'201701','367',' 독립문역 3-1번출구 ','일일(회원)','M','~10대',1,11.48,0.11,460,7
'201701','369',' 광화문 시민열린마당','일일(회원)','M','~10대',1,32.71,0.27,1180,7
'201701','348',' 독립문역 사거리','일일(회원)','M','~10대',2,276.86,2.05,8850,58
'201701','371',' 동대입구역 6번출구 뒤','일일(회원)','M','~10대',1,83.21,0.72,3090,28
'201701','378',' 청계7가 사거리','일일(회원)','M','~10대',2,186.31,1.2,5170,39
'201701','382',' 약수역 10번출구 앞','일일(회원)','M','~10대',1,201.96,1.97,8500,42
'201701','383',' 신당역 12번 출구 뒤','일일(회원)','M','~10대',2,92.29,0.79,3400,31
'201701','142',' 아현역 4번출구 앞','일일(회원)','M','~10대',2,398.71,2.87,12340,101
'201701','144',' 공덕역 8번출구','일일(회원)','M','~10대',1,382.29,2.84,12220,111
'201701','147',' 마포역 4번출구 뒤','일일(회원)','M','~10대',2,234.89,2.24,9640,112
'201701','158',' 독립문 어린이 공원','일일(회원)','M','~10대',1,103.78,0.97,4160,42
'201701','161',' 무악재역1번 출구','일일(회원)','M','~10대',2,137.65,1.02,4400,45
'201701','168',' 남가좌동 사거리','일일(회원)','M','~10대',1,140.57,1.07,4610,59
'201701','180',' 충정로역 7번출구 뒤','일일(회원)','M','~10대',1,40.55,0.37,1600,6
'201701','521',' 왕십리역 11번 출구 앞','일일(회원)','M','~10대',1,31.67,0.3,1290,7
'201701','122',' 신성기사식당 앞','일일(회원)','M','~10대',1,29.45,0.33,1430,6
'201701','525',' 한양대병원사거리','일일(회원)','M','~10대',1,20.51,0.17,740,4
'201701','535',' 응봉삼거리','일일(회원)','M','~10대',1,156.9,1.31,5660,26
'201701','539',' 군자교교차로','일일(회원)','M','~10대',1,121.89,1.19,5130,29
'201701','540',' 군자역 7번출구 베스트샵 앞','일일(회원)','M','~10대',1,125.1,1.13,4860,56
'201701','542',' 강변역 4번출구 뒤','일일(회원)','M','~10대',2,442.19,3.63,15650,65
'201701','543',' 구의공원(테크노마트 앞)','일일(회원)','M','~10대',3,343.71,2.96,12750,63
'201701','600',' 휘경2동 주민센터','일일(회원)','M','~10대',1,128.96,1.16,5010,58
'201701','609',' 제기2교','일일(회원)','M','~10대',1,169.9,1.61,6920,32
'201701','126',' 서강대 후문 옆','일일(회원)','M','~10대',1,37.7,0.32,1360,7
'201701','234',' 영등포구민체육센터 앞','일일(회원)','M','~10대',2,431.97,4.3,18550,130
'201701','236',' 문래동자이아파트 앞','일일(회원)','M','~10대',2,351.99,3.06,13180,117
'201701','237',' 보라매 두산위브 건너편','일일(회원)','M','~10대',3,446.98,3.49,15050,149
'201701','239',' 유스호스텔 앞','일일(회원)','M','~10대',2,84.11,0.82,3540,17
'201701','247',' 당산역 10번출구 앞','일일(회원)','M','~10대',1,275.42,2.48,10700,51
'201701','249',' 여의도중학교 옆','일일(회원)','M','~10대',1,75.74,0.59,2550,33
'201701','128',' 신촌역(2호선) 1번출구 옆','일일(회원)','M','~10대',3,416.44,3.56,15340,87
'201701','252',' 보라매역4번출구','일일(회원)','M','~10대',1,115.83,0.9,3900,46
'201701','253',' 신풍역 5번출구 인근','일일(회원)','M','~10대',1,32.78,0.21,890,8
'201701','254',' 도림신협 앞','일일(회원)','M','~10대',1,15.84,0.1,430,4
'201701','255',' 도림4거리','일일(회원)','M','~10대',2,261.55,2.05,8820,74
'201701','259',' 대방역6번출구','일일(회원)','M','~10대',1,195.54,1.91,8230,40
'201701','701',' 목동사거리 부근','일일(회원)','M','~10대',1,57.92,0.45,1950,9
'201701','703',' 오목교역 7번출구 앞','일일(회원)','M','~10대',1,41.82,0.45,1920,9
'201701','706',' 신정네거리역','일일(회원)','M','~10대',2,444.91,3.47,14980,110
'201701','130',' 신촌역(2호선) 7번출구 앞','일일(회원)','M','~10대',1,16.68,0.19,810,5
'201701','800',' 목월공원 앞','일일(회원)','M','~10대',1,52.67,0.44,1900,15
'201701','806',' 전자랜드 본관 앞','일일(회원)','M','~10대',1,186.99,1.83,7870,43
'201701','808',' 서빙고동 금호맨션 앞','일일(회원)','M','~10대',3,599.74,5.41,23300,259
'201701','181',' 망원초록길 입구','일일(회원)','M','~10대',1,131.71,0.98,4210,52
'201701','183',' 하늘채코오롱아파트 건너편','일일(회원)','M','~10대',1,209.9,1.46,6310,43
'201701','185',' 마포 신수공원 앞','일일(회원)','M','~10대',1,263.95,2.45,10580,57
'201701','186',' 월드컵공원','일일(회원)','M','~10대',2,352.63,2.95,12690,73
'201701','134',' 연세로 명물길','일일(회원)','M','~10대',1,7.98,0.07,310,1
'201701','559',' 왕십리역 4번 출구 건너편','일일(회원)','M','~10대',3,510.25,4.02,17350,120
'201701','561',' 서울숲역 2번출구 앞','일일(회원)','M','~10대',2,141.1,1.19,5090,29
'201701','565',' 옥수역 3번출구','일일(회원)','M','~10대',1,113.1,0.95,4080,24
'201701','567',' 성수역 2번출구 앞','일일(회원)','M','~10대',1,471.13,2.82,12140,67
'201701','135',' 명물길 원형무대 앞','일일(회원)','M','~10대',1,78.09,0.73,3130,26
'201701','555',' 구의3동주민센터','일일(회원)','M','~10대',1,172.56,1.35,5810,49
'201701','576',' 광나루역 3번 출구','일일(회원)','M','~10대',2,305.67,1.95,8390,36
'201701','137',' NH농협 신촌지점 앞','일일(회원)','M','~10대',1,29.38,0.25,1060,6
'201701','626',' 군자교 서측 녹지대','일일(회원)','M','~10대',1,169.92,1.42,6130,41
'201701','633',' 청량리 기업은행 앞','일일(회원)','M','~10대',1,34.29,0.26,1110,10
'201701','634',' 외국어대 정문 앞','일일(회원)','M','~10대',1,82.4,0.67,2890,13
'201701','642',' 신답역 사거리','일일(회원)','M','~10대',1,76.41,0.62,2680,10
'201701','263',' 근로자회관 사거리','일일(회원)','M','~10대',1,49.66,0.53,2280,12
'201701','139',' 연세대 정문 건너편','일일(회원)','M','~10대',1,20.67,0.2,870,20
'201701','720',' 서울강월초등학교 앞','일일(회원)','M','~10대',1,95.04,0.74,3200,26
'201701','818',' 숙명여대 입구 교차로','일일(회원)','M','~10대',2,136.58,0.93,4020,22
'201701','819',' 선린인터넷 고등학교','일일(회원)','M','~10대',1,55.99,0.47,2020,17
'201701','822',' 이촌1동 마을공원','일일(회원)','M','~10대',4,406.44,3.65,15790,167
'201701','825',' 서빙고동 주민센터 앞','일일(회원)','M','~10대',2,317.95,2.66,11470,92
'201701','199',' 서울 월드컵 경기장','일일(회원)','M','~10대',1,400.02,2.63,11350,84
'201701','388',' 동성중학교 앞','일일(회원)','M','~10대',1,291.06,2.44,10500,53
'201701','900',' 은평예술회관','일일(회원)','M','~10대',1,180.08,1.35,5830,32
'201701','903',' 은평뉴타운 아이파크','일일(회원)','M','~10대',1,36.52,0.37,1590,6
'201701','201',' 진미파라곤 앞','일일(회원)','M','~10대',1,89.94,0.77,3340,52
'201701','588',' 뚝섬 유원지역','일일(회원)','M','~10대',1,177.96,1.49,6420,31
'201701','206',' KBS 앞','일일(회원)','M','~10대',2,114.04,1.12,4800,28
'201701','212',' 여의도역 1번출구 옆','일일(회원)','M','~10대',2,279.16,3.11,13400,170
'201701','104',' 합정역 1번출구 앞','일일(회원)','M','~10대',1,29.6,0.27,1150,7
'201701','220',' 미성아파트 A동 앞','일일(회원)','M','~10대',1,34.15,0.26,1120,5
'201701','215',' 여의도고교 앞','일일(회원)','M','~10대',1,38.81,0.45,1960,15
'201701','224',' 롯데캐슬 앞','일일(회원)','M','~10대',1,24.24,0.17,720,7
'201701','207',' 여의나루역 1번출구 앞','일일(회원)','M','~10대',3,654.69,5.38,23210,213
'201701','401',' 상암월드컵파크 10단지 앞','일일(회원)','M','~10대',1,13.94,0.15,640,2
'201701','407',' 마포구 육아종합지원센터','일일(회원)','M','~10대',1,177.09,1.3,5590,35
'201701','418',' 월드컵경기장역 3번출구 옆','일일(회원)','M','~10대',1,123.27,1.31,5660,47
'201701','411',' DMC홍보관','일일(회원)','M','~10대',2,139.84,1.27,5450,27
'201701','413',' 상암월드컵파크 3단지 후문','일일(회원)','M','~10대',1,88.8,0.75,3250,24
'201701','502',' 뚝섬유원지역 1번출구 앞','일일(회원)','M','~10대',2,212.89,1.78,7680,52
'201701','108',' 서교동 사거리','일일(회원)','M','20대',9,958.57,8.25,35570,212
'201701','503',' 더샵스타시티 C동 앞','일일(회원)','M','20대',8,590.79,4.99,21490,185
'201701','504',' 신자초교입구교차로','일일(회원)','M','20대',3,245.87,1.69,7300,57
'201701','505',' 자양사거리 광진아크로텔 앞','일일(회원)','M','20대',12,1217.17,9.8,42250,391
'201701','506',' 금호 어울림 아파트 앞','일일(회원)','M','20대',2,216.85,1.38,5960,31
'201701','507',' 성수아이에스비즈타워 앞','일일(회원)','M','20대',2,180.18,1.62,7000,53
'201701','508',' 성수아카데미타워 앞','일일(회원)','M','20대',2,331.66,2.75,11840,62
'201701','509',' 이마트 버스정류소 옆','일일(회원)','M','20대',6,497.37,4.45,19170,147
'201701','510',' 서울숲 남문 버스정류소 옆','일일(회원)','M','20대',2,264.98,2.33,10040,105
'201701','511',' 서울숲역 4번 출구 옆','일일(회원)','M','20대',13,1925.96,16.14,69580,561
'201701','512',' 뚝섬역 1번 출구 옆','일일(회원)','M','20대',19,2835.54,19.38,83490,561
'201701','109',' 제일빌딩 앞','일일(회원)','M','20대',13,1558.13,12.76,55090,372
'201701','400',' 상암한화오벨리스크 1차 앞','일일(회원)','M','20대',3,193.14,1.28,5490,23
'201701','513',' 뚝섬역 5번 출구 정류소 옆','일일(회원)','M','20대',7,701.2,5.48,23670,187
'201701','514',' 성수사거리 버스정류장 앞','일일(회원)','M','20대',13,1318.03,9,38890,314
'201701','515',' 광양중학교 앞','일일(회원)','M','20대',2,182.41,1.52,6560,65
'201701','516',' 광진메디칼 앞','일일(회원)','M','20대',5,381.84,2.52,10870,134
'201701','300',' 정동사거리','일일(회원)','M','20대',8,880.71,7.28,31400,244
'201701','302',' 경복궁역 4번출구 뒤','일일(회원)','M','20대',15,1317.36,10.95,47210,356
'201701','303',' 광화문역 1번출구 앞','일일(회원)','M','20대',5,311.5,2.52,10900,172
'201701','115',' 사루비아 빌딩 앞','일일(회원)','M','20대',11,900.36,7.56,32640,236
'201701','304',' 광화문역 2번출구 앞','일일(회원)','M','20대',11,721.09,5.44,23440,301
'201701','305',' 종로구청 옆','일일(회원)','M','20대',6,274.96,2.42,10470,90
'201701','306',' 광화문역 7번출구 앞','일일(회원)','M','20대',3,359.17,3.11,13440,95
'201701','307',' 서울역사박물관 앞','일일(회원)','M','20대',4,508.75,4.64,20030,121
'201701','309',' 광화문역 6번출구 옆','일일(회원)','M','20대',1,139.99,1.17,5050,31
'201701','310',' 청계광장 옆','일일(회원)','M','20대',8,642.05,5.06,21770,156
'201701','311',' 서울광장 옆','일일(회원)','M','20대',9,935.77,7.77,33530,281
'201701','312',' 시청역 1번출구 뒤','일일(회원)','M','20대',5,810.02,7.07,30470,245
'201701','313',' 서울역 광장 파출소 옆','일일(회원)','M','20대',2,268.26,1.77,7640,48
'201701','314',' 국립현대미술관','일일(회원)','M','20대',6,372.78,3.33,14350,76
'201701','315',' 신한은행 안국역지점 옆','일일(회원)','M','20대',12,1006.02,7.6,32760,269
'201701','316',' 종각역 1번출구 앞','일일(회원)','M','20대',14,2112.87,15.66,67420,439
'201701','318',' 광교사거리 남측','일일(회원)','M','20대',7,729.27,6.35,27430,220
'201701','320',' 을지로입구역 4번출구 앞','일일(회원)','M','20대',10,847.75,6.61,28550,173
'201701','321',' KEB 하나은행 본점 앞','일일(회원)','M','20대',11,1169.51,10.38,44790,411
'201701','322',' 명동성당 앞','일일(회원)','M','20대',12,870.2,7.68,33110,341
'201701','116',' 일진아이윌아파트 옆','일일(회원)','M','20대',8,1236.03,10.83,46700,247
'201701','324',' 신세계백화점 본점 앞','일일(회원)','M','20대',8,556.91,4.74,20470,189
'201701','326',' 안국역 5번출구 앞','일일(회원)','M','20대',6,587.24,5.01,21620,193
'201701','327',' 낙원상가 옆','일일(회원)','M','20대',14,714.43,5.79,24930,136
'201701','328',' 탑골공원 앞','일일(회원)','M','20대',24,1533.07,13.22,56900,441
'201701','329',' 청계2가 사거리 옆','일일(회원)','M','20대',14,1007.33,8.18,35290,250
'201701','330',' 청계천 한빛광장','일일(회원)','M','20대',6,929.92,7.44,32110,305
'201701','331',' 을지로2가 사거리 북측','일일(회원)','M','20대',5,156.15,1.41,6070,99
'201701','332',' 을지로2가 사거리 남측','일일(회원)','M','20대',4,322.05,2.5,10730,75
'201701','111',' 상수역 2번출구 앞','일일(회원)','M','20대',8,1313.11,9.67,41660,289
'201701','334',' 종로3가역 2번출구 뒤','일일(회원)','M','20대',9,439.69,3.54,15230,167
'201701','335',' 종로3가역 15번출구 앞','일일(회원)','M','20대',11,1422.14,11.56,49820,400
'201701','336',' 티마크 호텔 앞','일일(회원)','M','20대',6,451.11,3.45,14790,179
'201701','337',' 창경궁 입구','일일(회원)','M','20대',6,920.22,7.1,30580,220
'201701','338',' 세운스퀘어 앞','일일(회원)','M','20대',11,580.5,4.99,21470,189
'201701','339',' 종로4가 사거리','일일(회원)','M','20대',34,3480.44,28.49,122830,1283
'201701','340',' 혜화동 로터리','일일(회원)','M','20대',10,1555.55,13.07,56380,319
'201701','341',' 혜화역 3번출구 뒤','일일(회원)','M','20대',12,1501.1,11.04,47600,502
'201701','342',' 대학로 마로니에공원','일일(회원)','M','20대',4,286.21,2.4,10390,73
'201701','112',' 극동방송국 앞','일일(회원)','M','20대',23,2597.28,20.47,88270,481
'201701','344',' 성균관대 E하우스 앞','일일(회원)','M','20대',4,179.04,1.3,5620,106
'201701','346',' 맥스타일 앞','일일(회원)','M','20대',16,1702.22,14.29,61590,445
'201701','347',' 동대문역사문화공원역 9번출구 앞','일일(회원)','M','20대',13,1297.26,10.52,45280,393
'201701','349',' 사직동주민센터','일일(회원)','M','20대',8,511.71,4.4,18960,157
'201701','350','KEB 하나은행(내자동 지점) 앞','일일(회원)','M','20대',4,300.7,2.27,9800,97
'201701','352',' 중앙고입구 삼거리','일일(회원)','M','20대',1,65.86,0.44,1890,13
'201701','353',' 재동초교 앞 삼거리','일일(회원)','M','20대',3,227.37,1.98,8550,74
'201701','117',' 홍은사거리','일일(회원)','M','20대',6,1900.11,12.41,53500,262
'201701','354',' 포르투갈 대사관 앞','일일(회원)','M','20대',4,351.33,2.9,12510,101
'201701','355',' 서울사대부속초교 앞','일일(회원)','M','20대',4,331.21,2.85,12280,73
'201701','356',' KT혜화지사 앞','일일(회원)','M','20대',7,331.59,3.03,13010,192
'201701','358',' 성대입구 사거리','일일(회원)','M','20대',30,4068.68,30.63,131950,855
'201701','359',' 원남동사거리','일일(회원)','M','20대',5,260.45,2.1,9050,44
'201701','361',' 동묘앞역 1번출구 뒤','일일(회원)','M','20대',17,1228.94,10.95,47270,289
'201701','362',' 청계8가 사거리','일일(회원)','M','20대',6,305.3,2.64,11350,150
'201701','363',' 신설동역 11번출구 뒤','일일(회원)','M','20대',3,473.8,4.02,17300,127
'201701','364',' 창신역 1번출구 앞','일일(회원)','M','20대',11,829.22,7.07,30430,196
'201701','113',' 홍대입구역 2번출구 앞','일일(회원)','M','20대',34,3080.12,24.89,107240,782
'201701','368',' SK 서린빌딩 앞','일일(회원)','M','20대',4,296.21,2.47,10660,104
'201701','369',' 광화문 시민열린마당','일일(회원)','M','20대',9,755.82,6.25,26960,266
'201701','348',' 독립문역 사거리','일일(회원)','M','20대',2,88.15,0.74,3180,51
'201701','370',' 시청역(2호선) 9번출구 뒤','일일(회원)','M','20대',3,189.68,1.65,7110,78
'201701','371',' 동대입구역 6번출구 뒤','일일(회원)','M','20대',8,686.47,5.32,22970,193
'201701','372',' 약수역 3번출구 뒤','일일(회원)','M','20대',8,814.85,6.69,28830,178
'201701','373',' 청구 어린이공원','일일(회원)','M','20대',3,315.75,2.66,11450,77
'201701','374',' 청구역 2번출구 앞','일일(회원)','M','20대',26,4015.62,32.14,138500,808
'201701','118',' 광흥창역 2번출구 앞','일일(회원)','M','20대',9,773.59,6.08,26160,191
'201701','375',' 다산 어린이공원','일일(회원)','M','20대',1,85.71,0.77,3330,36
'201701','377',' 서울역 4번출구 앞','일일(회원)','M','20대',2,338.52,2.5,10740,102
'201701','378',' 청계7가 사거리','일일(회원)','M','20대',6,768.55,5.19,22340,249
'201701','379',' 서울역9번출구','일일(회원)','M','20대',4,634.01,5,21550,125
'201701','380',' CJ제일제당 앞','일일(회원)','M','20대',6,700.55,5.54,23890,183
'201701','381',' 장충체육관','일일(회원)','M','20대',1,65.26,0.48,2060,58
'201701','382',' 약수역 10번출구 앞','일일(회원)','M','20대',4,315.41,3.3,14240,108
'201701','383',' 신당역 12번 출구 뒤','일일(회원)','M','20대',10,738.93,6.09,26250,195
'201701','384',' 종로학원본원 ','일일(회원)','M','20대',6,445.82,3.85,16600,121
'201701','114',' 홍대입구역 8번출구 앞','일일(회원)','M','20대',41,4500.71,37.43,161350,1285
'201701','142',' 아현역 4번출구 앞','일일(회원)','M','20대',10,1016.33,8.76,37720,290
'201701','143',' 공덕역 2번출구','일일(회원)','M','20대',8,407.97,3.28,14130,80
'201701','144',' 공덕역 8번출구','일일(회원)','M','20대',14,1331.24,11.01,47560,498
'201701','145',' 공덕역 5번출구','일일(회원)','M','20대',7,1040.98,7.29,31400,231
'201701','146',' 마포역 1번출구 뒤','일일(회원)','M','20대',14,2049.84,15.23,65620,415
'201701','147',' 마포역 4번출구 뒤','일일(회원)','M','20대',15,1286.08,10.13,43710,333
'201701','148',' 용강동 주민센터 앞','일일(회원)','M','20대',5,377.23,3.01,12980,87
'201701','150',' 서강대역 2번출구 앞','일일(회원)','M','20대',9,1179.37,9.12,39240,295
'201701','152',' 마포구민체육센터 앞','일일(회원)','M','20대',18,4070.3,31.62,136260,839
'201701','119',' 서강나루 공원','일일(회원)','M','20대',3,1241.92,10.38,44720,264
'201701','153',' 성산2교 사거리','일일(회원)','M','20대',13,1626.88,14.41,62130,475
'201701','154',' 마포구청역 ','일일(회원)','M','20대',6,459.99,3.92,16910,117
'201701','155',' 가좌역1 번출구 뒤','일일(회원)','M','20대',3,135.17,1.17,5040,116
'201701','156',' 서울서부지방법원 앞','일일(회원)','M','20대',5,314.37,2.77,11960,71
'201701','157',' 애오개역 4번출구 앞','일일(회원)','M','20대',11,850.76,6.51,28050,287
'201701','158',' 독립문 어린이 공원','일일(회원)','M','20대',5,741.57,5.73,24680,161
'201701','159',' 이대역 4번 출구','일일(회원)','M','20대',7,468.93,4.31,18600,173
'201701','160',' 북아현동 가구거리','일일(회원)','M','20대',2,116.74,0.96,4120,36
'201701','161',' 무악재역1번 출구','일일(회원)','M','20대',2,261.37,2.31,9950,80
'201701','162',' 봉원고가차도 밑','일일(회원)','M','20대',16,616.26,5.37,23140,84
'201701','120',' 신수동 사거리','일일(회원)','M','20대',4,228.15,1.66,7140,44
'201701','163',' 명지전문대학교 정문 앞','일일(회원)','M','20대',7,1572.96,13.26,57150,248
'201701','164',' 북가좌1동 주민센터 ','일일(회원)','M','20대',1,56.75,0.65,2810,13
'201701','167',' 연가초등학교 옆','일일(회원)','M','20대',4,214.62,2.03,8740,84
'201701','168',' 남가좌동 사거리','일일(회원)','M','20대',1,172.89,1.37,5900,39
'201701','169',' 북가좌 삼거리','일일(회원)','M','20대',5,474.33,3.83,16520,99
'201701','170',' 가재울 뉴타운 주유소 옆','일일(회원)','M','20대',3,160.02,1.59,6860,64
'201701','171',' 임광빌딩 앞','일일(회원)','M','20대',1,130.01,1.09,4690,32
'201701','172',' 서대문소방서','일일(회원)','M','20대',4,574.15,4.43,19100,153
'201701','121',' 마포소방서 앞','일일(회원)','M','20대',1,131.52,1.01,4370,40
'201701','173',' 서대문역 8번출구 앞','일일(회원)','M','20대',3,126.71,1.06,4570,30
'201701','175',' 홍연2교옆','일일(회원)','M','20대',7,1594.87,13.04,56200,334
'201701','179',' 가좌역 4번출구 앞','일일(회원)','M','20대',4,219.83,1.89,8140,73
'201701','180',' 충정로역 7번출구 뒤','일일(회원)','M','20대',6,734.66,5.89,25390,166
'201701','518',' 청계천 박물관 앞','일일(회원)','M','20대',2,57.26,0.56,2410,18
'201701','519',' 양지사거리','일일(회원)','M','20대',7,501.48,3.32,14300,172
'201701','520',' 상왕십리역 4번 출구 앞','일일(회원)','M','20대',11,750.3,5.56,23950,327
'201701','521',' 왕십리역 11번 출구 앞','일일(회원)','M','20대',10,915.97,6.33,27300,205
'201701','522',' 금호역 1번출구 앞','일일(회원)','M','20대',1,54.89,0.46,1980,31
'201701','122',' 신성기사식당 앞','일일(회원)','M','20대',7,1138.71,9.95,42880,204
'201701','525',' 한양대병원사거리','일일(회원)','M','20대',28,3716.2,31.48,135750,1074
'201701','526',' 용답토속공원 앞','일일(회원)','M','20대',1,64.08,0.61,2610,13
'201701','529',' 장한평역 8번 출구 앞','일일(회원)','M','20대',10,497.95,3.9,16770,80
'201701','530',' 청계벽산아파트 앞','일일(회원)','M','20대',4,809.44,7.04,30350,169
'201701','533',' 우리은행 금호동 지점 앞','일일(회원)','M','20대',1,47.12,0.38,1630,8
'201701','534',' 금호사거리','일일(회원)','M','20대',3,766.37,4.52,19500,92
'201701','535',' 응봉삼거리','일일(회원)','M','20대',6,893.98,7.08,30520,271
'201701','536',' 행당역 2번출구 앞','일일(회원)','M','20대',11,862.95,5.59,24050,154
'201701','537',' 한양대후문역 부근','일일(회원)','M','20대',14,1891.44,15.2,65470,349
'201701','123',' 문화촌 공원','일일(회원)','M','20대',1,357.03,2.13,9200,40
'201701','538',' 답십리역 8번출구 앞','일일(회원)','M','20대',6,540.2,4.59,19810,130
'201701','550',' 서울시설공단 앞','일일(회원)','M','20대',4,215.67,1.54,6690,44
'201701','539',' 군자교교차로','일일(회원)','M','20대',3,650.43,5.35,23090,162
'201701','540',' 군자역 7번출구 베스트샵 앞','일일(회원)','M','20대',17,2367.11,20.63,88970,584
'201701','542',' 강변역 4번출구 뒤','일일(회원)','M','20대',6,972.48,7.89,33990,245
'201701','543',' 구의공원(테크노마트 앞)','일일(회원)','M','20대',11,1334.01,8.96,38670,336
'201701','544',' 광남중학교','일일(회원)','M','20대',3,426.76,3.83,16560,129
'201701','546',' 잠실대교북단 교차로','일일(회원)','M','20대',1,66.92,0.6,2600,11
'201701','548',' 자양나들목','일일(회원)','M','20대',7,1210.49,8.12,35010,223
'201701','549',' 아차산역 3번출구','일일(회원)','M','20대',4,240.08,2.32,10000,136
'201701','124',' 서강대 정문 건너편','일일(회원)','M','20대',8,1299.13,10.05,43260,204
'201701','600',' 휘경2동 주민센터','일일(회원)','M','20대',4,313.52,2.82,12180,71
'201701','601',' 용신동주민센터','일일(회원)','M','20대',2,295.99,2.59,11130,78
'201701','602',' 장안동 사거리','일일(회원)','M','20대',18,1378.09,10.74,46430,283
'201701','604',' 답십리초등학교 옆 공원','일일(회원)','M','20대',17,1269.91,9.31,40150,193
'201701','607',' 신이문역 2번출구','일일(회원)','M','20대',7,1370.26,11.87,51200,306
'201701','608',' 전농삼성아파트','일일(회원)','M','20대',2,80.08,0.68,2930,30
'201701','609',' 제기2교','일일(회원)','M','20대',9,2034.43,14.74,63520,365
'201701','125',' 서강대 남문 옆','일일(회원)','M','20대',14,960.53,7.62,32790,234
'201701','610',' 동대문중 교차로','일일(회원)','M','20대',1,87.26,0.79,3390,24
'201701','613',' 신설동역 10번출구 앞','일일(회원)','M','20대',8,570.19,4.3,18540,133
'201701','614',' 용두동 사거리','일일(회원)','M','20대',11,964.41,8.47,36500,307
'201701','615',' 용두동 레미안허브리츠아파트 앞','일일(회원)','M','20대',2,180.18,1.51,6500,106
'201701','616',' 서울시립대 앞','일일(회원)','M','20대',6,581,4.92,21220,147
'201701','227',' 양평2나들목 보행통로 입구','일일(회원)','M','20대',1,88.03,0.79,3420,53
'201701','228',' 선유도역 3번출구 앞','일일(회원)','M','20대',4,351.09,2.77,11930,87
'201701','229',' 양평1 보행육교 앞','일일(회원)','M','20대',6,352.26,2.46,10640,71
'201701','126',' 서강대 후문 옆','일일(회원)','M','20대',6,302.76,2.62,11330,110
'201701','231',' 남부고용노동지청 남측','일일(회원)','M','20대',4,730.59,5.56,23990,158
'201701','232',' 양평우림 이비즈센타 앞','일일(회원)','M','20대',10,1303.67,11.4,49220,563
'201701','234',' 영등포구민체육센터 앞','일일(회원)','M','20대',3,245.58,2.17,9340,82
'201701','236',' 문래동자이아파트 앞','일일(회원)','M','20대',2,136.38,1.14,4920,151
'201701','237',' 보라매 두산위브 건너편','일일(회원)','M','20대',5,792.6,6.2,26660,165
'201701','238',' 제2구민체육센타 앞','일일(회원)','M','20대',2,216.71,1.58,6840,43
'201701','239',' 유스호스텔 앞','일일(회원)','M','20대',2,224.65,1.92,8290,144
'201701','240',' 문래역 4번출구 앞','일일(회원)','M','20대',7,435.31,3.86,16620,125
'201701','127',' 현대벤처빌 앞','일일(회원)','M','20대',12,861.33,6.89,29690,172
'201701','241',' 신길우성1차아파트 앞 공원','일일(회원)','M','20대',3,485.46,4.04,17430,104
'201701','242',' 신길선원가와인아파트 앞','일일(회원)','M','20대',3,136.19,1.09,4710,48
'201701','243',' 이앤씨드림타워 앞','일일(회원)','M','20대',4,627.89,4.59,19820,105
'201701','244',' 영등포삼환아파트 앞','일일(회원)','M','20대',25,2075.32,15.52,66840,722
'201701','245',' 삼성생명 당산사옥 앞','일일(회원)','M','20대',3,198.02,1.91,8210,76
'201701','247',' 당산역 10번출구 앞','일일(회원)','M','20대',12,1175.51,8.93,38500,272
'201701','248',' 초원아파트 앞','일일(회원)','M','20대',9,1729.74,14.16,60990,339
'201701','249',' 여의도중학교 옆','일일(회원)','M','20대',1,122.52,1.1,4760,33
'201701','250',' 대림아파트 사거리','일일(회원)','M','20대',3,139.26,1.26,5410,80
'201701','251',' 서울지방병무청 버스정류장','일일(회원)','M','20대',2,149.44,1.27,5480,38
'201701','101',' (구)합정동 주민센터','일일(회원)','M','20대',4,448.71,3.79,16370,73
'201701','128',' 신촌역(2호선) 1번출구 옆','일일(회원)','M','20대',22,1777.64,15.44,66590,414
'201701','252',' 보라매역4번출구','일일(회원)','M','20대',5,951.12,7.88,33970,291
'201701','253',' 신풍역 5번출구 인근','일일(회원)','M','20대',4,216.24,1.99,8600,86
'201701','254',' 도림신협 앞','일일(회원)','M','20대',1,42.77,0.42,1800,10
'201701','255',' 도림4거리','일일(회원)','M','20대',1,12.1,0.11,470,4
'201701','256',' 동아에코빌입구','일일(회원)','M','20대',9,821.67,6.89,29710,214
'201701','257',' 신길삼거리(우리은행)','일일(회원)','M','20대',4,1082,9.88,42590,193
'201701','258',' 신길역3번출구','일일(회원)','M','20대',6,593.72,5.14,22110,174
'201701','259',' 대방역6번출구','일일(회원)','M','20대',14,1879.64,14.78,63700,456
'201701','700',' KB국민은행 염창역 지점 앞','일일(회원)','M','20대',2,345.24,2.88,12430,67
'201701','701',' 목동사거리 부근','일일(회원)','M','20대',1,94.41,0.61,2620,18
'201701','129',' 신촌역(2호선) 6번출구 옆','일일(회원)','M','20대',6,751.34,5.7,24620,129
'201701','702',' 목4동주민센터 옆','일일(회원)','M','20대',6,537.87,4.17,17970,107
'201701','703',' 오목교역 7번출구 앞','일일(회원)','M','20대',13,1577.25,12.08,52050,780
'201701','704',' 남부법원검찰청 교차로','일일(회원)','M','20대',3,392.79,2.84,12230,138
'201701','706',' 신정네거리역','일일(회원)','M','20대',1,71.28,0.52,2250,15
'201701','707',' 신정3동주민센터','일일(회원)','M','20대',5,445.49,3.77,16260,111
'201701','708',' 서울출입국관리사무소 앞','일일(회원)','M','20대',4,468.48,3.72,15980,111
'201701','709',' 신정3동 현장민원실 앞','일일(회원)','M','20대',1,37.78,0.37,1590,8
'201701','710',' 서부화물트럭터미널 사거리','일일(회원)','M','20대',6,927.24,6.67,28750,214
'201701','130',' 신촌역(2호선) 7번출구 앞','일일(회원)','M','20대',8,514.36,4.16,17980,161
'201701','713',' 양서중학교 옆','일일(회원)','M','20대',1,312.48,2.82,12140,71
'201701','714',' 한국SGI 양천문화회관 앞','일일(회원)','M','20대',2,308.88,2.57,11040,89
'201701','800',' 목월공원 앞','일일(회원)','M','20대',4,170.71,1.37,5930,39
'201701','802',' 한강진역 2번 출구 앞','일일(회원)','M','20대',9,772.53,6.21,26750,212
'201701','803',' 한남초교 앞 보도육교','일일(회원)','M','20대',1,94.41,0.69,2980,17
'201701','805',' 문배어린이공원 앞','일일(회원)','M','20대',7,759.47,6.43,27780,244
'201701','806',' 전자랜드 본관 앞','일일(회원)','M','20대',8,888.59,7.33,31620,240
'201701','807',' 서울역 12번 출구 앞','일일(회원)','M','20대',1,63.28,0.55,2350,12
'201701','808',' 서빙고동 금호맨션 앞','일일(회원)','M','20대',4,390.95,3.09,13340,87
'201701','131',' 증산2교','일일(회원)','M','20대',3,184.97,1.59,6840,62
'201701','809',' 한남 유수지 복개주차장','일일(회원)','M','20대',8,2022.19,15.92,68630,430
'201701','810',' 이태원지하보도','일일(회원)','M','20대',2,163.75,1.35,5830,45
'201701','811',' 녹사평역1번출구','일일(회원)','M','20대',37,5106,39.95,172130,1024
'201701','812',' 용산전쟁기념관','일일(회원)','M','20대',4,511.09,4.73,20400,252
'201701','813',' 삼각지역 3번출구','일일(회원)','M','20대',1,39.64,0.33,1410,7
'201701','815',' LIG강촌아파트 103동앞','일일(회원)','M','20대',9,1773.46,13.09,56420,327
'201701','385',' 종각역 5번출구','일일(회원)','M','20대',13,1279.84,10.02,43210,446
'201701','386',' 올림픽기념 국민생활관 앞','일일(회원)','M','20대',1,158.24,1.29,5550,44
'201701','387',' 훈련원공원주차장 앞','일일(회원)','M','20대',6,588.51,4.53,19490,83
'201701','132',' 창천문화공원','일일(회원)','M','20대',13,1432.06,10.94,47090,557
'201701','182',' 망원2빗물펌프장 앞','일일(회원)','M','20대',4,422.31,3.56,15350,109
'201701','183',' 하늘채코오롱아파트 건너편','일일(회원)','M','20대',4,837.84,7.29,31390,193
'201701','184',' SK망원동주유소 건너편','일일(회원)','M','20대',6,384.51,3.02,13000,150
'201701','185',' 마포 신수공원 앞','일일(회원)','M','20대',18,4042.15,39.65,170970,912
'201701','186',' 월드컵공원','일일(회원)','M','20대',7,990.21,7.19,31000,240
'201701','188',' 홍은동 정원여중 입구','일일(회원)','M','20대',2,961.92,8.35,35990,222
'201701','191',' 정명학원','일일(회원)','M','20대',7,1095.59,8.1,34840,259
'201701','178',' 증산3교 앞','일일(회원)','M','20대',1,96.62,0.71,3050,41
'201701','133',' 해담는다리','일일(회원)','M','20대',6,1007.07,7.45,32090,168
'201701','194',' 증산교 앞','일일(회원)','M','20대',9,1354.97,10.94,47200,251
'201701','195',' 모래내고가차도 ','일일(회원)','M','20대',14,1371.94,12.26,52850,256
'201701','196',' 연희교차로 인근','일일(회원)','M','20대',3,488.92,3.29,14180,73
'201701','198',' 충정2교','일일(회원)','M','20대',7,647.46,5.61,24140,151
'201701','556',' 달맞이공원','일일(회원)','M','20대',2,317.07,2.1,9050,102
'201701','557',' 도선동 주민센터 앞','일일(회원)','M','20대',3,113.72,0.87,3760,29
'201701','558',' 성동광진 교육지원청 앞','일일(회원)','M','20대',6,627.5,4.71,20300,115
'201701','134',' 연세로 명물길','일일(회원)','M','20대',7,584.28,5.29,22780,152
'201701','559',' 왕십리역 4번 출구 건너편','일일(회원)','M','20대',15,1685.6,12.82,55230,315
'201701','560',' 비전교회 앞','일일(회원)','M','20대',4,454.56,3.4,14650,60
'201701','561',' 서울숲역 2번출구 앞','일일(회원)','M','20대',6,880.75,6.81,29430,500
'201701','562',' 군자지하보도 앞','일일(회원)','M','20대',2,91.45,0.7,3030,27
'201701','563',' 성동세무서 건너편','일일(회원)','M','20대',5,242.82,2.06,8860,74
'201701','565',' 옥수역 3번출구','일일(회원)','M','20대',11,2252.52,18.77,80840,531
'201701','567',' 성수역 2번출구 앞','일일(회원)','M','20대',9,1199.54,9.8,42260,329
'201701','568',' 청계8가사거리 부근','일일(회원)','M','20대',6,298.22,2.64,11410,81
'201701','135',' 명물길 원형무대 앞','일일(회원)','M','20대',15,1106.37,8.81,38050,282
'201701','569',' 응봉현대아파트 정류소','일일(회원)','M','20대',1,47.93,0.41,1780,10
'201701','578',' 성동세무서 부근','일일(회원)','M','20대',2,150.46,0.9,3890,34
'201701','579',' 마장역 4번출구','일일(회원)','M','20대',7,519.41,4.59,19770,113
'201701','581',' 용답초등학교','일일(회원)','M','20대',18,922.82,6.97,29930,153
'201701','583',' 청계천 생태교실 앞','일일(회원)','M','20대',7,960.42,8.27,35640,191
'201701','551',' 구의삼성쉐르빌 앞','일일(회원)','M','20대',10,1966.35,14.02,60490,760
'201701','552',' 대림아크로리버 앞','일일(회원)','M','20대',2,124.79,0.99,4240,26
'201701','553',' 중곡 성원APT 앞','일일(회원)','M','20대',7,760.41,6.37,27450,205
'201701','136',' 대흥동 주민센터','일일(회원)','M','20대',6,637.4,4.52,19510,125
'201701','554',' 아차산역 사거리','일일(회원)','M','20대',1,92.03,0.77,3320,20
'201701','555',' 구의3동주민센터','일일(회원)','M','20대',1,0,0,0,89
'201701','571',' 어린이대공원역6번출구','일일(회원)','M','20대',13,947.6,7.42,31940,350
'201701','572',' 국립정신 건강센터 앞','일일(회원)','M','20대',3,404.32,2.74,11770,59
'201701','573',' 구의문주차장 앞','일일(회원)','M','20대',8,392.1,3.31,14260,73
'201701','574',' 아차산역4번출구','일일(회원)','M','20대',8,458,4.23,18260,101
'201701','576',' 광나루역 3번 출구','일일(회원)','M','20대',3,275.69,2.25,9670,103
'201701','577',' 광진청소년수련관','일일(회원)','M','20대',2,85.85,0.63,2710,32
'201701','621',' 동대문중학교 옆','일일(회원)','M','20대',1,231.26,1.86,8000,57
'201701','137',' NH농협 신촌지점 앞','일일(회원)','M','20대',5,479.63,3.78,16300,79
'201701','622',' 전농사거리 교통섬','일일(회원)','M','20대',1,50.3,0.4,1740,26
'201701','623',' 서울시립대 정문 앞','일일(회원)','M','20대',26,1399.46,12.06,51970,414
'201701','624',' 전농동 동아아파트 앞','일일(회원)','M','20대',11,389.36,3.57,15430,89
'201701','625',' 답십리초등학교 앞(현대시장 옆)','일일(회원)','M','20대',7,729.75,5.55,23980,150
'201701','626',' 군자교 서측 녹지대','일일(회원)','M','20대',4,366.87,2.68,11550,68
'201701','627',' 장안동삼거리 교통섬','일일(회원)','M','20대',2,240.47,1.9,8210,62
'201701','628',' 휘봉고등학교 앞','일일(회원)','M','20대',2,211.63,1.68,7260,61
'201701','630',' 동대문구 보건소','일일(회원)','M','20대',2,57.05,0.5,2150,12
'201701','631',' 답십리역 1번출구','일일(회원)','M','20대',3,172.8,1.2,5170,28
'201701','102',' 망원역 1번출구 앞','일일(회원)','M','20대',6,438.96,3.94,17000,179
'201701','138',' 신촌동 제1공영주차장 앞','일일(회원)','M','20대',11,544.66,4.61,19870,123
'201701','633',' 청량리 기업은행 앞','일일(회원)','M','20대',10,696.31,5.69,24520,176
'201701','634',' 외국어대 정문 앞','일일(회원)','M','20대',14,1255.84,10.41,44850,339
'201701','635',' 시조사 앞 (청량고정문 옆)','일일(회원)','M','20대',6,574.34,4.74,20430,168
'201701','636',' 세종대왕기념관 교차로','일일(회원)','M','20대',5,481.43,4.11,17660,118
'201701','637',' KAIST 경영대학 앞','일일(회원)','M','20대',3,1047.27,6.99,30150,143
'201701','638',' 서울시립대 정보기술관','일일(회원)','M','20대',10,1017.12,8.15,35170,317
'201701','639',' 서울시립대 후문','일일(회원)','M','20대',34,1865.6,16.26,70120,501
'201701','640',' KEB하나은행 청량리역지점','일일(회원)','M','20대',4,395.43,3,12920,221
'201701','641',' 용두역 4번출구','일일(회원)','M','20대',9,454.42,3.52,15240,119
'201701','642',' 신답역 사거리','일일(회원)','M','20대',3,155.78,1.28,5510,88
'201701','140',' 이화여대 후문','일일(회원)','M','20대',5,478.43,4.23,18220,111
'201701','643',' 동대문구민체육센터 (육교아래)','일일(회원)','M','20대',4,1513.76,11,47380,215
'201701','230',' 영등포구청역 1번출구','일일(회원)','M','20대',8,1016.92,9.12,39340,204
'201701','262',' 영문초등학교 사거리','일일(회원)','M','20대',2,170.89,1.24,5350,32
'201701','263',' 근로자회관 사거리','일일(회원)','M','20대',5,467.69,4.04,17420,116
'201701','264',' 교보생명보험 앞','일일(회원)','M','20대',1,134.29,1.09,4710,29
'201701','265',' 영등포유통상가 사거리','일일(회원)','M','20대',1,74.55,0.58,2510,21
'201701','141',' 연대 대운동장 옆','일일(회원)','M','20대',17,1830.38,14.23,61200,414
'201701','266',' 영등포청과시장 사거리','일일(회원)','M','20대',13,1458.85,11.41,49200,320
'201701','267',' 삼성화재 사옥 옆','일일(회원)','M','20대',2,199.21,1.67,7190,45
'201701','268',' 그랜드컨벤션센터 앞','일일(회원)','M','20대',4,868.03,7.54,32470,263
'201701','271',' 샛강생태공원방문자센터 앞','일일(회원)','M','20대',3,547.3,5,21590,158
'201701','272',' 당산육갑문','일일(회원)','M','20대',17,2191.18,17.16,73930,390
'201701','716','신정6동 주민센터 인근','일일(회원)','M','20대',1,155.33,1.21,5230,58
'201701','139',' 연세대 정문 건너편','일일(회원)','M','20대',11,729.28,6.6,28420,145
'201701','816',' 신용산역 6번출구 앞','일일(회원)','M','20대',7,1282.71,10.2,43960,279
'201701','818',' 숙명여대 입구 교차로','일일(회원)','M','20대',6,664.62,6.22,26790,350
'201701','819',' 선린인터넷 고등학교','일일(회원)','M','20대',6,498.8,4.16,17910,122
'201701','820',' 청파동입구 교차로','일일(회원)','M','20대',4,211.71,1.91,8250,94
'201701','822',' 이촌1동 마을공원','일일(회원)','M','20대',4,627.5,5.43,23400,235
'201701','823',' 효창동주민센터 앞','일일(회원)','M','20대',4,676.22,2.79,11990,84
'201701','825',' 서빙고동 주민센터 앞','일일(회원)','M','20대',18,3683.55,32.41,139650,725
'201701','199',' 서울 월드컵 경기장','일일(회원)','M','20대',12,1489.74,12.63,54460,777
'201701','388',' 동성중학교 앞','일일(회원)','M','20대',9,1053.15,8.34,36010,283
'201701','584',' 광진광장 교통섬','일일(회원)','M','20대',13,1588.42,12.23,52760,419
'201701','585',' 성수2가1동 공영주차장 인근','일일(회원)','M','20대',1,111.83,0.82,3530,46
'201701','586',' 마장동 주민센터','일일(회원)','M','20대',2,57.82,0.5,2120,11
'201701','900',' 은평예술회관','일일(회원)','M','20대',1,139,0.81,3510,42
'201701','901',' 응암1동사무소','일일(회원)','M','20대',1,139.69,0.96,4150,27
'201701','905',' 구파발역 2번출구','일일(회원)','M','20대',2,203.4,1.95,8410,55
'201701','906',' 연신내역 5번출구150M 아래','일일(회원)','M','20대',13,2255.49,17.06,73530,475
'201701','907',' CJ 드림시티','일일(회원)','M','20대',8,840.82,6.82,29400,200
'201701','908',' 구산역 4번출구','일일(회원)','M','20대',2,380.29,3.15,13610,84
'201701','909',' 백련산 힐스테이트 3차','일일(회원)','M','20대',4,176.16,1.48,6370,69
'201701','911',' 은평평화공원(역촌역4번출구)','일일(회원)','M','20대',4,202.44,1.82,7860,60
'201701','201',' 진미파라곤 앞','일일(회원)','M','20대',5,812.55,7.07,30450,230
'201701','912',' 응암오거리','일일(회원)','M','20대',1,48.23,0.47,2030,11
'201701','913',' 이마트 은평점','일일(회원)','M','20대',10,538.26,5.28,22750,174
'201701','914',' 새절역 2번출구','일일(회원)','M','20대',15,2558.49,21.23,91550,640
'201701','915',' 증산역 4번출구','일일(회원)','M','20대',9,1172.49,9.51,41040,329
'201701','917',' 녹번역 4번출구','일일(회원)','M','20대',4,633.2,4.99,21540,28
'201701','919',' 서울혁신파크','일일(회원)','M','20대',1,94.25,0.79,3400,27
'201701','202',' 국민일보 앞','일일(회원)','M','20대',8,636.27,5.72,24630,171
'201701','922',' 연신내역 4번출구','일일(회원)','M','20대',2,259.49,2.04,8760,79
'201701','923',' 국민은행 연서지점','일일(회원)','M','20대',1,25.23,0.23,980,5
'201701','924',' 메뚜기다리','일일(회원)','M','20대',1,93.95,0.85,3650,39
'201701','926',' 불광역 8번출구','일일(회원)','M','20대',5,768.25,6.55,28230,219
'201701','927',' 연신내역 3번출구 인근','일일(회원)','M','20대',2,224.97,2.03,8740,61
'201701','928',' 은평역사한옥박물관','일일(회원)','M','20대',4,1191.25,10.74,46280,211
'201701','931',' 역촌파출소','일일(회원)','M','20대',14,1874.01,15.09,64980,318
'201701','932',' 예일여중','일일(회원)','M','20대',4,775.47,5.52,23790,215
'201701','933',' LG서비스 역촌점','일일(회원)','M','20대',2,102.58,0.82,3540,23
'201701','587',' KEB하나은행 성수중앙지점','일일(회원)','M','20대',6,350.15,2.39,10250,58
'201701','588',' 뚝섬 유원지역','일일(회원)','M','20대',2,298.33,2.68,11590,79
'201701','103',' 망원역 2번출구 앞','일일(회원)','M','20대',7,1013.33,8.66,37360,315
'201701','204',' 국회의사당역 5번출구 옆','일일(회원)','M','20대',3,971.24,7.97,34330,306
'201701','203',' 국회의사당역 3번출구 옆','일일(회원)','M','20대',6,722.08,6.19,26680,133
'201701','205',' 산업은행 앞','일일(회원)','M','20대',9,1658.84,12.62,54440,500
'201701','206',' KBS 앞','일일(회원)','M','20대',4,637.48,5.33,22940,155
'201701','209',' 유진투자증권빌딩 앞','일일(회원)','M','20대',2,322.87,2.83,12190,55
'201701','210',' IFC몰','일일(회원)','M','20대',7,918.73,8.09,34850,230
'201701','211',' 여의도역 4번출구 옆','일일(회원)','M','20대',9,784.89,6.96,29910,297
'201701','212',' 여의도역 1번출구 옆','일일(회원)','M','20대',13,1821,16.89,72740,529
'201701','213',' KT앞','일일(회원)','M','20대',4,604.89,5.06,21810,116
'201701','104',' 합정역 1번출구 앞','일일(회원)','M','20대',17,2160.73,17.9,77160,662
'201701','214',' 금융감독원 앞','일일(회원)','M','20대',6,168.09,1.52,6530,68
'201701','218',' 증권거래소 앞','일일(회원)','M','20대',3,497.78,4.41,19000,120
'201701','219',' 롯데캐슬엠파이어 옆','일일(회원)','M','20대',2,112.51,0.96,4160,34
'201701','220',' 미성아파트 A동 앞','일일(회원)','M','20대',4,97.87,0.92,3970,57
'201701','215',' 여의도고교 앞','일일(회원)','M','20대',4,629.64,6.04,26030,222
'201701','216',' 삼부아파트1동 앞','일일(회원)','M','20대',5,269.35,2.16,9330,102
'201701','217',' NH농협은행 앞','일일(회원)','M','20대',2,126.1,1.03,4440,33
'201701','221',' 여의도초교 앞','일일(회원)','M','20대',9,877.88,7.28,31360,222
'201701','222',' 시범아파트버스정류장 옆','일일(회원)','M','20대',9,689.93,5.4,23320,149
'201701','223',' 진주아파트상가 앞','일일(회원)','M','20대',3,93.79,0.8,3450,28
'201701','105',' 합정역 5번출구 앞','일일(회원)','M','20대',10,1493.16,10.7,46080,388
'201701','224',' 롯데캐슬 앞','일일(회원)','M','20대',7,530.8,4.54,19600,94
'201701','225',' 앙카라공원 앞','일일(회원)','M','20대',5,690.05,6.23,26860,186
'201701','226',' 샛강역 1번출구 앞','일일(회원)','M','20대',4,504.46,4,17230,125
'201701','207',' 여의나루역 1번출구 앞','일일(회원)','M','20대',25,4174.05,33.21,143100,1184
'201701','402',' 상암월드컵파크 9단지 앞','일일(회원)','M','20대',2,170.9,1.48,6370,67
'201701','403',' 부엉이공원 앞','일일(회원)','M','20대',2,98.84,0.72,3120,77
'201701','106',' 합정역 7번출구 앞','일일(회원)','M','20대',25,5235.54,29.67,127940,842
'201701','405',' DMC빌 앞','일일(회원)','M','20대',1,239.09,1.87,8050,49
'201701','406',' 상암월드컵파크 7단지 앞','일일(회원)','M','20대',1,152.9,1.38,5940,92
'201701','421',' 마포구청 앞','일일(회원)','M','20대',7,1160.33,9.62,41450,307
'201701','407',' 마포구 육아종합지원센터','일일(회원)','M','20대',3,216.38,1.81,7790,107
'201701','408',' LG CNS앞','일일(회원)','M','20대',3,240.28,2.24,9640,45
'201701','420',' 서울시 공공자전거 상암센터','일일(회원)','M','20대',7,1048.28,8.29,35750,328
'201701','409',' 누리꿈스퀘어 옆','일일(회원)','M','20대',6,406.43,3.01,12940,112
'201701','419',' 홈플러스 앞','일일(회원)','M','20대',27,3510.93,28.46,122660,746
'201701','418',' 월드컵경기장역 3번출구 옆','일일(회원)','M','20대',10,1486.04,13.46,57990,333
'201701','107',' 신한은행 서교동금융센터점 앞','일일(회원)','M','20대',12,1326.23,10.6,45630,394
'201701','411',' DMC홍보관','일일(회원)','M','20대',2,75.69,0.62,2650,11
'201701','412',' DMC산학협력연구센터 앞','일일(회원)','M','20대',9,1042.08,8.27,35640,362
'201701','413',' 상암월드컵파크 3단지 후문','일일(회원)','M','20대',8,1157.33,10.1,43570,418
'201701','417',' DMC역 2번출구 옆','일일(회원)','M','20대',5,244.61,2.03,8750,86
'201701','414',' 상암동주민센터 옆','일일(회원)','M','20대',1,56.51,0.49,2130,29
'201701','415',' DMC역 9번출구 앞','일일(회원)','M','20대',11,1045.77,8.33,35890,200
'201701','416',' 상암월드컵파크 1단지 교차로','일일(회원)','M','20대',11,913.48,5.56,24000,300
'201701','500',' 어린이대공원역 3번출구 앞','일일(회원)','M','20대',28,3984.78,33.78,145650,1263
'201701','501',' 광진구의회 앞','일일(회원)','M','20대',15,2146.29,17.89,77030,640
'201701','502',' 뚝섬유원지역 1번출구 앞','일일(회원)','M','20대',23,4236.63,34.9,150500,1044
'201701','108',' 서교동 사거리','일일(회원)','M','30대',5,481.5,3.49,15060,79
'201701','504',' 신자초교입구교차로','일일(회원)','M','30대',1,96.94,0.71,3060,71
'201701','505',' 자양사거리 광진아크로텔 앞','일일(회원)','M','30대',6,438.16,3.59,15490,167
'201701','506',' 금호 어울림 아파트 앞','일일(회원)','M','30대',1,15.96,0.14,620,9
'201701','507',' 성수아이에스비즈타워 앞','일일(회원)','M','30대',2,165.48,1.57,6760,113
'201701','508',' 성수아카데미타워 앞','일일(회원)','M','30대',2,50.5,0.4,1700,7
'201701','509',' 이마트 버스정류소 옆','일일(회원)','M','30대',1,52.67,0.44,1900,8
'201701','511',' 서울숲역 4번 출구 옆','일일(회원)','M','30대',6,1144.48,9.66,41640,296
'201701','512',' 뚝섬역 1번 출구 옆','일일(회원)','M','30대',1,68.43,0.5,2160,10
'201701','109',' 제일빌딩 앞','일일(회원)','M','30대',4,794.12,5.99,25830,174
'201701','400',' 상암한화오벨리스크 1차 앞','일일(회원)','M','30대',1,84.1,0.6,2590,57
'201701','513',' 뚝섬역 5번 출구 정류소 옆','일일(회원)','M','30대',1,59.3,0.48,2080,10
'201701','514',' 성수사거리 버스정류장 앞','일일(회원)','M','30대',2,299.8,2.65,11450,59
'201701','516',' 광진메디칼 앞','일일(회원)','M','30대',2,86.6,0.73,3150,15
'201701','300',' 정동사거리','일일(회원)','M','30대',1,97.23,0.65,2790,22
'201701','301',' 경복궁역 7번출구 앞','일일(회원)','M','30대',1,52.25,0.47,2030,8
'201701','302',' 경복궁역 4번출구 뒤','일일(회원)','M','30대',2,152.2,1.14,4920,39
'201701','303',' 광화문역 1번출구 앞','일일(회원)','M','30대',6,392.72,3.03,13130,149
'201701','115',' 사루비아 빌딩 앞','일일(회원)','M','30대',2,134.07,1.21,5240,27
'201701','304',' 광화문역 2번출구 앞','일일(회원)','M','30대',3,265.12,2.39,10300,154
'201701','305',' 종로구청 옆','일일(회원)','M','30대',4,325.65,2.63,11300,93
'201701','306',' 광화문역 7번출구 앞','일일(회원)','M','30대',5,232.57,1.77,7600,67
'201701','307',' 서울역사박물관 앞','일일(회원)','M','30대',2,246.9,2.06,8920,42
'201701','308',' 광화문 S타워 앞','일일(회원)','M','30대',6,608.3,4.89,21050,133
'201701','309',' 광화문역 6번출구 옆','일일(회원)','M','30대',1,41.86,0.35,1510,10
'201701','310',' 청계광장 옆','일일(회원)','M','30대',8,578.73,4.89,21070,185
'201701','311',' 서울광장 옆','일일(회원)','M','30대',5,456.4,3.42,14750,117
'201701','312',' 시청역 1번출구 뒤','일일(회원)','M','30대',9,384.63,2.9,12510,116
'201701','313',' 서울역 광장 파출소 옆','일일(회원)','M','30대',2,224.37,1.77,7650,89
'201701','314',' 국립현대미술관','일일(회원)','M','30대',2,67.58,0.59,2550,22
'201701','315',' 신한은행 안국역지점 옆','일일(회원)','M','30대',1,40.19,0.34,1450,10
'201701','316',' 종각역 1번출구 앞','일일(회원)','M','30대',3,217.22,1.81,7820,63
'201701','318',' 광교사거리 남측','일일(회원)','M','30대',6,954.85,7.04,30340,251
'201701','321',' KEB 하나은행 본점 앞','일일(회원)','M','30대',6,375.49,3.15,13560,105
'201701','322',' 명동성당 앞','일일(회원)','M','30대',3,161.73,1.32,5660,36
'201701','116',' 일진아이윌아파트 옆','일일(회원)','M','30대',3,207.51,1.59,6870,112
'201701','324',' 신세계백화점 본점 앞','일일(회원)','M','30대',3,185.39,1.51,6490,44
'201701','326',' 안국역 5번출구 앞','일일(회원)','M','30대',6,428.92,3.57,15390,218
'201701','327',' 낙원상가 옆','일일(회원)','M','30대',3,304.04,2.13,9220,57
'201701','328',' 탑골공원 앞','일일(회원)','M','30대',3,207.77,1.73,7440,63
'201701','329',' 청계2가 사거리 옆','일일(회원)','M','30대',10,663.02,4.87,20950,120
'201701','330',' 청계천 한빛광장','일일(회원)','M','30대',1,38.67,0.36,1550,10
'201701','331',' 을지로2가 사거리 북측','일일(회원)','M','30대',10,1185.19,10.35,44610,280
'201701','332',' 을지로2가 사거리 남측','일일(회원)','M','30대',3,174.25,1.4,6040,42
'201701','334',' 종로3가역 2번출구 뒤','일일(회원)','M','30대',4,293.51,2.27,9810,119
'201701','335',' 종로3가역 15번출구 앞','일일(회원)','M','30대',3,206.18,1.6,6930,72
'201701','336',' 티마크 호텔 앞','일일(회원)','M','30대',2,193.84,1.52,6580,43
'201701','337',' 창경궁 입구','일일(회원)','M','30대',1,131.95,0.91,3920,42
'201701','338',' 세운스퀘어 앞','일일(회원)','M','30대',1,69.52,0.53,2280,12
'201701','339',' 종로4가 사거리','일일(회원)','M','30대',4,145.18,1.26,5430,35
'201701','340',' 혜화동 로터리','일일(회원)','M','30대',4,649.08,5.22,22490,164
'201701','341',' 혜화역 3번출구 뒤','일일(회원)','M','30대',4,306.45,2.15,9240,61
'201701','342',' 대학로 마로니에공원','일일(회원)','M','30대',5,254.95,2.26,9720,89
'201701','343',' 예일빌딩(율곡로) 앞','일일(회원)','M','30대',3,168.86,1.34,5800,82
'201701','112',' 극동방송국 앞','일일(회원)','M','30대',6,557.43,4.49,19350,135
'201701','345',' 서울보증보험본사 앞','일일(회원)','M','30대',1,26.96,0.21,920,7
'201701','346',' 맥스타일 앞','일일(회원)','M','30대',7,730.82,5.98,25770,226
'201701','347',' 동대문역사문화공원역 9번출구 앞','일일(회원)','M','30대',8,571.42,5.15,22200,209
'201701','349',' 사직동주민센터','일일(회원)','M','30대',1,65.29,0.53,2290,13
'201701','350','KEB 하나은행(내자동 지점) 앞','일일(회원)','M','30대',4,177.02,1.54,6620,88
'201701','352',' 중앙고입구 삼거리','일일(회원)','M','30대',6,262.36,2.25,9700,223
'201701','353',' 재동초교 앞 삼거리','일일(회원)','M','30대',2,292.39,2.29,9880,86
'201701','117',' 홍은사거리','일일(회원)','M','30대',3,340.69,2.67,11480,51
'201701','354',' 포르투갈 대사관 앞','일일(회원)','M','30대',4,346.68,2.8,12030,110
'201701','355',' 서울사대부속초교 앞','일일(회원)','M','30대',1,29.24,0.24,1040,5
'201701','356',' KT혜화지사 앞','일일(회원)','M','30대',4,416.46,2.98,12840,148
'201701','358',' 성대입구 사거리','일일(회원)','M','30대',2,212.62,1.78,7670,52
'201701','359',' 원남동사거리','일일(회원)','M','30대',1,32.01,0.2,860,5
'201701','361',' 동묘앞역 1번출구 뒤','일일(회원)','M','30대',3,592.59,4.57,19690,100
'201701','362',' 청계8가 사거리','일일(회원)','M','30대',20,3747.8,25.16,108400,519
'201701','363',' 신설동역 11번출구 뒤','일일(회원)','M','30대',2,314.07,2.63,11330,77
'201701','364',' 창신역 1번출구 앞','일일(회원)','M','30대',1,71.79,0.48,2060,8
'201701','113',' 홍대입구역 2번출구 앞','일일(회원)','M','30대',11,702.39,5.11,22030,136
'201701','367',' 독립문역 3-1번출구 ','일일(회원)','M','30대',2,251.24,1.81,7820,55
'201701','368',' SK 서린빌딩 앞','일일(회원)','M','30대',3,236.83,1.74,7510,53
'201701','369',' 광화문 시민열린마당','일일(회원)','M','30대',1,253.91,1.71,7370,46
'201701','348',' 독립문역 사거리','일일(회원)','M','30대',3,318.98,2.55,11010,91
'201701','370',' 시청역(2호선) 9번출구 뒤','일일(회원)','M','30대',5,436.24,3.18,13760,178
'201701','374',' 청구역 2번출구 앞','일일(회원)','M','30대',4,676.59,4.11,17690,90
'201701','118',' 광흥창역 2번출구 앞','일일(회원)','M','30대',5,309.1,2.37,10190,64
'201701','375',' 다산 어린이공원','일일(회원)','M','30대',3,152.89,1.37,5940,26
'201701','377',' 서울역 4번출구 앞','일일(회원)','M','30대',3,274.45,2.11,9130,104
'201701','379',' 서울역9번출구','일일(회원)','M','30대',3,239.22,1.73,7450,41
'201701','380',' CJ제일제당 앞','일일(회원)','M','30대',4,299.12,2.36,10160,61
'201701','381',' 장충체육관','일일(회원)','M','30대',1,522.54,3.22,13890,68
'201701','383',' 신당역 12번 출구 뒤','일일(회원)','M','30대',2,136.05,0.94,4020,23
'201701','384',' 종로학원본원 ','일일(회원)','M','30대',1,94.14,0.66,2830,13
'201701','114',' 홍대입구역 8번출구 앞','일일(회원)','M','30대',5,538.02,4.4,18960,281
'201701','142',' 아현역 4번출구 앞','일일(회원)','M','30대',2,93.6,0.74,3220,14
'201701','144',' 공덕역 8번출구','일일(회원)','M','30대',4,592.48,4.2,18100,100
'201701','145',' 공덕역 5번출구','일일(회원)','M','30대',1,68.75,0.58,2480,77
'201701','146',' 마포역 1번출구 뒤','일일(회원)','M','30대',10,1701.03,12.62,54370,322
'201701','148',' 용강동 주민센터 앞','일일(회원)','M','30대',1,248.37,1.82,7840,54
'201701','150',' 서강대역 2번출구 앞','일일(회원)','M','30대',2,179.58,1.48,6360,37
'201701','151',' 망원1동주민센터','일일(회원)','M','30대',3,208.6,1.66,7100,150
'201701','152',' 마포구민체육센터 앞','일일(회원)','M','30대',6,852.06,6.19,26700,256
'201701','119',' 서강나루 공원','일일(회원)','M','30대',3,376.44,3.06,13210,97
'201701','153',' 성산2교 사거리','일일(회원)','M','30대',6,1291.54,8.87,38270,158
'201701','154',' 마포구청역 ','일일(회원)','M','30대',3,261.79,2.27,9820,82
'201701','156',' 서울서부지방법원 앞','일일(회원)','M','30대',1,72.18,0.45,1960,35
'201701','159',' 이대역 4번 출구','일일(회원)','M','30대',4,266.05,2.13,9180,58
'201701','160',' 북아현동 가구거리','일일(회원)','M','30대',3,333.09,2.69,11600,75
'201701','161',' 무악재역1번 출구','일일(회원)','M','30대',2,256.71,1.96,8440,74
'201701','162',' 봉원고가차도 밑','일일(회원)','M','30대',4,224.02,1.63,7000,28
'201701','120',' 신수동 사거리','일일(회원)','M','30대',2,272.44,1.95,8410,53
'201701','163',' 명지전문대학교 정문 앞','일일(회원)','M','30대',2,722.27,5.54,23880,99
'201701','164',' 북가좌1동 주민센터 ','일일(회원)','M','30대',3,374.17,2.95,12730,124
'201701','165',' 중앙근린공원','일일(회원)','M','30대',1,118.92,1.07,4620,48
'201701','166',' 가재울 초등학교','일일(회원)','M','30대',3,294.58,2.45,10520,55
'201701','168',' 남가좌동 사거리','일일(회원)','M','30대',1,177.74,1.06,4580,16
'201701','169',' 북가좌 삼거리','일일(회원)','M','30대',7,636.37,5.02,21590,98
'201701','170',' 가재울 뉴타운 주유소 옆','일일(회원)','M','30대',2,231.95,2.01,8670,61
'201701','171',' 임광빌딩 앞','일일(회원)','M','30대',5,518.4,4.02,17310,145
'201701','172',' 서대문소방서','일일(회원)','M','30대',5,270.04,1.82,7850,36
'201701','179',' 가좌역 4번출구 앞','일일(회원)','M','30대',2,274.74,1.94,8370,54
'201701','180',' 충정로역 7번출구 뒤','일일(회원)','M','30대',1,40.51,0.38,1650,7
'201701','520',' 상왕십리역 4번 출구 앞','일일(회원)','M','30대',5,379.26,3,12900,98
'201701','521',' 왕십리역 11번 출구 앞','일일(회원)','M','30대',3,429.8,3.22,13870,118
'201701','522',' 금호역 1번출구 앞','일일(회원)','M','30대',1,42.69,0.32,1400,8
'201701','122',' 신성기사식당 앞','일일(회원)','M','30대',3,738.22,6,25880,175
'201701','525',' 한양대병원사거리','일일(회원)','M','30대',4,442.61,3.25,13990,93
'201701','526',' 용답토속공원 앞','일일(회원)','M','30대',7,1846.58,11.86,51100,326
'201701','529',' 장한평역 8번 출구 앞','일일(회원)','M','30대',3,159.1,1.07,4660,37
'201701','535',' 응봉삼거리','일일(회원)','M','30대',5,542.13,4.49,19300,104
'201701','536',' 행당역 2번출구 앞','일일(회원)','M','30대',2,486.02,3.16,13600,76
'201701','537',' 한양대후문역 부근','일일(회원)','M','30대',4,363.24,3.11,13360,97
'201701','123',' 문화촌 공원','일일(회원)','M','30대',1,133.06,1.11,4800,34
'201701','538',' 답십리역 8번출구 앞','일일(회원)','M','30대',5,385,3.14,13480,120
'201701','550',' 서울시설공단 앞','일일(회원)','M','30대',5,304.18,2.79,11990,65
'201701','539',' 군자교교차로','일일(회원)','M','30대',3,152.57,1.3,5640,33
'201701','540',' 군자역 7번출구 베스트샵 앞','일일(회원)','M','30대',6,259.61,2.11,9080,52
'201701','542',' 강변역 4번출구 뒤','일일(회원)','M','30대',1,89.58,0.81,3480,31
'201701','543',' 구의공원(테크노마트 앞)','일일(회원)','M','30대',2,505.55,4.14,17840,94
'201701','544',' 광남중학교','일일(회원)','M','30대',2,635.88,4.75,20440,88
'201701','546',' 잠실대교북단 교차로','일일(회원)','M','30대',1,63.2,0.53,2280,12
'201701','548',' 자양나들목','일일(회원)','M','30대',1,195.7,1.64,7060,29
'201701','124',' 서강대 정문 건너편','일일(회원)','M','30대',1,111.2,1,4320,36
'201701','600',' 휘경2동 주민센터','일일(회원)','M','30대',1,154.4,1.29,5570,45
'201701','601',' 용신동주민센터','일일(회원)','M','30대',1,20.43,0.18,770,6
'201701','602',' 장안동 사거리','일일(회원)','M','30대',7,863.87,7.16,30870,157
'201701','604',' 답십리초등학교 옆 공원','일일(회원)','M','30대',2,171.48,1.37,5890,49
'201701','607',' 신이문역 2번출구','일일(회원)','M','30대',1,161.9,1.12,4810,25
'201701','608',' 전농삼성아파트','일일(회원)','M','30대',1,76.45,0.45,1950,9
'201701','609',' 제기2교','일일(회원)','M','30대',2,595.53,3.67,15830,60
'201701','125',' 서강대 남문 옆','일일(회원)','M','30대',4,485.98,3.56,15340,90
'201701','610',' 동대문중 교차로','일일(회원)','M','30대',2,177.86,1.61,6910,52
'201701','612',' 시립동부병원 앞 사거리','일일(회원)','M','30대',4,219.53,1.86,8000,75
'201701','613',' 신설동역 10번출구 앞','일일(회원)','M','30대',2,182.28,1.23,5300,37
'201701','614',' 용두동 사거리','일일(회원)','M','30대',3,265.68,2.31,9960,120
'201701','615',' 용두동 레미안허브리츠아파트 앞','일일(회원)','M','30대',4,196.65,1.63,7060,44
'201701','617',' 청솔우성아파트 앞','일일(회원)','M','30대',7,774.95,6.24,26890,161
'201701','227',' 양평2나들목 보행통로 입구','일일(회원)','M','30대',5,608.18,4.88,21060,88
'201701','228',' 선유도역 3번출구 앞','일일(회원)','M','30대',13,775.54,6.22,26800,194
'201701','231',' 남부고용노동지청 남측','일일(회원)','M','30대',1,21.1,0.17,730,7
'201701','234',' 영등포구민체육센터 앞','일일(회원)','M','30대',5,1676.15,12.75,54970,298
'201701','235',' 신길동 우리은행 옆','일일(회원)','M','30대',2,212.16,1.86,8030,73
'201701','236',' 문래동자이아파트 앞','일일(회원)','M','30대',3,199.27,1.75,7520,65
'201701','238',' 제2구민체육센타 앞','일일(회원)','M','30대',2,105.84,0.88,3770,23
'201701','239',' 유스호스텔 앞','일일(회원)','M','30대',2,218.99,1.94,8350,57
'201701','240',' 문래역 4번출구 앞','일일(회원)','M','30대',4,515.3,3.71,15970,150
'201701','127',' 현대벤처빌 앞','일일(회원)','M','30대',3,170.46,1.36,5880,34
'201701','241',' 신길우성1차아파트 앞 공원','일일(회원)','M','30대',1,93.6,0.72,3110,22
'201701','242',' 신길선원가와인아파트 앞','일일(회원)','M','30대',3,571.17,4.05,17470,123
'201701','243',' 이앤씨드림타워 앞','일일(회원)','M','30대',1,88.65,0.63,2730,19
'201701','244',' 영등포삼환아파트 앞','일일(회원)','M','30대',2,85.85,0.63,2710,15
'201701','247',' 당산역 10번출구 앞','일일(회원)','M','30대',2,118.07,0.8,3460,19
'201701','249',' 여의도중학교 옆','일일(회원)','M','30대',1,108.66,0.91,3920,41
'201701','250',' 대림아파트 사거리','일일(회원)','M','30대',2,177.95,1.46,6290,27
'201701','101',' (구)합정동 주민센터','일일(회원)','M','30대',2,456.82,3.82,16480,59
'201701','128',' 신촌역(2호선) 1번출구 옆','일일(회원)','M','30대',4,219.14,1.76,7640,51
'201701','252',' 보라매역4번출구','일일(회원)','M','30대',3,663.75,5.02,21650,164
'201701','253',' 신풍역 5번출구 인근','일일(회원)','M','30대',2,204.53,1.75,7550,67
'201701','256',' 동아에코빌입구','일일(회원)','M','30대',2,486.49,2.71,11700,55
'201701','257',' 신길삼거리(우리은행)','일일(회원)','M','30대',2,101.68,0.7,3020,16
'201701','258',' 신길역3번출구','일일(회원)','M','30대',8,1997.31,11.95,51490,231
'201701','259',' 대방역6번출구','일일(회원)','M','30대',7,1021.04,8.96,38650,309
'201701','700',' KB국민은행 염창역 지점 앞','일일(회원)','M','30대',2,868.98,7.84,33760,241
'201701','701',' 목동사거리 부근','일일(회원)','M','30대',1,60.75,0.55,2360,18
'201701','129',' 신촌역(2호선) 6번출구 옆','일일(회원)','M','30대',2,281.6,2.19,9460,61
'201701','703',' 오목교역 7번출구 앞','일일(회원)','M','30대',4,211.3,1.83,7860,49
'201701','708',' 서울출입국관리사무소 앞','일일(회원)','M','30대',2,383.41,3.03,13070,92
'201701','712',' 강월초교입구 사거리','일일(회원)','M','30대',1,171.59,1.44,6190,56
'201701','130',' 신촌역(2호선) 7번출구 앞','일일(회원)','M','30대',5,430.67,3.24,13990,90
'201701','800',' 목월공원 앞','일일(회원)','M','30대',1,116.7,0.98,4210,31
'201701','802',' 한강진역 2번 출구 앞','일일(회원)','M','30대',3,238.72,2.03,8730,57
'201701','807',' 서울역 12번 출구 앞','일일(회원)','M','30대',1,81.68,0.64,2750,14
'201701','131',' 증산2교','일일(회원)','M','30대',5,1085.71,8.14,35060,242
'201701','809',' 한남 유수지 복개주차장','일일(회원)','M','30대',6,1605.25,13.53,58330,304
'201701','810',' 이태원지하보도','일일(회원)','M','30대',2,192.19,1.57,6760,33
'201701','811',' 녹사평역1번출구','일일(회원)','M','30대',8,503.46,3.9,16840,86
'201701','812',' 용산전쟁기념관','일일(회원)','M','30대',1,97.28,0.67,2890,22
'201701','813',' 삼각지역 3번출구','일일(회원)','M','30대',1,106.67,0.86,3690,27
'201701','815',' LIG강촌아파트 103동앞','일일(회원)','M','30대',1,347.75,3.13,13510,57
'201701','385',' 종각역 5번출구','일일(회원)','M','30대',3,158.56,1.33,5720,62
'201701','132',' 창천문화공원','일일(회원)','M','30대',5,493.81,3.94,16990,88
'201701','182',' 망원2빗물펌프장 앞','일일(회원)','M','30대',3,418.19,3.14,13530,76
'201701','183',' 하늘채코오롱아파트 건너편','일일(회원)','M','30대',3,419.04,3.77,16280,102
'201701','184',' SK망원동주유소 건너편','일일(회원)','M','30대',1,157.84,1.19,5110,49
'201701','185',' 마포 신수공원 앞','일일(회원)','M','30대',7,669.52,4.75,20450,150
'201701','186',' 월드컵공원','일일(회원)','M','30대',4,798.67,6.24,26900,166
'201701','188',' 홍은동 정원여중 입구','일일(회원)','M','30대',4,863.27,7.28,31390,157
'201701','192',' 연서어린이공원','일일(회원)','M','30대',1,120.62,1,4290,52
'201701','178',' 증산3교 앞','일일(회원)','M','30대',5,423.31,3.19,13750,88
'201701','133',' 해담는다리','일일(회원)','M','30대',6,884.71,6.76,29140,158
'201701','194',' 증산교 앞','일일(회원)','M','30대',5,369.53,3.42,14710,62
'201701','195',' 모래내고가차도 ','일일(회원)','M','30대',4,828.76,5.62,24260,118
'201701','196',' 연희교차로 인근','일일(회원)','M','30대',2,120.62,1.14,4910,42
'201701','198',' 충정2교','일일(회원)','M','30대',1,53.8,0.48,2090,14
'201701','556',' 달맞이공원','일일(회원)','M','30대',1,329.55,2.03,8760,39
'201701','557',' 도선동 주민센터 앞','일일(회원)','M','30대',2,221.86,1.73,7470,46
'201701','558',' 성동광진 교육지원청 앞','일일(회원)','M','30대',3,536.62,3.55,15310,163
'201701','134',' 연세로 명물길','일일(회원)','M','30대',2,147.81,1.09,4700,38
'201701','559',' 왕십리역 4번 출구 건너편','일일(회원)','M','30대',4,426.14,2.96,12740,89
'201701','561',' 서울숲역 2번출구 앞','일일(회원)','M','30대',5,544.45,3.93,16950,156
'201701','562',' 군자지하보도 앞','일일(회원)','M','30대',4,492.72,4.17,17980,180
'201701','563',' 성동세무서 건너편','일일(회원)','M','30대',6,456.64,3.51,15120,75
'201701','567',' 성수역 2번출구 앞','일일(회원)','M','30대',10,387.39,3.18,13700,165
'201701','568',' 청계8가사거리 부근','일일(회원)','M','30대',4,564.95,3.88,16720,93
'201701','579',' 마장역 4번출구','일일(회원)','M','30대',3,97.21,0.76,3290,53
'201701','580',' 신금호역 3번출구 뒤','일일(회원)','M','30대',1,478.37,3.5,15100,118
'201701','581',' 용답초등학교','일일(회원)','M','30대',3,164.7,1.41,6100,40
'201701','582',' 경일중학교 앞','일일(회원)','M','30대',3,410.35,2.85,12270,114
'201701','583',' 청계천 생태교실 앞','일일(회원)','M','30대',4,377.03,2.73,11770,87
'201701','551',' 구의삼성쉐르빌 앞','일일(회원)','M','30대',5,182.96,1.67,7210,39
'201701','553',' 중곡 성원APT 앞','일일(회원)','M','30대',5,773.38,6.49,27970,317
'201701','136',' 대흥동 주민센터','일일(회원)','M','30대',1,0,0,0,6
'201701','554',' 아차산역 사거리','일일(회원)','M','30대',1,59.05,0.54,2330,13
'201701','572',' 국립정신 건강센터 앞','일일(회원)','M','30대',6,472.54,4.38,18880,98
'201701','573',' 구의문주차장 앞','일일(회원)','M','30대',1,87.72,0.66,2840,20
'201701','574',' 아차산역4번출구','일일(회원)','M','30대',4,327.68,2.38,10310,68
'201701','576',' 광나루역 3번 출구','일일(회원)','M','30대',4,1413.53,10.19,43950,227
'201701','577',' 광진청소년수련관','일일(회원)','M','30대',6,365.48,2.96,12830,109
'201701','137',' NH농협 신촌지점 앞','일일(회원)','M','30대',1,75.4,0.55,2380,11
'201701','622',' 전농사거리 교통섬','일일(회원)','M','30대',2,262.04,1.67,7220,45
'201701','624',' 전농동 동아아파트 앞','일일(회원)','M','30대',4,265.7,2.27,9750,45
'201701','628',' 휘봉고등학교 앞','일일(회원)','M','30대',1,51.99,0.47,2020,13
'201701','630',' 동대문구 보건소','일일(회원)','M','30대',1,171.17,1.54,6650,31
'201701','631',' 답십리역 1번출구','일일(회원)','M','30대',6,513.67,4.03,17430,169
'201701','102',' 망원역 1번출구 앞','일일(회원)','M','30대',5,414.47,3.18,13680,151
'201701','633',' 청량리 기업은행 앞','일일(회원)','M','30대',3,320.68,2.49,10720,70
'201701','634',' 외국어대 정문 앞','일일(회원)','M','30대',4,461.16,3.4,14650,107
'201701','636',' 세종대왕기념관 교차로','일일(회원)','M','30대',2,262.62,2.02,8690,36
'201701','637',' KAIST 경영대학 앞','일일(회원)','M','30대',1,58.29,0.43,1840,8
'201701','638',' 서울시립대 정보기술관','일일(회원)','M','30대',1,0,0,0,26
'201701','639',' 서울시립대 후문','일일(회원)','M','30대',2,73.71,0.53,2270,55
'201701','641',' 용두역 4번출구','일일(회원)','M','30대',4,334.97,2.66,11480,99
'201701','642',' 신답역 사거리','일일(회원)','M','30대',2,172.8,1.26,5430,32
'201701','140',' 이화여대 후문','일일(회원)','M','30대',1,218.53,1.97,8490,47
'201701','230',' 영등포구청역 1번출구','일일(회원)','M','30대',2,120.53,0.97,4200,59
'201701','260',' 여의도 마리나선착장 앞','일일(회원)','M','30대',3,470.92,4,17240,134
'201701','262',' 영문초등학교 사거리','일일(회원)','M','30대',2,381.94,2.69,11580,80
'201701','263',' 근로자회관 사거리','일일(회원)','M','30대',1,84.55,0.71,3050,27
'201701','265',' 영등포유통상가 사거리','일일(회원)','M','30대',2,72.17,0.6,2580,19
'201701','141',' 연대 대운동장 옆','일일(회원)','M','30대',3,183.78,1.26,5460,23
'201701','266',' 영등포청과시장 사거리','일일(회원)','M','30대',5,623.05,4.88,21030,157
'201701','267',' 삼성화재 사옥 옆','일일(회원)','M','30대',1,131.27,1.18,5100,28
'201701','268',' 그랜드컨벤션센터 앞','일일(회원)','M','30대',1,52.82,0.4,1710,10
'201701','139',' 연세대 정문 건너편','일일(회원)','M','30대',1,65.08,0.4,1730,22
'201701','719',' 홍익병원앞 교차로','일일(회원)','M','30대',1,109.49,0.89,3840,45
'201701','816',' 신용산역 6번출구 앞','일일(회원)','M','30대',2,391.43,3.38,14600,90
'201701','817',' 삼각지역 4번출구 앞','일일(회원)','M','30대',2,257.48,2.21,9520,49
'201701','818',' 숙명여대 입구 교차로','일일(회원)','M','30대',2,259.29,2.03,8750,96
'201701','819',' 선린인터넷 고등학교','일일(회원)','M','30대',1,37.7,0.32,1360,6
'201701','820',' 청파동입구 교차로','일일(회원)','M','30대',1,11.88,0.09,400,2
'201701','822',' 이촌1동 마을공원','일일(회원)','M','30대',2,732.3,5.63,24270,296
'201701','823',' 효창동주민센터 앞','일일(회원)','M','30대',2,327.22,2.49,10730,97
'201701','825',' 서빙고동 주민센터 앞','일일(회원)','M','30대',3,319.18,2.21,9570,52
'201701','199',' 서울 월드컵 경기장','일일(회원)','M','30대',3,410.13,3.39,14610,70
'201701','388',' 동성중학교 앞','일일(회원)','M','30대',3,434.34,3.41,14680,123
'201701','584',' 광진광장 교통섬','일일(회원)','M','30대',3,236.92,1.63,7000,39
'201701','586',' 마장동 주민센터','일일(회원)','M','30대',1,62.73,0.42,1800,12
'201701','900',' 은평예술회관','일일(회원)','M','30대',5,220.68,1.78,7640,56
'201701','901',' 응암1동사무소','일일(회원)','M','30대',3,305.04,2.61,11220,65
'201701','200',' 국회의원회관','일일(회원)','M','30대',5,720.85,5.71,24670,153
'201701','902',' 진관동 은빛초등학교','일일(회원)','M','30대',2,405.46,3.02,13030,124
'201701','904',' 은평뉴타운 푸르지오','일일(회원)','M','30대',2,237.6,1.68,7270,51
'201701','905',' 구파발역 2번출구','일일(회원)','M','30대',5,302.5,2.38,10230,116
'201701','906',' 연신내역 5번출구150M 아래','일일(회원)','M','30대',3,292.13,2.28,9820,56
'201701','907',' CJ 드림시티','일일(회원)','M','30대',21,3083.45,23,99170,470
'201701','908',' 구산역 4번출구','일일(회원)','M','30대',1,13.04,0.09,370,3
'201701','909',' 백련산 힐스테이트 3차','일일(회원)','M','30대',7,922.59,6.76,29150,215
'201701','911',' 은평평화공원(역촌역4번출구)','일일(회원)','M','30대',6,647,4.42,19060,101
'201701','201',' 진미파라곤 앞','일일(회원)','M','30대',6,941.17,7.1,30640,254
'201701','912',' 응암오거리','일일(회원)','M','30대',1,221.59,1.32,5710,18
'201701','913',' 이마트 은평점','일일(회원)','M','30대',4,151.06,1.32,5710,29
'201701','914',' 새절역 2번출구','일일(회원)','M','30대',5,1315.99,9.13,39360,183
'201701','915',' 증산역 4번출구','일일(회원)','M','30대',4,457.2,3.2,13810,118
'201701','917',' 녹번역 4번출구','일일(회원)','M','30대',4,816.38,6.88,29670,207
'201701','919',' 서울혁신파크','일일(회원)','M','30대',3,169.63,1.53,6590,44
'201701','921',' 신도고등학교','일일(회원)','M','30대',2,809.67,5.79,24930,122
'201701','202',' 국민일보 앞','일일(회원)','M','30대',5,238.65,1.68,7240,54
'201701','922',' 연신내역 4번출구','일일(회원)','M','30대',4,264.87,1.94,8380,59
'201701','923',' 국민은행 연서지점','일일(회원)','M','30대',3,285.75,2.12,9160,49
'201701','925',' 불광역 2번출구','일일(회원)','M','30대',3,605.74,5.3,22820,150
'201701','926',' 불광역 8번출구','일일(회원)','M','30대',6,679.69,5.22,22520,130
'201701','930',' 구 서부경찰서 건너편','일일(회원)','M','30대',2,144.01,1.45,6270,25
'201701','931',' 역촌파출소','일일(회원)','M','30대',7,736.98,5.19,22410,102
'201701','932',' 예일여중','일일(회원)','M','30대',2,284.82,1.99,8600,42
'201701','933',' LG서비스 역촌점','일일(회원)','M','30대',2,107.59,0.97,4180,27
'201701','587',' KEB하나은행 성수중앙지점','일일(회원)','M','30대',1,50.69,0.3,1280,6
'201701','588',' 뚝섬 유원지역','일일(회원)','M','30대',2,173.02,1.72,7430,73
'201701','103',' 망원역 2번출구 앞','일일(회원)','M','30대',1,121.75,1.1,4730,43
'201701','204',' 국회의사당역 5번출구 옆','일일(회원)','M','30대',9,745.75,5.44,23500,144
'201701','203',' 국회의사당역 3번출구 옆','일일(회원)','M','30대',5,299.51,2.58,11100,76
'201701','205',' 산업은행 앞','일일(회원)','M','30대',8,946.15,7.04,30350,201
'201701','206',' KBS 앞','일일(회원)','M','30대',8,640.29,5.65,24360,212
'201701','209',' 유진투자증권빌딩 앞','일일(회원)','M','30대',4,339.87,2.53,10900,77
'201701','210',' IFC몰','일일(회원)','M','30대',10,600.13,5.25,22610,176
'201701','211',' 여의도역 4번출구 옆','일일(회원)','M','30대',4,583.96,4.25,18320,121
'201701','212',' 여의도역 1번출구 옆','일일(회원)','M','30대',2,38.52,0.3,1280,13
'201701','213',' KT앞','일일(회원)','M','30대',12,1897.97,14.86,64070,357
'201701','104',' 합정역 1번출구 앞','일일(회원)','M','30대',4,379.53,3.31,14270,90
'201701','218',' 증권거래소 앞','일일(회원)','M','30대',1,148.8,1.16,5010,32
'201701','219',' 롯데캐슬엠파이어 옆','일일(회원)','M','30대',5,463.03,3.7,15930,84
'201701','215',' 여의도고교 앞','일일(회원)','M','30대',3,266.45,2.03,8770,60
'201701','217',' NH농협은행 앞','일일(회원)','M','30대',3,294.44,2.13,9210,86
'201701','221',' 여의도초교 앞','일일(회원)','M','30대',3,176.56,1.22,5280,29
'201701','222',' 시범아파트버스정류장 옆','일일(회원)','M','30대',3,444.92,2.97,12830,130
'201701','223',' 진주아파트상가 앞','일일(회원)','M','30대',7,461.69,3.82,16430,152
'201701','105',' 합정역 5번출구 앞','일일(회원)','M','30대',5,1693.77,11.74,50550,397
'201701','224',' 롯데캐슬 앞','일일(회원)','M','30대',2,221.63,1.99,8610,65
'201701','225',' 앙카라공원 앞','일일(회원)','M','30대',1,758.99,5.05,21780,114
'201701','226',' 샛강역 1번출구 앞','일일(회원)','M','30대',3,603.01,4.84,20890,128
'201701','207',' 여의나루역 1번출구 앞','일일(회원)','M','30대',4,574.23,4.76,20520,136
'201701','106',' 합정역 7번출구 앞','일일(회원)','M','30대',5,446.95,3.55,15290,112
'201701','405',' DMC빌 앞','일일(회원)','M','30대',5,1185.84,10.69,46070,230
'201701','406',' 상암월드컵파크 7단지 앞','일일(회원)','M','30대',2,316.29,2.34,10110,45
'201701','421',' 마포구청 앞','일일(회원)','M','30대',8,1021.52,7.88,33980,232
'201701','407',' 마포구 육아종합지원센터','일일(회원)','M','30대',1,190.16,1.14,4900,19
'201701','408',' LG CNS앞','일일(회원)','M','30대',4,827.64,7.42,32020,236
'201701','420',' 서울시 공공자전거 상암센터','일일(회원)','M','30대',10,517.41,3.76,16230,88
'201701','409',' 누리꿈스퀘어 옆','일일(회원)','M','30대',6,732.8,5.16,22250,183
'201701','419',' 홈플러스 앞','일일(회원)','M','30대',13,830.38,6.3,27120,141
'201701','410',' 상암중학교 옆','일일(회원)','M','30대',1,98.49,0.75,3230,28
'201701','418',' 월드컵경기장역 3번출구 옆','일일(회원)','M','30대',6,993.91,7.93,34150,295
'201701','107',' 신한은행 서교동금융센터점 앞','일일(회원)','M','30대',4,344.15,2.66,11460,95
'201701','411',' DMC홍보관','일일(회원)','M','30대',2,443.52,3.1,13330,115
'201701','412',' DMC산학협력연구센터 앞','일일(회원)','M','30대',1,44.55,0.35,1500,8
'201701','417',' DMC역 2번출구 옆','일일(회원)','M','30대',2,177.27,1.51,6510,53
'201701','414',' 상암동주민센터 옆','일일(회원)','M','30대',1,23.68,0.21,920,49
'201701','415',' DMC역 9번출구 앞','일일(회원)','M','30대',5,790.52,5.84,25200,121
'201701','416',' 상암월드컵파크 1단지 교차로','일일(회원)','M','30대',1,123.55,0.72,3120,12
'201701','500',' 어린이대공원역 3번출구 앞','일일(회원)','M','30대',4,852.55,6.48,27920,230
'201701','501',' 광진구의회 앞','일일(회원)','M','30대',6,1077.15,7.32,31520,172
'201701','502',' 뚝섬유원지역 1번출구 앞','일일(회원)','M','30대',12,1231.44,10.23,44130,326
'201701','108',' 서교동 사거리','일일(회원)','M','40대',1,170.48,1.43,6150,40
'201701','504',' 신자초교입구교차로','일일(회원)','M','40대',2,181.84,1.33,5740,24
'201701','508',' 성수아카데미타워 앞','일일(회원)','M','40대',1,143.45,1.12,4830,26
'201701','511',' 서울숲역 4번 출구 옆','일일(회원)','M','40대',1,269.96,2.03,8740,174
'201701','109',' 제일빌딩 앞','일일(회원)','M','40대',1,61.18,0.48,2060,10
'201701','400',' 상암한화오벨리스크 1차 앞','일일(회원)','M','40대',8,454.79,3.48,15020,78
'201701','301',' 경복궁역 7번출구 앞','일일(회원)','M','40대',1,49.68,0.45,1930,10
'201701','303',' 광화문역 1번출구 앞','일일(회원)','M','40대',1,44.19,0.36,1550,11
'201701','115',' 사루비아 빌딩 앞','일일(회원)','M','40대',1,138.48,1.25,5380,92
'201701','304',' 광화문역 2번출구 앞','일일(회원)','M','40대',2,50.71,0.46,1970,10
'201701','306',' 광화문역 7번출구 앞','일일(회원)','M','40대',1,46.35,0.35,1520,25
'201701','307',' 서울역사박물관 앞','일일(회원)','M','40대',5,295.07,2.41,10350,79
'201701','308',' 광화문 S타워 앞','일일(회원)','M','40대',2,124.75,0.91,3930,30
'201701','310',' 청계광장 옆','일일(회원)','M','40대',1,489.06,3.02,13000,52
'201701','311',' 서울광장 옆','일일(회원)','M','40대',3,443.88,3.79,16310,115
'201701','312',' 시청역 1번출구 뒤','일일(회원)','M','40대',5,130.65,1.07,4600,31
'201701','313',' 서울역 광장 파출소 옆','일일(회원)','M','40대',2,128.81,0.94,4040,18
'201701','314',' 국립현대미술관','일일(회원)','M','40대',1,75.27,0.69,2970,22
'201701','315',' 신한은행 안국역지점 옆','일일(회원)','M','40대',3,186.02,1.58,6840,235
'201701','316',' 종각역 1번출구 앞','일일(회원)','M','40대',3,137.36,1.18,5100,50
'201701','318',' 광교사거리 남측','일일(회원)','M','40대',1,20.08,0.18,780,5
'201701','320',' 을지로입구역 4번출구 앞','일일(회원)','M','40대',1,31.19,0.24,1050,8
'201701','324',' 신세계백화점 본점 앞','일일(회원)','M','40대',1,44.27,0.4,1720,19
'201701','326',' 안국역 5번출구 앞','일일(회원)','M','40대',1,67.64,0.54,2340,11
'201701','330',' 청계천 한빛광장','일일(회원)','M','40대',5,565.64,4.88,21010,145
'201701','111',' 상수역 2번출구 앞','일일(회원)','M','40대',5,474.69,4.45,19180,97
'201701','334',' 종로3가역 2번출구 뒤','일일(회원)','M','40대',1,70.41,0.59,2540,22
'201701','336',' 티마크 호텔 앞','일일(회원)','M','40대',2,158.02,1.09,4700,110
'201701','337',' 창경궁 입구','일일(회원)','M','40대',1,83.56,0.49,2110,22
'201701','339',' 종로4가 사거리','일일(회원)','M','40대',1,71.04,0.64,2760,51
'201701','340',' 혜화동 로터리','일일(회원)','M','40대',2,549.6,3.4,14690,98
'201701','341',' 혜화역 3번출구 뒤','일일(회원)','M','40대',1,84.4,0.77,3330,22
'201701','342',' 대학로 마로니에공원','일일(회원)','M','40대',1,88.09,0.77,3320,20
'201701','345',' 서울보증보험본사 앞','일일(회원)','M','40대',1,89.48,0.62,2690,30
'201701','347',' 동대문역사문화공원역 9번출구 앞','일일(회원)','M','40대',1,88.53,0.61,2630,43
'201701','350','KEB 하나은행(내자동 지점) 앞','일일(회원)','M','40대',4,356.4,2.68,11520,134
'201701','351',' 청운초교 앞 삼거리','일일(회원)','M','40대',1,68.47,0.62,2660,21
'201701','353',' 재동초교 앞 삼거리','일일(회원)','M','40대',1,80.59,0.64,2750,16
'201701','117',' 홍은사거리','일일(회원)','M','40대',3,666.67,4.83,20810,83
'201701','354',' 포르투갈 대사관 앞','일일(회원)','M','40대',2,226.58,1.98,8540,82
'201701','355',' 서울사대부속초교 앞','일일(회원)','M','40대',2,65.94,0.66,2860,29
'201701','359',' 원남동사거리','일일(회원)','M','40대',2,88.62,0.8,3420,23
'201701','361',' 동묘앞역 1번출구 뒤','일일(회원)','M','40대',1,91.79,0.88,3800,13
'201701','363',' 신설동역 11번출구 뒤','일일(회원)','M','40대',1,119.69,1.08,4650,42
'201701','113',' 홍대입구역 2번출구 앞','일일(회원)','M','40대',5,334.26,2.56,11070,102
'201701','367',' 독립문역 3-1번출구 ','일일(회원)','M','40대',1,174.05,1.24,5360,29
'201701','368',' SK 서린빌딩 앞','일일(회원)','M','40대',1,45.46,0.38,1640,16
'201701','369',' 광화문 시민열린마당','일일(회원)','M','40대',2,139.54,1.37,5900,45
'201701','348',' 독립문역 사거리','일일(회원)','M','40대',1,85.66,0.78,3380,16
'201701','370',' 시청역(2호선) 9번출구 뒤','일일(회원)','M','40대',3,145.49,1.02,4390,24
'201701','371',' 동대입구역 6번출구 뒤','일일(회원)','M','40대',5,474.4,4.28,18430,126
'201701','372',' 약수역 3번출구 뒤','일일(회원)','M','40대',2,49.16,0.45,1910,14
'201701','373',' 청구 어린이공원','일일(회원)','M','40대',1,11.07,0.1,430,6
'201701','374',' 청구역 2번출구 앞','일일(회원)','M','40대',1,102.01,0.85,3680,24
'201701','118',' 광흥창역 2번출구 앞','일일(회원)','M','40대',7,582.23,4.69,20140,94
'201701','380',' CJ제일제당 앞','일일(회원)','M','40대',2,49.62,0.42,1790,26
'201701','383',' 신당역 12번 출구 뒤','일일(회원)','M','40대',1,72.23,0.53,2280,14
'201701','384',' 종로학원본원 ','일일(회원)','M','40대',1,39.12,0.35,1520,7
'201701','114',' 홍대입구역 8번출구 앞','일일(회원)','M','40대',3,378.58,2.81,12120,68
'201701','142',' 아현역 4번출구 앞','일일(회원)','M','40대',1,199.7,1.43,6150,26
'201701','143',' 공덕역 2번출구','일일(회원)','M','40대',2,137.05,1,4320,36
'201701','144',' 공덕역 8번출구','일일(회원)','M','40대',1,424.51,3.11,13400,47
'201701','146',' 마포역 1번출구 뒤','일일(회원)','M','40대',3,473.04,3.98,17180,101
'201701','147',' 마포역 4번출구 뒤','일일(회원)','M','40대',3,710.9,5.2,22440,120
'201701','148',' 용강동 주민센터 앞','일일(회원)','M','40대',4,673.81,5.88,25340,258
'201701','150',' 서강대역 2번출구 앞','일일(회원)','M','40대',2,201.6,1.52,6540,85
'201701','152',' 마포구민체육센터 앞','일일(회원)','M','40대',1,212.06,1.77,7650,53
'201701','119',' 서강나루 공원','일일(회원)','M','40대',1,453.7,2.8,12060,79
'201701','154',' 마포구청역 ','일일(회원)','M','40대',2,66.93,0.54,2330,24
'201701','156',' 서울서부지방법원 앞','일일(회원)','M','40대',3,162.76,1.36,5850,32
'201701','157',' 애오개역 4번출구 앞','일일(회원)','M','40대',2,99.63,0.93,4020,47
'201701','160',' 북아현동 가구거리','일일(회원)','M','40대',1,52.03,0.51,2190,17
'201701','162',' 봉원고가차도 밑','일일(회원)','M','40대',2,424.78,3.71,16010,91
'201701','165',' 중앙근린공원','일일(회원)','M','40대',2,140.44,1.32,5720,57
'201701','166',' 가재울 초등학교','일일(회원)','M','40대',3,596.18,4.28,18430,123
'201701','170',' 가재울 뉴타운 주유소 옆','일일(회원)','M','40대',1,28.83,0.21,910,38
'201701','171',' 임광빌딩 앞','일일(회원)','M','40대',2,72.96,0.58,2500,16
'201701','175',' 홍연2교옆','일일(회원)','M','40대',2,729.96,5.78,24910,98
'201701','179',' 가좌역 4번출구 앞','일일(회원)','M','40대',1,0,0,0,7
'201701','518',' 청계천 박물관 앞','일일(회원)','M','40대',1,150.48,1.1,4750,53
'201701','519',' 양지사거리','일일(회원)','M','40대',1,329.57,2.48,10670,106
'201701','521',' 왕십리역 11번 출구 앞','일일(회원)','M','40대',1,77.87,0.48,2070,17
'201701','522',' 금호역 1번출구 앞','일일(회원)','M','40대',1,44.27,0.4,1720,16
'201701','122',' 신성기사식당 앞','일일(회원)','M','40대',4,166.92,1.11,4790,42
'201701','530',' 청계벽산아파트 앞','일일(회원)','M','40대',3,196.6,1.53,6590,37
'201701','534',' 금호사거리','일일(회원)','M','40대',2,215.17,1.65,7110,110
'201701','123',' 문화촌 공원','일일(회원)','M','40대',1,190.52,1.31,5660,25
'201701','540',' 군자역 7번출구 베스트샵 앞','일일(회원)','M','40대',2,189.49,1.45,6240,30
'201701','543',' 구의공원(테크노마트 앞)','일일(회원)','M','40대',1,127.35,1.11,4800,60
'201701','544',' 광남중학교','일일(회원)','M','40대',1,89.99,0.7,3030,44
'201701','600',' 휘경2동 주민센터','일일(회원)','M','40대',1,105.49,0.69,2960,11
'201701','602',' 장안동 사거리','일일(회원)','M','40대',2,428.02,3.38,14590,65
'201701','605',' 신설동역8번출구','일일(회원)','M','40대',2,246.59,2.23,9580,55
'201701','609',' 제기2교','일일(회원)','M','40대',1,374.14,2.74,11810,97
'201701','614',' 용두동 사거리','일일(회원)','M','40대',1,131.16,0.96,4140,26
'201701','617',' 청솔우성아파트 앞','일일(회원)','M','40대',1,222.39,1.67,7200,33
'201701','228',' 선유도역 3번출구 앞','일일(회원)','M','40대',2,528.7,4.77,20540,117
'201701','126',' 서강대 후문 옆','일일(회원)','M','40대',1,159.85,1.44,6210,58
'201701','234',' 영등포구민체육센터 앞','일일(회원)','M','40대',2,668.62,5.52,23810,105
'201701','237',' 보라매 두산위브 건너편','일일(회원)','M','40대',3,416.28,3.06,13140,78
'201701','239',' 유스호스텔 앞','일일(회원)','M','40대',3,338.59,2.61,11250,80
'201701','243',' 이앤씨드림타워 앞','일일(회원)','M','40대',1,150.33,1.14,4930,40
'201701','244',' 영등포삼환아파트 앞','일일(회원)','M','40대',1,86.17,0.74,3200,42
'201701','245',' 삼성생명 당산사옥 앞','일일(회원)','M','40대',4,777.05,6.06,26090,119
'201701','247',' 당산역 10번출구 앞','일일(회원)','M','40대',1,134.13,1.08,4640,33
'201701','248',' 초원아파트 앞','일일(회원)','M','40대',1,148.37,1.14,4930,48
'201701','249',' 여의도중학교 옆','일일(회원)','M','40대',1,497.49,3.43,14780,74
'201701','128',' 신촌역(2호선) 1번출구 옆','일일(회원)','M','40대',1,194.96,1.68,7240,34
'201701','255',' 도림4거리','일일(회원)','M','40대',1,176.77,1.29,5580,24
'201701','259',' 대방역6번출구','일일(회원)','M','40대',8,1241.7,9.74,41970,203
'201701','700',' KB국민은행 염창역 지점 앞','일일(회원)','M','40대',1,173.35,1.19,5150,23
'201701','704',' 남부법원검찰청 교차로','일일(회원)','M','40대',2,114.45,0.79,3400,27
'201701','706',' 신정네거리역','일일(회원)','M','40대',4,385.27,2.69,11590,78
'201701','707',' 신정3동주민센터','일일(회원)','M','40대',1,61.62,0.57,2470,15
'201701','708',' 서울출입국관리사무소 앞','일일(회원)','M','40대',1,142.34,1.28,5530,58
'201701','709',' 신정3동 현장민원실 앞','일일(회원)','M','40대',1,74.59,0.63,2730,11
'201701','710',' 서부화물트럭터미널 사거리','일일(회원)','M','40대',1,22.95,0.21,920,7
'201701','712',' 강월초교입구 사거리','일일(회원)','M','40대',1,52.51,0.36,1560,9
'201701','130',' 신촌역(2호선) 7번출구 앞','일일(회원)','M','40대',1,72.14,0.59,2530,14
'201701','713',' 양서중학교 옆','일일(회원)','M','40대',1,87.72,0.66,2840,17
'201701','805',' 문배어린이공원 앞','일일(회원)','M','40대',2,170.36,1.48,6390,87
'201701','131',' 증산2교','일일(회원)','M','40대',1,134.3,0.93,3990,19
'201701','811',' 녹사평역1번출구','일일(회원)','M','40대',1,50.05,0.37,1580,14
'201701','813',' 삼각지역 3번출구','일일(회원)','M','40대',4,264.34,2.02,8720,110
'201701','815',' LIG강촌아파트 103동앞','일일(회원)','M','40대',4,1721.85,13.07,56350,236
'201701','385',' 종각역 5번출구','일일(회원)','M','40대',1,67.66,0.47,2010,140
'201701','387',' 훈련원공원주차장 앞','일일(회원)','M','40대',2,236.65,1.57,6770,59
'201701','132',' 창천문화공원','일일(회원)','M','40대',1,135.91,1,4290,18
'201701','182',' 망원2빗물펌프장 앞','일일(회원)','M','40대',1,181.98,1.44,6210,24
'201701','183',' 하늘채코오롱아파트 건너편','일일(회원)','M','40대',2,286.51,2,8610,43
'201701','184',' SK망원동주유소 건너편','일일(회원)','M','40대',3,303.61,2.32,9990,47
'201701','185',' 마포 신수공원 앞','일일(회원)','M','40대',2,723.65,6,25850,172
'201701','186',' 월드컵공원','일일(회원)','M','40대',9,1092.74,8.27,35650,329
'201701','188',' 홍은동 정원여중 입구','일일(회원)','M','40대',4,1419.75,11.07,47720,285
'201701','191',' 정명학원','일일(회원)','M','40대',1,238.31,1.64,7080,54
'201701','192',' 연서어린이공원','일일(회원)','M','40대',5,128.07,1.26,5390,30
'201701','194',' 증산교 앞','일일(회원)','M','40대',2,166.46,1.32,5680,39
'201701','195',' 모래내고가차도 ','일일(회원)','M','40대',2,74,0.57,2460,12
'201701','198',' 충정2교','일일(회원)','M','40대',1,0,0,0,11
'201701','556',' 달맞이공원','일일(회원)','M','40대',2,487.24,3.57,15380,143
'201701','557',' 도선동 주민센터 앞','일일(회원)','M','40대',2,224.17,1.77,7650,93
'201701','561',' 서울숲역 2번출구 앞','일일(회원)','M','40대',1,28.27,0.19,840,14
'201701','568',' 청계8가사거리 부근','일일(회원)','M','40대',1,34.62,0.33,1410,27
'201701','569',' 응봉현대아파트 정류소','일일(회원)','M','40대',1,48.71,0.38,1640,14
'201701','583',' 청계천 생태교실 앞','일일(회원)','M','40대',4,1991.39,14.22,61270,111
'201701','551',' 구의삼성쉐르빌 앞','일일(회원)','M','40대',1,201.1,1.71,7360,51
'201701','552',' 대림아크로리버 앞','일일(회원)','M','40대',2,177.21,1.58,6790,26
'201701','553',' 중곡 성원APT 앞','일일(회원)','M','40대',1,444.5,3.62,15590,85
'201701','554',' 아차산역 사거리','일일(회원)','M','40대',3,443,2.88,12430,54
'201701','571',' 어린이대공원역6번출구','일일(회원)','M','40대',3,217.98,1.7,7350,40
'201701','573',' 구의문주차장 앞','일일(회원)','M','40대',3,198.94,1.45,6280,29
'201701','574',' 아차산역4번출구','일일(회원)','M','40대',3,289.4,2.92,12600,122
'201701','575',' 중앙농협 중곡지점','일일(회원)','M','40대',3,366.28,3.3,14230,53
'201701','577',' 광진청소년수련관','일일(회원)','M','40대',1,103.76,0.92,3970,48
'201701','631',' 답십리역 1번출구','일일(회원)','M','40대',1,48.47,0.35,1530,9
'201701','102',' 망원역 1번출구 앞','일일(회원)','M','40대',1,26.22,0.2,860,43
'201701','636',' 세종대왕기념관 교차로','일일(회원)','M','40대',1,452.11,3.95,17040,169
'201701','637',' KAIST 경영대학 앞','일일(회원)','M','40대',1,89.83,0.81,3490,23
'201701','639',' 서울시립대 후문','일일(회원)','M','40대',1,76.51,0.65,2800,44
'201701','641',' 용두역 4번출구','일일(회원)','M','40대',1,0,0,0,4
'201701','140',' 이화여대 후문','일일(회원)','M','40대',1,218.45,1.51,6490,39
'201701','643',' 동대문구민체육센터 (육교아래)','일일(회원)','M','40대',2,814.18,5.96,25700,155
'201701','265',' 영등포유통상가 사거리','일일(회원)','M','40대',1,111.51,0.82,3520,20
'201701','266',' 영등포청과시장 사거리','일일(회원)','M','40대',2,255.97,1.87,8080,44
'201701','267',' 삼성화재 사옥 옆','일일(회원)','M','40대',1,145.41,1.06,4590,30
'201701','271',' 샛강생태공원방문자센터 앞','일일(회원)','M','40대',1,0,0,0,57
'201701','272',' 당산육갑문','일일(회원)','M','40대',2,215.65,1.73,7460,53
'201701','716','신정6동 주민센터 인근','일일(회원)','M','40대',1,30.29,0.21,900,7
'201701','719',' 홍익병원앞 교차로','일일(회원)','M','40대',1,50.55,0.43,1850,8
'201701','816',' 신용산역 6번출구 앞','일일(회원)','M','40대',2,619.96,4.63,19930,82
'201701','817',' 삼각지역 4번출구 앞','일일(회원)','M','40대',3,231.94,1.85,8000,136
'201701','820',' 청파동입구 교차로','일일(회원)','M','40대',4,374.08,3,12940,64
'201701','823',' 효창동주민센터 앞','일일(회원)','M','40대',1,123.24,0.9,3890,56
'201701','199',' 서울 월드컵 경기장','일일(회원)','M','40대',2,111.97,1.01,4350,43
'201701','388',' 동성중학교 앞','일일(회원)','M','40대',1,155.03,1.21,5220,26
'201701','585',' 성수2가1동 공영주차장 인근','일일(회원)','M','40대',2,976.06,7.15,30810,112
'201701','900',' 은평예술회관','일일(회원)','M','40대',3,76,0.66,2840,14
'201701','903',' 은평뉴타운 아이파크','일일(회원)','M','40대',2,238.91,1.98,8530,77
'201701','905',' 구파발역 2번출구','일일(회원)','M','40대',2,353.58,2.62,11300,62
'201701','906',' 연신내역 5번출구150M 아래','일일(회원)','M','40대',1,270.78,2.44,10520,78
'201701','907',' CJ 드림시티','일일(회원)','M','40대',6,1619.24,11.94,51480,175
'201701','908',' 구산역 4번출구','일일(회원)','M','40대',1,357.59,2.87,12370,52
'201701','911',' 은평평화공원(역촌역4번출구)','일일(회원)','M','40대',4,1134.31,8.92,38480,152
'201701','201',' 진미파라곤 앞','일일(회원)','M','40대',1,53.46,0.52,2250,11
'201701','912',' 응암오거리','일일(회원)','M','40대',3,741.21,5.72,24620,154
'201701','913',' 이마트 은평점','일일(회원)','M','40대',2,97.51,0.79,3420,21
'201701','914',' 새절역 2번출구','일일(회원)','M','40대',7,1788.3,14.44,62210,297
'201701','915',' 증산역 4번출구','일일(회원)','M','40대',1,316.84,2.06,8890,56
'201701','917',' 녹번역 4번출구','일일(회원)','M','40대',6,402.97,2.95,12720,62
'201701','921',' 신도고등학교','일일(회원)','M','40대',3,223.82,1.8,7730,87
'201701','202',' 국민일보 앞','일일(회원)','M','40대',4,347.23,2.68,11560,121
'201701','925',' 불광역 2번출구','일일(회원)','M','40대',1,63.68,0.47,2010,13
'201701','926',' 불광역 8번출구','일일(회원)','M','40대',5,473.74,4.51,19420,96
'201701','930',' 구 서부경찰서 건너편','일일(회원)','M','40대',1,334.8,2.55,10980,46
'201701','931',' 역촌파출소','일일(회원)','M','40대',1,54.49,0.5,2150,12
'201701','중랑센터','중랑센터','일일(회원)','M','40대',2,0,0,0,18
'201701','933',' LG서비스 역촌점','일일(회원)','M','40대',1,59.59,0.48,2090,11
'201701','103',' 망원역 2번출구 앞','일일(회원)','M','40대',2,71.51,0.56,2440,27
'201701','204',' 국회의사당역 5번출구 옆','일일(회원)','M','40대',1,119.27,0.94,4070,21
'201701','203',' 국회의사당역 3번출구 옆','일일(회원)','M','40대',4,854.28,6.08,26200,114
'201701','205',' 산업은행 앞','일일(회원)','M','40대',9,975.9,8.3,35800,499
'201701','206',' KBS 앞','일일(회원)','M','40대',7,938.14,7.38,31760,290
'201701','209',' 유진투자증권빌딩 앞','일일(회원)','M','40대',1,166.8,1.5,6480,32
'201701','210',' IFC몰','일일(회원)','M','40대',6,204,1.52,6570,51
'201701','211',' 여의도역 4번출구 옆','일일(회원)','M','40대',4,132.04,1.03,4380,59
'201701','212',' 여의도역 1번출구 옆','일일(회원)','M','40대',3,641.82,5.32,22890,199
'201701','213',' KT앞','일일(회원)','M','40대',6,535.4,3.97,17060,111
'201701','214',' 금융감독원 앞','일일(회원)','M','40대',5,294.05,2.48,10680,69
'201701','218',' 증권거래소 앞','일일(회원)','M','40대',1,276.14,2.07,8940,188
'201701','219',' 롯데캐슬엠파이어 옆','일일(회원)','M','40대',1,29.96,0.21,890,3
'201701','220',' 미성아파트 A동 앞','일일(회원)','M','40대',3,235.29,2,8610,79
'201701','217',' NH농협은행 앞','일일(회원)','M','40대',1,43.4,0.32,1370,6
'201701','222',' 시범아파트버스정류장 옆','일일(회원)','M','40대',3,128.86,1.07,4600,35
'201701','223',' 진주아파트상가 앞','일일(회원)','M','40대',1,175.24,1.12,4810,97
'201701','226',' 샛강역 1번출구 앞','일일(회원)','M','40대',3,299.17,2.34,10040,67
'201701','402',' 상암월드컵파크 9단지 앞','일일(회원)','M','40대',1,105.83,0.75,3220,51
'201701','403',' 부엉이공원 앞','일일(회원)','M','40대',5,845.4,6.13,26430,202
'201701','405',' DMC빌 앞','일일(회원)','M','40대',1,340.84,2.1,9060,36
'201701','406',' 상암월드컵파크 7단지 앞','일일(회원)','M','40대',2,214.42,1.47,6370,29
'201701','421',' 마포구청 앞','일일(회원)','M','40대',3,183.74,1.63,7030,143
'201701','408',' LG CNS앞','일일(회원)','M','40대',2,45.56,0.41,1770,24
'201701','420',' 서울시 공공자전거 상암센터','일일(회원)','M','40대',6,1230.14,9.48,40800,282
'201701','409',' 누리꿈스퀘어 옆','일일(회원)','M','40대',2,168.36,1.26,5440,32
'201701','419',' 홈플러스 앞','일일(회원)','M','40대',3,979.01,7.77,33500,154
'201701','418',' 월드컵경기장역 3번출구 옆','일일(회원)','M','40대',14,1221,8.72,37590,283
'201701','412',' DMC산학협력연구센터 앞','일일(회원)','M','40대',2,202.07,1.62,6980,54
'201701','413',' 상암월드컵파크 3단지 후문','일일(회원)','M','40대',2,107.27,0.9,3870,47
'201701','414',' 상암동주민센터 옆','일일(회원)','M','40대',2,100.81,0.81,3460,19
'201701','415',' DMC역 9번출구 앞','일일(회원)','M','40대',1,99.97,0.69,2970,16
'201701','500',' 어린이대공원역 3번출구 앞','일일(회원)','M','40대',1,93.56,0.73,3150,13
'201701','501',' 광진구의회 앞','일일(회원)','M','40대',1,35.26,0.32,1370,26
'201701','502',' 뚝섬유원지역 1번출구 앞','일일(회원)','M','40대',6,916.92,7.4,31880,302
'201701','108',' 서교동 사거리','일일(회원)','M','50대',1,111.01,0.67,2890,119
'201701','510',' 서울숲 남문 버스정류소 옆','일일(회원)','M','50대',1,142.85,1.16,5010,43
'201701','511',' 서울숲역 4번 출구 옆','일일(회원)','M','50대',2,412.8,3.42,14720,103
'201701','303',' 광화문역 1번출구 앞','일일(회원)','M','50대',4,518.3,4.68,20180,180
'201701','305',' 종로구청 옆','일일(회원)','M','50대',2,112.69,1.02,4410,59
'201701','307',' 서울역사박물관 앞','일일(회원)','M','50대',2,88.63,0.81,3480,20
'201701','311',' 서울광장 옆','일일(회원)','M','50대',4,228.28,2.13,9150,72
'201701','312',' 시청역 1번출구 뒤','일일(회원)','M','50대',4,349.01,3.39,14640,197
'201701','315',' 신한은행 안국역지점 옆','일일(회원)','M','50대',2,293.4,2.63,11320,86
'201701','328',' 탑골공원 앞','일일(회원)','M','50대',1,65.82,0.64,2770,13
'201701','329',' 청계2가 사거리 옆','일일(회원)','M','50대',2,146.36,1.43,6160,35
'201701','330',' 청계천 한빛광장','일일(회원)','M','50대',1,24.7,0.23,990,5
'201701','111',' 상수역 2번출구 앞','일일(회원)','M','50대',1,379.19,4.04,17410,63
'201701','338',' 세운스퀘어 앞','일일(회원)','M','50대',1,79.6,0.62,2680,46
'201701','112',' 극동방송국 앞','일일(회원)','M','50대',1,99.49,0.6,2590,13
'201701','345',' 서울보증보험본사 앞','일일(회원)','M','50대',1,50.19,0.39,1690,49
'201701','346',' 맥스타일 앞','일일(회원)','M','50대',1,54.35,0.42,1830,52
'201701','349',' 사직동주민센터','일일(회원)','M','50대',1,26.69,0.25,1070,9
'201701','350','KEB 하나은행(내자동 지점) 앞','일일(회원)','M','50대',1,127.79,1.07,4610,26
'201701','359',' 원남동사거리','일일(회원)','M','50대',1,19.01,0.15,640,37
'201701','113',' 홍대입구역 2번출구 앞','일일(회원)','M','50대',1,72.14,0.61,2640,14
'201701','371',' 동대입구역 6번출구 뒤','일일(회원)','M','50대',1,94.98,0.86,3690,26
'201701','114',' 홍대입구역 8번출구 앞','일일(회원)','M','50대',1,73.75,0.45,1920,9
'201701','142',' 아현역 4번출구 앞','일일(회원)','M','50대',1,146.98,1.32,5710,25
'201701','144',' 공덕역 8번출구','일일(회원)','M','50대',1,67.66,0.59,2550,21
'201701','147',' 마포역 4번출구 뒤','일일(회원)','M','50대',2,325.61,2.93,12650,52
'201701','119',' 서강나루 공원','일일(회원)','M','50대',1,232.17,2.09,9020,53
'201701','153',' 성산2교 사거리','일일(회원)','M','50대',1,99.49,0.6,2590,22
'201701','157',' 애오개역 4번출구 앞','일일(회원)','M','50대',1,85.17,0.74,3210,17
'201701','163',' 명지전문대학교 정문 앞','일일(회원)','M','50대',1,60.76,0.64,2740,20
'201701','165',' 중앙근린공원','일일(회원)','M','50대',1,349.79,2.81,12100,53
'201701','166',' 가재울 초등학교','일일(회원)','M','50대',1,69.95,0.59,2560,11
'201701','169',' 북가좌 삼거리','일일(회원)','M','50대',1,82.05,0.6,2590,38
'201701','171',' 임광빌딩 앞','일일(회원)','M','50대',4,225.64,1.89,8140,58
'201701','179',' 가좌역 4번출구 앞','일일(회원)','M','50대',4,727.46,5.94,25610,138
'201701','521',' 왕십리역 11번 출구 앞','일일(회원)','M','50대',1,103.28,0.76,3260,15
'201701','522',' 금호역 1번출구 앞','일일(회원)','M','50대',2,490.19,3.68,15870,68
'201701','524',' 래미안금호하이리버 아파트 102동 옆','일일(회원)','M','50대',7,627.45,5.81,25040,133
'201701','534',' 금호사거리','일일(회원)','M','50대',1,80.55,0.79,3390,16
'201701','535',' 응봉삼거리','일일(회원)','M','50대',1,158.82,1.43,6170,29
'201701','544',' 광남중학교','일일(회원)','M','50대',1,224.71,2.03,8730,43
'201701','602',' 장안동 사거리','일일(회원)','M','50대',1,91.38,0.82,3550,23
'201701','607',' 신이문역 2번출구','일일(회원)','M','50대',1,412.76,2.81,12120,45
'201701','229',' 양평1 보행육교 앞','일일(회원)','M','50대',5,541.9,4.25,18340,172
'201701','232',' 양평우림 이비즈센타 앞','일일(회원)','M','50대',1,115.71,1.13,4870,23
'201701','127',' 현대벤처빌 앞','일일(회원)','M','50대',2,97.04,0.87,3770,29
'201701','244',' 영등포삼환아파트 앞','일일(회원)','M','50대',2,405.58,3.96,17070,108
'201701','257',' 신길삼거리(우리은행)','일일(회원)','M','50대',2,146.85,1.11,4790,61
'201701','703',' 오목교역 7번출구 앞','일일(회원)','M','50대',2,206.87,1.81,7830,40
'201701','130',' 신촌역(2호선) 7번출구 앞','일일(회원)','M','50대',1,66.06,0.58,2490,19
'201701','803',' 한남초교 앞 보도육교','일일(회원)','M','50대',1,70.39,0.55,2370,31
'201701','806',' 전자랜드 본관 앞','일일(회원)','M','50대',1,147.75,1.33,5740,38
'201701','809',' 한남 유수지 복개주차장','일일(회원)','M','50대',2,163.71,1.6,6890,42
'201701','385',' 종각역 5번출구','일일(회원)','M','50대',1,57.63,0.54,2310,24
'201701','132',' 창천문화공원','일일(회원)','M','50대',1,59.72,0.54,2320,12
'201701','182',' 망원2빗물펌프장 앞','일일(회원)','M','50대',4,578.38,5.21,22470,80
'201701','184',' SK망원동주유소 건너편','일일(회원)','M','50대',1,41.86,0.35,1510,7
'201701','185',' 마포 신수공원 앞','일일(회원)','M','50대',2,275.62,2.15,9280,63
'201701','194',' 증산교 앞','일일(회원)','M','50대',2,225.89,2.55,10970,114
'201701','198',' 충정2교','일일(회원)','M','50대',1,95.4,0.85,3650,26
'201701','556',' 달맞이공원','일일(회원)','M','50대',2,69.19,0.6,2600,18
'201701','565',' 옥수역 3번출구','일일(회원)','M','50대',1,44.67,0.44,1880,16
'201701','577',' 광진청소년수련관','일일(회원)','M','50대',1,95.63,0.8,3450,36
'201701','621',' 동대문중학교 옆','일일(회원)','M','50대',1,166.54,1.5,6470,41
'201701','266',' 영등포청과시장 사거리','일일(회원)','M','50대',2,254.18,2.32,10000,52
'201701','716','신정6동 주민센터 인근','일일(회원)','M','50대',3,937.78,7.53,32440,154
'201701','818',' 숙명여대 입구 교차로','일일(회원)','M','50대',1,74.73,0.59,2550,15
'201701','825',' 서빙고동 주민센터 앞','일일(회원)','M','50대',2,334.72,2.73,11790,100
'201701','901',' 응암1동사무소','일일(회원)','M','50대',1,117.85,1.15,4960,56
'201701','914',' 새절역 2번출구','일일(회원)','M','50대',1,62.55,0.56,2430,15
'201701','921',' 신도고등학교','일일(회원)','M','50대',1,399.48,2.41,10400,59
'201701','202',' 국민일보 앞','일일(회원)','M','50대',1,115.83,0.75,3250,15
'201701','926',' 불광역 8번출구','일일(회원)','M','50대',1,137.49,1.15,4960,34
'201701','927',' 연신내역 3번출구 인근','일일(회원)','M','50대',1,68.31,0.53,2300,20
'201701','928',' 은평역사한옥박물관','일일(회원)','M','50대',1,91.18,0.71,3070,21
'201701','932',' 예일여중','일일(회원)','M','50대',2,329.45,2.05,8810,40
'201701','203',' 국회의사당역 3번출구 옆','일일(회원)','M','50대',1,25.23,0.23,980,4
'201701','205',' 산업은행 앞','일일(회원)','M','50대',1,254.43,2.98,12850,61
'201701','211',' 여의도역 4번출구 옆','일일(회원)','M','50대',1,23.42,0.21,910,4
'201701','212',' 여의도역 1번출구 옆','일일(회원)','M','50대',2,166.42,1.36,5870,76
'201701','213',' KT앞','일일(회원)','M','50대',1,53.8,0.48,2090,24
'201701','104',' 합정역 1번출구 앞','일일(회원)','M','50대',2,356.19,3.32,14340,89
'201701','221',' 여의도초교 앞','일일(회원)','M','50대',1,133.53,1.3,5620,53
'201701','222',' 시범아파트버스정류장 옆','일일(회원)','M','50대',1,159.47,1.21,5230,77
'201701','224',' 롯데캐슬 앞','일일(회원)','M','50대',2,252.33,1.64,7080,44
'201701','207',' 여의나루역 1번출구 앞','일일(회원)','M','50대',3,391.22,3.59,15420,189
'201701','421',' 마포구청 앞','일일(회원)','M','50대',1,38.49,0.38,1620,8
'201701','407',' 마포구 육아종합지원센터','일일(회원)','M','50대',1,164.4,1.3,5610,31
'201701','420',' 서울시 공공자전거 상암센터','일일(회원)','M','50대',1,17.23,0.13,580,4
'201701','409',' 누리꿈스퀘어 옆','일일(회원)','M','50대',1,29.98,0.26,1130,20
'201701','419',' 홈플러스 앞','일일(회원)','M','50대',4,389.69,3.24,13940,65
'201701','418',' 월드컵경기장역 3번출구 옆','일일(회원)','M','50대',1,61.46,0.45,1940,16
'201701','312',' 시청역 1번출구 뒤','일일(회원)','M','60대',1,92.19,0.68,2910,37
'201701','338',' 세운스퀘어 앞','일일(회원)','M','60대',1,38.97,0.29,1230,37
'201701','152',' 마포구민체육센터 앞','일일(회원)','M','60대',1,340.54,2.73,11780,58
'201701','154',' 마포구청역 ','일일(회원)','M','60대',1,39.68,0.39,1670,11
'201701','169',' 북가좌 삼거리','일일(회원)','M','60대',1,206.55,1.51,6520,57
'201701','521',' 왕십리역 11번 출구 앞','일일(회원)','M','60대',1,85.2,0.77,3310,22
'201701','542',' 강변역 4번출구 뒤','일일(회원)','M','60대',1,243.5,2.19,9460,30
'201701','548',' 자양나들목','일일(회원)','M','60대',1,227.22,1.75,7550,45
'201701','609',' 제기2교','일일(회원)','M','60대',1,115.57,1.04,4490,44
'201701','811',' 녹사평역1번출구','일일(회원)','M','60대',1,398.64,3.2,13790,48
'201701','387',' 훈련원공원주차장 앞','일일(회원)','M','60대',1,44.04,0.32,1390,30
'201701','177',' 북가좌 초등학교','일일(회원)','M','60대',1,163.47,1.2,5160,43
'201701','133',' 해담는다리','일일(회원)','M','60대',1,179.31,1.31,5660,52
'201701','194',' 증산교 앞','일일(회원)','M','60대',1,164.1,1.2,5180,27
'201701','565',' 옥수역 3번출구','일일(회원)','M','60대',4,1048.37,9.83,42370,240
'201701','573',' 구의문주차장 앞','일일(회원)','M','60대',1,143.63,1.29,5580,1046
'201701','633',' 청량리 기업은행 앞','일일(회원)','M','60대',1,256.91,2.01,8650,48
'201701','634',' 외국어대 정문 앞','일일(회원)','M','60대',1,170.14,1.53,6610,38
'201701','263',' 근로자회관 사거리','일일(회원)','M','60대',1,53.54,0.39,1690,61
'201701','272',' 당산육갑문','일일(회원)','M','60대',1,392.79,3.54,15260,46
'201701','816',' 신용산역 6번출구 앞','일일(회원)','M','60대',1,49.94,0.45,1940,13
'201701','825',' 서빙고동 주민센터 앞','일일(회원)','M','60대',1,86.15,0.69,2980,24
'201701','906',' 연신내역 5번출구150M 아래','일일(회원)','M','60대',4,603.19,4.41,19040,147
'201701','907',' CJ 드림시티','일일(회원)','M','60대',1,79.52,0.58,2510,26
'201701','913',' 이마트 은평점','일일(회원)','M','60대',8,778.06,5.7,24560,240
'201701','915',' 증산역 4번출구','일일(회원)','M','60대',6,846.49,6.19,26720,205
'201701','921',' 신도고등학교','일일(회원)','M','60대',1,166,1.22,5240,31
'201701','932',' 예일여중','일일(회원)','M','60대',2,167.59,1.22,5290,40
'201701','205',' 산업은행 앞','일일(회원)','M','60대',2,67.72,0.53,2280,20
'201701','224',' 롯데캐슬 앞','일일(회원)','M','60대',2,139.15,1.16,5020,48
'201701','106',' 합정역 7번출구 앞','일일(회원)','M','60대',1,39.92,0.39,1680,13
'201701','421',' 마포구청 앞','일일(회원)','M','60대',1,102.33,0.82,3540,14
'201701','420',' 서울시 공공자전거 상암센터','일일(회원)','M','60대',1,210.36,1.54,6640,52
'201701','418',' 월드컵경기장역 3번출구 옆','일일(회원)','M','60대',1,36.12,0.26,1140,7
'201701','417',' DMC역 2번출구 옆','일일(회원)','M','60대',1,149.85,1.1,4730,45
'201701','548',' 자양나들목','일일(회원)','M','70대~',4,1550.53,13.56,58440,217
'201701','236',' 문래동자이아파트 앞','일일(회원)','M','70대~',1,89.56,0.83,3590,35
'201701','640',' KEB하나은행 청량리역지점','일일(회원)','M','70대~',4,1463.51,12.8,55160,220
'201701','105',' 합정역 5번출구 앞','일일(회원)','M','70대~',1,205.76,1,4330,76
'201701','574',' 아차산역4번출구','일일(비회원)','F','~10대',1,136.42,1.23,5300,35
'201701','108',' 서교동 사거리','일일(비회원)','F','20대',2,356.96,3.43,14790,112
'201701','503',' 더샵스타시티 C동 앞','일일(비회원)','F','20대',2,122.27,1.1,4750,40
'201701','504',' 신자초교입구교차로','일일(비회원)','F','20대',1,135.91,1.22,5280,35
'201701','505',' 자양사거리 광진아크로텔 앞','일일(비회원)','F','20대',1,132.56,1.19,5150,41
'201701','507',' 성수아이에스비즈타워 앞','일일(비회원)','F','20대',1,84.68,0.76,3290,23
'201701','510',' 서울숲 남문 버스정류소 옆','일일(비회원)','F','20대',1,117.12,1.06,4550,37
'201701','511',' 서울숲역 4번 출구 옆','일일(비회원)','F','20대',7,896.01,8.08,34810,300
'201701','512',' 뚝섬역 1번 출구 옆','일일(비회원)','F','20대',3,475.67,4.29,18480,154
'201701','514',' 성수사거리 버스정류장 앞','일일(비회원)','F','20대',1,70.79,0.64,2750,19
'201701','515',' 광양중학교 앞','일일(비회원)','F','20대',2,445.04,4.01,17290,131
'201701','301',' 경복궁역 7번출구 앞','일일(비회원)','F','20대',1,101.16,0.91,3930,30
'201701','302',' 경복궁역 4번출구 뒤','일일(비회원)','F','20대',1,108.62,0.98,4220,46
'201701','303',' 광화문역 1번출구 앞','일일(비회원)','F','20대',1,51.48,0.46,2000,30
'201701','115',' 사루비아 빌딩 앞','일일(비회원)','F','20대',3,331.79,2.99,12890,139
'201701','307',' 서울역사박물관 앞','일일(비회원)','F','20대',1,27.54,0.25,1070,6
'201701','311',' 서울광장 옆','일일(비회원)','F','20대',4,697.82,6.29,27110,192
'201701','312',' 시청역 1번출구 뒤','일일(비회원)','F','20대',1,38.25,0.37,1610,54
'201701','110',' 사천교','일일(비회원)','F','20대',1,57.06,0.61,2620,17
'201701','314',' 국립현대미술관','일일(비회원)','F','20대',4,261.26,2.36,10150,123
'201701','315',' 신한은행 안국역지점 옆','일일(비회원)','F','20대',2,268.22,2.42,10420,181
'201701','316',' 종각역 1번출구 앞','일일(비회원)','F','20대',1,57.88,0.58,2520,20
'201701','321',' KEB 하나은행 본점 앞','일일(비회원)','F','20대',1,40.67,0.37,1580,20
'201701','328',' 탑골공원 앞','일일(비회원)','F','20대',2,180.44,1.62,7010,66
'201701','330',' 청계천 한빛광장','일일(비회원)','F','20대',1,77.22,0.7,3000,58
'201701','331',' 을지로2가 사거리 북측','일일(비회원)','F','20대',1,45.82,0.41,1780,17
'201701','335',' 종로3가역 15번출구 앞','일일(비회원)','F','20대',1,76.71,0.69,2980,27
'201701','336',' 티마크 호텔 앞','일일(비회원)','F','20대',2,98.84,0.89,3840,30
'201701','337',' 창경궁 입구','일일(비회원)','F','20대',1,65.12,0.59,2530,35
'201701','339',' 종로4가 사거리','일일(비회원)','F','20대',1,71.3,0.64,2770,54
'201701','340',' 혜화동 로터리','일일(비회원)','F','20대',1,108.88,0.98,4230,42
'201701','341',' 혜화역 3번출구 뒤','일일(비회원)','F','20대',1,32.43,0.29,1260,38
'201701','342',' 대학로 마로니에공원','일일(비회원)','F','20대',3,248.77,2.3,9910,132
'201701','112',' 극동방송국 앞','일일(비회원)','F','20대',4,445.04,4.01,17290,170
'201701','351',' 청운초교 앞 삼거리','일일(비회원)','F','20대',1,150.58,1.8,7760,83
'201701','353',' 재동초교 앞 삼거리','일일(비회원)','F','20대',1,71.81,0.65,2790,29
'201701','354',' 포르투갈 대사관 앞','일일(비회원)','F','20대',1,48.65,0.44,1890,14
'201701','356',' KT혜화지사 앞','일일(비회원)','F','20대',1,71.3,0.64,2770,19
'201701','361',' 동묘앞역 1번출구 뒤','일일(비회원)','F','20대',1,19.05,0.17,740,5
'201701','362',' 청계8가 사거리','일일(비회원)','F','20대',1,70.53,0.64,2740,28
'201701','363',' 신설동역 11번출구 뒤','일일(비회원)','F','20대',1,93.18,0.84,3620,34
'201701','113',' 홍대입구역 2번출구 앞','일일(비회원)','F','20대',2,261.64,2.53,10910,100
'201701','368',' SK 서린빌딩 앞','일일(비회원)','F','20대',1,100.39,0.9,3900,35
'201701','369',' 광화문 시민열린마당','일일(비회원)','F','20대',1,66.53,0.65,2800,67
'201701','348',' 독립문역 사거리','일일(비회원)','F','20대',2,171.94,1.55,6680,69
'201701','380',' CJ제일제당 앞','일일(비회원)','F','20대',1,129.21,1.16,5020,54
'201701','114',' 홍대입구역 8번출구 앞','일일(비회원)','F','20대',3,296.92,2.86,12340,117
'201701','142',' 아현역 4번출구 앞','일일(비회원)','F','20대',1,36.04,0.32,1400,14
'201701','146',' 마포역 1번출구 뒤','일일(비회원)','F','20대',1,72.33,0.65,2810,13
'201701','147',' 마포역 4번출구 뒤','일일(비회원)','F','20대',1,6.51,0.08,350,6
'201701','150',' 서강대역 2번출구 앞','일일(비회원)','F','20대',2,103.74,0.93,4030,79
'201701','152',' 마포구민체육센터 앞','일일(비회원)','F','20대',3,267.96,2.41,10410,124
'201701','119',' 서강나루 공원','일일(비회원)','F','20대',1,223.94,2.02,8700,62
'201701','154',' 마포구청역 ','일일(비회원)','F','20대',2,292.92,2.64,11380,162
'201701','157',' 애오개역 4번출구 앞','일일(비회원)','F','20대',1,105.02,0.95,4080,31
'201701','159',' 이대역 4번 출구','일일(비회원)','F','20대',1,93.44,0.84,3630,32
'201701','161',' 무악재역1번 출구','일일(비회원)','F','20대',1,183.01,1.65,7110,68
'201701','164',' 북가좌1동 주민센터 ','일일(비회원)','F','20대',1,75.68,0.68,2940,17
'201701','171',' 임광빌딩 앞','일일(비회원)','F','20대',1,120.98,1.09,4700,31
'201701','175',' 홍연2교옆','일일(비회원)','F','20대',2,133.59,1.2,5190,48
'201701','179',' 가좌역 4번출구 앞','일일(비회원)','F','20대',1,84.68,0.76,3290,27
'201701','520',' 상왕십리역 4번 출구 앞','일일(비회원)','F','20대',2,33.2,0.3,1290,17
'201701','525',' 한양대병원사거리','일일(비회원)','F','20대',1,60.75,0.55,2360,22
'201701','123',' 문화촌 공원','일일(비회원)','F','20대',2,171.42,1.54,6660,53
'201701','538',' 답십리역 8번출구 앞','일일(비회원)','F','20대',3,149.83,1.39,6000,47
'201701','539',' 군자교교차로','일일(비회원)','F','20대',1,109.4,0.99,4250,37
'201701','540',' 군자역 7번출구 베스트샵 앞','일일(비회원)','F','20대',2,208.75,1.88,8110,77
'201701','542',' 강변역 4번출구 뒤','일일(비회원)','F','20대',3,390.99,3.52,15190,105
'201701','543',' 구의공원(테크노마트 앞)','일일(비회원)','F','20대',2,403.09,3.63,15660,182
'201701','124',' 서강대 정문 건너편','일일(비회원)','F','20대',2,95.49,0.87,3710,34
'201701','602',' 장안동 사거리','일일(비회원)','F','20대',2,235.27,2.12,9140,165
'201701','605',' 신설동역8번출구','일일(비회원)','F','20대',1,129.06,1.8,7760,59
'201701','607',' 신이문역 2번출구','일일(비회원)','F','20대',1,64.86,0.58,2520,45
'201701','608',' 전농삼성아파트','일일(비회원)','F','20대',1,57.92,0.52,2250,53
'201701','609',' 제기2교','일일(비회원)','F','20대',1,99.61,0.9,3870,52
'201701','228',' 선유도역 3번출구 앞','일일(비회원)','F','20대',2,105.28,0.94,4090,32
'201701','232',' 양평우림 이비즈센타 앞','일일(비회원)','F','20대',1,41.18,0.37,1600,27
'201701','243',' 이앤씨드림타워 앞','일일(비회원)','F','20대',2,103.21,0.93,4010,33
'201701','244',' 영등포삼환아파트 앞','일일(비회원)','F','20대',3,515.07,4.64,20010,132
'201701','245',' 삼성생명 당산사옥 앞','일일(비회원)','F','20대',1,282.88,2.55,10990,6
'201701','248',' 초원아파트 앞','일일(비회원)','F','20대',1,101.16,0.91,3930,36
'201701','249',' 여의도중학교 옆','일일(비회원)','F','20대',1,116.09,1.05,4510,40
'201701','128',' 신촌역(2호선) 1번출구 옆','일일(비회원)','F','20대',4,178.12,1.59,6920,149
'201701','257',' 신길삼거리(우리은행)','일일(비회원)','F','20대',1,75.93,0.68,2950,28
'201701','259',' 대방역6번출구','일일(비회원)','F','20대',1,243.76,2.2,9470,54
'201701','703',' 오목교역 7번출구 앞','일일(비회원)','F','20대',2,463.58,4.18,18010,156
'201701','706',' 신정네거리역','일일(비회원)','F','20대',1,389.45,3.51,15130,120
'201701','708',' 서울출입국관리사무소 앞','일일(비회원)','F','20대',1,261.26,2.35,10150,85
'201701','130',' 신촌역(2호선) 7번출구 앞','일일(비회원)','F','20대',1,22.65,0.2,880,7
'201701','806',' 전자랜드 본관 앞','일일(비회원)','F','20대',1,111.2,1,4320,49
'201701','809',' 한남 유수지 복개주차장','일일(비회원)','F','20대',2,283.66,2.55,11020,103
'201701','810',' 이태원지하보도','일일(비회원)','F','20대',1,65.89,0.59,2560,21
'201701','811',' 녹사평역1번출구','일일(비회원)','F','20대',2,634.74,5.72,24660,224
'201701','385',' 종각역 5번출구','일일(비회원)','F','20대',1,46.81,0.46,1970,28
'201701','386',' 올림픽기념 국민생활관 앞','일일(비회원)','F','20대',3,326.39,2.95,12680,88
'201701','387',' 훈련원공원주차장 앞','일일(비회원)','F','20대',4,470.52,4.24,18280,145
'201701','132',' 창천문화공원','일일(비회원)','F','20대',1,64.09,0.58,2490,29
'201701','182',' 망원2빗물펌프장 앞','일일(비회원)','F','20대',1,129.73,1.17,5040,35
'201701','184',' SK망원동주유소 건너편','일일(비회원)','F','20대',1,145.69,1.31,5660,36
'201701','186',' 월드컵공원','일일(비회원)','F','20대',1,75.68,0.68,2940,39
'201701','133',' 해담는다리','일일(비회원)','F','20대',1,288.8,2.6,11220,74
'201701','558',' 성동광진 교육지원청 앞','일일(비회원)','F','20대',2,123.29,1.11,4790,43
'201701','559',' 왕십리역 4번 출구 건너편','일일(비회원)','F','20대',1,38.1,0.34,1480,13
'201701','561',' 서울숲역 2번출구 앞','일일(비회원)','F','20대',1,455.34,4.1,17690,131
'201701','565',' 옥수역 3번출구','일일(비회원)','F','20대',3,283.65,2.55,11020,156
'201701','567',' 성수역 2번출구 앞','일일(비회원)','F','20대',3,289.57,2.61,11250,78
'201701','568',' 청계8가사거리 부근','일일(비회원)','F','20대',2,268.73,2.42,10440,74
'201701','583',' 청계천 생태교실 앞','일일(비회원)','F','20대',2,470.27,4.24,18270,95
'201701','552',' 대림아크로리버 앞','일일(비회원)','F','20대',1,313.98,3.23,13910,83
'201701','571',' 어린이대공원역6번출구','일일(비회원)','F','20대',3,73.61,0.66,2860,24
'201701','574',' 아차산역4번출구','일일(비회원)','F','20대',5,501.68,4.53,19490,179
'201701','577',' 광진청소년수련관','일일(비회원)','F','20대',2,301.93,2.72,11730,87
'201701','137',' NH농협 신촌지점 앞','일일(비회원)','F','20대',1,100.9,0.91,3920,32
'201701','623',' 서울시립대 정문 앞','일일(비회원)','F','20대',3,173.23,1.57,6730,37
'201701','630',' 동대문구 보건소','일일(비회원)','F','20대',1,72.2,0.8,3440,28
'201701','102',' 망원역 1번출구 앞','일일(비회원)','F','20대',1,34.23,0.31,1330,52
'201701','633',' 청량리 기업은행 앞','일일(비회원)','F','20대',2,125.35,1.13,4870,71
'201701','634',' 외국어대 정문 앞','일일(비회원)','F','20대',4,226.78,2.04,8810,114
'201701','637',' KAIST 경영대학 앞','일일(비회원)','F','20대',2,699.1,6.3,27160,144
'201701','638',' 서울시립대 정보기술관','일일(비회원)','F','20대',1,133.59,1.2,5190,35
'201701','639',' 서울시립대 후문','일일(비회원)','F','20대',1,19.56,0.18,760,5
'201701','640',' KEB하나은행 청량리역지점','일일(비회원)','F','20대',1,202.57,1.83,7870,55
'201701','641',' 용두역 4번출구','일일(비회원)','F','20대',1,55.08,0.5,2140,17
'201701','642',' 신답역 사거리','일일(비회원)','F','20대',1,41.96,0.38,1630,22
'201701','268',' 그랜드컨벤션센터 앞','일일(비회원)','F','20대',1,27.8,0.25,1080,7
'201701','271',' 샛강생태공원방문자센터 앞','일일(비회원)','F','20대',1,148.52,1.34,5770,36
'201701','716','신정6동 주민센터 인근','일일(비회원)','F','20대',1,62.03,0.56,2410,26
'201701','720',' 서울강월초등학교 앞','일일(비회원)','F','20대',1,94.72,0.85,3680,35
'201701','816',' 신용산역 6번출구 앞','일일(비회원)','F','20대',2,135.13,1.22,5250,57
'201701','817',' 삼각지역 4번출구 앞','일일(비회원)','F','20대',1,0,0,0,4
'201701','825',' 서빙고동 주민센터 앞','일일(비회원)','F','20대',2,438.87,3.95,17050,133
'201701','199',' 서울 월드컵 경기장','일일(비회원)','F','20대',5,745.69,6.72,28970,356
'201701','388',' 동성중학교 앞','일일(비회원)','F','20대',1,103.47,0.93,4020,29
'201701','584',' 광진광장 교통섬','일일(비회원)','F','20대',1,59.72,0.54,2320,16
'201701','904',' 은평뉴타운 푸르지오','일일(비회원)','F','20대',1,52.25,0.47,2030,14
'201701','906',' 연신내역 5번출구150M 아래','일일(비회원)','F','20대',1,253.02,2.28,9830,55
'201701','907',' CJ 드림시티','일일(비회원)','F','20대',1,188.67,1.7,7330,65
'201701','911',' 은평평화공원(역촌역4번출구)','일일(비회원)','F','20대',1,222.65,2.01,8650,51
'201701','201',' 진미파라곤 앞','일일(비회원)','F','20대',1,148.78,1.34,5780,56
'201701','913',' 이마트 은평점','일일(비회원)','F','20대',2,167.05,1.51,6490,56
'201701','914',' 새절역 2번출구','일일(비회원)','F','20대',1,63.56,0.74,3210,17
'201701','917',' 녹번역 4번출구','일일(비회원)','F','20대',1,77.48,0.7,3010,18
'201701','202',' 국민일보 앞','일일(비회원)','F','20대',2,129.73,1.17,5040,37
'201701','924',' 메뚜기다리','일일(비회원)','F','20대',1,143.11,1.29,5560,43
'201701','931',' 역촌파출소','일일(비회원)','F','20대',1,401.29,3.62,15590,105
'201701','588',' 뚝섬 유원지역','일일(비회원)','F','20대',1,265.38,2.39,10310,100
'201701','203',' 국회의사당역 3번출구 옆','일일(비회원)','F','20대',4,336.94,3.03,13090,202
'201701','205',' 산업은행 앞','일일(비회원)','F','20대',2,41.95,0.38,1630,54
'201701','206',' KBS 앞','일일(비회원)','F','20대',2,145.43,1.31,5650,92
'201701','209',' 유진투자증권빌딩 앞','일일(비회원)','F','20대',6,558.56,5.04,21700,235
'201701','210',' IFC몰','일일(비회원)','F','20대',3,350.06,3.16,13600,98
'201701','211',' 여의도역 4번출구 옆','일일(비회원)','F','20대',3,247.62,2.23,9620,100
'201701','212',' 여의도역 1번출구 옆','일일(비회원)','F','20대',1,80.05,0.72,3110,41
'201701','104',' 합정역 1번출구 앞','일일(비회원)','F','20대',1,65.12,0.59,2530,24
'201701','214',' 금융감독원 앞','일일(비회원)','F','20대',1,68.73,0.62,2670,20
'201701','220',' 미성아파트 A동 앞','일일(비회원)','F','20대',1,23.42,0.21,910,8
'201701','221',' 여의도초교 앞','일일(비회원)','F','20대',1,73.36,0.66,2850,24
'201701','224',' 롯데캐슬 앞','일일(비회원)','F','20대',2,203.35,1.83,7900,48
'201701','207',' 여의나루역 1번출구 앞','일일(비회원)','F','20대',22,2728.18,24.6,105990,1248
'201701','402',' 상암월드컵파크 9단지 앞','일일(비회원)','F','20대',3,214.94,1.93,8350,77
'201701','106',' 합정역 7번출구 앞','일일(비회원)','F','20대',1,216.22,1.95,8400,74
'201701','421',' 마포구청 앞','일일(비회원)','F','20대',2,456.11,4.11,17720,139
'201701','420',' 서울시 공공자전거 상암센터','일일(비회원)','F','20대',2,143.88,1.29,5590,61
'201701','409',' 누리꿈스퀘어 옆','일일(비회원)','F','20대',3,132.82,1.2,5160,45
'201701','419',' 홈플러스 앞','일일(비회원)','F','20대',3,200.51,1.81,7790,89
'201701','418',' 월드컵경기장역 3번출구 옆','일일(비회원)','F','20대',4,569.42,5.29,22780,164
'201701','415',' DMC역 9번출구 앞','일일(비회원)','F','20대',1,53.28,0.48,2070,14
'201701','501',' 광진구의회 앞','일일(비회원)','F','20대',4,395.63,3.57,15370,122
'201701','502',' 뚝섬유원지역 1번출구 앞','일일(비회원)','F','20대',11,1668.46,15.04,64820,586
'201701','510',' 서울숲 남문 버스정류소 옆','일일(비회원)','F','30대',3,305.8,2.75,11880,103
'201701','400',' 상암한화오벨리스크 1차 앞','일일(비회원)','F','30대',1,79.02,0.71,3070,42
'201701','115',' 사루비아 빌딩 앞','일일(비회원)','F','30대',2,459.46,4.14,17850,146
'201701','110',' 사천교','일일(비회원)','F','30대',1,69.24,0.62,2690,28
'201701','320',' 을지로입구역 4번출구 앞','일일(비회원)','F','30대',1,62.03,0.56,2410,15
'201701','328',' 탑골공원 앞','일일(비회원)','F','30대',2,61,0.55,2370,33
'201701','337',' 창경궁 입구','일일(비회원)','F','30대',1,65.64,0.59,2550,38
'201701','339',' 종로4가 사거리','일일(비회원)','F','30대',1,109.91,0.99,4270,52
'201701','341',' 혜화역 3번출구 뒤','일일(비회원)','F','30대',1,77.48,0.7,3010,20
'201701','112',' 극동방송국 앞','일일(비회원)','F','30대',1,90.6,0.82,3520,16
'201701','361',' 동묘앞역 1번출구 뒤','일일(비회원)','F','30대',1,36.81,0.33,1430,14
'201701','383',' 신당역 12번 출구 뒤','일일(비회원)','F','30대',2,104.76,0.95,4070,73
'201701','114',' 홍대입구역 8번출구 앞','일일(비회원)','F','30대',1,445.56,4.02,17310,49
'201701','156',' 서울서부지방법원 앞','일일(비회원)','F','30대',1,104.76,0.94,4070,25
'201701','530',' 청계벽산아파트 앞','일일(비회원)','F','30대',1,15.96,0.14,620,3
'201701','602',' 장안동 사거리','일일(비회원)','F','30대',1,55.6,0.5,2160,17
'201701','232',' 양평우림 이비즈센타 앞','일일(비회원)','F','30대',2,324.07,2.92,12590,121
'201701','251',' 서울지방병무청 버스정류장','일일(비회원)','F','30대',1,31.92,0.29,1240,8
'201701','128',' 신촌역(2호선) 1번출구 옆','일일(비회원)','F','30대',1,78.76,0.71,3060,71
'201701','258',' 신길역3번출구','일일(비회원)','F','30대',1,120.21,1.08,4670,29
'201701','259',' 대방역6번출구','일일(비회원)','F','30대',2,353.16,3.19,13720,155
'201701','130',' 신촌역(2호선) 7번출구 앞','일일(비회원)','F','30대',1,115.06,1.04,4470,38
'201701','805',' 문배어린이공원 앞','일일(비회원)','F','30대',1,67.7,0.61,2630,36
'201701','181',' 망원초록길 입구','일일(비회원)','F','30대',1,92.41,0.83,3590,43
'201701','183',' 하늘채코오롱아파트 건너편','일일(비회원)','F','30대',1,75.16,0.68,2920,42
'201701','186',' 월드컵공원','일일(비회원)','F','30대',3,237.58,2.14,9230,125
'201701','191',' 정명학원','일일(비회원)','F','30대',1,83.91,0.76,3260,22
'201701','580',' 신금호역 3번출구 뒤','일일(비회원)','F','30대',1,41.96,0.38,1630,24
'201701','574',' 아차산역4번출구','일일(비회원)','F','30대',1,79.79,0.72,3100,23
'201701','623',' 서울시립대 정문 앞','일일(비회원)','F','30대',1,70.27,0.63,2730,21
'201701','199',' 서울 월드컵 경기장','일일(비회원)','F','30대',1,163.45,1.47,6350,72
'201701','902',' 진관동 은빛초등학교','일일(비회원)','F','30대',4,203.61,1.84,7910,211
'201701','905',' 구파발역 2번출구','일일(비회원)','F','30대',1,24.71,0.22,960,12
'201701','908',' 구산역 4번출구','일일(비회원)','F','30대',3,757.27,6.82,29420,173
'201701','909',' 백련산 힐스테이트 3차','일일(비회원)','F','30대',1,107.08,0.97,4160,26
'201701','206',' KBS 앞','일일(비회원)','F','30대',1,282.63,2.55,10980,53
'201701','214',' 금융감독원 앞','일일(비회원)','F','30대',2,86.23,0.78,3350,27
'201701','218',' 증권거래소 앞','일일(비회원)','F','30대',1,32.69,0.29,1270,16
'201701','219',' 롯데캐슬엠파이어 옆','일일(비회원)','F','30대',1,56.63,0.51,2200,19
'201701','226',' 샛강역 1번출구 앞','일일(비회원)','F','30대',1,171.69,1.55,6670,57
'201701','407',' 마포구 육아종합지원센터','일일(비회원)','F','30대',1,101.16,0.91,3930,46
'201701','408',' LG CNS앞','일일(비회원)','F','30대',1,11.58,0.1,450,4
'201701','419',' 홈플러스 앞','일일(비회원)','F','30대',1,113.26,1.02,4400,35
'201701','410',' 상암중학교 옆','일일(비회원)','F','30대',1,12.87,0.12,500,5
'201701','418',' 월드컵경기장역 3번출구 옆','일일(비회원)','F','30대',1,23.68,0.21,920,7
'201701','416',' 상암월드컵파크 1단지 교차로','일일(비회원)','F','30대',1,22.14,0.2,860,4
'201701','502',' 뚝섬유원지역 1번출구 앞','일일(비회원)','F','30대',2,325.61,2.94,12650,83
'201701','511',' 서울숲역 4번 출구 옆','일일(비회원)','F','40대',1,271.56,2.45,10550,82
'201701','109',' 제일빌딩 앞','일일(비회원)','F','40대',1,231.66,2.09,9000,92
'201701','367',' 독립문역 3-1번출구 ','일일(비회원)','F','40대',1,30.63,0.28,1190,17
'201701','119',' 서강나루 공원','일일(비회원)','F','40대',1,230.12,2.07,8940,65
'201701','608',' 전농삼성아파트','일일(비회원)','F','40대',1,179.92,1.62,6990,48
'201701','232',' 양평우림 이비즈센타 앞','일일(비회원)','F','40대',1,63.06,0.57,2450,38
'201701','255',' 도림4거리','일일(비회원)','F','40대',1,216.22,1.95,8400,65
'201701','184',' SK망원동주유소 건너편','일일(비회원)','F','40대',1,152.38,1.37,5920,67
'201701','177',' 북가좌 초등학교','일일(비회원)','F','40대',1,110.05,0.92,3970,53
'201701','133',' 해담는다리','일일(비회원)','F','40대',1,282.37,2.55,10970,56
'201701','583',' 청계천 생태교실 앞','일일(비회원)','F','40대',1,132.34,1.29,5570,31
'201701','576',' 광나루역 3번 출구','일일(비회원)','F','40대',1,6.69,0.06,260,1
'201701','621',' 동대문중학교 옆','일일(비회원)','F','40대',1,229.34,2.07,8910,59
'201701','642',' 신답역 사거리','일일(비회원)','F','40대',1,85.71,0.77,3330,52
'201701','825',' 서빙고동 주민센터 앞','일일(비회원)','F','40대',1,0,0,0,5
'201701','388',' 동성중학교 앞','일일(비회원)','F','40대',1,55.6,0.5,2160,28
'201701','924',' 메뚜기다리','일일(비회원)','F','40대',1,83.79,1.07,4600,52
'201701','203',' 국회의사당역 3번출구 옆','일일(비회원)','F','40대',1,47.62,0.43,1850,32
'201701','205',' 산업은행 앞','일일(비회원)','F','40대',3,261.78,2.36,10170,82
'201701','206',' KBS 앞','일일(비회원)','F','40대',2,188.93,1.7,7340,112
'201701','217',' NH농협은행 앞','일일(비회원)','F','40대',1,106.56,0.96,4140,38
'201701','224',' 롯데캐슬 앞','일일(비회원)','F','40대',1,261.78,2.36,10170,39
'201701','207',' 여의나루역 1번출구 앞','일일(비회원)','F','40대',6,968.86,8.73,37640,368
'201701','401',' 상암월드컵파크 10단지 앞','일일(비회원)','F','40대',1,47.88,0.43,1860,19
'201701','406',' 상암월드컵파크 7단지 앞','일일(비회원)','F','40대',1,85.46,0.77,3320,44
'201701','421',' 마포구청 앞','일일(비회원)','F','40대',1,183.01,1.65,7110,59
'201701','409',' 누리꿈스퀘어 옆','일일(비회원)','F','40대',1,31.92,0.3,1300,25
'201701','419',' 홈플러스 앞','일일(비회원)','F','40대',1,82.11,0.74,3190,48
'201701','342',' 대학로 마로니에공원','일일(비회원)','F','50대',1,104.54,1.02,4400,29
'201701','117',' 홍은사거리','일일(비회원)','F','50대',1,173.75,1.57,6750,28
'201701','359',' 원남동사거리','일일(비회원)','F','50대',1,70.27,0.63,2730,49
'201701','153',' 성산2교 사거리','일일(비회원)','F','50대',1,77.75,0.83,3570,35
'201701','602',' 장안동 사거리','일일(비회원)','F','50대',1,296.78,2.67,11530,87
'201701','126',' 서강대 후문 옆','일일(비회원)','F','50대',1,31.4,0.28,1220,8
'201701','703',' 오목교역 7번출구 앞','일일(비회원)','F','50대',1,211.58,1.91,8220,87
'201701','712',' 강월초교입구 사거리','일일(비회원)','F','50대',1,54.05,0.49,2100,13
'201701','719',' 홍익병원앞 교차로','일일(비회원)','F','50대',1,62.29,0.56,2420,32
'201701','205',' 산업은행 앞','일일(비회원)','F','50대',1,40.41,0.36,1570,24
'201701','206',' KBS 앞','일일(비회원)','F','50대',1,96.78,0.87,3760,57
'201701','207',' 여의나루역 1번출구 앞','일일(비회원)','F','50대',1,174.52,1.57,6780,50
'201701','511',' 서울숲역 4번 출구 옆','일일(비회원)','F','60대',1,209.52,1.89,8140,53
'201701','816',' 신용산역 6번출구 앞','일일(비회원)','F','60대',1,46.85,0.42,1820,15
'201701','248',' 초원아파트 앞','일일(비회원)','F','70대~',1,175.55,1.58,6820,36
'201701','574',' 아차산역4번출구','일일(비회원)','F','70대~',1,29.86,0.27,1160,24
'201701','202',' 국민일보 앞','일일(비회원)','F','70대~',1,188.16,1.7,7310,41
'201701','303',' 광화문역 1번출구 앞','일일(비회원)','M','~10대',1,50.97,0.46,1980,30
'201701','108',' 서교동 사거리','일일(비회원)','M','20대',3,309.27,2.78,11960,68
'201701','503',' 더샵스타시티 C동 앞','일일(비회원)','M','20대',1,164.99,1.49,6410,43
'201701','509',' 이마트 버스정류소 옆','일일(비회원)','M','20대',2,290.35,2.61,11280,53
'201701','510',' 서울숲 남문 버스정류소 옆','일일(비회원)','M','20대',3,302.19,2.72,11740,129
'201701','511',' 서울숲역 4번 출구 옆','일일(비회원)','M','20대',6,631.14,5.7,24520,237
'201701','512',' 뚝섬역 1번 출구 옆','일일(비회원)','M','20대',4,591.25,5.33,22970,186
'201701','514',' 성수사거리 버스정류장 앞','일일(비회원)','M','20대',1,165.51,1.49,6430,51
'201701','302',' 경복궁역 4번출구 뒤','일일(비회원)','M','20대',2,152.38,1.37,5920,76
'201701','115',' 사루비아 빌딩 앞','일일(비회원)','M','20대',1,183.01,1.65,7110,39
'201701','307',' 서울역사박물관 앞','일일(비회원)','M','20대',1,85.71,0.77,3330,37
'201701','310',' 청계광장 옆','일일(비회원)','M','20대',1,99.87,0.9,3880,30
'201701','311',' 서울광장 옆','일일(비회원)','M','20대',4,944.91,8.51,36710,256
'201701','313',' 서울역 광장 파출소 옆','일일(비회원)','M','20대',2,374.08,2.61,11270,67
'201701','314',' 국립현대미술관','일일(비회원)','M','20대',1,89.32,0.81,3470,38
'201701','315',' 신한은행 안국역지점 옆','일일(비회원)','M','20대',3,307.85,2.77,11960,209
'201701','316',' 종각역 1번출구 앞','일일(비회원)','M','20대',1,66.41,0.6,2580,20
'201701','320',' 을지로입구역 4번출구 앞','일일(비회원)','M','20대',2,179.92,1.62,6990,34
'201701','321',' KEB 하나은행 본점 앞','일일(비회원)','M','20대',2,87.26,0.78,3390,31
'201701','324',' 신세계백화점 본점 앞','일일(비회원)','M','20대',1,96.53,0.87,3750,26
'201701','326',' 안국역 5번출구 앞','일일(비회원)','M','20대',2,117.38,1.06,4560,30
'201701','327',' 낙원상가 옆','일일(비회원)','M','20대',2,84.17,0.76,3270,16
'201701','328',' 탑골공원 앞','일일(비회원)','M','20대',2,162.68,1.47,6320,40
'201701','329',' 청계2가 사거리 옆','일일(비회원)','M','20대',2,327.67,2.96,12730,84
'201701','330',' 청계천 한빛광장','일일(비회원)','M','20대',2,233.97,2.11,9090,95
'201701','331',' 을지로2가 사거리 북측','일일(비회원)','M','20대',2,248.65,2.24,9660,75
'201701','334',' 종로3가역 2번출구 뒤','일일(비회원)','M','20대',1,125.02,1.05,4510,54
'201701','335',' 종로3가역 15번출구 앞','일일(비회원)','M','20대',1,19.82,0.18,770,12
'201701','336',' 티마크 호텔 앞','일일(비회원)','M','20대',1,281.6,2.54,10940,68
'201701','337',' 창경궁 입구','일일(비회원)','M','20대',2,95.76,0.87,3720,23
'201701','338',' 세운스퀘어 앞','일일(비회원)','M','20대',2,55.08,0.5,2140,39
'201701','339',' 종로4가 사거리','일일(비회원)','M','20대',4,209.01,1.89,8120,61
'201701','340',' 혜화동 로터리','일일(비회원)','M','20대',1,69.24,0.62,2690,37
'201701','341',' 혜화역 3번출구 뒤','일일(비회원)','M','20대',2,290.71,2.6,11190,104
'201701','342',' 대학로 마로니에공원','일일(비회원)','M','20대',4,667.18,6.02,25920,278
'201701','112',' 극동방송국 앞','일일(비회원)','M','20대',7,812.1,7.32,31550,277
'201701','346',' 맥스타일 앞','일일(비회원)','M','20대',1,38.35,0.35,1490,10
'201701','352',' 중앙고입구 삼거리','일일(비회원)','M','20대',1,58.17,0.52,2260,25
'201701','353',' 재동초교 앞 삼거리','일일(비회원)','M','20대',1,72.59,0.65,2820,27
'201701','354',' 포르투갈 대사관 앞','일일(비회원)','M','20대',2,217.25,1.96,8440,75
'201701','356',' KT혜화지사 앞','일일(비회원)','M','20대',1,131.02,1.18,5090,40
'201701','358',' 성대입구 사거리','일일(비회원)','M','20대',1,62.81,0.57,2440,19
'201701','362',' 청계8가 사거리','일일(비회원)','M','20대',1,72.59,0.65,2820,27
'201701','364',' 창신역 1번출구 앞','일일(비회원)','M','20대',1,141.83,1.28,5510,55
'201701','113',' 홍대입구역 2번출구 앞','일일(비회원)','M','20대',1,45.56,0.41,1770,9
'201701','369',' 광화문 시민열린마당','일일(비회원)','M','20대',2,239.38,2.16,9300,72
'201701','377',' 서울역 4번출구 앞','일일(비회원)','M','20대',1,61.78,0.56,2400,15
'201701','378',' 청계7가 사거리','일일(비회원)','M','20대',1,118.4,1.07,4600,28
'201701','379',' 서울역9번출구','일일(비회원)','M','20대',1,156.24,1.41,6070,78
'201701','380',' CJ제일제당 앞','일일(비회원)','M','20대',2,278.5,2.51,10820,70
'201701','383',' 신당역 12번 출구 뒤','일일(비회원)','M','20대',3,334.87,3.01,13010,98
'201701','114',' 홍대입구역 8번출구 앞','일일(비회원)','M','20대',6,608.75,5.48,23650,167
'201701','142',' 아현역 4번출구 앞','일일(비회원)','M','20대',2,235.78,2.13,9160,41
'201701','147',' 마포역 4번출구 뒤','일일(비회원)','M','20대',1,88.03,0.79,3420,34
'201701','148',' 용강동 주민센터 앞','일일(비회원)','M','20대',1,38.42,0.34,1470,11
'201701','150',' 서강대역 2번출구 앞','일일(비회원)','M','20대',1,56.89,0.51,2210,58
'201701','152',' 마포구민체육센터 앞','일일(비회원)','M','20대',2,369.89,3.34,14370,97
'201701','153',' 성산2교 사거리','일일(비회원)','M','20대',2,75.62,0.71,3080,19
'201701','154',' 마포구청역 ','일일(비회원)','M','20대',1,155.98,1.41,6060,111
'201701','157',' 애오개역 4번출구 앞','일일(비회원)','M','20대',1,105.02,0.95,4080,31
'201701','158',' 독립문 어린이 공원','일일(비회원)','M','20대',1,92.15,0.83,3580,25
'201701','160',' 북아현동 가구거리','일일(비회원)','M','20대',1,59.97,0.54,2330,13
'201701','162',' 봉원고가차도 밑','일일(비회원)','M','20대',1,126.13,1.14,4900,19
'201701','168',' 남가좌동 사거리','일일(비회원)','M','20대',2,323.03,2.91,12550,52
'201701','172',' 서대문소방서','일일(비회원)','M','20대',4,361.39,3.25,14040,90
'201701','175',' 홍연2교옆','일일(비회원)','M','20대',1,354.7,3.2,13780,55
'201701','519',' 양지사거리','일일(비회원)','M','20대',1,39.9,0.36,1550,7
'201701','520',' 상왕십리역 4번 출구 앞','일일(비회원)','M','20대',1,63.58,0.57,2470,5
'201701','521',' 왕십리역 11번 출구 앞','일일(비회원)','M','20대',1,235.78,2.13,9160,65
'201701','525',' 한양대병원사거리','일일(비회원)','M','20대',2,317.12,2.86,12320,51
'201701','537',' 한양대후문역 부근','일일(비회원)','M','20대',2,180.18,1.63,7000,79
'201701','123',' 문화촌 공원','일일(비회원)','M','20대',6,938.73,8.46,36470,188
'201701','539',' 군자교교차로','일일(비회원)','M','20대',1,105.02,0.95,4080,35
'201701','540',' 군자역 7번출구 베스트샵 앞','일일(비회원)','M','20대',2,238.86,2.16,9280,192
'201701','542',' 강변역 4번출구 뒤','일일(비회원)','M','20대',4,551.35,4.97,21420,153
'201701','544',' 광남중학교','일일(비회원)','M','20대',1,154.44,1.39,6000,25
'201701','549',' 아차산역 3번출구','일일(비회원)','M','20대',1,96.01,0.87,3730,16
'201701','124',' 서강대 정문 건너편','일일(비회원)','M','20대',4,388.16,3.5,15080,148
'201701','600',' 휘경2동 주민센터','일일(비회원)','M','20대',1,132.56,1.19,5150,32
'201701','602',' 장안동 사거리','일일(비회원)','M','20대',1,294.21,2.65,11430,86
'201701','605',' 신설동역8번출구','일일(비회원)','M','20대',1,232.13,1.86,8030,56
'201701','607',' 신이문역 2번출구','일일(비회원)','M','20대',1,143.89,1.3,5590,35
'201701','609',' 제기2교','일일(비회원)','M','20대',1,97.04,0.87,3770,52
'201701','125',' 서강대 남문 옆','일일(비회원)','M','20대',2,78.1,0.7,3010,18
'201701','610',' 동대문중 교차로','일일(비회원)','M','20대',1,91.38,0.82,3550,18
'201701','613',' 신설동역 10번출구 앞','일일(비회원)','M','20대',2,285.46,2.57,11090,55
'201701','614',' 용두동 사거리','일일(비회원)','M','20대',6,836.54,7.54,32500,234
'201701','228',' 선유도역 3번출구 앞','일일(비회원)','M','20대',1,23.17,0.21,900,12
'201701','126',' 서강대 후문 옆','일일(비회원)','M','20대',1,34.49,0.31,1340,7
'201701','232',' 양평우림 이비즈센타 앞','일일(비회원)','M','20대',3,585.07,5.27,22730,191
'201701','127',' 현대벤처빌 앞','일일(비회원)','M','20대',1,44.02,0.4,1710,12
'201701','243',' 이앤씨드림타워 앞','일일(비회원)','M','20대',2,128.45,1.15,4990,47
'201701','244',' 영등포삼환아파트 앞','일일(비회원)','M','20대',1,242.47,2.19,9420,55
'201701','247',' 당산역 10번출구 앞','일일(비회원)','M','20대',1,95.24,0.86,3700,113
'201701','248',' 초원아파트 앞','일일(비회원)','M','20대',2,191.77,1.73,7450,70
'201701','249',' 여의도중학교 옆','일일(비회원)','M','20대',1,118.15,1.06,4590,66
'201701','128',' 신촌역(2호선) 1번출구 옆','일일(비회원)','M','20대',4,392.79,3.53,15260,98
'201701','257',' 신길삼거리(우리은행)','일일(비회원)','M','20대',4,398.4,3.52,15120,122
'201701','258',' 신길역3번출구','일일(비회원)','M','20대',1,181.72,1.64,7060,47
'201701','259',' 대방역6번출구','일일(비회원)','M','20대',2,427.8,3.86,16620,127
'201701','701',' 목동사거리 부근','일일(비회원)','M','20대',1,194.34,1.75,7550,47
'201701','129',' 신촌역(2호선) 6번출구 옆','일일(비회원)','M','20대',2,98.58,0.89,3830,19
'201701','802',' 한강진역 2번 출구 앞','일일(비회원)','M','20대',2,141.31,1.27,5490,32
'201701','806',' 전자랜드 본관 앞','일일(비회원)','M','20대',1,186.1,1.68,7230,57
'201701','807',' 서울역 12번 출구 앞','일일(비회원)','M','20대',1,73.62,0.66,2860,17
'201701','809',' 한남 유수지 복개주차장','일일(비회원)','M','20대',3,681.34,6.14,26470,134
'201701','811',' 녹사평역1번출구','일일(비회원)','M','20대',8,1408.05,11.86,51150,557
'201701','385',' 종각역 5번출구','일일(비회원)','M','20대',1,152.38,1.37,5920,28
'201701','132',' 창천문화공원','일일(비회원)','M','20대',4,296.66,2.57,11050,57
'201701','182',' 망원2빗물펌프장 앞','일일(비회원)','M','20대',1,376.66,2.6,11190,285
'201701','185',' 마포 신수공원 앞','일일(비회원)','M','20대',1,268.21,2.42,10420,39
'201701','186',' 월드컵공원','일일(비회원)','M','20대',1,87,0.78,3380,40
'201701','178',' 증산3교 앞','일일(비회원)','M','20대',1,259.53,1.54,6620,95
'201701','195',' 모래내고가차도 ','일일(비회원)','M','20대',1,67.7,0.61,2630,14
'201701','198',' 충정2교','일일(비회원)','M','20대',1,114.03,1.03,4430,26
'201701','556',' 달맞이공원','일일(비회원)','M','20대',2,578.64,5.22,22480,131
'201701','558',' 성동광진 교육지원청 앞','일일(비회원)','M','20대',3,128.95,1.16,5010,44
'201701','134',' 연세로 명물길','일일(비회원)','M','20대',2,311.2,2.8,12090,83
'201701','559',' 왕십리역 4번 출구 건너편','일일(비회원)','M','20대',2,210.3,1.89,8170,63
'201701','561',' 서울숲역 2번출구 앞','일일(비회원)','M','20대',1,55.6,0.5,2160,44
'201701','565',' 옥수역 3번출구','일일(비회원)','M','20대',4,350.58,3.17,13620,233
'201701','568',' 청계8가사거리 부근','일일(비회원)','M','20대',1,50.71,0.46,1970,9
'201701','135',' 명물길 원형무대 앞','일일(비회원)','M','20대',1,78.76,0.71,3060,19
'201701','582',' 경일중학교 앞','일일(비회원)','M','20대',1,42.99,0.39,1670,25
'201701','551',' 구의삼성쉐르빌 앞','일일(비회원)','M','20대',1,48.39,0.44,1880,13
'201701','553',' 중곡 성원APT 앞','일일(비회원)','M','20대',1,38.71,0.27,1150,7
'201701','136',' 대흥동 주민센터','일일(비회원)','M','20대',2,307.85,2.77,11960,149
'201701','571',' 어린이대공원역6번출구','일일(비회원)','M','20대',1,130.24,1.17,5060,61
'201701','572',' 국립정신 건강센터 앞','일일(비회원)','M','20대',1,69.24,0.62,2690,16
'201701','573',' 구의문주차장 앞','일일(비회원)','M','20대',1,130.24,1.17,5060,20
'201701','574',' 아차산역4번출구','일일(비회원)','M','20대',5,555.63,4.75,20490,161
'201701','137',' NH농협 신촌지점 앞','일일(비회원)','M','20대',4,429.09,3.87,16670,123
'201701','623',' 서울시립대 정문 앞','일일(비회원)','M','20대',4,300.9,2.72,11690,192
'201701','628',' 휘봉고등학교 앞','일일(비회원)','M','20대',1,134.36,1.21,5220,51
'201701','630',' 동대문구 보건소','일일(비회원)','M','20대',1,46.85,0.42,1820,41
'201701','631',' 답십리역 1번출구','일일(비회원)','M','20대',1,264.09,2.38,10260,127
'201701','102',' 망원역 1번출구 앞','일일(비회원)','M','20대',1,133.33,1.2,5180,23
'201701','138',' 신촌동 제1공영주차장 앞','일일(비회원)','M','20대',1,0,0,0,93
'201701','634',' 외국어대 정문 앞','일일(비회원)','M','20대',3,473.62,4.27,18400,147
'201701','637',' KAIST 경영대학 앞','일일(비회원)','M','20대',1,171.07,1.25,5400,88
'201701','638',' 서울시립대 정보기술관','일일(비회원)','M','20대',1,51.22,0.46,1990,12
'201701','639',' 서울시립대 후문','일일(비회원)','M','20대',3,736.94,6.65,28630,157
'201701','642',' 신답역 사거리','일일(비회원)','M','20대',2,302.19,2.73,11740,73
'201701','230',' 영등포구청역 1번출구','일일(비회원)','M','20대',1,151.83,1.48,6390,52
'201701','262',' 영문초등학교 사거리','일일(비회원)','M','20대',2,95.24,0.85,3700,16
'201701','263',' 근로자회관 사거리','일일(비회원)','M','20대',2,132.04,1.19,5130,35
'201701','141',' 연대 대운동장 옆','일일(비회원)','M','20대',1,71.04,0.64,2760,22
'201701','266',' 영등포청과시장 사거리','일일(비회원)','M','20대',1,44.27,0.4,1720,6
'201701','271',' 샛강생태공원방문자센터 앞','일일(비회원)','M','20대',1,148.26,1.34,5760,35
'201701','139',' 연세대 정문 건너편','일일(비회원)','M','20대',2,146.98,1.32,5710,40
'201701','825',' 서빙고동 주민센터 앞','일일(비회원)','M','20대',1,748,6.74,29060,230
'201701','199',' 서울 월드컵 경기장','일일(비회원)','M','20대',4,425.48,3.83,16530,192
'201701','388',' 동성중학교 앞','일일(비회원)','M','20대',3,345.43,3.11,13420,175
'201701','900',' 은평예술회관','일일(비회원)','M','20대',6,401.29,3.61,15590,103
'201701','904',' 은평뉴타운 푸르지오','일일(비회원)','M','20대',1,54.05,0.49,2100,15
'201701','906',' 연신내역 5번출구150M 아래','일일(비회원)','M','20대',3,495.24,4.46,19240,165
'201701','907',' CJ 드림시티','일일(비회원)','M','20대',1,74.39,0.67,2890,34
'201701','201',' 진미파라곤 앞','일일(비회원)','M','20대',1,157.53,1.42,6120,54
'201701','914',' 새절역 2번출구','일일(비회원)','M','20대',2,231.58,2.06,8850,55
'201701','915',' 증산역 4번출구','일일(비회원)','M','20대',4,441.7,3.98,17160,214
'201701','202',' 국민일보 앞','일일(비회원)','M','20대',3,312.74,2.82,12150,89
'201701','922',' 연신내역 4번출구','일일(비회원)','M','20대',1,51.74,0.47,2010,68
'201701','926',' 불광역 8번출구','일일(비회원)','M','20대',2,97.04,0.88,3770,25
'201701','927',' 연신내역 3번출구 인근','일일(비회원)','M','20대',3,154.95,1.4,6020,111
'201701','931',' 역촌파출소','일일(비회원)','M','20대',1,42.21,0.38,1640,11
'201701','932',' 예일여중','일일(비회원)','M','20대',4,472.13,3.82,16490,94
'201701','588',' 뚝섬 유원지역','일일(비회원)','M','20대',3,382.75,3.45,14870,160
'201701','103',' 망원역 2번출구 앞','일일(비회원)','M','20대',1,97.55,0.88,3790,76
'201701','203',' 국회의사당역 3번출구 옆','일일(비회원)','M','20대',1,149.55,1.35,5810,73
'201701','205',' 산업은행 앞','일일(비회원)','M','20대',2,104.25,0.94,4050,28
'201701','206',' KBS 앞','일일(비회원)','M','20대',1,249.68,2.25,9700,37
'201701','209',' 유진투자증권빌딩 앞','일일(비회원)','M','20대',3,138.99,1.26,5400,73
'201701','210',' IFC몰','일일(비회원)','M','20대',2,298.07,2.69,11580,126
'201701','211',' 여의도역 4번출구 옆','일일(비회원)','M','20대',4,151.63,1.33,5770,42
'201701','212',' 여의도역 1번출구 옆','일일(비회원)','M','20대',1,89.58,0.81,3480,33
'201701','104',' 합정역 1번출구 앞','일일(비회원)','M','20대',3,429.6,3.87,16690,91
'201701','215',' 여의도고교 앞','일일(비회원)','M','20대',4,238.53,2.12,9140,68
'201701','221',' 여의도초교 앞','일일(비회원)','M','20대',5,905.79,8.17,35190,213
'201701','222',' 시범아파트버스정류장 옆','일일(비회원)','M','20대',2,302.45,2.72,11750,105
'201701','223',' 진주아파트상가 앞','일일(비회원)','M','20대',1,33.46,0.3,1300,7
'201701','105',' 합정역 5번출구 앞','일일(비회원)','M','20대',2,435.26,3.92,16910,100
'201701','224',' 롯데캐슬 앞','일일(비회원)','M','20대',1,176.32,1.59,6850,42
'201701','225',' 앙카라공원 앞','일일(비회원)','M','20대',2,293.69,2.64,11410,97
'201701','226',' 샛강역 1번출구 앞','일일(비회원)','M','20대',1,32.18,0.29,1250,7
'201701','207',' 여의나루역 1번출구 앞','일일(비회원)','M','20대',12,2657.66,23.97,103250,758
'201701','106',' 합정역 7번출구 앞','일일(비회원)','M','20대',4,623.16,5.61,24210,209
'201701','406',' 상암월드컵파크 7단지 앞','일일(비회원)','M','20대',1,125.87,1.13,4890,78
'201701','421',' 마포구청 앞','일일(비회원)','M','20대',3,464.86,4.19,18060,120
'201701','408',' LG CNS앞','일일(비회원)','M','20대',1,34.75,0.31,1350,7
'201701','420',' 서울시 공공자전거 상암센터','일일(비회원)','M','20대',1,104.5,0.94,4060,42
'201701','409',' 누리꿈스퀘어 옆','일일(비회원)','M','20대',1,64.09,0.58,2490,18
'201701','419',' 홈플러스 앞','일일(비회원)','M','20대',5,387.87,3.44,14860,126
'201701','418',' 월드컵경기장역 3번출구 옆','일일(비회원)','M','20대',3,237.4,2.13,9180,83
'201701','107',' 신한은행 서교동금융센터점 앞','일일(비회원)','M','20대',3,185.48,1.69,7300,37
'201701','411',' DMC홍보관','일일(비회원)','M','20대',1,32.95,0.3,1280,7
'201701','415',' DMC역 9번출구 앞','일일(비회원)','M','20대',1,53.54,0.48,2080,13
'201701','500',' 어린이대공원역 3번출구 앞','일일(비회원)','M','20대',2,141.29,1.16,5000,27
'201701','501',' 광진구의회 앞','일일(비회원)','M','20대',5,593.55,5.36,23060,137
'201701','502',' 뚝섬유원지역 1번출구 앞','일일(비회원)','M','20대',7,1460.22,13.16,56730,470
'201701','508',' 성수아카데미타워 앞','일일(비회원)','M','30대',2,233.72,2.11,9080,214
'201701','510',' 서울숲 남문 버스정류소 옆','일일(비회원)','M','30대',1,146.46,1.32,5690,59
'201701','301',' 경복궁역 7번출구 앞','일일(비회원)','M','30대',1,98.58,0.89,3830,31
'201701','307',' 서울역사박물관 앞','일일(비회원)','M','30대',1,271.22,1.77,7610,38
'201701','308',' 광화문 S타워 앞','일일(비회원)','M','30대',1,233.2,2.1,9060,78
'201701','328',' 탑골공원 앞','일일(비회원)','M','30대',3,152.9,1.37,5940,42
'201701','342',' 대학로 마로니에공원','일일(비회원)','M','30대',2,133.07,1.19,5170,111
'201701','345',' 서울보증보험본사 앞','일일(비회원)','M','30대',1,23.42,0.21,910,7
'201701','358',' 성대입구 사거리','일일(비회원)','M','30대',1,127.41,1.15,4950,55
'201701','146',' 마포역 1번출구 뒤','일일(비회원)','M','30대',1,168.85,1.52,6560,148
'201701','150',' 서강대역 2번출구 앞','일일(비회원)','M','30대',1,132.3,1.19,5140,64
'201701','152',' 마포구민체육센터 앞','일일(비회원)','M','30대',1,113.77,1.03,4420,30
'201701','160',' 북아현동 가구거리','일일(비회원)','M','30대',2,327.78,2.7,11660,73
'201701','171',' 임광빌딩 앞','일일(비회원)','M','30대',1,47.88,0.43,1860,13
'201701','122',' 신성기사식당 앞','일일(비회원)','M','30대',1,555.47,5.01,21580,149
'201701','540',' 군자역 7번출구 베스트샵 앞','일일(비회원)','M','30대',1,114.8,1.03,4460,24
'201701','602',' 장안동 사거리','일일(비회원)','M','30대',1,56.11,0.51,2180,17
'201701','616',' 서울시립대 앞','일일(비회원)','M','30대',2,73.61,0.67,2860,12
'201701','232',' 양평우림 이비즈센타 앞','일일(비회원)','M','30대',1,173.75,1.57,6750,75
'201701','234',' 영등포구민체육센터 앞','일일(비회원)','M','30대',1,92.15,0.83,3580,30
'201701','127',' 현대벤처빌 앞','일일(비회원)','M','30대',1,101.42,0.91,3940,32
'201701','250',' 대림아파트 사거리','일일(비회원)','M','30대',1,135.39,1.22,5260,39
'201701','128',' 신촌역(2호선) 1번출구 옆','일일(비회원)','M','30대',1,384.81,3.47,14950,84
'201701','256',' 동아에코빌입구','일일(비회원)','M','30대',1,32.43,0.29,1260,10
'201701','809',' 한남 유수지 복개주차장','일일(비회원)','M','30대',1,102.96,0.93,4000,46
'201701','387',' 훈련원공원주차장 앞','일일(비회원)','M','30대',1,39.12,0.35,1520,12
'201701','559',' 왕십리역 4번 출구 건너편','일일(비회원)','M','30대',1,76.71,0.69,2980,14
'201701','561',' 서울숲역 2번출구 앞','일일(비회원)','M','30대',2,104.76,0.95,4070,65
'201701','568',' 청계8가사거리 부근','일일(비회원)','M','30대',1,91.12,0.82,3540,32
'201701','580',' 신금호역 3번출구 뒤','일일(비회원)','M','30대',1,40.41,0.36,1570,21
'201701','623',' 서울시립대 정문 앞','일일(비회원)','M','30대',1,73.1,0.66,2840,21
'201701','140',' 이화여대 후문','일일(비회원)','M','30대',1,67.72,0.44,1900,124
'201701','816',' 신용산역 6번출구 앞','일일(비회원)','M','30대',1,140.8,1.27,5470,40
'201701','199',' 서울 월드컵 경기장','일일(비회원)','M','30대',1,219.56,1.98,8530,137
'201701','586',' 마장동 주민센터','일일(비회원)','M','30대',1,235.78,2.13,9160,58
'201701','900',' 은평예술회관','일일(비회원)','M','30대',1,66.41,0.6,2580,39
'201701','903',' 은평뉴타운 아이파크','일일(비회원)','M','30대',1,61.26,0.55,2380,22
'201701','906',' 연신내역 5번출구150M 아래','일일(비회원)','M','30대',2,79.28,0.71,3080,66
'201701','907',' CJ 드림시티','일일(비회원)','M','30대',1,66.15,0.6,2570,13
'201701','931',' 역촌파출소','일일(비회원)','M','30대',1,47.1,0.42,1830,10
'201701','588',' 뚝섬 유원지역','일일(비회원)','M','30대',1,268.21,2.42,10420,100
'201701','205',' 산업은행 앞','일일(비회원)','M','30대',1,137.97,1.24,5360,28
'201701','206',' KBS 앞','일일(비회원)','M','30대',1,201.29,1.81,7820,53
'201701','211',' 여의도역 4번출구 옆','일일(비회원)','M','30대',1,31.92,0.29,1240,16
'201701','212',' 여의도역 1번출구 옆','일일(비회원)','M','30대',1,90.09,0.81,3500,17
'201701','219',' 롯데캐슬엠파이어 옆','일일(비회원)','M','30대',1,41.18,0.37,1600,13
'201701','226',' 샛강역 1번출구 앞','일일(비회원)','M','30대',2,310.94,2.81,12080,105
'201701','106',' 합정역 7번출구 앞','일일(비회원)','M','30대',1,96.01,0.87,3730,88
'201701','421',' 마포구청 앞','일일(비회원)','M','30대',1,30.63,0.28,1190,29
'201701','419',' 홈플러스 앞','일일(비회원)','M','30대',1,0.51,0,20,6
'201701','418',' 월드컵경기장역 3번출구 옆','일일(비회원)','M','30대',1,462.55,4.17,17970,118
'201701','501',' 광진구의회 앞','일일(비회원)','M','30대',1,81.6,0.74,3170,23
'201701','511',' 서울숲역 4번 출구 옆','일일(비회원)','M','40대',3,509.13,4.6,19780,252
'201701','400',' 상암한화오벨리스크 1차 앞','일일(비회원)','M','40대',1,114.8,1.03,4460,53
'201701','110',' 사천교','일일(비회원)','M','40대',1,69.24,0.62,2690,27
'201701','368',' SK 서린빌딩 앞','일일(비회원)','M','40대',1,71.81,0.65,2790,36
'201701','167',' 연가초등학교 옆','일일(비회원)','M','40대',1,153.15,1.38,5950,30
'201701','602',' 장안동 사거리','일일(비회원)','M','40대',1,42.47,0.38,1650,12
'201701','247',' 당산역 10번출구 앞','일일(비회원)','M','40대',1,240.93,2.17,9360,107
'201701','703',' 오목교역 7번출구 앞','일일(비회원)','M','40대',1,98.07,0.88,3810,43
'201701','709',' 신정3동 현장민원실 앞','일일(비회원)','M','40대',1,364.48,3.29,14160,111
'201701','130',' 신촌역(2호선) 7번출구 앞','일일(비회원)','M','40대',1,114.54,1.03,4450,36
'201701','805',' 문배어린이공원 앞','일일(비회원)','M','40대',1,69.76,0.63,2710,27
'201701','809',' 한남 유수지 복개주차장','일일(비회원)','M','40대',1,219.56,1.98,8530,70
'201701','811',' 녹사평역1번출구','일일(비회원)','M','40대',1,67.64,0.57,2440,23
'201701','387',' 훈련원공원주차장 앞','일일(비회원)','M','40대',1,39.64,0.36,1540,12
'201701','186',' 월드컵공원','일일(비회원)','M','40대',1,28.57,0.26,1110,38
'201701','556',' 달맞이공원','일일(비회원)','M','40대',1,24.97,0.23,970,6
'201701','571',' 어린이대공원역6번출구','일일(비회원)','M','40대',1,140.8,1.27,5470,53
'201701','574',' 아차산역4번출구','일일(비회원)','M','40대',1,62.81,0.57,2440,15
'201701','825',' 서빙고동 주민센터 앞','일일(비회원)','M','40대',1,121.24,1.09,4710,98
'201701','900',' 은평예술회관','일일(비회원)','M','40대',2,85.97,0.78,3340,72
'201701','907',' CJ 드림시티','일일(비회원)','M','40대',1,293.69,2.65,11410,54
'201701','205',' 산업은행 앞','일일(비회원)','M','40대',2,219.05,1.97,8510,76
'201701','206',' KBS 앞','일일(비회원)','M','40대',1,91.12,0.82,3540,56
'201701','213',' KT앞','일일(비회원)','M','40대',1,126.38,1.14,4910,41
'201701','207',' 여의나루역 1번출구 앞','일일(비회원)','M','40대',1,168.6,1.52,6550,54
'201701','421',' 마포구청 앞','일일(비회원)','M','40대',1,247.88,2.23,9630,67
'201701','407',' 마포구 육아종합지원센터','일일(비회원)','M','40대',1,81.85,0.74,3180,16
'201701','420',' 서울시 공공자전거 상암센터','일일(비회원)','M','40대',1,161.13,1.45,6260,50
'201701','500',' 어린이대공원역 3번출구 앞','일일(비회원)','M','40대',2,155.72,1.41,6050,47
'201701','114',' 홍대입구역 8번출구 앞','일일(비회원)','M','50대',1,33.98,0.31,1320,5
'201701','152',' 마포구민체육센터 앞','일일(비회원)','M','50대',1,129.47,1.17,5030,43
'201701','154',' 마포구청역 ','일일(비회원)','M','50대',1,0,0,0,116
'201701','179',' 가좌역 4번출구 앞','일일(비회원)','M','50대',1,64.35,0.58,2500,20
'201701','247',' 당산역 10번출구 앞','일일(비회원)','M','50대',1,259.46,2.34,10080,101
'201701','259',' 대방역6번출구','일일(비회원)','M','50대',1,368.6,3.32,14320,94
'201701','815',' LIG강촌아파트 103동앞','일일(비회원)','M','50대',1,200.51,1.81,7790,49
'201701','186',' 월드컵공원','일일(비회원)','M','50대',1,113.77,1.03,4420,51
'201701','905',' 구파발역 2번출구','일일(비회원)','M','50대',1,61.26,0.55,2380,31
'201701','207',' 여의나루역 1번출구 앞','일일(비회원)','M','50대',1,148.52,1.34,5770,44
'201701','420',' 서울시 공공자전거 상암센터','일일(비회원)','M','50대',1,41.18,0.37,1600,20
'201701','150',' 서강대역 2번출구 앞','일일(비회원)','M','60대',2,463.06,4.17,17990,102
'201701','152',' 마포구민체육센터 앞','일일(비회원)','M','60대',4,711.19,6.41,27630,134
'201701','119',' 서강나루 공원','일일(비회원)','M','60대',2,425.74,3.84,16540,68
'201701','122',' 신성기사식당 앞','일일(비회원)','M','60대',1,548.26,4.94,21300,140
'201701','616',' 서울시립대 앞','일일(비회원)','M','60대',1,71.3,0.64,2770,18
'201701','129',' 신촌역(2호선) 6번출구 옆','일일(비회원)','M','60대',1,148.78,1.34,5780,31
'201701','708',' 서울출입국관리사무소 앞','일일(비회원)','M','60대',1,259.97,2.34,10100,80
'201701','565',' 옥수역 3번출구','일일(비회원)','M','60대',1,4536.02,44.29,190910,117
'201701','199',' 서울 월드컵 경기장','일일(비회원)','M','60대',1,55.34,0.5,2150,14
'201701','907',' CJ 드림시티','일일(비회원)','M','60대',1,63.32,0.57,2460,24
'201701','915',' 증산역 4번출구','일일(비회원)','M','60대',2,377.09,3.4,14650,81
'201701','418',' 월드컵경기장역 3번출구 옆','일일(비회원)','M','60대',1,62.55,0.56,2430,14
'201701','186',' 월드컵공원','일일(비회원)','M','70대~',1,156.24,1.41,6070,63
'201701','146',' 마포역 1번출구 뒤','단체','F','~10대',2,194.59,1.75,7560,114
'201701','153',' 성산2교 사거리','단체','F','~10대',2,425.48,3.84,16530,208
'201701','128',' 신촌역(2호선) 1번출구 옆','단체','F','~10대',5,421.87,4.49,19370,247
'201701','561',' 서울숲역 2번출구 앞','단체','F','~10대',2,365.66,3.57,15390,200
'201701','501',' 광진구의회 앞','단체','F','~10대',2,88.65,0.95,4070,110
'201701','511',' 서울숲역 4번 출구 옆','단체','F','20대',2,212.1,1.91,8240,99
'201701','115',' 사루비아 빌딩 앞','단체','F','20대',1,70.27,0.63,2730,22
'201701','315',' 신한은행 안국역지점 옆','단체','F','20대',2,102.17,1.2,5160,39
'201701','111',' 상수역 2번출구 앞','단체','F','20대',2,176.83,1.59,6870,107
'201701','335',' 종로3가역 15번출구 앞','단체','F','20대',4,478.45,4.44,19140,156
'201701','339',' 종로4가 사거리','단체','F','20대',2,68.99,0.84,3630,24
'201701','369',' 광화문 시민열린마당','단체','F','20대',2,273.62,2.46,10630,72
'201701','169',' 북가좌 삼거리','단체','F','20대',2,142.86,1.28,5550,42
'201701','543',' 구의공원(테크노마트 앞)','단체','F','20대',2,220.17,2.58,11120,236
'201701','608',' 전농삼성아파트','단체','F','20대',1,236.55,2.13,9190,88
'201701','231',' 남부고용노동지청 남측','단체','F','20대',3,186.47,1.29,5540,33
'201701','127',' 현대벤처빌 앞','단체','F','20대',3,372.24,4.36,18800,232
'201701','249',' 여의도중학교 옆','단체','F','20대',6,738.92,7,30160,266
'201701','812',' 용산전쟁기념관','단체','F','20대',2,105.02,0.94,4080,34
'201701','182',' 망원2빗물펌프장 앞','단체','F','20대',2,141.58,1.63,7010,63
'201701','556',' 달맞이공원','단체','F','20대',4,1003,10.91,47020,310
'201701','565',' 옥수역 3번출구','단체','F','20대',1,240.93,2.17,9360,97
'201701','639',' 서울시립대 후문','단체','F','20대',2,91.12,0.83,3540,23
'201701','230',' 영등포구청역 1번출구','단체','F','20대',3,58.9,0.4,1750,223
'201701','267',' 삼성화재 사옥 옆','단체','F','20대',5,296.55,2.04,8810,145
'201701','912',' 응암오거리','단체','F','20대',2,291.01,3.56,15310,102
'201701','913',' 이마트 은평점','단체','F','20대',2,273.87,2.47,10640,79
'201701','205',' 산업은행 앞','단체','F','20대',3,160.35,1.45,6230,48
'201701','206',' KBS 앞','단체','F','20대',3,502.97,4.53,19540,160
'201701','210',' IFC몰','단체','F','20대',2,200.51,2.03,8730,90
'201701','214',' 금융감독원 앞','단체','F','20대',3,270.52,2.44,10510,133
'201701','226',' 샛강역 1번출구 앞','단체','F','20대',3,183.67,1.59,6840,73
'201701','420',' 서울시 공공자전거 상암센터','단체','F','20대',2,141.57,1.28,5500,117
'201701','418',' 월드컵경기장역 3번출구 옆','단체','F','20대',2,374.22,3.65,15750,220
'201701','500',' 어린이대공원역 3번출구 앞','단체','F','20대',2,128.29,1.45,6230,59
'201701','501',' 광진구의회 앞','단체','F','20대',2,250.07,2.93,12630,113
'201701','115',' 사루비아 빌딩 앞','단체','F','30대',2,162.68,1.46,6320,51
'201701','308',' 광화문 S타워 앞','단체','F','30대',3,159.66,1.04,4480,79
'201701','312',' 시청역 1번출구 뒤','단체','F','30대',3,116.55,0.76,3270,62
'201701','314',' 국립현대미술관','단체','F','30대',2,127.41,0.99,4290,30
'201701','316',' 종각역 1번출구 앞','단체','F','30대',3,48.47,0.31,1360,35
'201701','320',' 을지로입구역 4번출구 앞','단체','F','30대',2,133.65,1.04,4500,54
'201701','143',' 공덕역 2번출구','단체','F','30대',4,860.75,6.31,27170,187
'201701','160',' 북아현동 가구거리','단체','F','30대',2,255.85,2.3,9940,83
'201701','164',' 북가좌1동 주민센터 ','단체','F','30대',2,243.55,3.1,13370,98
'201701','169',' 북가좌 삼거리','단체','F','30대',2,261.95,3.34,14380,109
'201701','530',' 청계벽산아파트 앞','단체','F','30대',2,118.19,1.33,5740,58
'201701','232',' 양평우림 이비즈센타 앞','단체','F','30대',2,277.48,2.96,12740,120
'201701','186',' 월드컵공원','단체','F','30대',6,498.74,5.62,24170,256
'201701','816',' 신용산역 6번출구 앞','단체','F','30대',2,121.97,1.29,5600,118
'201701','906',' 연신내역 5번출구150M 아래','단체','F','30대',3,189.95,1.92,8270,80
'201701','926',' 불광역 8번출구','단체','F','30대',2,224.17,2.26,9760,538
'201701','419',' 홈플러스 앞','단체','F','30대',2,175.55,1.58,6820,119
'201701','509',' 이마트 버스정류소 옆','단체','F','40대',4,225.49,2.03,8760,146
'201701','511',' 서울숲역 4번 출구 옆','단체','F','40대',4,718.69,4.74,20420,303
'201701','312',' 시청역 1번출구 뒤','단체','F','40대',2,230.11,2.08,8940,94
'201701','367',' 독립문역 3-1번출구 ','단체','F','40대',5,305.2,5.97,25690,276
'201701','114',' 홍대입구역 8번출구 앞','단체','F','40대',2,93.97,0.78,3390,39
'201701','144',' 공덕역 8번출구','단체','F','40대',2,68.84,0.71,3050,33
'201701','148',' 용강동 주민센터 앞','단체','F','40대',4,579.51,5.66,24390,184
'201701','175',' 홍연2교옆','단체','F','40대',4,1416.1,10.78,46440,383
'201701','126',' 서강대 후문 옆','단체','F','40대',3,83.52,0.86,3700,32
'201701','249',' 여의도중학교 옆','단체','F','40대',3,578.92,6.17,26580,275
'201701','703',' 오목교역 7번출구 앞','단체','F','40대',2,73,1.34,5760,51
'201701','130',' 신촌역(2호선) 7번출구 앞','단체','F','40대',2,385.98,3.96,17100,98
'201701','181',' 망원초록길 입구','단체','F','40대',3,224.53,2.63,11340,68
'201701','183',' 하늘채코오롱아파트 건너편','단체','F','40대',2,87.04,0.73,3140,28
'201701','186',' 월드컵공원','단체','F','40대',4,968.93,9.46,40780,308
'201701','559',' 왕십리역 4번 출구 건너편','단체','F','40대',2,202.06,1.91,8230,53
'201701','561',' 서울숲역 2번출구 앞','단체','F','40대',3,195.37,1.76,7590,155
'201701','583',' 청계천 생태교실 앞','단체','F','40대',2,194.59,1.63,7020,36
'201701','571',' 어린이대공원역6번출구','단체','F','40대',2,394.34,3.56,15320,105
'201701','575',' 중앙농협 중곡지점','단체','F','40대',2,205.72,2.41,10390,90
'201701','199',' 서울 월드컵 경기장','단체','F','40대',3,233.97,2.11,9090,104
'201701','921',' 신도고등학교','단체','F','40대',4,335.01,3.92,16920,203
'201701','207',' 여의나루역 1번출구 앞','단체','F','40대',2,277.4,3.25,14010,141
'201701','420',' 서울시 공공자전거 상암센터','단체','F','40대',4,297.6,3.48,15030,92
'201701','510',' 서울숲 남문 버스정류소 옆','단체','F','50대',3,394.65,3.85,16610,113
'201701','115',' 사루비아 빌딩 앞','단체','F','50대',2,260.29,2.18,9390,70
'201701','354',' 포르투갈 대사관 앞','단체','F','50대',3,427.2,4.17,17980,164
'201701','548',' 자양나들목','단체','F','50대',3,405.11,3.96,17050,121
'201701','249',' 여의도중학교 옆','단체','F','50대',2,92.77,1.03,4420,77
'201701','105',' 합정역 5번출구 앞','단체','F','50대',2,362.81,3.55,15270,106
'201701','419',' 홈플러스 앞','단체','F','50대',2,216.5,1.81,7810,55
'201701','412',' DMC산학협력연구센터 앞','단체','F','50대',1,149.69,1.25,5400,49
'201701','115',' 사루비아 빌딩 앞','단체','F','60대',1,25.48,0.23,990,7
'201701','116',' 일진아이윌아파트 옆','단체','M','~10대',1,302.15,2.53,10900,43
'201701','342',' 대학로 마로니에공원','단체','M','~10대',2,486.49,3.13,13500,88
'201701','114',' 홍대입구역 8번출구 앞','단체','M','~10대',2,224.2,2.34,10110,80
'201701','165',' 중앙근린공원','단체','M','~10대',2,237.06,2.14,9210,90
'201701','519',' 양지사거리','단체','M','~10대',2,170.42,1.88,8120,63
'201701','196',' 연희교차로 인근','단체','M','~10대',1,69.02,0.58,2490,31
'201701','623',' 서울시립대 정문 앞','단체','M','~10대',2,552.7,3.81,16420,115
'201701','202',' 국민일보 앞','단체','M','~10대',2,223.98,2.35,10100,102
'201701','205',' 산업은행 앞','단체','M','~10대',6,610.95,6.4,27550,323
'201701','207',' 여의나루역 1번출구 앞','단체','M','~10대',5,1482.74,12.41,53490,611
'201701','502',' 뚝섬유원지역 1번출구 앞','단체','M','~10대',2,386.1,3.48,15000,149
'201701','312',' 시청역 1번출구 뒤','단체','M','20대',7,263.76,2.4,10280,120
'201701','314',' 국립현대미술관','단체','M','20대',12,1346.71,10,43030,843
'201701','315',' 신한은행 안국역지점 옆','단체','M','20대',2,102.64,0.94,4050,35
'201701','316',' 종각역 1번출구 앞','단체','M','20대',5,185.58,1.67,7210,71
'201701','318',' 광교사거리 남측','단체','M','20대',9,585.65,4.34,18680,196
'201701','320',' 을지로입구역 4번출구 앞','단체','M','20대',5,808.25,7.29,31400,214
'201701','321',' KEB 하나은행 본점 앞','단체','M','20대',2,137.46,1.24,5340,58
'201701','322',' 명동성당 앞','단체','M','20대',2,544.58,4.14,17860,124
'201701','326',' 안국역 5번출구 앞','단체','M','20대',5,500.9,4.52,19460,356
'201701','328',' 탑골공원 앞','단체','M','20대',4,262.45,2.44,10530,94
'201701','334',' 종로3가역 2번출구 뒤','단체','M','20대',7,813.32,6.05,26100,330
'201701','338',' 세운스퀘어 앞','단체','M','20대',3,167.66,1.75,7560,142
'201701','339',' 종로4가 사거리','단체','M','20대',6,604.51,3.95,17060,328
'201701','344',' 성균관대 E하우스 앞','단체','M','20대',2,324.15,2.97,12790,133
'201701','346',' 맥스타일 앞','단체','M','20대',3,133.94,1.07,4580,28
'201701','370',' 시청역(2호선) 9번출구 뒤','단체','M','20대',3,118.92,1.07,4620,38
'201701','114',' 홍대입구역 8번출구 앞','단체','M','20대',2,66.92,0.6,2600,16
'201701','147',' 마포역 4번출구 뒤','단체','M','20대',3,1048.72,7.06,30440,241
'201701','159',' 이대역 4번 출구','단체','M','20대',5,171.17,1.55,6650,98
'201701','160',' 북아현동 가구거리','단체','M','20대',2,247.87,2.27,9780,64
'201701','180',' 충정로역 7번출구 뒤','단체','M','20대',2,90.61,0.82,3520,26
'201701','123',' 문화촌 공원','단체','M','20대',2,417.72,2.88,12410,70
'201701','601',' 용신동주민센터','단체','M','20대',2,197.33,1.06,4530,25
'201701','237',' 보라매 두산위브 건너편','단체','M','20대',5,298.33,2.69,11590,140
'201701','259',' 대방역6번출구','단체','M','20대',3,1474.65,8.55,36870,403
'201701','707',' 신정3동주민센터','단체','M','20대',2,118.41,1.07,4600,36
'201701','806',' 전자랜드 본관 앞','단체','M','20대',2,538.22,3.76,16180,90
'201701','807',' 서울역 12번 출구 앞','단체','M','20대',2,176.05,1.42,6090,102
'201701','813',' 삼각지역 3번출구','단체','M','20대',5,563.71,5.07,21900,270
'201701','134',' 연세로 명물길','단체','M','20대',5,162.49,1.73,7460,142
'201701','569',' 응봉현대아파트 정류소','단체','M','20대',2,547.47,4.58,19750,210
'201701','137',' NH농협 신촌지점 앞','단체','M','20대',2,164.93,1.38,5950,48
'201701','905',' 구파발역 2번출구','단체','M','20대',2,423.61,2.62,11260,81
'201701','907',' CJ 드림시티','단체','M','20대',2,945.18,6.51,28080,224
'201701','202',' 국민일보 앞','단체','M','20대',2,267.7,2.42,10400,180
'201701','222',' 시범아파트버스정류장 옆','단체','M','20대',2,183.42,1.34,5790,46
'201701','500',' 어린이대공원역 3번출구 앞','단체','M','20대',2,206.67,1.42,6140,58
'201701','501',' 광진구의회 앞','단체','M','20대',4,535.1,4.02,17330,155
'201701','510',' 서울숲 남문 버스정류소 옆','단체','M','30대',2,293.18,2.65,11390,98
'201701','511',' 서울숲역 4번 출구 옆','단체','M','30대',2,584.87,3.36,14480,126
'201701','321',' KEB 하나은행 본점 앞','단체','M','30대',2,115.83,1.04,4500,55
'201701','334',' 종로3가역 2번출구 뒤','단체','M','30대',2,35.98,0.3,1280,8
'201701','335',' 종로3가역 15번출구 앞','단체','M','30대',1,58.92,0.43,1860,29
'201701','339',' 종로4가 사거리','단체','M','30대',2,36.84,0.3,1310,8
'201701','340',' 혜화동 로터리','단체','M','30대',2,305.08,2.24,9630,91
'201701','147',' 마포역 4번출구 뒤','단체','M','30대',2,1113.56,8.15,35150,315
'201701','128',' 신촌역(2호선) 1번출구 옆','단체','M','30대',2,297.46,2.38,10290,72
'201701','582',' 경일중학교 앞','단체','M','30대',3,264.16,1.52,6540,56
'201701','573',' 구의문주차장 앞','단체','M','30대',2,69.68,0.49,2120,16
'201701','260',' 여의도 마리나선착장 앞','단체','M','30대',4,516.09,4.65,20050,122
'201701','907',' CJ 드림시티','단체','M','30대',2,373.97,3.48,14990,95
'201701','103',' 망원역 2번출구 앞','단체','M','30대',3,108.03,1.15,4960,104
'201701','206',' KBS 앞','단체','M','30대',2,600.08,4.57,19680,106
'201701','409',' 누리꿈스퀘어 옆','단체','M','30대',2,65.61,0.61,2630,26
'201701','419',' 홈플러스 앞','단체','M','30대',2,108.53,1.01,4350,31
'201701','502',' 뚝섬유원지역 1번출구 앞','단체','M','30대',2,435.02,2.5,10770,82
'201701','510',' 서울숲 남문 버스정류소 옆','단체','M','40대',8,704.2,5.5,23710,315
'201701','515',' 광양중학교 앞','단체','M','40대',4,228.73,1.68,7220,90
'201701','309',' 광화문역 6번출구 옆','단체','M','40대',1,104.5,0.87,3770,47
'201701','311',' 서울광장 옆','단체','M','40대',8,600.99,4.66,20150,171
'201701','314',' 국립현대미술관','단체','M','40대',2,110.94,1,4310,83
'201701','318',' 광교사거리 남측','단체','M','40대',4,371.61,2.71,11730,119
'201701','320',' 을지로입구역 4번출구 앞','단체','M','40대',4,478.37,3.5,15100,105
'201701','322',' 명동성당 앞','단체','M','40대',4,238.55,1.75,7530,68
'201701','326',' 안국역 5번출구 앞','단체','M','40대',3,66.16,0.6,2570,331
'201701','328',' 탑골공원 앞','단체','M','40대',4,304.25,2.74,11820,164
'201701','329',' 청계2가 사거리 옆','단체','M','40대',4,129.89,0.95,4100,32
'201701','339',' 종로4가 사거리','단체','M','40대',6,411.2,3.02,12980,102
'201701','340',' 혜화동 로터리','단체','M','40대',4,557.89,4.08,17610,108
'201701','346',' 맥스타일 앞','단체','M','40대',2,157.13,1.15,4960,28
'201701','347',' 동대문역사문화공원역 9번출구 앞','단체','M','40대',2,195.15,1.43,6160,36
'201701','353',' 재동초교 앞 삼거리','단체','M','40대',1,67.08,0.56,2420,23
'201701','377',' 서울역 4번출구 앞','단체','M','40대',1,61.26,0.51,2210,27
'201701','114',' 홍대입구역 8번출구 앞','단체','M','40대',2,249.18,1.64,7070,61
'201701','143',' 공덕역 2번출구','단체','M','40대',2,285.83,1.88,8110,78
'201701','152',' 마포구민체육센터 앞','단체','M','40대',2,0,0,0,65
'201701','536',' 행당역 2번출구 앞','단체','M','40대',6,1218.89,11.9,51300,345
'201701','543',' 구의공원(테크노마트 앞)','단체','M','40대',4,581.96,4.27,18370,120
'201701','544',' 광남중학교','단체','M','40대',12,2966.86,23.74,102330,951
'201701','808',' 서빙고동 금호맨션 앞','단체','M','40대',3,258.68,2.34,10050,150
'201701','813',' 삼각지역 3번출구','단체','M','40대',4,462.81,4.18,17980,165
'201701','182',' 망원2빗물펌프장 앞','단체','M','40대',3,483.84,3.93,16970,143
'201701','186',' 월드컵공원','단체','M','40대',5,530.84,4.55,19560,168
'201701','561',' 서울숲역 2번출구 앞','단체','M','40대',4,371.54,2.91,12510,179
'201701','565',' 옥수역 3번출구','단체','M','40대',1,107,0.9,3860,28
'201701','574',' 아차산역4번출구','단체','M','40대',2,136.89,1.38,5960,92
'201701','816',' 신용산역 6번출구 앞','단체','M','40대',4,58.43,0.52,2270,24
'201701','825',' 서빙고동 주민센터 앞','단체','M','40대',1,197.64,1.65,7130,69
'201701','388',' 동성중학교 앞','단체','M','40대',6,555.35,4.06,17530,96
'201701','903',' 은평뉴타운 아이파크','단체','M','40대',2,354.26,2.47,10650,117
'201701','907',' CJ 드림시티','단체','M','40대',3,955.94,6.51,28070,184
'201701','210',' IFC몰','단체','M','40대',7,1478,9.61,41470,246
'201701','212',' 여의도역 1번출구 옆','단체','M','40대',2,153.41,1.38,5960,40
'201701','221',' 여의도초교 앞','단체','M','40대',4,443.42,3.46,14930,132
'201701','207',' 여의나루역 1번출구 앞','단체','M','40대',2,143.51,1.4,6040,91
'201701','421',' 마포구청 앞','단체','M','40대',2,384.87,2.89,12460,92
'201701','419',' 홈플러스 앞','단체','M','40대',2,190.47,1.72,7400,80
'201701','502',' 뚝섬유원지역 1번출구 앞','단체','M','40대',4,656.41,4.8,20720,200
'201701','119',' 서강나루 공원','단체','M','50대',4,860.43,6.3,27160,153
'201701','170',' 가재울 뉴타운 주유소 옆','단체','M','50대',2,481.6,4.34,18710,104
'201701','188',' 홍은동 정원여중 입구','단체','M','50대',3,1115.07,10.06,43320,338
'201701','210',' IFC몰','단체','M','50대',7,991.6,7.34,31640,226
'201701','419',' 홈플러스 앞','단체','M','60대',2,715.04,6.25,26950,131
'201701','510',' 서울숲 남문 버스정류소 옆','일일(2시간권)','F','~10대',1,120.66,1.29,5540,85
'201701','511',' 서울숲역 4번 출구 옆','일일(2시간권)','F','~10대',1,124.15,1.32,5700,107
'201701','512',' 뚝섬역 1번 출구 옆','일일(2시간권)','F','~10대',1,492.88,5.25,22630,118
'201701','145',' 공덕역 5번출구','일일(2시간권)','F','~10대',1,227.5,2.67,11490,116
'201701','228',' 선유도역 3번출구 앞','일일(2시간권)','F','~10대',1,470.23,5.1,21990,137
'201701','249',' 여의도중학교 옆','일일(2시간권)','F','~10대',1,222.89,2.46,10620,81
'201701','561',' 서울숲역 2번출구 앞','일일(2시간권)','F','~10대',2,290.82,2.76,11900,164
'201701','576',' 광나루역 3번 출구','일일(2시간권)','F','~10대',1,446.69,4.36,18800,144
'201701','822',' 이촌1동 마을공원','일일(2시간권)','F','~10대',2,173.74,1.36,5850,58
'201701','825',' 서빙고동 주민센터 앞','일일(2시간권)','F','~10대',1,173.21,1.69,7290,117
'201701','199',' 서울 월드컵 경기장','일일(2시간권)','F','~10대',1,209.29,2.45,10570,84
'201701','907',' CJ 드림시티','일일(2시간권)','F','~10대',1,494.92,4.83,20830,107
'201701','923',' 국민은행 연서지점','일일(2시간권)','F','~10대',1,624.2,5.63,24250,134
'201701','224',' 롯데캐슬 앞','일일(2시간권)','F','~10대',1,11.31,0.13,560,6
'201701','207',' 여의나루역 1번출구 앞','일일(2시간권)','F','~10대',1,134.16,1.79,7700,102
'201701','421',' 마포구청 앞','일일(2시간권)','F','~10대',1,57.92,0.52,2250,100
'201701','420',' 서울시 공공자전거 상암센터','일일(2시간권)','F','~10대',1,78.69,0.85,3680,90
'201701','500',' 어린이대공원역 3번출구 앞','일일(2시간권)','F','~10대',1,357.33,3.88,16710,144
'201701','502',' 뚝섬유원지역 1번출구 앞','일일(2시간권)','F','~10대',1,143.53,1.53,6590,57
'201701','503',' 더샵스타시티 C동 앞','일일(2시간권)','F','20대',1,44.27,0.4,1720,68
'201701','510',' 서울숲 남문 버스정류소 옆','일일(2시간권)','F','20대',1,160.88,1.45,6250,97
'201701','511',' 서울숲역 4번 출구 옆','일일(2시간권)','F','20대',5,881.81,8.34,35980,462
'201701','512',' 뚝섬역 1번 출구 옆','일일(2시간권)','F','20대',1,335.13,3.02,13020,122
'201701','109',' 제일빌딩 앞','일일(2시간권)','F','20대',3,626.64,6.48,27950,148
'201701','515',' 광양중학교 앞','일일(2시간권)','F','20대',1,89.58,0.81,3480,89
'201701','516',' 광진메디칼 앞','일일(2시간권)','F','20대',2,351.82,3.6,15540,262
'201701','115',' 사루비아 빌딩 앞','일일(2시간권)','F','20대',1,232.69,2.1,9040,68
'201701','310',' 청계광장 옆','일일(2시간권)','F','20대',1,239.14,2.55,10980,112
'201701','311',' 서울광장 옆','일일(2시간권)','F','20대',1,51.84,0.43,1870,16
'201701','315',' 신한은행 안국역지점 옆','일일(2시간권)','F','20대',2,326.32,3.22,13860,160
'201701','316',' 종각역 1번출구 앞','일일(2시간권)','F','20대',3,478.41,4.82,20770,194
'201701','320',' 을지로입구역 4번출구 앞','일일(2시간권)','F','20대',2,237.8,2.63,11330,156
'201701','321',' KEB 하나은행 본점 앞','일일(2시간권)','F','20대',1,272.59,2.46,10590,70
'201701','324',' 신세계백화점 본점 앞','일일(2시간권)','F','20대',2,72.71,0.78,3380,66
'201701','328',' 탑골공원 앞','일일(2시간권)','F','20대',2,121.49,1.1,4720,83
'201701','111',' 상수역 2번출구 앞','일일(2시간권)','F','20대',1,164.13,1.81,7820,52
'201701','340',' 혜화동 로터리','일일(2시간권)','F','20대',1,186.36,1.68,7240,63
'201701','341',' 혜화역 3번출구 뒤','일일(2시간권)','F','20대',2,152.37,1.69,7260,153
'201701','117',' 홍은사거리','일일(2시간권)','F','20대',2,1010.04,9.86,42510,223
'201701','354',' 포르투갈 대사관 앞','일일(2시간권)','F','20대',2,197.69,1.78,7680,96
'201701','356',' KT혜화지사 앞','일일(2시간권)','F','20대',2,232.07,2.31,9950,161
'201701','358',' 성대입구 사거리','일일(2시간권)','F','20대',1,298.49,3.12,13460,125
'201701','363',' 신설동역 11번출구 뒤','일일(2시간권)','F','20대',1,471.04,4.25,18300,106
'201701','113',' 홍대입구역 2번출구 앞','일일(2시간권)','F','20대',1,156.56,1.64,7060,77
'201701','368',' SK 서린빌딩 앞','일일(2시간권)','F','20대',1,162.78,1.87,8060,99
'201701','118',' 광흥창역 2번출구 앞','일일(2시간권)','F','20대',1,611.3,5.35,23040,111
'201701','383',' 신당역 12번 출구 뒤','일일(2시간권)','F','20대',1,274.65,2.48,10670,75
'201701','144',' 공덕역 8번출구','일일(2시간권)','F','20대',1,887.67,8.67,37360,90
'201701','145',' 공덕역 5번출구','일일(2시간권)','F','20대',2,426.4,5.32,22910,233
'201701','146',' 마포역 1번출구 뒤','일일(2시간권)','F','20대',2,295.75,2.67,11490,179
'201701','147',' 마포역 4번출구 뒤','일일(2시간권)','F','20대',1,57.82,0.68,2920,26
'201701','148',' 용강동 주민센터 앞','일일(2시간권)','F','20대',3,433.03,4.31,18570,143
'201701','152',' 마포구민체육센터 앞','일일(2시간권)','F','20대',3,385.34,4.43,19080,242
'201701','121',' 마포소방서 앞','일일(2시간권)','F','20대',1,427.7,3.74,16120,80
'201701','175',' 홍연2교옆','일일(2시간권)','F','20대',2,490.86,4.42,19070,123
'201701','519',' 양지사거리','일일(2시간권)','F','20대',1,61.78,0.6,2600,27
'201701','525',' 한양대병원사거리','일일(2시간권)','F','20대',3,689.86,6.49,27990,221
'201701','529',' 장한평역 8번 출구 앞','일일(2시간권)','F','20대',2,176.47,1.72,7430,91
'201701','536',' 행당역 2번출구 앞','일일(2시간권)','F','20대',1,521.06,3.59,15480,90
'201701','537',' 한양대후문역 부근','일일(2시간권)','F','20대',2,211.92,2.26,9730,165
'201701','550',' 서울시설공단 앞','일일(2시간권)','F','20대',1,200.53,1.96,8440,97
'201701','540',' 군자역 7번출구 베스트샵 앞','일일(2시간권)','F','20대',1,292.53,3.17,13680,119
'201701','542',' 강변역 4번출구 뒤','일일(2시간권)','F','20대',2,1411.15,14.55,62710,455
'201701','543',' 구의공원(테크노마트 앞)','일일(2시간권)','F','20대',2,817.76,7.76,33420,182
'201701','605',' 신설동역8번출구','일일(2시간권)','F','20대',1,72.41,0.8,3450,78
'201701','607',' 신이문역 2번출구','일일(2시간권)','F','20대',1,49.04,0.6,2580,27
'201701','125',' 서강대 남문 옆','일일(2시간권)','F','20대',2,548.74,6.13,26430,227
'201701','613',' 신설동역 10번출구 앞','일일(2시간권)','F','20대',2,202.23,1.85,7960,125
'201701','614',' 용두동 사거리','일일(2시간권)','F','20대',1,50.16,0.55,2390,80
'201701','228',' 선유도역 3번출구 앞','일일(2시간권)','F','20대',2,807.44,6.25,26940,174
'201701','232',' 양평우림 이비즈센타 앞','일일(2시간권)','F','20대',1,155.75,2.03,8740,74
'201701','236',' 문래동자이아파트 앞','일일(2시간권)','F','20대',2,93.19,1.03,4440,43
'201701','237',' 보라매 두산위브 건너편','일일(2시간권)','F','20대',3,1498.59,13.51,58220,381
'201701','242',' 신길선원가와인아파트 앞','일일(2시간권)','F','20대',1,101.06,1.26,5430,66
'201701','244',' 영등포삼환아파트 앞','일일(2시간권)','F','20대',1,281.08,2.53,10920,80
'201701','245',' 삼성생명 당산사옥 앞','일일(2시간권)','F','20대',2,248.5,2.65,11440,100
'201701','248',' 초원아파트 앞','일일(2시간권)','F','20대',1,813.47,6.53,28140,114
'201701','249',' 여의도중학교 옆','일일(2시간권)','F','20대',1,272.25,2.9,12500,77
'201701','254',' 도림신협 앞','일일(2시간권)','F','20대',1,26.24,0.33,1410,19
'201701','258',' 신길역3번출구','일일(2시간권)','F','20대',6,913.04,8.54,36870,372
'201701','259',' 대방역6번출구','일일(2시간권)','F','20대',1,568.6,5.12,22090,169
'201701','700',' KB국민은행 염창역 지점 앞','일일(2시간권)','F','20대',1,221.28,2.36,10160,64
'201701','703',' 오목교역 7번출구 앞','일일(2시간권)','F','20대',1,259.83,2.87,12380,87
'201701','706',' 신정네거리역','일일(2시간권)','F','20대',2,382.43,4.57,19710,175
'201701','130',' 신촌역(2호선) 7번출구 앞','일일(2시간권)','F','20대',1,53.14,0.57,2440,63
'201701','800',' 목월공원 앞','일일(2시간권)','F','20대',5,1558.76,15.33,66070,307
'201701','805',' 문배어린이공원 앞','일일(2시간권)','F','20대',1,105.79,0.95,4110,45
'201701','809',' 한남 유수지 복개주차장','일일(2시간권)','F','20대',2,549.13,5.81,25010,194
'201701','811',' 녹사평역1번출구','일일(2시간권)','F','20대',1,403.46,3.33,14350,134
'201701','815',' LIG강촌아파트 103동앞','일일(2시간권)','F','20대',1,144.94,1.42,6100,81
'201701','182',' 망원2빗물펌프장 앞','일일(2시간권)','F','20대',5,1193.02,12.64,54510,583
'201701','186',' 월드컵공원','일일(2시간권)','F','20대',1,183.78,1.66,7140,94
'201701','188',' 홍은동 정원여중 입구','일일(2시간권)','F','20대',1,452.51,4.08,17580,103
'201701','133',' 해담는다리','일일(2시간권)','F','20대',1,232.48,2.62,11290,61
'201701','194',' 증산교 앞','일일(2시간권)','F','20대',1,178.86,2.23,9610,93
'201701','558',' 성동광진 교육지원청 앞','일일(2시간권)','F','20대',1,188.42,1.84,7930,62
'201701','561',' 서울숲역 2번출구 앞','일일(2시간권)','F','20대',2,523.9,5.54,23860,215
'201701','563',' 성동세무서 건너편','일일(2시간권)','F','20대',2,917.12,8.27,35630,240
'201701','565',' 옥수역 3번출구','일일(2시간권)','F','20대',3,719.18,6.48,27940,194
'201701','567',' 성수역 2번출구 앞','일일(2시간권)','F','20대',1,230.06,3,12910,72
'201701','568',' 청계8가사거리 부근','일일(2시간권)','F','20대',4,433.02,3.89,16760,180
'201701','583',' 청계천 생태교실 앞','일일(2시간권)','F','20대',2,630.94,5.96,25710,194
'201701','553',' 중곡 성원APT 앞','일일(2시간권)','F','20대',1,120.47,1.33,5740,90
'201701','577',' 광진청소년수련관','일일(2시간권)','F','20대',2,783.53,7.06,30440,240
'201701','631',' 답십리역 1번출구','일일(2시간권)','F','20대',2,613.93,5.39,23250,354
'201701','138',' 신촌동 제1공영주차장 앞','일일(2시간권)','F','20대',1,219.38,2.57,11080,61
'201701','634',' 외국어대 정문 앞','일일(2시간권)','F','20대',3,534.6,5.15,22200,205
'201701','643',' 동대문구민체육센터 (육교아래)','일일(2시간권)','F','20대',3,816.64,8.08,34800,231
'201701','263',' 근로자회관 사거리','일일(2시간권)','F','20대',4,973.71,10.86,46830,445
'201701','141',' 연대 대운동장 옆','일일(2시간권)','F','20대',1,452.77,4.08,17590,155
'201701','266',' 영등포청과시장 사거리','일일(2시간권)','F','20대',1,53.54,0.48,2080,25
'201701','272',' 당산육갑문','일일(2시간권)','F','20대',4,850.22,8.25,35500,369
'201701','816',' 신용산역 6번출구 앞','일일(2시간권)','F','20대',2,262.33,2.4,10320,60
'201701','818',' 숙명여대 입구 교차로','일일(2시간권)','F','20대',1,67.69,0.94,4070,32
'201701','820',' 청파동입구 교차로','일일(2시간권)','F','20대',2,405.15,3.66,15740,184
'201701','825',' 서빙고동 주민센터 앞','일일(2시간권)','F','20대',1,395.13,3.86,16630,110
'201701','199',' 서울 월드컵 경기장','일일(2시간권)','F','20대',3,1020.79,10.18,43910,367
'201701','388',' 동성중학교 앞','일일(2시간권)','F','20대',3,962.5,9.19,39610,415
'201701','586',' 마장동 주민센터','일일(2시간권)','F','20대',1,96.27,1.03,4420,90
'201701','901',' 응암1동사무소','일일(2시간권)','F','20대',3,300.07,3.3,14200,232
'201701','907',' CJ 드림시티','일일(2시간권)','F','20대',1,340.01,3.76,16200,82
'201701','912',' 응암오거리','일일(2시간권)','F','20대',2,386.87,5.27,22720,117
'201701','914',' 새절역 2번출구','일일(2시간권)','F','20대',1,261.95,3.07,13230,114
'201701','915',' 증산역 4번출구','일일(2시간권)','F','20대',1,228.42,2.62,11310,100
'201701','202',' 국민일보 앞','일일(2시간권)','F','20대',4,970.13,10.83,46660,240
'201701','925',' 불광역 2번출구','일일(2시간권)','F','20대',1,234.73,2.37,10220,84
'201701','931',' 역촌파출소','일일(2시간권)','F','20대',2,612.62,5.52,23800,195
'201701','588',' 뚝섬 유원지역','일일(2시간권)','F','20대',1,13.45,0.18,790,118
'201701','103',' 망원역 2번출구 앞','일일(2시간권)','F','20대',2,683.4,6.16,26550,276
'201701','205',' 산업은행 앞','일일(2시간권)','F','20대',2,871.37,6.98,30050,283
'201701','211',' 여의도역 4번출구 옆','일일(2시간권)','F','20대',1,284.17,2.56,11040,72
'201701','212',' 여의도역 1번출구 옆','일일(2시간권)','F','20대',2,282.27,3.02,13020,204
'201701','213',' KT앞','일일(2시간권)','F','20대',3,222.4,2.01,8640,108
'201701','104',' 합정역 1번출구 앞','일일(2시간권)','F','20대',3,520.52,5.75,24810,283
'201701','221',' 여의도초교 앞','일일(2시간권)','F','20대',2,384.92,3.84,16520,124
'201701','105',' 합정역 5번출구 앞','일일(2시간권)','F','20대',1,290.09,2.61,11270,79
'201701','207',' 여의나루역 1번출구 앞','일일(2시간권)','F','20대',27,7773.5,71.56,308570,2783
'201701','106',' 합정역 7번출구 앞','일일(2시간권)','F','20대',3,934.04,8.83,38050,338
'201701','421',' 마포구청 앞','일일(2시간권)','F','20대',1,177.07,1.89,8130,144
'201701','420',' 서울시 공공자전거 상암센터','일일(2시간권)','F','20대',1,119.43,1.08,4640,106
'201701','419',' 홈플러스 앞','일일(2시간권)','F','20대',1,0,0,0,120
'201701','413',' 상암월드컵파크 3단지 후문','일일(2시간권)','F','20대',1,0,0,0,161
'201701','417',' DMC역 2번출구 옆','일일(2시간권)','F','20대',2,449.68,4.05,17470,174
'201701','501',' 광진구의회 앞','일일(2시간권)','F','20대',3,613.44,6.12,26350,204
'201701','502',' 뚝섬유원지역 1번출구 앞','일일(2시간권)','F','20대',7,3212.5,29.95,129120,875
'201701','505',' 자양사거리 광진아크로텔 앞','일일(2시간권)','F','30대',4,1026.6,9.57,41220,386
'201701','509',' 이마트 버스정류소 옆','일일(2시간권)','F','30대',1,332.3,3,12910,112
'201701','511',' 서울숲역 4번 출구 옆','일일(2시간권)','F','30대',7,2487.78,23.97,103270,633
'201701','515',' 광양중학교 앞','일일(2시간권)','F','30대',2,427.17,4.19,18030,210
'201701','361',' 동묘앞역 1번출구 뒤','일일(2시간권)','F','30대',1,486.37,4.75,20470,119
'201701','113',' 홍대입구역 2번출구 앞','일일(2시간권)','F','30대',1,100.13,0.9,3890,45
'201701','118',' 광흥창역 2번출구 앞','일일(2시간권)','F','30대',5,171.63,2.1,9030,419
'201701','144',' 공덕역 8번출구','일일(2시간권)','F','30대',2,487,4.39,18920,292
'201701','147',' 마포역 4번출구 뒤','일일(2시간권)','F','30대',1,50.75,0.62,2670,112
'201701','152',' 마포구민체육센터 앞','일일(2시간권)','F','30대',1,508.11,4.58,19740,110
'201701','119',' 서강나루 공원','일일(2시간권)','F','30대',1,34.59,0.42,1820,102
'201701','155',' 가좌역1 번출구 뒤','일일(2시간권)','F','30대',1,590.48,5.32,22940,95
'201701','120',' 신수동 사거리','일일(2시간권)','F','30대',3,97.52,1.19,5130,283
'201701','165',' 중앙근린공원','일일(2시간권)','F','30대',1,508.38,6.08,26200,268
'201701','175',' 홍연2교옆','일일(2시간권)','F','30대',1,89.06,0.8,3460,49
'201701','122',' 신성기사식당 앞','일일(2시간권)','F','30대',1,32.69,0.4,1720,30
'201701','534',' 금호사거리','일일(2시간권)','F','30대',1,515.06,4.64,20010,124
'201701','548',' 자양나들목','일일(2시간권)','F','30대',2,75.55,0.74,3180,136
'201701','124',' 서강대 정문 건너편','일일(2시간권)','F','30대',1,80.93,0.91,3930,116
'201701','609',' 제기2교','일일(2시간권)','F','30대',1,127.41,1.36,5850,64
'201701','227',' 양평2나들목 보행통로 입구','일일(2시간권)','F','30대',3,176.06,1.59,6840,88
'201701','232',' 양평우림 이비즈센타 앞','일일(2시간권)','F','30대',2,709.83,8.32,35850,177
'201701','244',' 영등포삼환아파트 앞','일일(2시간권)','F','30대',1,180.77,2.12,9130,104
'201701','245',' 삼성생명 당산사옥 앞','일일(2시간권)','F','30대',1,283.4,2.55,11010,93
'201701','247',' 당산역 10번출구 앞','일일(2시간권)','F','30대',1,326.94,3.19,13760,87
'201701','248',' 초원아파트 앞','일일(2시간권)','F','30대',1,85.73,1,4330,49
'201701','256',' 동아에코빌입구','일일(2시간권)','F','30대',1,537.69,5.08,21900,179
'201701','259',' 대방역6번출구','일일(2시간권)','F','30대',1,126.13,1.14,4900,29
'201701','703',' 오목교역 7번출구 앞','일일(2시간권)','F','30대',5,676.57,7.93,34170,195
'201701','706',' 신정네거리역','일일(2시간권)','F','30대',3,193.84,2.27,9790,94
'201701','130',' 신촌역(2호선) 7번출구 앞','일일(2시간권)','F','30대',1,295.88,2.75,11860,89
'201701','806',' 전자랜드 본관 앞','일일(2시간권)','F','30대',1,234.49,2.11,9110,80
'201701','809',' 한남 유수지 복개주차장','일일(2시간권)','F','30대',1,317.37,2.86,12330,52
'201701','811',' 녹사평역1번출구','일일(2시간권)','F','30대',1,206.71,2.42,10440,111
'201701','385',' 종각역 5번출구','일일(2시간권)','F','30대',1,508.05,5.13,22120,116
'201701','182',' 망원2빗물펌프장 앞','일일(2시간권)','F','30대',1,635.52,5.73,24690,105
'201701','185',' 마포 신수공원 앞','일일(2시간권)','F','30대',5,276.47,3.15,13600,388
'201701','186',' 월드컵공원','일일(2시간권)','F','30대',1,150.32,1.35,5840,62
'201701','188',' 홍은동 정원여중 입구','일일(2시간권)','F','30대',1,400.83,3.91,16870,109
'201701','556',' 달맞이공원','일일(2시간권)','F','30대',1,450.71,4.06,17510,114
'201701','574',' 아차산역4번출구','일일(2시간권)','F','30대',1,271.36,2.94,12690,90
'201701','576',' 광나루역 3번 출구','일일(2시간권)','F','30대',1,224.97,2.03,8740,52
'201701','637',' KAIST 경영대학 앞','일일(2시간권)','F','30대',2,1091.58,11.22,48360,215
'201701','642',' 신답역 사거리','일일(2시간권)','F','30대',1,332.82,3,12930,76
'201701','272',' 당산육갑문','일일(2시간권)','F','30대',2,765.76,6.9,29750,190
'201701','719',' 홍익병원앞 교차로','일일(2시간권)','F','30대',2,345.37,3.49,15040,88
'201701','822',' 이촌1동 마을공원','일일(2시간권)','F','30대',1,1.08,0.01,40,3
'201701','825',' 서빙고동 주민센터 앞','일일(2시간권)','F','30대',1,236.19,2.66,11470,83
'201701','907',' CJ 드림시티','일일(2시간권)','F','30대',1,70.09,0.68,2950,75
'201701','914',' 새절역 2번출구','일일(2시간권)','F','30대',1,171.67,2.01,8670,54
'201701','921',' 신도고등학교','일일(2시간권)','F','30대',1,180.71,2,8610,73
'201701','932',' 예일여중','일일(2시간권)','F','30대',1,294.47,2.65,11440,95
'201701','205',' 산업은행 앞','일일(2시간권)','F','30대',1,140.48,1.5,6450,119
'201701','210',' IFC몰','일일(2시간권)','F','30대',1,27.49,0.3,1310,9
'201701','212',' 여의도역 1번출구 옆','일일(2시간권)','F','30대',2,252.64,2.35,10110,119
'201701','220',' 미성아파트 A동 앞','일일(2시간권)','F','30대',1,7.56,0.08,360,5
'201701','226',' 샛강역 1번출구 앞','일일(2시간권)','F','30대',2,51.56,0.51,2170,75
'201701','207',' 여의나루역 1번출구 앞','일일(2시간권)','F','30대',1,17.82,0.21,900,8
'201701','420',' 서울시 공공자전거 상암센터','일일(2시간권)','F','30대',1,280.31,2.53,10890,98
'201701','419',' 홈플러스 앞','일일(2시간권)','F','30대',1,63.36,0.74,3200,21
'201701','418',' 월드컵경기장역 3번출구 옆','일일(2시간권)','F','30대',4,976.94,9.45,40710,238
'201701','502',' 뚝섬유원지역 1번출구 앞','일일(2시간권)','F','30대',1,126.6,1.61,6950,77
'201701','509',' 이마트 버스정류소 옆','일일(2시간권)','F','40대',1,146.52,1.72,7400,172
'201701','510',' 서울숲 남문 버스정류소 옆','일일(2시간권)','F','40대',2,492.24,3.92,16870,169
'201701','511',' 서울숲역 4번 출구 옆','일일(2시간권)','F','40대',1,215.33,1.68,7250,106
'201701','307',' 서울역사박물관 앞','일일(2시간권)','F','40대',3,584.64,4.88,21050,229
'201701','349',' 사직동주민센터','일일(2시간권)','F','40대',2,279.77,3.28,14130,180
'201701','117',' 홍은사거리','일일(2시간권)','F','40대',1,386.97,3.24,13960,104
'201701','148',' 용강동 주민센터 앞','일일(2시간권)','F','40대',1,158.06,2.06,8870,129
'201701','151',' 망원1동주민센터','일일(2시간권)','F','40대',2,150.54,1.57,6730,142
'201701','152',' 마포구민체육센터 앞','일일(2시간권)','F','40대',1,198.46,1.79,7710,55
'201701','172',' 서대문소방서','일일(2시간권)','F','40대',1,256.21,3,12940,108
'201701','175',' 홍연2교옆','일일(2시간권)','F','40대',1,433.7,3.18,13690,116
'201701','525',' 한양대병원사거리','일일(2시간권)','F','40대',1,242.21,2.18,9410,79
'201701','526',' 용답토속공원 앞','일일(2시간권)','F','40대',1,400.09,3.21,13840,89
'201701','123',' 문화촌 공원','일일(2시간권)','F','40대',1,433.72,3.91,16850,116
'201701','609',' 제기2교','일일(2시간권)','F','40대',1,372.87,3.97,17120,112
'201701','227',' 양평2나들목 보행통로 입구','일일(2시간권)','F','40대',1,368.79,3.22,13900,87
'201701','242',' 신길선원가와인아파트 앞','일일(2시간권)','F','40대',1,152.9,1.38,5940,111
'201701','249',' 여의도중학교 옆','일일(2시간권)','F','40대',1,284.45,3.03,13060,102
'201701','700',' KB국민은행 염창역 지점 앞','일일(2시간권)','F','40대',2,442.23,3.94,16990,178
'201701','701',' 목동사거리 부근','일일(2시간권)','F','40대',1,187.35,1.32,5700,189
'201701','809',' 한남 유수지 복개주차장','일일(2시간권)','F','40대',1,298.62,2.4,10330,84
'201701','815',' LIG강촌아파트 103동앞','일일(2시간권)','F','40대',1,183.53,1.65,7130,83
'201701','557',' 도선동 주민센터 앞','일일(2시간권)','F','40대',1,171.43,1.55,6660,56
'201701','631',' 답십리역 1번출구','일일(2시간권)','F','40대',1,102.96,0.93,4000,56
'201701','139',' 연세대 정문 건너편','일일(2시간권)','F','40대',1,204.12,1.84,7930,58
'201701','825',' 서빙고동 주민센터 앞','일일(2시간권)','F','40대',3,869.1,9.84,42370,358
'201701','912',' 응암오거리','일일(2시간권)','F','40대',1,246.59,2.22,9580,119
'201701','914',' 새절역 2번출구','일일(2시간권)','F','40대',1,224.97,2.03,8740,112
'201701','915',' 증산역 4번출구','일일(2시간권)','F','40대',1,291.38,2.63,11320,101
'201701','202',' 국민일보 앞','일일(2시간권)','F','40대',2,338.74,4.22,18200,205
'201701','206',' KBS 앞','일일(2시간권)','F','40대',1,145.41,1.17,5030,108
'201701','212',' 여의도역 1번출구 옆','일일(2시간권)','F','40대',2,201.81,1.82,7840,195
'201701','207',' 여의나루역 1번출구 앞','일일(2시간권)','F','40대',1,345.71,2.03,8730,89
'201701','420',' 서울시 공공자전거 상암센터','일일(2시간권)','F','40대',2,362.93,4.26,18330,191
'201701','502',' 뚝섬유원지역 1번출구 앞','일일(2시간권)','F','40대',1,196.02,1.53,6600,57
'201701','154',' 마포구청역 ','일일(2시간권)','F','50대',1,246.33,2.62,11310,112
'201701','228',' 선유도역 3번출구 앞','일일(2시간권)','F','50대',1,50.88,0.41,1760,45
'201701','245',' 삼성생명 당산사옥 앞','일일(2시간권)','F','50대',1,64.86,0.58,2520,24
'201701','701',' 목동사거리 부근','일일(2시간권)','F','50대',1,121.75,1.1,4730,100
'201701','714',' 한국SGI 양천문화회관 앞','일일(2시간권)','F','50대',1,115.32,1.04,4480,53
'201701','565',' 옥수역 3번출구','일일(2시간권)','F','50대',2,577.56,6.06,26130,160
'201701','643',' 동대문구민체육센터 (육교아래)','일일(2시간권)','F','50대',1,197.17,1.78,7660,41
'201701','272',' 당산육갑문','일일(2시간권)','F','50대',1,213.9,1.93,8310,67
'201701','816',' 신용산역 6번출구 앞','일일(2시간권)','F','50대',1,213.9,1.93,8310,49
'201701','417',' DMC역 2번출구 옆','일일(2시간권)','F','50대',1,229.6,2.07,8920,112
'201701','161',' 무악재역1번 출구','일일(2시간권)','F','60대',1,189.6,1.85,7980,46
'201701','700',' KB국민은행 염창역 지점 앞','일일(2시간권)','F','60대',1,197.94,1.78,7690,41
'201701','402',' 상암월드컵파크 9단지 앞','일일(2시간권)','F','60대',1,284.94,2.57,11070,60
'201701','228',' 선유도역 3번출구 앞','일일(2시간권)','F','70대~',1,427.03,3.85,16590,128
'201701','129',' 신촌역(2호선) 6번출구 옆','일일(2시간권)','F','70대~',1,1173.25,10.11,43570,169
'201701','340',' 혜화동 로터리','일일(2시간권)','M','~10대',1,4570.83,3.57,15390,129
'201701','117',' 홍은사거리','일일(2시간권)','M','~10대',1,643.9,3.77,16260,90
'201701','145',' 공덕역 5번출구','일일(2시간권)','M','~10대',2,444.69,4.57,19690,189
'201701','175',' 홍연2교옆','일일(2시간권)','M','~10대',1,262.15,1.54,6620,80
'201701','519',' 양지사거리','일일(2시간권)','M','~10대',1,224.15,2.48,10680,109
'201701','542',' 강변역 4번출구 뒤','일일(2시간권)','M','~10대',1,103.4,0.87,3730,14
'201701','543',' 구의공원(테크노마트 앞)','일일(2시간권)','M','~10대',1,183.51,1.54,6620,79
'201701','607',' 신이문역 2번출구','일일(2시간권)','M','~10대',1,559.59,5.04,21740,119
'201701','237',' 보라매 두산위브 건너편','일일(2시간권)','M','~10대',2,264.56,2.76,11930,92
'201701','240',' 문래역 4번출구 앞','일일(2시간권)','M','~10대',1,401.61,4.2,18110,114
'201701','248',' 초원아파트 앞','일일(2시간권)','M','~10대',1,430.21,3.6,15520,118
'201701','249',' 여의도중학교 옆','일일(2시간권)','M','~10대',1,235.29,2.46,10610,82
'201701','252',' 보라매역4번출구','일일(2시간권)','M','~10대',1,146.14,1.53,6590,103
'201701','703',' 오목교역 7번출구 앞','일일(2시간권)','M','~10대',1,75.24,0.44,1900,65
'201701','704',' 남부법원검찰청 교차로','일일(2시간권)','M','~10대',1,173.84,1.02,4390,104
'201701','802',' 한강진역 2번 출구 앞','일일(2시간권)','M','~10대',2,849.34,5.69,24520,196
'201701','808',' 서빙고동 금호맨션 앞','일일(2시간권)','M','~10대',1,298.9,2.06,8880,98
'201701','720',' 서울강월초등학교 앞','일일(2시간권)','M','~10대',1,308.09,3.61,15560,106
'201701','822',' 이촌1동 마을공원','일일(2시간권)','M','~10대',1,207.19,1.52,6540,56
'201701','202',' 국민일보 앞','일일(2시간권)','M','~10대',2,369.02,2.62,11280,113
'201701','211',' 여의도역 4번출구 옆','일일(2시간권)','M','~10대',2,700.07,6.62,28510,193
'201701','218',' 증권거래소 앞','일일(2시간권)','M','~10대',2,946.24,8.15,35120,232
'201701','217',' NH농협은행 앞','일일(2시간권)','M','~10대',1,189.32,1.54,6640,79
'201701','222',' 시범아파트버스정류장 옆','일일(2시간권)','M','~10대',3,226.45,2.16,9290,98
'201701','225',' 앙카라공원 앞','일일(2시간권)','M','~10대',2,70.24,0.66,2870,29
'201701','226',' 샛강역 1번출구 앞','일일(2시간권)','M','~10대',1,0,0,0,71
'201701','207',' 여의나루역 1번출구 앞','일일(2시간권)','M','~10대',3,991.37,8.77,37770,327
'201701','401',' 상암월드컵파크 10단지 앞','일일(2시간권)','M','~10대',2,431.19,3.01,12960,95
'201701','501',' 광진구의회 앞','일일(2시간권)','M','~10대',1,255.02,1.87,8050,179
'201701','502',' 뚝섬유원지역 1번출구 앞','일일(2시간권)','M','~10대',1,165.49,1.39,5970,33
'201701','505',' 자양사거리 광진아크로텔 앞','일일(2시간권)','M','20대',1,183.85,1.48,6360,103
'201701','509',' 이마트 버스정류소 옆','일일(2시간권)','M','20대',2,383.14,3,12900,359
'201701','510',' 서울숲 남문 버스정류소 옆','일일(2시간권)','M','20대',1,165.51,1.49,6430,98
'201701','511',' 서울숲역 4번 출구 옆','일일(2시간권)','M','20대',6,1633.3,12.64,54510,607
'201701','512',' 뚝섬역 1번 출구 옆','일일(2시간권)','M','20대',1,364.38,3.01,12960,124
'201701','515',' 광양중학교 앞','일일(2시간권)','M','20대',2,672.88,4.93,21240,91
'201701','301',' 경복궁역 7번출구 앞','일일(2시간권)','M','20대',1,234.75,2.12,9120,87
'201701','304',' 광화문역 2번출구 앞','일일(2시간권)','M','20대',1,107.34,0.97,4170,79
'201701','311',' 서울광장 옆','일일(2시간권)','M','20대',1,21.36,0.19,830,241
'201701','314',' 국립현대미술관','일일(2시간권)','M','20대',4,712.06,6.32,27240,187
'201701','315',' 신한은행 안국역지점 옆','일일(2시간권)','M','20대',1,105.53,0.95,4100,71
'201701','318',' 광교사거리 남측','일일(2시간권)','M','20대',2,145.53,1.22,5250,74
'201701','321',' KEB 하나은행 본점 앞','일일(2시간권)','M','20대',1,274.9,2.48,10680,72
'201701','339',' 종로4가 사거리','일일(2시간권)','M','20대',4,270.68,2.4,10350,158
'201701','347',' 동대문역사문화공원역 9번출구 앞','일일(2시간권)','M','20대',1,318.66,2.87,12380,83
'201701','358',' 성대입구 사거리','일일(2시간권)','M','20대',2,1014.24,7.45,32130,239
'201701','363',' 신설동역 11번출구 뒤','일일(2시간권)','M','20대',2,1023.34,8.27,35640,212
'201701','113',' 홍대입구역 2번출구 앞','일일(2시간권)','M','20대',1,180.44,1.63,7010,70
'201701','368',' SK 서린빌딩 앞','일일(2시간권)','M','20대',1,256.29,1.88,8090,100
'201701','371',' 동대입구역 6번출구 뒤','일일(2시간권)','M','20대',1,69.24,0.65,2820,57
'201701','114',' 홍대입구역 8번출구 앞','일일(2시간권)','M','20대',1,46.57,0.34,1470,9
'201701','144',' 공덕역 8번출구','일일(2시간권)','M','20대',1,248.75,1.71,7390,82
'201701','145',' 공덕역 5번출구','일일(2시간권)','M','20대',2,338.69,3.03,13090,221
'201701','152',' 마포구민체육센터 앞','일일(2시간권)','M','20대',1,401.29,3.62,15590,125
'201701','163',' 명지전문대학교 정문 앞','일일(2시간권)','M','20대',2,678.25,6.12,26350,201
'201701','166',' 가재울 초등학교','일일(2시간권)','M','20대',1,214.91,1.4,6030,70
'201701','168',' 남가좌동 사거리','일일(2시간권)','M','20대',2,274.61,2.33,10050,153
'201701','173',' 서대문역 8번출구 앞','일일(2시간권)','M','20대',1,1506.56,13.58,58530,455
'201701','518',' 청계천 박물관 앞','일일(2시간권)','M','20대',3,600.33,5.15,22170,183
'201701','519',' 양지사거리','일일(2시간권)','M','20대',3,269.75,2.34,10110,104
'201701','525',' 한양대병원사거리','일일(2시간권)','M','20대',3,226.67,1.98,8540,202
'201701','123',' 문화촌 공원','일일(2시간권)','M','20대',1,436.55,3.93,16960,119
'201701','550',' 서울시설공단 앞','일일(2시간권)','M','20대',1,206.71,2.02,8700,96
'201701','542',' 강변역 4번출구 뒤','일일(2시간권)','M','20대',1,131.87,0.77,3330,21
'201701','543',' 구의공원(테크노마트 앞)','일일(2시간권)','M','20대',1,666.56,5.01,21580,96
'201701','546',' 잠실대교북단 교차로','일일(2시간권)','M','20대',1,296.01,2.67,11500,88
'201701','124',' 서강대 정문 건너편','일일(2시간권)','M','20대',1,560.78,3.87,16660,71
'201701','605',' 신설동역8번출구','일일(2시간권)','M','20대',2,602.2,4.26,18340,162
'201701','125',' 서강대 남문 옆','일일(2시간권)','M','20대',3,476.47,4.11,17690,248
'201701','615',' 용두동 레미안허브리츠아파트 앞','일일(2시간권)','M','20대',1,178.79,1.5,6450,37
'201701','228',' 선유도역 3번출구 앞','일일(2시간권)','M','20대',2,801.07,7.08,30500,195
'201701','126',' 서강대 후문 옆','일일(2시간권)','M','20대',1,647.22,4.74,20430,98
'201701','237',' 보라매 두산위브 건너편','일일(2시간권)','M','20대',1,405.71,3.35,14430,68
'201701','240',' 문래역 4번출구 앞','일일(2시간권)','M','20대',2,1016.14,8.5,36640,358
'201701','127',' 현대벤처빌 앞','일일(2시간권)','M','20대',1,197.25,1.36,5860,74
'201701','242',' 신길선원가와인아파트 앞','일일(2시간권)','M','20대',2,355.43,3.21,13850,158
'201701','245',' 삼성생명 당산사옥 앞','일일(2시간권)','M','20대',1,273.87,2.11,9100,81
'201701','248',' 초원아파트 앞','일일(2시간권)','M','20대',1,359.07,3.24,13950,79
'201701','250',' 대림아파트 사거리','일일(2시간권)','M','20대',1,607.98,5.48,23620,152
'201701','251',' 서울지방병무청 버스정류장','일일(2시간권)','M','20대',1,563.45,5.08,21890,197
'201701','252',' 보라매역4번출구','일일(2시간권)','M','20대',1,81.54,0.81,3490,25
'201701','254',' 도림신협 앞','일일(2시간권)','M','20대',1,33.98,0.33,1430,19
'201701','258',' 신길역3번출구','일일(2시간권)','M','20대',1,343.6,2.29,9860,70
'201701','259',' 대방역6번출구','일일(2시간권)','M','20대',7,3084.51,24,103530,818
'201701','700',' KB국민은행 염창역 지점 앞','일일(2시간권)','M','20대',2,491.97,3.81,16460,156
'201701','706',' 신정네거리역','일일(2시간권)','M','20대',2,1112.7,7.72,33280,319
'201701','809',' 한남 유수지 복개주차장','일일(2시간권)','M','20대',1,417.76,3.77,16230,119
'201701','811',' 녹사평역1번출구','일일(2시간권)','M','20대',2,566.36,4.51,19420,243
'201701','813',' 삼각지역 3번출구','일일(2시간권)','M','20대',2,158.46,1.19,5130,226
'201701','815',' LIG강촌아파트 103동앞','일일(2시간권)','M','20대',2,302.67,2.63,11350,119
'201701','132',' 창천문화공원','일일(2시간권)','M','20대',1,54.17,0.4,1710,11
'201701','186',' 월드컵공원','일일(2시간권)','M','20대',4,686.06,6.17,26550,267
'201701','194',' 증산교 앞','일일(2시간권)','M','20대',4,955.77,8.13,35040,422
'201701','557',' 도선동 주민센터 앞','일일(2시간권)','M','20대',2,41.07,0.39,1660,9
'201701','558',' 성동광진 교육지원청 앞','일일(2시간권)','M','20대',1,191.98,1.87,8080,66
'201701','561',' 서울숲역 2번출구 앞','일일(2시간권)','M','20대',1,126.64,0.95,4100,55
'201701','563',' 성동세무서 건너편','일일(2시간권)','M','20대',1,303.93,2.51,10810,100
'201701','565',' 옥수역 3번출구','일일(2시간권)','M','20대',2,424.05,3.77,16270,122
'201701','567',' 성수역 2번출구 앞','일일(2시간권)','M','20대',1,220.37,1.84,7950,60
'201701','568',' 청계8가사거리 부근','일일(2시간권)','M','20대',1,13.31,0.13,560,6
'201701','135',' 명물길 원형무대 앞','일일(2시간권)','M','20대',1,432.48,4.45,19160,102
'201701','569',' 응봉현대아파트 정류소','일일(2시간권)','M','20대',1,278.03,2.33,10030,102
'201701','583',' 청계천 생태교실 앞','일일(2시간권)','M','20대',5,1911.09,16.77,72300,560
'201701','552',' 대림아크로리버 앞','일일(2시간권)','M','20대',1,95.44,0.72,3090,116
'201701','571',' 어린이대공원역6번출구','일일(2시간권)','M','20대',1,281.95,1.86,8000,114
'201701','572',' 국립정신 건강센터 앞','일일(2시간권)','M','20대',1,578.28,3.99,17180,104
'201701','574',' 아차산역4번출구','일일(2시간권)','M','20대',1,30.27,0.32,1390,17
'201701','623',' 서울시립대 정문 앞','일일(2시간권)','M','20대',1,114.05,0.89,3840,25
'201701','624',' 전농동 동아아파트 앞','일일(2시간권)','M','20대',2,48.39,0.44,1880,8
'201701','138',' 신촌동 제1공영주차장 앞','일일(2시간권)','M','20대',1,298.9,2.58,11100,61
'201701','634',' 외국어대 정문 앞','일일(2시간권)','M','20대',3,903.77,7.72,33310,192
'201701','635',' 시조사 앞 (청량고정문 옆)','일일(2시간권)','M','20대',1,451.22,4.07,17530,114
'201701','639',' 서울시립대 후문','일일(2시간권)','M','20대',1,343.33,2.68,11560,135
'201701','643',' 동대문구민체육센터 (육교아래)','일일(2시간권)','M','20대',2,726.82,5.65,24380,165
'201701','230',' 영등포구청역 1번출구','일일(2시간권)','M','20대',1,408.18,3.28,14120,73
'201701','141',' 연대 대운동장 옆','일일(2시간권)','M','20대',1,384.91,2.82,12150,75
'201701','266',' 영등포청과시장 사거리','일일(2시간권)','M','20대',1,40.98,0.46,1990,28
'201701','267',' 삼성화재 사옥 옆','일일(2시간권)','M','20대',2,167.23,1.42,6120,166
'201701','272',' 당산육갑문','일일(2시간권)','M','20대',1,207.21,1.87,8050,134
'201701','716','신정6동 주민센터 인근','일일(2시간권)','M','20대',1,324.88,2.72,11720,93
'201701','816',' 신용산역 6번출구 앞','일일(2시간권)','M','20대',2,1020.02,9.05,39020,196
'201701','817',' 삼각지역 4번출구 앞','일일(2시간권)','M','20대',1,674.88,4.65,20050,207
'201701','822',' 이촌1동 마을공원','일일(2시간권)','M','20대',3,551.69,5.29,22820,303
'201701','825',' 서빙고동 주민센터 앞','일일(2시간권)','M','20대',3,1277.18,11.1,47840,316
'201701','199',' 서울 월드컵 경기장','일일(2시간권)','M','20대',3,307.06,2.3,9910,257
'201701','388',' 동성중학교 앞','일일(2시간권)','M','20대',2,477.56,3.64,15670,212
'201701','584',' 광진광장 교통섬','일일(2시간권)','M','20대',1,293.55,2.46,10590,109
'201701','586',' 마장동 주민센터','일일(2시간권)','M','20대',1,9.74,0.1,410,2
'201701','905',' 구파발역 2번출구','일일(2시간권)','M','20대',1,172.66,1.01,4360,22
'201701','907',' CJ 드림시티','일일(2시간권)','M','20대',1,75.94,0.52,2230,14
'201701','911',' 은평평화공원(역촌역4번출구)','일일(2시간권)','M','20대',1,28.75,0.28,1210,10
'201701','914',' 새절역 2번출구','일일(2시간권)','M','20대',1,46.65,0.29,1240,5
'201701','915',' 증산역 4번출구','일일(2시간권)','M','20대',5,3219.02,27.97,120560,568
'201701','202',' 국민일보 앞','일일(2시간권)','M','20대',1,191.75,1.81,7810,63
'201701','926',' 불광역 8번출구','일일(2시간권)','M','20대',2,399.56,2.34,10090,126
'201701','933',' LG서비스 역촌점','일일(2시간권)','M','20대',1,549.33,3.79,16320,105
'201701','587',' KEB하나은행 성수중앙지점','일일(2시간권)','M','20대',1,0,0,0,10
'201701','588',' 뚝섬 유원지역','일일(2시간권)','M','20대',1,156.18,1.14,4930,79
'201701','103',' 망원역 2번출구 앞','일일(2시간권)','M','20대',1,332.05,2.99,12900,168
'201701','204',' 국회의사당역 5번출구 옆','일일(2시간권)','M','20대',2,977.35,8.8,37970,211
'201701','205',' 산업은행 앞','일일(2시간권)','M','20대',3,1281.14,9.38,40440,243
'201701','209',' 유진투자증권빌딩 앞','일일(2시간권)','M','20대',1,83.56,0.98,4220,97
'201701','210',' IFC몰','일일(2시간권)','M','20대',2,545.77,4.96,21370,98
'201701','211',' 여의도역 4번출구 옆','일일(2시간권)','M','20대',3,750.44,6.2,26720,208
'201701','213',' KT앞','일일(2시간권)','M','20대',1,119.64,1.35,5810,79
'201701','104',' 합정역 1번출구 앞','일일(2시간권)','M','20대',1,630.59,6.16,26540,150
'201701','218',' 증권거래소 앞','일일(2시간권)','M','20대',1,452.11,3.95,17040,115
'201701','217',' NH농협은행 앞','일일(2시간권)','M','20대',1,192.28,1.73,7470,81
'201701','221',' 여의도초교 앞','일일(2시간권)','M','20대',1,233.54,1.8,7760,71
'201701','225',' 앙카라공원 앞','일일(2시간권)','M','20대',1,332.05,2.99,12900,134
'201701','226',' 샛강역 1번출구 앞','일일(2시간권)','M','20대',2,401.6,3.43,14810,140
'201701','207',' 여의나루역 1번출구 앞','일일(2시간권)','M','20대',13,3658.09,30.09,129660,1034
'201701','106',' 합정역 7번출구 앞','일일(2시간권)','M','20대',1,56.37,0.51,2190,28
'201701','421',' 마포구청 앞','일일(2시간권)','M','20대',3,279.89,2.52,10860,286
'201701','407',' 마포구 육아종합지원센터','일일(2시간권)','M','20대',1,155.94,0.83,3580,52
'201701','420',' 서울시 공공자전거 상암센터','일일(2시간권)','M','20대',2,269.05,2.16,9310,144
'201701','409',' 누리꿈스퀘어 옆','일일(2시간권)','M','20대',1,385.84,3.48,14990,135
'201701','411',' DMC홍보관','일일(2시간권)','M','20대',1,401.29,3.62,15590,78
'201701','413',' 상암월드컵파크 3단지 후문','일일(2시간권)','M','20대',1,0,0,0,79
'201701','417',' DMC역 2번출구 옆','일일(2시간권)','M','20대',4,1246.36,10.27,44320,588
'201701','500',' 어린이대공원역 3번출구 앞','일일(2시간권)','M','20대',3,649.66,5.33,22950,240
'201701','501',' 광진구의회 앞','일일(2시간권)','M','20대',1,300.39,2.71,11670,93
'201701','502',' 뚝섬유원지역 1번출구 앞','일일(2시간권)','M','20대',6,3076.16,26.44,113960,604
'201701','505',' 자양사거리 광진아크로텔 앞','일일(2시간권)','M','30대',1,400.77,3.61,15570,112
'201701','506',' 금호 어울림 아파트 앞','일일(2시간권)','M','30대',1,16.18,0.14,610,3
'201701','304',' 광화문역 2번출구 앞','일일(2시간권)','M','30대',1,172.46,1.55,6700,32
'201701','318',' 광교사거리 남측','일일(2시간권)','M','30대',3,364.5,2.9,12500,237
'201701','117',' 홍은사거리','일일(2시간권)','M','30대',1,65.14,0.55,2350,70
'201701','356',' KT혜화지사 앞','일일(2시간권)','M','30대',1,180.28,1.41,6070,94
'201701','113',' 홍대입구역 2번출구 앞','일일(2시간권)','M','30대',1,143.63,0.93,4030,45
'201701','372',' 약수역 3번출구 뒤','일일(2시간권)','M','30대',1,207.27,1.66,7170,115
'201701','377',' 서울역 4번출구 앞','일일(2시간권)','M','30대',1,62.55,0.56,2430,22
'201701','380',' CJ제일제당 앞','일일(2시간권)','M','30대',1,149.33,0.97,4190,17
'201701','146',' 마포역 1번출구 뒤','일일(2시간권)','M','30대',1,168.08,1.51,6530,148
'201701','119',' 서강나루 공원','일일(2시간권)','M','30대',1,60.71,0.49,2100,36
'201701','154',' 마포구청역 ','일일(2시간권)','M','30대',1,428.87,2.64,11400,115
'201701','165',' 중앙근린공원','일일(2시간권)','M','30대',1,132.11,1.29,5560,117
'201701','175',' 홍연2교옆','일일(2시간권)','M','30대',3,320.4,2.09,8990,166
'201701','524',' 래미안금호하이리버 아파트 102동 옆','일일(2시간권)','M','30대',2,447.87,4.04,17400,118
'201701','534',' 금호사거리','일일(2시간권)','M','30대',1,586.25,4.7,20280,128
'201701','543',' 구의공원(테크노마트 앞)','일일(2시간권)','M','30대',1,442.23,3.45,14890,117
'201701','614',' 용두동 사거리','일일(2시간권)','M','30대',1,0,0,0,108
'201701','234',' 영등포구민체육센터 앞','일일(2시간권)','M','30대',1,552.9,4.98,21480,102
'201701','256',' 동아에코빌입구','일일(2시간권)','M','30대',1,491.57,5.24,22570,183
'201701','259',' 대방역6번출구','일일(2시간권)','M','30대',1,127.93,1.15,4970,30
'201701','707',' 신정3동주민센터','일일(2시간권)','M','30대',1,57.66,0.52,2240,144
'201701','805',' 문배어린이공원 앞','일일(2시간권)','M','30대',1,99.61,0.9,3870,27
'201701','806',' 전자랜드 본관 앞','일일(2시간권)','M','30대',1,233.72,2.11,9080,81
'201701','811',' 녹사평역1번출구','일일(2시간권)','M','30대',1,417.38,2.45,10540,118
'201701','813',' 삼각지역 3번출구','일일(2시간권)','M','30대',1,163.05,1.27,5490,119
'201701','385',' 종각역 5번출구','일일(2시간권)','M','30대',1,565.51,5.1,21970,114
'201701','182',' 망원2빗물펌프장 앞','일일(2시간권)','M','30대',2,556.14,4.32,18620,198
'201701','183',' 하늘채코오롱아파트 건너편','일일(2시간권)','M','30대',1,24.95,0.16,700,12
'201701','185',' 마포 신수공원 앞','일일(2시간권)','M','30대',1,200.85,1.47,6340,46
'201701','186',' 월드컵공원','일일(2시간권)','M','30대',1,192.82,1.55,6670,62
'201701','188',' 홍은동 정원여중 입구','일일(2시간권)','M','30대',1,527.57,3.96,17080,109
'201701','567',' 성수역 2번출구 앞','일일(2시간권)','M','30대',1,19.1,0.17,720,5
'201701','569',' 응봉현대아파트 정류소','일일(2시간권)','M','30대',1,271.81,2.45,10560,116
'201701','577',' 광진청소년수련관','일일(2시간권)','M','30대',1,632.67,5.01,21590,116
'201701','630',' 동대문구 보건소','일일(2시간권)','M','30대',1,44.79,0.4,1740,9
'201701','138',' 신촌동 제1공영주차장 앞','일일(2시간권)','M','30대',1,247.1,2.23,9600,57
'201701','642',' 신답역 사거리','일일(2시간권)','M','30대',1,335.39,3.02,13030,76
'201701','265',' 영등포유통상가 사거리','일일(2시간권)','M','30대',1,106.31,0.96,4130,41
'201701','272',' 당산육갑문','일일(2시간권)','M','30대',2,675.94,6.1,26260,260
'201701','816',' 신용산역 6번출구 앞','일일(2시간권)','M','30대',1,29.6,0.27,1150,8
'201701','825',' 서빙고동 주민센터 앞','일일(2시간권)','M','30대',2,251.35,2.88,12400,140
'201701','199',' 서울 월드컵 경기장','일일(2시간권)','M','30대',1,333.57,2.3,9910,51
'201701','584',' 광진광장 교통섬','일일(2시간권)','M','30대',1,578.75,4.29,18500,96
'201701','586',' 마장동 주민센터','일일(2시간권)','M','30대',1,502.44,4.53,19520,91
'201701','901',' 응암1동사무소','일일(2시간권)','M','30대',1,196.73,1.92,8280,50
'201701','913',' 이마트 은평점','일일(2시간권)','M','30대',2,1021.11,9.2,39670,344
'201701','925',' 불광역 2번출구','일일(2시간권)','M','30대',1,428.06,3.86,16630,145
'201701','932',' 예일여중','일일(2시간권)','M','30대',1,544.58,3.99,17190,110
'201701','211',' 여의도역 4번출구 옆','일일(2시간권)','M','30대',1,47.04,0.31,1350,7
'201701','105',' 합정역 5번출구 앞','일일(2시간권)','M','30대',1,349.65,2.63,11320,79
'201701','225',' 앙카라공원 앞','일일(2시간권)','M','30대',1,697.31,4.64,20010,135
'201701','207',' 여의나루역 1번출구 앞','일일(2시간권)','M','30대',2,631.11,4.41,19040,283
'201701','403',' 부엉이공원 앞','일일(2시간권)','M','30대',1,113.77,0.78,3380,21
'201701','106',' 합정역 7번출구 앞','일일(2시간권)','M','30대',2,511.69,4.05,17490,224
'201701','419',' 홈플러스 앞','일일(2시간권)','M','30대',3,756.43,5.71,24580,300
'201701','418',' 월드컵경기장역 3번출구 옆','일일(2시간권)','M','30대',1,110.48,0.72,3100,31
'201701','502',' 뚝섬유원지역 1번출구 앞','일일(2시간권)','M','30대',1,532.3,4.8,20680,87
'201701','509',' 이마트 버스정류소 옆','일일(2시간권)','M','40대',1,185.03,1.45,6230,143
'201701','511',' 서울숲역 4번 출구 옆','일일(2시간권)','M','40대',1,10.81,0.08,350,9
'201701','314',' 국립현대미술관','일일(2시간권)','M','40대',1,13.03,0.11,470,6
'201701','349',' 사직동주민센터','일일(2시간권)','M','40대',2,376.32,3.39,14620,164
'201701','353',' 재동초교 앞 삼거리','일일(2시간권)','M','40대',1,79,0.66,2850,25
'201701','377',' 서울역 4번출구 앞','일일(2시간권)','M','40대',1,171.03,1.43,6170,89
'201701','151',' 망원1동주민센터','일일(2시간권)','M','40대',1,78.17,0.65,2820,73
'201701','152',' 마포구민체육센터 앞','일일(2시간권)','M','40대',3,865.12,7.8,33610,446
'201701','602',' 장안동 사거리','일일(2시간권)','M','40대',1,260.6,2.12,9140,96
'201701','607',' 신이문역 2번출구','일일(2시간권)','M','40대',1,102.45,0.92,3980,67
'201701','609',' 제기2교','일일(2시간권)','M','40대',1,480.63,4.08,17590,113
'201701','227',' 양평2나들목 보행통로 입구','일일(2시간권)','M','40대',1,347.23,3.13,13490,86
'201701','231',' 남부고용노동지청 남측','일일(2시간권)','M','40대',1,211.07,1.9,8200,113
'201701','242',' 신길선원가와인아파트 앞','일일(2시간권)','M','40대',1,166.12,1.95,8390,95
'201701','700',' KB국민은행 염창역 지점 앞','일일(2시간권)','M','40대',1,174.52,1.57,6780,72
'201701','806',' 전자랜드 본관 앞','일일(2시간권)','M','40대',1,237.36,1.55,6660,100
'201701','186',' 월드컵공원','일일(2시간권)','M','40대',1,332.52,2.16,9330,109
'201701','556',' 달맞이공원','일일(2시간권)','M','40대',1,176.14,1.29,5560,58
'201701','561',' 서울숲역 2번출구 앞','일일(2시간권)','M','40대',1,48.11,0.38,1620,29
'201701','565',' 옥수역 3번출구','일일(2시간권)','M','40대',1,113.1,0.95,4080,27
'201701','576',' 광나루역 3번 출구','일일(2시간권)','M','40대',1,364.72,2.85,12280,98
'201701','638',' 서울시립대 정보기술관','일일(2시간권)','M','40대',1,184.04,1.66,7150,61
'201701','716','신정6동 주민센터 인근','일일(2시간권)','M','40대',1,0,0,0,118
'201701','816',' 신용산역 6번출구 앞','일일(2시간권)','M','40대',1,90.26,0.69,2960,43
'201701','825',' 서빙고동 주민센터 앞','일일(2시간권)','M','40대',2,357.57,2.91,12540,168
'201701','388',' 동성중학교 앞','일일(2시간권)','M','40대',1,345.22,2.97,12820,64
'201701','205',' 산업은행 앞','일일(2시간권)','M','40대',1,148.78,1.34,5780,109
'201701','206',' KBS 앞','일일(2시간권)','M','40대',1,179.94,1.32,5680,101
'201701','420',' 서울시 공공자전거 상암센터','일일(2시간권)','M','40대',3,710.53,5.81,25060,267
'201701','500',' 어린이대공원역 3번출구 앞','일일(2시간권)','M','40대',1,340.8,3.07,13240,198
'201701','511',' 서울숲역 4번 출구 옆','일일(2시간권)','M','50대',1,284.26,2.31,9970,89
'201701','304',' 광화문역 2번출구 앞','일일(2시간권)','M','50대',1,109.65,0.99,4260,91
'201701','166',' 가재울 초등학교','일일(2시간권)','M','50대',1,136.62,0.8,3450,14
'201701','518',' 청계천 박물관 앞','일일(2시간권)','M','50대',1,504.76,4.55,19610,170
'201701','123',' 문화촌 공원','일일(2시간권)','M','50대',1,462.29,4.17,17960,121
'201701','259',' 대방역6번출구','일일(2시간권)','M','50대',1,290.35,2.84,12220,108
'201701','708',' 서울출입국관리사무소 앞','일일(2시간권)','M','50대',1,309.14,2.79,12010,75
'201701','811',' 녹사평역1번출구','일일(2시간권)','M','50대',1,449.35,3.66,15760,90
'201701','186',' 월드컵공원','일일(2시간권)','M','50대',1,765.07,4.48,19320,110
'201701','260',' 여의도 마리나선착장 앞','일일(2시간권)','M','50대',2,359.08,3.24,13950,149
'201701','271',' 샛강생태공원방문자센터 앞','일일(2시간권)','M','50대',2,361.63,3.53,15220,211
'201701','904',' 은평뉴타운 푸르지오','일일(2시간권)','M','50대',2,448.89,4.1,17680,119
'201701','905',' 구파발역 2번출구','일일(2시간권)','M','50대',1,84.94,0.77,3300,22
'201701','915',' 증산역 4번출구','일일(2시간권)','M','50대',1,291.89,2.63,11340,100
'201701','202',' 국민일보 앞','일일(2시간권)','M','50대',2,180.95,1.63,7030,96
'201701','222',' 시범아파트버스정류장 옆','일일(2시간권)','M','50대',1,108.35,1.06,4560,44
'201701','224',' 롯데캐슬 앞','일일(2시간권)','M','50대',1,156.24,1.41,6070,70
'201701','225',' 앙카라공원 앞','일일(2시간권)','M','50대',1,35.88,0.35,1510,22
'201701','207',' 여의나루역 1번출구 앞','일일(2시간권)','M','50대',1,149.11,1.3,5620,39
'201701','407',' 마포구 육아종합지원센터','일일(2시간권)','M','50대',1,112.62,0.92,3950,64
'201701','420',' 서울시 공공자전거 상암센터','일일(2시간권)','M','50대',1,250.19,2.26,9720,88
'201701','419',' 홈플러스 앞','일일(2시간권)','M','50대',1,158,0.93,3990,18
'201701','417',' DMC역 2번출구 옆','일일(2시간권)','M','60대',1,531.93,4.16,17910,106